created_at,action,entity_type,entity_id,reason,before_json,after_json
2026-09-25T14:17:36.255Z,experiment.protocol_changed,Experiment,2,Calibrated for a pool of 30-50 participants,"{""evaluationMode"":""BalancedIncompleteEvaluation"",""itemsPerSession"":60,""targetRatingsPerImage"":20,""postTrainingTargetParticipants"":30,""postTrainingItemsPerSession"":60,""pairwiseTrialsPerSession"":30,""postTrainingTaskOrder"":""Counterbalanced"",""allowPreTrainingParticipantsInPostTraining"":false,""pairwiseSameSeedOnly"":true,""fastResponseThresholdMs"":800,""scaleMin"":1,""scaleMax"":7,""preTrainingQuestion"":{""en"":""How aesthetically successful do you consider this architecture?"",""it"":""Quanto giudichi esteticamente riuscita questa architettura?"",""es"":""¿En qué medida consideras estéticamente lograda esta arquitectura?""},""postTrainingQuestion"":{""en"":""How aesthetically successful do you consider this architectural proposal?"",""it"":""Quanto giudichi esteticamente riuscita questa proposta architettonica?"",""es"":""¿En qué medida consideras estéticamente lograda esta propuesta arquitectónica?""},""pairwiseQuestion"":{""en"":""Which of the two proposals do you consider aesthetically better?"",""it"":""Quale delle due proposte consideri esteticamente migliore?"",""es"":""¿Cuál de las dos propuestas consideras estéticamente mejor?""},""scaleMinLabel"":{""en"":""Not at all"",""it"":""Per nulla"",""es"":""En absoluto""},""scaleMaxLabel"":{""en"":""Extremely"",""it"":""Estremamente"",""es"":""Extremadamente""},""forbiddenCaptionTerms"":[""beautiful"",""masterpiece"",""stunning"",""aesthetic"",""award-winning""]}","{""evaluationMode"":""BalancedIncompleteEvaluation"",""itemsPerSession"":150,""targetRatingsPerImage"":15,""postTrainingTargetParticipants"":30,""postTrainingItemsPerSession"":60,""pairwiseTrialsPerSession"":30,""postTrainingTaskOrder"":""Counterbalanced"",""allowPreTrainingParticipantsInPostTraining"":true,""pairwiseSameSeedOnly"":true,""fastResponseThresholdMs"":800,""scaleMin"":1,""scaleMax"":7,""preTrainingQuestion"":{""en"":""How aesthetically successful do you consider this architecture?"",""it"":""Quanto giudichi esteticamente riuscita questa architettura?"",""es"":""¿En qué medida consideras estéticamente lograda esta arquitectura?""},""postTrainingQuestion"":{""en"":""How aesthetically successful do you consider this architectural proposal?"",""it"":""Quanto giudichi esteticamente riuscita questa proposta architettonica?"",""es"":""¿En qué medida consideras estéticamente lograda esta propuesta arquitectónica?""},""pairwiseQuestion"":{""en"":""Which of the two proposals do you consider aesthetically better?"",""it"":""Quale delle due proposte consideri esteticamente migliore?"",""es"":""¿Cuál de las dos propuestas consideras estéticamente mejor?""},""scaleMinLabel"":{""en"":""Not at all"",""it"":""Per nulla"",""es"":""En absoluto""},""scaleMaxLabel"":{""en"":""Extremely"",""it"":""Estremamente"",""es"":""Extremadamente""},""forbiddenCaptionTerms"":[""beautiful"",""masterpiece"",""stunning"",""aesthetic"",""award-winning""]}"
2026-09-25T14:20:57.955Z,experiment.protocol_frozen,Experiment,2,,,"{""protocolVersion"":1,""configurationJson"":""{\u0022evaluationMode\u0022:\u0022BalancedIncompleteEvaluation\u0022,\u0022itemsPerSession\u0022:150,\u0022targetRatingsPerImage\u0022:15,\u0022postTrainingTargetParticipants\u0022:30,\u0022postTrainingItemsPerSession\u0022:60,\u0022pairwiseTrialsPerSession\u0022:30,\u0022postTrainingTaskOrder\u0022:\u0022Counterbalanced\u0022,\u0022allowPreTrainingParticipantsInPostTraining\u0022:true,\u0022pairwiseSameSeedOnly\u0022:true,\u0022fastResponseThresholdMs\u0022:800,\u0022scaleMin\u0022:1,\u0022scaleMax\u0022:7,\u0022preTrainingQuestion\u0022:{\u0022en\u0022:\u0022How aesthetically successful do you consider this architecture?\u0022,\u0022it\u0022:\u0022Quanto giudichi esteticamente riuscita questa architettura?\u0022,\u0022es\u0022:\u0022\u00BFEn qu\u00E9 medida consideras est\u00E9ticamente lograda esta arquitectura?\u0022},\u0022postTrainingQuestion\u0022:{\u0022en\u0022:\u0022How aesthetically successful do you consider this architectural proposal?\u0022,\u0022it\u0022:\u0022Quanto giudichi esteticamente riuscita questa proposta architettonica?\u0022,\u0022es\u0022:\u0022\u00BFEn qu\u00E9 medida consideras est\u00E9ticamente lograda esta propuesta arquitect\u00F3nica?\u0022},\u0022pairwiseQuestion\u0022:{\u0022en\u0022:\u0022Which of the two proposals do you consider aesthetically better?\u0022,\u0022it\u0022:\u0022Quale delle due proposte consideri esteticamente migliore?\u0022,\u0022es\u0022:\u0022\u00BFCu\u00E1l de las dos propuestas consideras est\u00E9ticamente mejor?\u0022},\u0022scaleMinLabel\u0022:{\u0022en\u0022:\u0022Not at all\u0022,\u0022it\u0022:\u0022Per nulla\u0022,\u0022es\u0022:\u0022En absoluto\u0022},\u0022scaleMaxLabel\u0022:{\u0022en\u0022:\u0022Extremely\u0022,\u0022it\u0022:\u0022Estremamente\u0022,\u0022es\u0022:\u0022Extremadamente\u0022},\u0022forbiddenCaptionTerms\u0022:[\u0022beautiful\u0022,\u0022masterpiece\u0022,\u0022stunning\u0022,\u0022aesthetic\u0022,\u0022award-winning\u0022]}""}"
2026-09-25T14:20:58.015Z,experiment.status_changed,Experiment,2,Avviamo Raccolata,"{""status"":""Draft""}","{""status"":""PreTrainingCollection""}"
2026-09-26T13:50:07.777Z,experiment.protocol_changed,Experiment,2,penso sia sensato aggiungere,"{""evaluationMode"":""BalancedIncompleteEvaluation"",""itemsPerSession"":150,""targetRatingsPerImage"":15,""postTrainingTargetParticipants"":30,""postTrainingItemsPerSession"":60,""pairwiseTrialsPerSession"":30,""postTrainingTaskOrder"":""Counterbalanced"",""allowPreTrainingParticipantsInPostTraining"":true,""pairwiseSameSeedOnly"":true,""fastResponseThresholdMs"":800,""scaleMin"":1,""scaleMax"":7,""preTrainingQuestion"":{""en"":""How aesthetically successful do you consider this architecture?"",""it"":""Quanto giudichi esteticamente riuscita questa architettura?"",""es"":""¿En qué medida consideras estéticamente lograda esta arquitectura?""},""postTrainingQuestion"":{""en"":""How aesthetically successful do you consider this architectural proposal?"",""it"":""Quanto giudichi esteticamente riuscita questa proposta architettonica?"",""es"":""¿En qué medida consideras estéticamente lograda esta propuesta arquitectónica?""},""pairwiseQuestion"":{""en"":""Which of the two proposals do you consider aesthetically better?"",""it"":""Quale delle due proposte consideri esteticamente migliore?"",""es"":""¿Cuál de las dos propuestas consideras estéticamente mejor?""},""scaleMinLabel"":{""en"":""Not at all"",""it"":""Per nulla"",""es"":""En absoluto""},""scaleMaxLabel"":{""en"":""Extremely"",""it"":""Estremamente"",""es"":""Extremadamente""},""forbiddenCaptionTerms"":[""beautiful"",""masterpiece"",""stunning"",""aesthetic"",""award-winning""]}","{""evaluationMode"":""BalancedIncompleteEvaluation"",""itemsPerSession"":150,""targetRatingsPerImage"":15,""postTrainingTargetParticipants"":30,""postTrainingItemsPerSession"":60,""pairwiseTrialsPerSession"":30,""postTrainingTaskOrder"":""Counterbalanced"",""allowPreTrainingParticipantsInPostTraining"":true,""pairwiseSameSeedOnly"":true,""extensionAnchorShare"":0.34,""fastResponseThresholdMs"":800,""scaleMin"":1,""scaleMax"":7,""preTrainingQuestion"":{""en"":""How aesthetically successful do you consider this architecture?"",""it"":""Quanto giudichi esteticamente riuscita questa architettura?"",""es"":""\u00BFEn qu\u00E9 medida consideras est\u00E9ticamente lograda esta arquitectura?""},""postTrainingQuestion"":{""en"":""How aesthetically successful do you consider this architectural proposal?"",""it"":""Quanto giudichi esteticamente riuscita questa proposta architettonica?"",""es"":""\u00BFEn qu\u00E9 medida consideras est\u00E9ticamente lograda esta propuesta arquitect\u00F3nica?""},""pairwiseQuestion"":{""en"":""Which of the two proposals do you consider aesthetically better?"",""it"":""Quale delle due proposte consideri esteticamente migliore?"",""es"":""\u00BFCu\u00E1l de las dos propuestas consideras est\u00E9ticamente mejor?""},""scaleMinLabel"":{""en"":""Not at all"",""it"":""Per nulla"",""es"":""En absoluto""},""scaleMaxLabel"":{""en"":""Extremely"",""it"":""Estremamente"",""es"":""Extremadamente""},""forbiddenCaptionTerms"":[""beautiful"",""masterpiece"",""stunning"",""aesthetic"",""award-winning""]}"
2026-09-26T13:50:07.785Z,corpus.extended,ImageAsset,batch 2,penso sia sensato aggiungere,"{""activeImages"":300,""protocolVersion"":1}","{""batch"":2,""added"":300,""protocolVersion"":2,""anchorShare"":0.34,""backup"":""backups/research-20260926-134554-pre-extension.db"",""codes"":[""ARCH_0301"",""ARCH_0302"",""ARCH_0303"",""ARCH_0304"",""ARCH_0305"",""ARCH_0306"",""ARCH_0307"",""ARCH_0308"",""ARCH_0309"",""ARCH_0310"",""ARCH_0311"",""ARCH_0312"",""ARCH_0313"",""ARCH_0314"",""ARCH_0315"",""ARCH_0316"",""ARCH_0317"",""ARCH_0318"",""ARCH_0319"",""ARCH_0320"",""ARCH_0321"",""ARCH_0322"",""ARCH_0323"",""ARCH_0324"",""ARCH_0325"",""ARCH_0326"",""ARCH_0327"",""ARCH_0328"",""ARCH_0329"",""ARCH_0330"",""ARCH_0331"",""ARCH_0332"",""ARCH_0333"",""ARCH_0334"",""ARCH_0335"",""ARCH_0336"",""ARCH_0337"",""ARCH_0338"",""ARCH_0339"",""ARCH_0340"",""ARCH_0341"",""ARCH_0342"",""ARCH_0343"",""ARCH_0344"",""ARCH_0345"",""ARCH_0346"",""ARCH_0347"",""ARCH_0348"",""ARCH_0349"",""ARCH_0350"",""ARCH_0351"",""ARCH_0352"",""ARCH_0353"",""ARCH_0354"",""ARCH_0355"",""ARCH_0356"",""ARCH_0357"",""ARCH_0358"",""ARCH_0359"",""ARCH_0360"",""ARCH_0361"",""ARCH_0362"",""ARCH_0363"",""ARCH_0364"",""ARCH_0365"",""ARCH_0366"",""ARCH_0367"",""ARCH_0368"",""ARCH_0369"",""ARCH_0370"",""ARCH_0371"",""ARCH_0372"",""ARCH_0373"",""ARCH_0374"",""ARCH_0375"",""ARCH_0376"",""ARCH_0377"",""ARCH_0378"",""ARCH_0379"",""ARCH_0380"",""ARCH_0381"",""ARCH_0382"",""ARCH_0383"",""ARCH_0384"",""ARCH_0385"",""ARCH_0386"",""ARCH_0387"",""ARCH_0388"",""ARCH_0389"",""ARCH_0390"",""ARCH_0391"",""ARCH_0392"",""ARCH_0393"",""ARCH_0394"",""ARCH_0395"",""ARCH_0396"",""ARCH_0397"",""ARCH_0398"",""ARCH_0399"",""ARCH_0400"",""ARCH_0401"",""ARCH_0402"",""ARCH_0403"",""ARCH_0404"",""ARCH_0405"",""ARCH_0406"",""ARCH_0407"",""ARCH_0408"",""ARCH_0409"",""ARCH_0410"",""ARCH_0411"",""ARCH_0412"",""ARCH_0413"",""ARCH_0414"",""ARCH_0415"",""ARCH_0416"",""ARCH_0417"",""ARCH_0418"",""ARCH_0419"",""ARCH_0420"",""ARCH_0421"",""ARCH_0422"",""ARCH_0423"",""ARCH_0424"",""ARCH_0425"",""ARCH_0426"",""ARCH_0427"",""ARCH_0428"",""ARCH_0429"",""ARCH_0430"",""ARCH_0431"",""ARCH_0432"",""ARCH_0433"",""ARCH_0434"",""ARCH_0435"",""ARCH_0436"",""ARCH_0437"",""ARCH_0438"",""ARCH_0439"",""ARCH_0440"",""ARCH_0441"",""ARCH_0442"",""ARCH_0443"",""ARCH_0444"",""ARCH_0445"",""ARCH_0446"",""ARCH_0447"",""ARCH_0448"",""ARCH_0449"",""ARCH_0450"",""ARCH_0451"",""ARCH_0452"",""ARCH_0453"",""ARCH_0454"",""ARCH_0455"",""ARCH_0456"",""ARCH_0457"",""ARCH_0458"",""ARCH_0459"",""ARCH_0460"",""ARCH_0461"",""ARCH_0462"",""ARCH_0463"",""ARCH_0464"",""ARCH_0465"",""ARCH_0466"",""ARCH_0467"",""ARCH_0468"",""ARCH_0469"",""ARCH_0470"",""ARCH_0471"",""ARCH_0472"",""ARCH_0473"",""ARCH_0474"",""ARCH_0475"",""ARCH_0476"",""ARCH_0477"",""ARCH_0478"",""ARCH_0479"",""ARCH_0480"",""ARCH_0481"",""ARCH_0482"",""ARCH_0483"",""ARCH_0484"",""ARCH_0485"",""ARCH_0486"",""ARCH_0487"",""ARCH_0488"",""ARCH_0489"",""ARCH_0490"",""ARCH_0491"",""ARCH_0492"",""ARCH_0493"",""ARCH_0494"",""ARCH_0495"",""ARCH_0496"",""ARCH_0497"",""ARCH_0498"",""ARCH_0499"",""ARCH_0500"",""ARCH_0501"",""ARCH_0502"",""ARCH_0503"",""ARCH_0504"",""ARCH_0505"",""ARCH_0506"",""ARCH_0507"",""ARCH_0508"",""ARCH_0509"",""ARCH_0510"",""ARCH_0511"",""ARCH_0512"",""ARCH_0513"",""ARCH_0514"",""ARCH_0515"",""ARCH_0516"",""ARCH_0517"",""ARCH_0518"",""ARCH_0519"",""ARCH_0520"",""ARCH_0521"",""ARCH_0522"",""ARCH_0523"",""ARCH_0524"",""ARCH_0525"",""ARCH_0526"",""ARCH_0527"",""ARCH_0528"",""ARCH_0529"",""ARCH_0530"",""ARCH_0531"",""ARCH_0532"",""ARCH_0533"",""ARCH_0534"",""ARCH_0535"",""ARCH_0536"",""ARCH_0537"",""ARCH_0538"",""ARCH_0539"",""ARCH_0540"",""ARCH_0541"",""ARCH_0542"",""ARCH_0543"",""ARCH_0544"",""ARCH_0545"",""ARCH_0546"",""ARCH_0547"",""ARCH_0548"",""ARCH_0549"",""ARCH_0550"",""ARCH_0551"",""ARCH_0552"",""ARCH_0553"",""ARCH_0554"",""ARCH_0555"",""ARCH_0556"",""ARCH_0557"",""ARCH_0558"",""ARCH_0559"",""ARCH_0560"",""ARCH_0561"",""ARCH_0562"",""ARCH_0563"",""ARCH_0564"",""ARCH_0565"",""ARCH_0566"",""ARCH_0567"",""ARCH_0568"",""ARCH_0569"",""ARCH_0570"",""ARCH_0571"",""ARCH_0572"",""ARCH_0573"",""ARCH_0574"",""ARCH_0575"",""ARCH_0576"",""ARCH_0577"",""ARCH_0578"",""ARCH_0579"",""ARCH_0580"",""ARCH_0581"",""ARCH_0582"",""ARCH_0583"",""ARCH_0584"",""ARCH_0585"",""ARCH_0586"",""ARCH_0587"",""ARCH_0588"",""ARCH_0589"",""ARCH_0590"",""ARCH_0591"",""ARCH_0592"",""ARCH_0593"",""ARCH_0594"",""ARCH_0595"",""ARCH_0596"",""ARCH_0597"",""ARCH_0598"",""ARCH_0599"",""ARCH_0600""]}"
2026-09-27T12:49:59.637Z,selection_rule.created,SelectionRule,3,,,"{""name"":""AESTHETIC"",""version"":1,""ruleJson"":""{\u0022minimumRatings\u0022:10,\u0022topPercentile\u0022:33,\u0022meanThreshold\u0022:5,\u0022maxStandardDeviation\u0022:null,\u0022maxImages\u0022:null,\u0022applyQualityExclusions\u0022:true}""}"
2026-09-27T13:35:17.516Z,selection_rule.created,SelectionRule,4,,,"{""name"":""Aesthetic"",""version"":1,""ruleJson"":""{\u0022minimumRatings\u0022:10,\u0022topPercentile\u0022:35,\u0022meanThreshold\u0022:5,\u0022maxStandardDeviation\u0022:null,\u0022maxImages\u0022:null,\u0022applyQualityExclusions\u0022:true}""}"
2026-09-27T13:35:34.775Z,experiment.status_changed,Experiment,2,pretraining chiuso,"{""status"":""PreTrainingCollection""}","{""status"":""PreTrainingClosed""}"
2026-09-27T13:36:59.402Z,selection_rule.frozen,SelectionRule,4,,,"{""name"":""Aesthetic"",""version"":1,""ruleJson"":""{\u0022minimumRatings\u0022:10,\u0022topPercentile\u0022:35,\u0022meanThreshold\u0022:5,\u0022maxStandardDeviation\u0022:null,\u0022maxImages\u0022:null,\u0022applyQualityExclusions\u0022:true}""}"
2026-09-27T13:36:59.599Z,dataset.generated,TrainingDataset,5,,,"{""code"":""AESTHETIC-v1"",""selectionRuleId"":4,""items"":89,""images"":[""ARCH_0118"",""ARCH_0557"",""ARCH_0141"",""ARCH_0590"",""ARCH_0457"",""ARCH_0038"",""ARCH_0225"",""ARCH_0249"",""ARCH_0062"",""ARCH_0476"",""ARCH_0246"",""ARCH_0014"",""ARCH_0194"",""ARCH_0155"",""ARCH_0537"",""ARCH_0332"",""ARCH_0338"",""ARCH_0507"",""ARCH_0529"",""ARCH_0198"",""ARCH_0463"",""ARCH_0543"",""ARCH_0536"",""ARCH_0300"",""ARCH_0250"",""ARCH_0097"",""ARCH_0554"",""ARCH_0063"",""ARCH_0464"",""ARCH_0533"",""ARCH_0171"",""ARCH_0354"",""ARCH_0483"",""ARCH_0471"",""ARCH_0517"",""ARCH_0382"",""ARCH_0482"",""ARCH_0104"",""ARCH_0224"",""ARCH_0414"",""ARCH_0477"",""ARCH_0585"",""ARCH_0213"",""ARCH_0288"",""ARCH_0545"",""ARCH_0018"",""ARCH_0527"",""ARCH_0582"",""ARCH_0056"",""ARCH_0174"",""ARCH_0370"",""ARCH_0387"",""ARCH_0423"",""ARCH_0452"",""ARCH_0472"",""ARCH_0570"",""ARCH_0089"",""ARCH_0503"",""ARCH_0289"",""ARCH_0268"",""ARCH_0247"",""ARCH_0057"",""ARCH_0072"",""ARCH_0350"",""ARCH_0075"",""ARCH_0379"",""ARCH_0345"",""ARCH_0544"",""ARCH_0156"",""ARCH_0295"",""ARCH_0003"",""ARCH_0230"",""ARCH_0381"",""ARCH_0546"",""ARCH_0274"",""ARCH_0518"",""ARCH_0542"",""ARCH_0581"",""ARCH_0460"",""ARCH_0080"",""ARCH_0145"",""ARCH_0176"",""ARCH_0285"",""ARCH_0147"",""ARCH_0088"",""ARCH_0040"",""ARCH_0192"",""ARCH_0565"",""ARCH_0571""]}"
2026-09-27T13:39:05.789Z,dataset.generated,TrainingDataset,6,,,"{""code"":""CONTROL-v1"",""method"":""MatchedControl"",""randomSeed"":345145722,""matchingVariables"":""BuildingType,Style"",""excludedReferenceImages"":true,""reference"":""AESTHETIC-v1"",""images"":[""ARCH_0420"",""ARCH_0046"",""ARCH_0524"",""ARCH_0167"",""ARCH_0584"",""ARCH_0547"",""ARCH_0552"",""ARCH_0403"",""ARCH_0486"",""ARCH_0258"",""ARCH_0172"",""ARCH_0085"",""ARCH_0309"",""ARCH_0199"",""ARCH_0319"",""ARCH_0041"",""ARCH_0060"",""ARCH_0061"",""ARCH_0012"",""ARCH_0540"",""ARCH_0117"",""ARCH_0409"",""ARCH_0052"",""ARCH_0501"",""ARCH_0487"",""ARCH_0489"",""ARCH_0484"",""ARCH_0135"",""ARCH_0140"",""ARCH_0428"",""ARCH_0227"",""ARCH_0231"",""ARCH_0359"",""ARCH_0595"",""ARCH_0480"",""ARCH_0574"",""ARCH_0234"",""ARCH_0448"",""ARCH_0142"",""ARCH_0212"",""ARCH_0337"",""ARCH_0100"",""ARCH_0081"",""ARCH_0293"",""ARCH_0538"",""ARCH_0368"",""ARCH_0253"",""ARCH_0522"",""ARCH_0374"",""ARCH_0202"",""ARCH_0121"",""ARCH_0280"",""ARCH_0027"",""ARCH_0322"",""ARCH_0189"",""ARCH_0304"",""ARCH_0153"",""ARCH_0306"",""ARCH_0029"",""ARCH_0223"",""ARCH_0287"",""ARCH_0588"",""ARCH_0360"",""ARCH_0264"",""ARCH_0245"",""ARCH_0589"",""ARCH_0020"",""ARCH_0504"",""ARCH_0238"",""ARCH_0342"",""ARCH_0125"",""ARCH_0137"",""ARCH_0371"",""ARCH_0559"",""ARCH_0129"",""ARCH_0397"",""ARCH_0078"",""ARCH_0499"",""ARCH_0109"",""ARCH_0358"",""ARCH_0365"",""ARCH_0113"",""ARCH_0116"",""ARCH_0048"",""ARCH_0422"",""ARCH_0551"",""ARCH_0083"",""ARCH_0193"",""ARCH_0369""]}"
2026-09-27T20:45:27.388Z,experiment.status_changed,Experiment,2,finito,"{""status"":""PreTrainingClosed""}","{""status"":""PreTrainingCollection""}"
2026-09-27T20:46:45.386Z,experiment.status_changed,Experiment,2,finito,"{""status"":""PreTrainingCollection""}","{""status"":""PreTrainingClosed""}"
2026-09-27T21:24:33.082Z,dataset.frozen,TrainingDataset,5,,,"{""code"":""AESTHETIC-v1"",""items"":89}"
2026-09-27T21:28:43.377Z,dataset.frozen,TrainingDataset,6,,,"{""code"":""CONTROL-v1"",""items"":89}"
2026-09-27T21:30:08.718Z,experiment.status_changed,Experiment,2,finito,"{""status"":""PreTrainingClosed""}","{""status"":""DatasetSelection""}"
2026-09-27T21:33:59.199Z,training_run.created,TrainingRun,5,,,"{""code"":""RUN-AESTHETIC"",""name"":""RUN-AESTHETIC"",""trainingDatasetId"":5,""modelFamily"":""SDXL"",""baseModel"":""stabilityai/stable-diffusion-xl-base-1.0"",""baseModelRevision"":null,""provider"":"""",""method"":""LoRA"",""loRARank"":16,""loRAAlpha"":16,""learningRate"":1,""batchSize"":1,""steps"":10,""resolution"":1024,""seed"":4785,""configurationJson"":""{}"",""externalJobId"":null,""artifactUri"":null,""startedAt"":null,""completedAt"":null,""status"":""Planned""}"
2026-09-27T21:37:39.343Z,training_run.created,TrainingRun,6,,,"{""code"":""RUN-CONTROL"",""name"":""RUN-CONTROL"",""trainingDatasetId"":6,""modelFamily"":""SDXL"",""baseModel"":""stabilityai/stable-diffusion-xl-base-1.0"",""baseModelRevision"":null,""provider"":"""",""method"":""LoRA"",""loRARank"":16,""loRAAlpha"":16,""learningRate"":1,""batchSize"":1,""steps"":10,""resolution"":1024,""seed"":9865,""configurationJson"":""{}"",""externalJobId"":null,""artifactUri"":null,""startedAt"":null,""completedAt"":null,""status"":""Planned""}"
2026-09-27T21:38:14.253Z,cloud_job.finished,CloudJob,1,,,"{""status"": ""Failed"", ""message"": ""Scaleway user_data: 400 Content-Type must be text/plain and not text/plain; charset=utf-8""}"
2026-09-27T21:38:22.789Z,cloud_job.finished,CloudJob,2,,,"{""status"": ""Failed"", ""message"": ""Scaleway user_data: 400 Content-Type must be text/plain and not text/plain; charset=utf-8""}"
2026-09-27T21:42:48.811Z,cloud_job.started,CloudJob,3,,,"{""kind"": ""Training"", ""instanceType"": ""L4-1-24G""}"
2026-09-27T21:42:51.038Z,cloud_job.started,CloudJob,4,,,"{""kind"": ""Training"", ""instanceType"": ""L4-1-24G""}"
2026-09-27T21:46:55.232Z,cloud_job.finished,CloudJob,3,,,"{""status"": ""Succeeded"", ""message"": ""weights uploaded; final loss 1.1577"", ""resultSha256"": ""c69793fffdff53c2f826d3657eda5b24cabc00156c354be0bdd27fa15d8d8bf8""}"
2026-09-27T21:46:56.783Z,cloud_job.finished,CloudJob,4,,,"{""status"": ""Succeeded"", ""message"": ""weights uploaded; final loss nan"", ""resultSha256"": ""8aea68e33bf62d659792670096798e574a5471d02ffd535ce72aa160b24cb559""}"
2026-09-27T21:55:48.933Z,experiment.status_changed,Experiment,2,VADO,"{""status"":""DatasetSelection""}","{""status"":""Training""}"
2026-09-27T22:19:41.819Z,cloud_job.started,CloudJob,5,,,"{""kind"": ""Training"", ""instanceType"": ""L4-1-24G""}"
2026-09-27T22:19:54.103Z,cloud_job.started,CloudJob,6,,,"{""kind"": ""Training"", ""instanceType"": ""L4-1-24G""}"
2026-09-27T22:42:57.490Z,cloud_job.finished,CloudJob,5,,,"{""status"": ""Succeeded"", ""message"": ""weights uploaded; final loss 0.1214"", ""resultSha256"": ""194624ac6f0a23a6658c8a88dbe4be4d482c1db4fd262fd198772239e6dac8b8""}"
2026-09-27T22:43:12.094Z,cloud_job.finished,CloudJob,6,,,"{""status"": ""Succeeded"", ""message"": ""weights uploaded; final loss 0.1408"", ""resultSha256"": ""6d19f812ce498a2b5291dce88e19389d9c7bf99bbc206833cef9ba36e118a99f""}"
2026-09-27T23:21:54.956Z,prompt_set.frozen,PromptSet,3,,,"{""name"":""Prompt Architetture"",""version"":1,""prompts"":[{""code"":""A02"",""text"":""exterior photograph of a metro station, glass, urban context, daylight, front view"",""negativePrompt"":null},{""code"":""A03"",""text"":""exterior photograph of a kindergarten, timber, in the mountains, daylight, side view"",""negativePrompt"":null},{""code"":""A04"",""text"":""exterior photograph of a small single-family house, white concrete, on the seafront, daylight, front view"",""negativePrompt"":null},{""code"":""A06"",""text"":""exterior photograph of an industrial shed, steel, industrial area, daylight, front view"",""negativePrompt"":null},{""code"":""A07"",""text"":""exterior photograph of a market hall, iron and glass, city centre, daylight, side view"",""negativePrompt"":null},{""code"":""A09"",""text"":""exterior photograph of an office building, glass, city centre, daylight, side view"",""negativePrompt"":null},{""code"":""A11"",""text"":""exterior photograph of a modern cathedral with bell tower, timber, in the mountains, daylight, three-quarter view"",""negativePrompt"":null},{""code"":""A12"",""text"":""exterior photograph of a large winery, stone, in the middle of a large vineyard, daylight, front view"",""negativePrompt"":null},{""code"":""A13"",""text"":""exterior photograph of a football stadium, steel, city centre, daylight, side view"",""negativePrompt"":null},{""code"":""A15"",""text"":""exterior photograph of a skyscraper projecting over the sea with brise-soleil, daylight, three-quarter view"",""negativePrompt"":null},{""code"":""A17"",""text"":""exterior photograph of a panoramic restaurant, timber, in the mountains, daylight, three-quarter view"",""negativePrompt"":null},{""code"":""A23"",""text"":""exterior photograph of a monastery, stone, urban area, daylight, front view"",""negativePrompt"":null},{""code"":""B01"",""text"":""exterior photograph of a single-family villa, white render, beach, daylight, front view"",""negativePrompt"":null},{""code"":""B04"",""text"":""exterior photograph of a primary school, coloured render, urban park, daylight, side view"",""negativePrompt"":null},{""code"":""B06"",""text"":""exterior photograph of a university building, render and glass, campus, daylight, low-angle view"",""negativePrompt"":null},{""code"":""B07"",""text"":""exterior photograph of a two-family house, exposed brick, hillside, daylight, front view"",""negativePrompt"":null},{""code"":""B08"",""text"":""exterior photograph of a sports hall, glass, suburbs, daylight, front view"",""negativePrompt"":null},{""code"":""B09"",""text"":""exterior photograph of a museum, coloured render, city centre, daylight, front view"",""negativePrompt"":null},{""code"":""B10"",""text"":""exterior photograph of a railway station, stone slabs, city centre, daylight, front view"",""negativePrompt"":null},{""code"":""B11"",""text"":""exterior photograph of an airport, metal and glass, suburbs, daylight, front view"",""negativePrompt"":null},{""code"":""B12"",""text"":""exterior photograph of a town hall, exposed brick, city centre, daylight, front view"",""negativePrompt"":null},{""code"":""B14"",""text"":""exterior photograph of a residential building, brick facing, city centre, daylight, front view"",""negativePrompt"":null},{""code"":""B16"",""text"":""exterior photograph of a church, stone, city centre, daylight, side view"",""negativePrompt"":null},{""code"":""B25"",""text"":""exterior photograph of a factory, iron and concrete, suburbs, daylight, front view"",""negativePrompt"":null},{""code"":""B27"",""text"":""exterior photograph of a single-family villa, stone and glass, in the mountains, daylight, front view"",""negativePrompt"":null},{""code"":""A16"",""text"":""exterior photograph of a residence hotel, timber, daylight, side view from the sea"",""negativePrompt"":null},{""code"":""A19"",""text"":""exterior photograph of a beach club, timber, daylight, eye-level view from the sea"",""negativePrompt"":null},{""code"":""A30"",""text"":""exterior photograph of houses set into the mountainside, semi-urban context, daylight, view from the sea"",""negativePrompt"":null},{""code"":""B19"",""text"":""exterior photograph of a skyscraper, iron and glass, city centre, daylight, side view"",""negativePrompt"":null},{""code"":""B20"",""text"":""exterior photograph of a bank, concrete and iron, city centre, daylight, front view"",""negativePrompt"":null}]}"
2026-09-27T23:22:20.429Z,generation_plan.frozen,GenerationPlan,3,,,"{""name"":""Main plan 4 AI PHOTO"",""promptSetId"":3,""resolution"":""1024x1024"",""sampler"":"""",""guidanceScale"":7,""steps"":30,""seedsJson"":""[25478,85,6127,7]"",""conditionIdsJson"":""[7,8,9]"",""configurationJson"":""{}""}"
2026-09-27T23:22:59.103Z,cloud_job.started,CloudJob,7,,,"{""kind"": ""Generation"", ""instanceType"": ""L4-1-24G""}"
2026-09-28T00:17:47.195Z,training_run.created,TrainingRun,7,,,"{""code"":""TEST-AES-S500"",""name"":""test: fewer steps"",""trainingDatasetId"":5,""modelFamily"":""SDXL"",""baseModel"":""stabilityai/stable-diffusion-xl-base-1.0"",""baseModelRevision"":""462165984030d82259a11f4367a4eed129e94a7b"",""provider"":"""",""method"":""LoRA"",""loRARank"":16,""loRAAlpha"":16,""learningRate"":0.0001,""batchSize"":1,""steps"":500,""resolution"":1024,""seed"":1254,""configurationJson"":""{}"",""externalJobId"":null,""artifactUri"":null,""startedAt"":null,""completedAt"":null,""status"":""Planned""}"
2026-09-28T00:17:47.345Z,training_run.created,TrainingRun,8,,,"{""code"":""TEST-AES-LR3E5"",""name"":""test: lower learning rate"",""trainingDatasetId"":5,""modelFamily"":""SDXL"",""baseModel"":""stabilityai/stable-diffusion-xl-base-1.0"",""baseModelRevision"":""462165984030d82259a11f4367a4eed129e94a7b"",""provider"":"""",""method"":""LoRA"",""loRARank"":16,""loRAAlpha"":16,""learningRate"":3E-05,""batchSize"":1,""steps"":1500,""resolution"":1024,""seed"":1254,""configurationJson"":""{\u0022lr_scheduler\u0022:\u0022cosine\u0022,\u0022lr_warmup_steps\u0022:100}"",""externalJobId"":null,""artifactUri"":null,""startedAt"":null,""completedAt"":null,""status"":""Planned""}"
2026-09-28T00:18:07.866Z,cloud_job.started,CloudJob,8,,,"{""kind"": ""Training"", ""instanceType"": ""L4-1-24G""}"
2026-09-28T00:18:15.075Z,cloud_job.finished,CloudJob,9,,,"{""status"": ""Failed"", ""message"": ""Scaleway POST /instance/v1/zones/fr-par-2/servers: 403 {\""type\"": \""quotas_exceeded\"", \""message\"": \""quota(s) exceeded for this resource\"", \""details\"": [{\""resource\"": \""cp_servers_type_L4_1_24G\"", \""quota\"": 2, \""current\"": 2, \""organization_id\"": \""[id removed]\""}, {\""resource\"": \""cp_servers_type_L4_1_24G\"", \""quota\"": 2, \""current\"": 2, \""project_id\"": \""[id removed]\""}]}""}"
2026-09-28T00:19:37.154Z,prompt_set.frozen,PromptSet,4,,,"{""name"":""Pilot - training strength"",""version"":1,""prompts"":[{""code"":""X-A02"",""text"":""exterior photograph of a metro station, glass, urban context, daylight, front view"",""negativePrompt"":null},{""code"":""X-A12"",""text"":""exterior photograph of a large winery, stone, in the middle of a large vineyard, daylight, front view"",""negativePrompt"":null},{""code"":""X-B07"",""text"":""exterior photograph of a two-family house, exposed brick, hillside, daylight, front view"",""negativePrompt"":null},{""code"":""X-B16"",""text"":""exterior photograph of a church, stone, city centre, daylight, side view"",""negativePrompt"":null},{""code"":""X-A15"",""text"":""exterior photograph of a skyscraper projecting over the sea with brise-soleil, daylight, three-quarter view"",""negativePrompt"":null},{""code"":""X-B09"",""text"":""exterior photograph of a museum, coloured render, city centre, daylight, front view"",""negativePrompt"":null}]}"
2026-09-28T00:28:09.031Z,cloud_job.finished,CloudJob,8,,,"{""status"": ""Succeeded"", ""message"": ""weights uploaded; final loss 0.1531"", ""resultSha256"": ""921de6a3c3359fd1a0ee14e3a38a5b3121bcac8f66d7492449ce84deb641194c""}"
2026-09-28T00:30:22.592Z,cloud_job.started,CloudJob,10,,,"{""kind"": ""Training"", ""instanceType"": ""L4-1-24G""}"
2026-09-28T00:39:49.050Z,cloud_job.finished,CloudJob,7,,,"{""status"": ""Succeeded"", ""message"": ""generation completed: 360 images"", ""resultSha256"": null}"
2026-09-28T00:54:03.467Z,cloud_job.finished,CloudJob,10,,,"{""status"": ""Succeeded"", ""message"": ""weights uploaded; final loss 0.1219"", ""resultSha256"": ""3e864f2b657a25caab87b2e62a110f6df7c21a3873ca955484879ab3b1475d58""}"
2026-09-28T01:03:31.081Z,generation_plan.frozen,GenerationPlan,4,,,"{""name"":""PILOT A - training variants"",""promptSetId"":4,""resolution"":""1024x1024"",""sampler"":"""",""guidanceScale"":7,""steps"":30,""seedsJson"":""[1001,2002]"",""conditionIdsJson"":""[7,8,9,10,11]"",""configurationJson"":""{}"",""isPilot"":true}"
2026-09-28T01:03:38.539Z,cloud_job.started,CloudJob,11,,,"{""kind"": ""Generation"", ""instanceType"": ""L4-1-24G""}"
2026-09-28T01:03:38.699Z,generation_plan.frozen,GenerationPlan,5,,,"{""name"":""PILOT B - lora scale 0.6"",""promptSetId"":4,""resolution"":""1024x1024"",""sampler"":"""",""guidanceScale"":7,""steps"":30,""seedsJson"":""[1001,2002]"",""conditionIdsJson"":""[8,9]"",""configurationJson"":""{\u0022lora_scale\u0022:0.6}"",""isPilot"":true}"
2026-09-28T01:03:40.416Z,cloud_job.started,CloudJob,12,,,"{""kind"": ""Generation"", ""instanceType"": ""L4-1-24G""}"
2026-09-28T01:11:36.558Z,cloud_job.finished,CloudJob,12,,,"{""status"": ""Succeeded"", ""message"": ""generation completed: 24 images"", ""resultSha256"": null}"
2026-09-28T01:18:42.453Z,cloud_job.finished,CloudJob,11,,,"{""status"": ""Succeeded"", ""message"": ""generation completed: 60 images"", ""resultSha256"": null}"
2026-09-28T01:24:28.246Z,dataset.generated,TrainingDataset,7,"Same images; captions rewritten from the images with the same method and level of detail as CONTROL (vegetation, sky and light described). The v1 captions left vegetation undescribed and the LoRA learned a green cast.",,"{""code"":""AESTHETIC-v2"",""from"":""AESTHETIC-v1""}"
2026-09-28T01:28:47.344Z,dataset.frozen,TrainingDataset,7,,,"{""code"":""AESTHETIC-v2"",""items"":89}"
2026-09-28T01:29:16.902Z,dataset.generated,TrainingDataset,8,"Same images as CONTROL-v1 (matched on AESTHETIC-v1, whose images are identical to AESTHETIC-v2); captions harmonised with AESTHETIC-v2 (same wording for sky and light) so that both LoRAs are trained on captions written with the same method.",,"{""code"":""CONTROL-v2"",""from"":""CONTROL-v1""}"
2026-09-28T01:29:17.905Z,dataset.frozen,TrainingDataset,8,,,"{""code"":""CONTROL-v2"",""items"":89}"
2026-09-28T01:29:30.828Z,training_run.created,TrainingRun,9,,,"{""code"":""RUN-AESTHETIC-2"",""name"":""AESTHETIC-v2 (captions rewritten)"",""trainingDatasetId"":7,""modelFamily"":""SDXL"",""baseModel"":""stabilityai/stable-diffusion-xl-base-1.0"",""baseModelRevision"":""462165984030d82259a11f4367a4eed129e94a7b"",""provider"":"""",""method"":""LoRA"",""loRARank"":16,""loRAAlpha"":16,""learningRate"":0.0001,""batchSize"":1,""steps"":1500,""resolution"":1024,""seed"":1254,""configurationJson"":""{}"",""externalJobId"":null,""artifactUri"":null,""startedAt"":null,""completedAt"":null,""status"":""Planned""}"
2026-09-28T01:29:30.994Z,training_run.created,TrainingRun,10,,,"{""code"":""RUN-CONTROL-2"",""name"":""CONTROL-v2 (captions harmonised)"",""trainingDatasetId"":8,""modelFamily"":""SDXL"",""baseModel"":""stabilityai/stable-diffusion-xl-base-1.0"",""baseModelRevision"":""462165984030d82259a11f4367a4eed129e94a7b"",""provider"":"""",""method"":""LoRA"",""loRARank"":16,""loRAAlpha"":16,""learningRate"":0.0001,""batchSize"":1,""steps"":1500,""resolution"":1024,""seed"":9865,""configurationJson"":""{}"",""externalJobId"":null,""artifactUri"":null,""startedAt"":null,""completedAt"":null,""status"":""Planned""}"
2026-09-28T01:29:48.053Z,cloud_job.started,CloudJob,13,,,"{""kind"": ""Training"", ""instanceType"": ""L4-1-24G""}"
2026-09-28T01:30:00.495Z,cloud_job.started,CloudJob,14,,,"{""kind"": ""Training"", ""instanceType"": ""L4-1-24G""}"
2026-09-28T01:53:03.265Z,cloud_job.finished,CloudJob,14,,,"{""status"": ""Succeeded"", ""message"": ""weights uploaded; final loss 0.1408"", ""resultSha256"": ""c3e908deb854f90d2b6fc0ee9bcb2c9d8417018fe8dbae46618bc006cce32337""}"
2026-09-28T01:53:36.997Z,cloud_job.finished,CloudJob,13,,,"{""status"": ""Succeeded"", ""message"": ""weights uploaded; final loss 0.1214"", ""resultSha256"": ""c216410e3232efd7afdf3b3557822801d672da7e94a93c95105c47cab4709c80""}"
2026-09-28T01:56:10.652Z,generation_plan.frozen,GenerationPlan,6,,,"{""name"":""PILOT C - v2 captions"",""promptSetId"":4,""resolution"":""1024x1024"",""sampler"":"""",""guidanceScale"":7,""steps"":30,""seedsJson"":""[1001,2002]"",""conditionIdsJson"":""[7,12,13]"",""configurationJson"":""{}"",""isPilot"":true}"
2026-09-28T01:56:12.485Z,cloud_job.started,CloudJob,15,,,"{""kind"": ""Generation"", ""instanceType"": ""L4-1-24G""}"
2026-09-28T02:07:11.321Z,cloud_job.finished,CloudJob,15,,,"{""status"": ""Succeeded"", ""message"": ""generation completed: 36 images"", ""resultSha256"": null}"
2026-09-28T02:10:10.909Z,generation_plan.frozen,GenerationPlan,7,,,"{""name"":""Main plan v2"",""promptSetId"":3,""resolution"":""1024x1024"",""sampler"":"""",""guidanceScale"":7,""steps"":30,""seedsJson"":""[25478,85,6127,7]"",""conditionIdsJson"":""[7,8,9]"",""configurationJson"":""{}"",""isPilot"":false}"
2026-09-28T02:10:12.801Z,cloud_job.started,CloudJob,16,,,"{""kind"": ""Generation"", ""instanceType"": ""L4-1-24G""}"
2026-09-28T03:29:23.846Z,cloud_job.finished,CloudJob,16,,,"{""status"": ""Succeeded"", ""message"": ""generation completed: 360 images"", ""resultSha256"": null}"
2026-09-28T04:22:52.092Z,generation_plan.frozen,GenerationPlan,8,,,"{""name"":""PILOT D - lora scale 0.6 (v2 runs)"",""promptSetId"":4,""resolution"":""1024x1024"",""sampler"":"""",""guidanceScale"":7,""steps"":30,""seedsJson"":""[1001,2002]"",""conditionIdsJson"":""[7,8,9]"",""configurationJson"":""{\u0022lora_scale\u0022:0.6}"",""isPilot"":true}"
2026-09-28T04:22:58.477Z,cloud_job.started,CloudJob,17,,,"{""kind"": ""Generation"", ""instanceType"": ""L4-1-24G""}"
2026-09-28T04:33:06.690Z,cloud_job.finished,CloudJob,17,,,"{""status"": ""Succeeded"", ""message"": ""generation completed: 36 images"", ""resultSha256"": null}"
2026-09-28T04:46:26.482Z,training_run.created,TrainingRun,11,,,"{""code"":""RUN-AESTHETIC-3"",""name"":""AESTHETIC-v2 \u002B noise offset"",""trainingDatasetId"":7,""modelFamily"":""SDXL"",""baseModel"":""stabilityai/stable-diffusion-xl-base-1.0"",""baseModelRevision"":""462165984030d82259a11f4367a4eed129e94a7b"",""provider"":"""",""method"":""LoRA"",""loRARank"":16,""loRAAlpha"":16,""learningRate"":0.0001,""batchSize"":1,""steps"":1500,""resolution"":1024,""seed"":1254,""configurationJson"":""{\u0022noise_offset\u0022:0.0357}"",""externalJobId"":null,""artifactUri"":null,""startedAt"":null,""completedAt"":null,""status"":""Planned""}"
2026-09-28T04:46:26.784Z,training_run.created,TrainingRun,12,,,"{""code"":""RUN-CONTROL-3"",""name"":""CONTROL-v2 \u002B noise offset"",""trainingDatasetId"":8,""modelFamily"":""SDXL"",""baseModel"":""stabilityai/stable-diffusion-xl-base-1.0"",""baseModelRevision"":""462165984030d82259a11f4367a4eed129e94a7b"",""provider"":"""",""method"":""LoRA"",""loRARank"":16,""loRAAlpha"":16,""learningRate"":0.0001,""batchSize"":1,""steps"":1500,""resolution"":1024,""seed"":9865,""configurationJson"":""{\u0022noise_offset\u0022:0.0357}"",""externalJobId"":null,""artifactUri"":null,""startedAt"":null,""completedAt"":null,""status"":""Planned""}"
2026-09-28T04:46:40.603Z,cloud_job.started,CloudJob,18,,,"{""kind"": ""Training"", ""instanceType"": ""L4-1-24G""}"
2026-09-28T04:46:52.436Z,cloud_job.started,CloudJob,19,,,"{""kind"": ""Training"", ""instanceType"": ""L4-1-24G""}"
2026-09-28T05:09:44.986Z,cloud_job.finished,CloudJob,18,,,"{""status"": ""Succeeded"", ""message"": ""weights uploaded; final loss 0.1236"", ""resultSha256"": ""6c413b3ddc56888a45e1cbe055992d4801498d6722d8d00b74055a9b5c964fdb""}"
2026-09-28T05:10:10.262Z,cloud_job.finished,CloudJob,19,,,"{""status"": ""Succeeded"", ""message"": ""weights uploaded; final loss 0.1309"", ""resultSha256"": ""0c862e8e9d5bb824530dcbf2b9a129c532514f52c27768584e9fa49c0e828bd3""}"
2026-09-28T05:17:04.722Z,generation_plan.frozen,GenerationPlan,9,,,"{""name"":""PILOT E - noise offset, scale 1.0"",""promptSetId"":4,""resolution"":""1024x1024"",""sampler"":"""",""guidanceScale"":7,""steps"":30,""seedsJson"":""[3003,4004]"",""conditionIdsJson"":""[7,8,9,14,15]"",""configurationJson"":""{}"",""isPilot"":true}"
2026-09-28T05:17:11.111Z,cloud_job.started,CloudJob,20,,,"{""kind"": ""Generation"", ""instanceType"": ""L4-1-24G""}"
2026-09-28T05:33:36.987Z,cloud_job.finished,CloudJob,20,,,"{""status"": ""Succeeded"", ""message"": ""generation completed: 60 images"", ""resultSha256"": null}"
2026-09-28T05:37:18.011Z,prompt_set.frozen,PromptSet,5,,,"{""name"":""Prompt Architetture v2 (allineati al corpus)"",""version"":1,""prompts"":[{""code"":""A01"",""text"":""exterior photograph of a museum, stone, on the seafront, daylight, three-quarter view"",""negativePrompt"":null},{""code"":""A02"",""text"":""exterior photograph of a metro station, glass, urban context, daylight, front view"",""negativePrompt"":null},{""code"":""A04"",""text"":""exterior photograph of a small single-family house, white concrete, on the seafront, daylight, front view"",""negativePrompt"":null},{""code"":""A07"",""text"":""exterior photograph of a market hall, iron and glass, city centre, daylight, side view"",""negativePrompt"":null},{""code"":""A08"",""text"":""exterior photograph of a library, exposed brick, city centre, daylight, front view"",""negativePrompt"":null},{""code"":""A09"",""text"":""exterior photograph of an office building, glass, city centre, daylight, side view"",""negativePrompt"":null},{""code"":""A11"",""text"":""exterior photograph of a modern cathedral with bell tower, timber, in the mountains, daylight, three-quarter view"",""negativePrompt"":null},{""code"":""A13"",""text"":""exterior photograph of a football stadium, steel, city centre, daylight, side view"",""negativePrompt"":null},{""code"":""A14"",""text"":""exterior photograph of a bridge over a sea strait, steel, daylight, side view"",""negativePrompt"":null},{""code"":""A15"",""text"":""exterior photograph of a skyscraper projecting over the sea with brise-soleil, daylight, three-quarter view"",""negativePrompt"":null},{""code"":""A22"",""text"":""exterior photograph of a church, stone, urban area, daylight, side view"",""negativePrompt"":null},{""code"":""A25"",""text"":""exterior photograph of a large seaside villa with swimming pool, white concrete, stone and timber, daylight, three-quarter view at eye level"",""negativePrompt"":null},{""code"":""A26"",""text"":""exterior photograph of a railway station, steel, city centre, daylight, front view"",""negativePrompt"":null},{""code"":""A27"",""text"":""exterior photograph of an airport terminal, steel and glass, daylight, eye-level view"",""negativePrompt"":null},{""code"":""B01"",""text"":""exterior photograph of a single-family villa, white render, beach, daylight, front view"",""negativePrompt"":null},{""code"":""B02"",""text"":""exterior photograph of a multi-storey urban building, render, city centre, daylight, front view"",""negativePrompt"":null},{""code"":""B04"",""text"":""exterior photograph of a primary school, coloured render, urban park, daylight, side view"",""negativePrompt"":null},{""code"":""B06"",""text"":""exterior photograph of a university building, render and glass, campus, daylight, low-angle view"",""negativePrompt"":null},{""code"":""B08"",""text"":""exterior photograph of a sports hall, glass, suburbs, daylight, front view"",""negativePrompt"":null},{""code"":""B09"",""text"":""exterior photograph of a museum, coloured render, city centre, daylight, front view"",""negativePrompt"":null},{""code"":""B12"",""text"":""exterior photograph of a town hall, exposed brick, city centre, daylight, front view"",""negativePrompt"":null},{""code"":""B14"",""text"":""exterior photograph of a residential building, brick facing, city centre, daylight, front view"",""negativePrompt"":null},{""code"":""B15"",""text"":""exterior photograph of a museum, render and glass, city centre, daylight, side view"",""negativePrompt"":null},{""code"":""B19"",""text"":""exterior photograph of a skyscraper, iron and glass, city centre, daylight, side view"",""negativePrompt"":null},{""code"":""B20"",""text"":""exterior photograph of a bank, concrete and iron, city centre, daylight, front view"",""negativePrompt"":null},{""code"":""B23"",""text"":""exterior photograph of a church, exposed marble, city centre, daylight, front view"",""negativePrompt"":null},{""code"":""B25"",""text"":""exterior photograph of a factory, iron and concrete, suburbs, daylight, front view"",""negativePrompt"":null},{""code"":""B26"",""text"":""exterior photograph of a public housing block, white render, suburbs, daylight, perspective view at eye level"",""negativePrompt"":null},{""code"":""B27"",""text"":""exterior photograph of a single-family villa, stone and glass, in the mountains, daylight, front view"",""negativePrompt"":null},{""code"":""B29"",""text"":""exterior photograph of a stadium, concrete and iron, suburbs, daylight, perspective view at eye level"",""negativePrompt"":null}]}"
2026-09-28T05:37:28.031Z,generation_plan.frozen,GenerationPlan,10,,,"{""name"":""Main plan v3"",""promptSetId"":5,""resolution"":""1024x1024"",""sampler"":"""",""guidanceScale"":7,""steps"":30,""seedsJson"":""[25478,85,6127,7]"",""conditionIdsJson"":""[7,8,9]"",""configurationJson"":""{}"",""isPilot"":false}"
2026-09-28T05:37:30.024Z,cloud_job.started,CloudJob,21,,,"{""kind"": ""Generation"", ""instanceType"": ""L4-1-24G""}"
2026-09-28T05:55:36.300Z,training_run.created,TrainingRun,13,,,"{""code"":""RUN-AESTHETIC-4"",""name"":""AESTHETIC-v2 \u002B noise offset, timesteps 250-1000"",""trainingDatasetId"":7,""modelFamily"":""SDXL"",""baseModel"":""stabilityai/stable-diffusion-xl-base-1.0"",""baseModelRevision"":""462165984030d82259a11f4367a4eed129e94a7b"",""provider"":"""",""method"":""LoRA"",""loRARank"":16,""loRAAlpha"":16,""learningRate"":0.0001,""batchSize"":1,""steps"":1500,""resolution"":1024,""seed"":1254,""configurationJson"":""{\u0022noise_offset\u0022:0.0357,\u0022timestep_min\u0022:250}"",""externalJobId"":null,""artifactUri"":null,""startedAt"":null,""completedAt"":null,""status"":""Planned""}"
2026-09-28T05:55:36.437Z,training_run.created,TrainingRun,14,,,"{""code"":""RUN-CONTROL-4"",""name"":""CONTROL-v2 \u002B noise offset, timesteps 250-1000"",""trainingDatasetId"":8,""modelFamily"":""SDXL"",""baseModel"":""stabilityai/stable-diffusion-xl-base-1.0"",""baseModelRevision"":""462165984030d82259a11f4367a4eed129e94a7b"",""provider"":"""",""method"":""LoRA"",""loRARank"":16,""loRAAlpha"":16,""learningRate"":0.0001,""batchSize"":1,""steps"":1500,""resolution"":1024,""seed"":9865,""configurationJson"":""{\u0022noise_offset\u0022:0.0357,\u0022timestep_min\u0022:250}"",""externalJobId"":null,""artifactUri"":null,""startedAt"":null,""completedAt"":null,""status"":""Planned""}"
2026-09-28T05:55:49.175Z,cloud_job.started,CloudJob,22,,,"{""kind"": ""Training"", ""instanceType"": ""L4-1-24G""}"
2026-09-28T05:56:01.349Z,cloud_job.started,CloudJob,23,,,"{""kind"": ""Training"", ""instanceType"": ""L4-1-24G""}"
2026-09-28T05:56:49.573Z,prompt_set.frozen,PromptSet,8,,,"{""name"":""Pilot - artefacts"",""version"":1,""prompts"":[{""code"":""X-A02"",""text"":""exterior photograph of a metro station, glass, urban context, daylight, front view"",""negativePrompt"":""text, letters, lettering, signage, logo, watermark, caption, blurry, jpeg artifacts, noise, distorted lines, deformed structure, low quality""},{""code"":""X-A09"",""text"":""exterior photograph of an office building, glass, city centre, daylight, side view"",""negativePrompt"":""text, letters, lettering, signage, logo, watermark, caption, blurry, jpeg artifacts, noise, distorted lines, deformed structure, low quality""},{""code"":""X-A13"",""text"":""exterior photograph of a football stadium, steel, city centre, daylight, side view"",""negativePrompt"":""text, letters, lettering, signage, logo, watermark, caption, blurry, jpeg artifacts, noise, distorted lines, deformed structure, low quality""},{""code"":""X-A14"",""text"":""exterior photograph of a bridge over a sea strait, steel, daylight, side view"",""negativePrompt"":""text, letters, lettering, signage, logo, watermark, caption, blurry, jpeg artifacts, noise, distorted lines, deformed structure, low quality""}]}"
2026-09-28T06:19:22.301Z,cloud_job.finished,CloudJob,22,,,"{""status"": ""Succeeded"", ""message"": ""weights uploaded; final loss 0.0863"", ""resultSha256"": ""082928a6933ee8856a6aee7624a141b5d4dafa04b2c0b6bf9964dd9ac765059e""}"
2026-09-28T06:19:23.180Z,cloud_job.finished,CloudJob,23,,,"{""status"": ""Succeeded"", ""message"": ""weights uploaded; final loss 0.0723"", ""resultSha256"": ""da3ae5c4973e31137c0bac449955619b7a6c5935f17d4007c9b1afc3b5800fef""}"
2026-09-28T06:22:56.584Z,generation_plan.frozen,GenerationPlan,11,,,"{""name"":""PILOT F - artefacts (negative prompt, timesteps 250\u002B)"",""promptSetId"":8,""resolution"":""1024x1024"",""sampler"":"""",""guidanceScale"":7,""steps"":30,""seedsJson"":""[7,85]"",""conditionIdsJson"":""[7,8,9,16,17]"",""configurationJson"":""{}"",""isPilot"":true}"
2026-09-28T06:23:03.060Z,cloud_job.started,CloudJob,24,,,"{""kind"": ""Generation"", ""instanceType"": ""L4-1-24G""}"
2026-09-28T06:34:43.546Z,cloud_job.finished,CloudJob,24,,,"{""status"": ""Succeeded"", ""message"": ""generation completed: 40 images"", ""resultSha256"": null}"
2026-09-28T06:45:19.006Z,training_run.created,TrainingRun,15,,,"{""code"":""RUN-AESTHETIC-RV"",""name"":""AESTHETIC-v2 on RealVisXL V5.0"",""trainingDatasetId"":7,""modelFamily"":""SDXL"",""baseModel"":""SG161222/RealVisXL_V5.0"",""baseModelRevision"":""ac93e0dda1f6d448cae19bbfab8c5e720a5e48bc"",""provider"":"""",""method"":""LoRA"",""loRARank"":16,""loRAAlpha"":16,""learningRate"":0.0001,""batchSize"":1,""steps"":1500,""resolution"":1024,""seed"":1254,""configurationJson"":""{\u0022noise_offset\u0022:0.0357,\u0022timestep_min\u0022:250}"",""externalJobId"":null,""artifactUri"":null,""startedAt"":null,""completedAt"":null,""status"":""Planned""}"
2026-09-28T06:45:19.615Z,training_run.created,TrainingRun,16,,,"{""code"":""RUN-CONTROL-RV"",""name"":""CONTROL-v2 on RealVisXL V5.0"",""trainingDatasetId"":8,""modelFamily"":""SDXL"",""baseModel"":""SG161222/RealVisXL_V5.0"",""baseModelRevision"":""ac93e0dda1f6d448cae19bbfab8c5e720a5e48bc"",""provider"":"""",""method"":""LoRA"",""loRARank"":16,""loRAAlpha"":16,""learningRate"":0.0001,""batchSize"":1,""steps"":1500,""resolution"":1024,""seed"":9865,""configurationJson"":""{\u0022noise_offset\u0022:0.0357,\u0022timestep_min\u0022:250}"",""externalJobId"":null,""artifactUri"":null,""startedAt"":null,""completedAt"":null,""status"":""Planned""}"
2026-09-28T06:45:32.724Z,cloud_job.started,CloudJob,25,,,"{""kind"": ""Training"", ""instanceType"": ""L4-1-24G""}"
2026-09-28T06:45:45.110Z,cloud_job.started,CloudJob,26,,,"{""kind"": ""Training"", ""instanceType"": ""L4-1-24G""}"
2026-09-28T06:46:00.130Z,prompt_set.frozen,PromptSet,9,,,"{""name"":""Pilot - photorealism"",""version"":1,""prompts"":[{""code"":""P-A02"",""text"":""exterior photograph of a metro station, glass, urban context, daylight, front view, professional architectural photography, shot on a full-frame camera with a 24mm lens, natural light, realistic materials and textures, sharp focus"",""negativePrompt"":""text, letters, lettering, signage, logo, watermark, 3d render, cgi, rendering, illustration, painting, drawing, cartoon, plastic, smooth surfaces, oversaturated, hdr, blurry, jpeg artifacts, distorted lines, deformed structure, low quality""},{""code"":""P-A09"",""text"":""exterior photograph of an office building, glass, city centre, daylight, side view, professional architectural photography, shot on a full-frame camera with a 24mm lens, natural light, realistic materials and textures, sharp focus"",""negativePrompt"":""text, letters, lettering, signage, logo, watermark, 3d render, cgi, rendering, illustration, painting, drawing, cartoon, plastic, smooth surfaces, oversaturated, hdr, blurry, jpeg artifacts, distorted lines, deformed structure, low quality""},{""code"":""P-A13"",""text"":""exterior photograph of a football stadium, steel, city centre, daylight, side view, professional architectural photography, shot on a full-frame camera with a 24mm lens, natural light, realistic materials and textures, sharp focus"",""negativePrompt"":""text, letters, lettering, signage, logo, watermark, 3d render, cgi, rendering, illustration, painting, drawing, cartoon, plastic, smooth surfaces, oversaturated, hdr, blurry, jpeg artifacts, distorted lines, deformed structure, low quality""},{""code"":""P-A14"",""text"":""exterior photograph of a bridge over a sea strait, steel, daylight, side view, professional architectural photography, shot on a full-frame camera with a 24mm lens, natural light, realistic materials and textures, sharp focus"",""negativePrompt"":""text, letters, lettering, signage, logo, watermark, 3d render, cgi, rendering, illustration, painting, drawing, cartoon, plastic, smooth surfaces, oversaturated, hdr, blurry, jpeg artifacts, distorted lines, deformed structure, low quality""},{""code"":""P-B09"",""text"":""exterior photograph of a museum, coloured render, city centre, daylight, front view, professional architectural photography, shot on a full-frame camera with a 24mm lens, natural light, realistic materials and textures, sharp focus"",""negativePrompt"":""text, letters, lettering, signage, logo, watermark, 3d render, cgi, rendering, illustration, painting, drawing, cartoon, plastic, smooth surfaces, oversaturated, hdr, blurry, jpeg artifacts, distorted lines, deformed structure, low quality""},{""code"":""P-B27"",""text"":""exterior photograph of a single-family villa, stone and glass, in the mountains, daylight, front view, professional architectural photography, shot on a full-frame camera with a 24mm lens, natural light, realistic materials and textures, sharp focus"",""negativePrompt"":""text, letters, lettering, signage, logo, watermark, 3d render, cgi, rendering, illustration, painting, drawing, cartoon, plastic, smooth surfaces, oversaturated, hdr, blurry, jpeg artifacts, distorted lines, deformed structure, low quality""}]}"
2026-09-28T07:08:47.314Z,cloud_job.finished,CloudJob,25,,,"{""status"": ""Succeeded"", ""message"": ""weights uploaded; final loss 0.0868"", ""resultSha256"": ""05a86a9ce3d70baedc72f7184b395e9ae4d3aaa44a73dd5f27bb16f9d74a1b5f""}"
2026-09-28T07:08:57.825Z,cloud_job.finished,CloudJob,26,,,"{""status"": ""Succeeded"", ""message"": ""weights uploaded; final loss 0.0725"", ""resultSha256"": ""9a655a11b22e95e4153e38409e0dbe415b876bc0332d86c2fce011e2af769fde""}"
2026-09-28T07:11:53.788Z,generation_plan.frozen,GenerationPlan,12,,,"{""name"":""PILOT G - photorealism (RealVisXL, photo prompts, DPM\u002B\u002B 2M Karras, CFG 5)"",""promptSetId"":9,""resolution"":""1216x832"",""sampler"":""dpm\u002B\u002B 2m karras"",""guidanceScale"":5,""steps"":40,""seedsJson"":""[7,85]"",""conditionIdsJson"":""[7,16,18,19]"",""configurationJson"":""{}"",""isPilot"":true}"
2026-09-28T07:11:57.857Z,cloud_job.started,CloudJob,27,,,"{""kind"": ""Generation"", ""instanceType"": ""L4-1-24G""}"
2026-09-28T07:27:54.821Z,cloud_job.finished,CloudJob,27,,,"{""status"": ""Succeeded"", ""message"": ""generation completed: 48 images"", ""resultSha256"": null}"
2026-09-28T07:31:28.609Z,prompt_set.frozen,PromptSet,10,,,"{""name"":""Prompt Architetture v2 (allineati al corpus)"",""version"":4,""prompts"":[{""code"":""A01"",""text"":""exterior photograph of a museum, stone, on the seafront, daylight, three-quarter view, seen from outside, professional architectural photography, shot on a full-frame camera with a 24mm lens, natural light, realistic materials and textures, sharp focus"",""negativePrompt"":""interior, indoor, inside view, text, letters, lettering, signage, logo, watermark, 3d render, cgi, rendering, illustration, painting, drawing, cartoon, plastic, smooth surfaces, oversaturated, hdr, blurry, jpeg artifacts, distorted lines, deformed structure, low quality""},{""code"":""A02"",""text"":""exterior photograph of a metro station, glass, urban context, daylight, front view, seen from outside, professional architectural photography, shot on a full-frame camera with a 24mm lens, natural light, realistic materials and textures, sharp focus"",""negativePrompt"":""interior, indoor, inside view, text, letters, lettering, signage, logo, watermark, 3d render, cgi, rendering, illustration, painting, drawing, cartoon, plastic, smooth surfaces, oversaturated, hdr, blurry, jpeg artifacts, distorted lines, deformed structure, low quality""},{""code"":""A04"",""text"":""exterior photograph of a small single-family house, white concrete, on the seafront, daylight, front view, seen from outside, professional architectural photography, shot on a full-frame camera with a 24mm lens, natural light, realistic materials and textures, sharp focus"",""negativePrompt"":""interior, indoor, inside view, text, letters, lettering, signage, logo, watermark, 3d render, cgi, rendering, illustration, painting, drawing, cartoon, plastic, smooth surfaces, oversaturated, hdr, blurry, jpeg artifacts, distorted lines, deformed structure, low quality""},{""code"":""A07"",""text"":""exterior photograph of a market hall, iron and glass, city centre, daylight, side view, seen from outside, professional architectural photography, shot on a full-frame camera with a 24mm lens, natural light, realistic materials and textures, sharp focus"",""negativePrompt"":""interior, indoor, inside view, text, letters, lettering, signage, logo, watermark, 3d render, cgi, rendering, illustration, painting, drawing, cartoon, plastic, smooth surfaces, oversaturated, hdr, blurry, jpeg artifacts, distorted lines, deformed structure, low quality""},{""code"":""A08"",""text"":""exterior photograph of a library, exposed brick, city centre, daylight, front view, seen from outside, professional architectural photography, shot on a full-frame camera with a 24mm lens, natural light, realistic materials and textures, sharp focus"",""negativePrompt"":""interior, indoor, inside view, text, letters, lettering, signage, logo, watermark, 3d render, cgi, rendering, illustration, painting, drawing, cartoon, plastic, smooth surfaces, oversaturated, hdr, blurry, jpeg artifacts, distorted lines, deformed structure, low quality""},{""code"":""A09"",""text"":""exterior photograph of an office building, glass, city centre, daylight, side view, seen from outside, professional architectural photography, shot on a full-frame camera with a 24mm lens, natural light, realistic materials and textures, sharp focus"",""negativePrompt"":""interior, indoor, inside view, text, letters, lettering, signage, logo, watermark, 3d render, cgi, rendering, illustration, painting, drawing, cartoon, plastic, smooth surfaces, oversaturated, hdr, blurry, jpeg artifacts, distorted lines, deformed structure, low quality""},{""code"":""A11"",""text"":""exterior photograph of a modern cathedral with bell tower, timber, in the mountains, daylight, three-quarter view, seen from outside, professional architectural photography, shot on a full-frame camera with a 24mm lens, natural light, realistic materials and textures, sharp focus"",""negativePrompt"":""interior, indoor, inside view, text, letters, lettering, signage, logo, watermark, 3d render, cgi, rendering, illustration, painting, drawing, cartoon, plastic, smooth surfaces, oversaturated, hdr, blurry, jpeg artifacts, distorted lines, deformed structure, low quality""},{""code"":""A13"",""text"":""exterior photograph of a football stadium, steel, city centre, daylight, side view, seen from outside, professional architectural photography, shot on a full-frame camera with a 24mm lens, natural light, realistic materials and textures, sharp focus"",""negativePrompt"":""interior, indoor, inside view, text, letters, lettering, signage, logo, watermark, 3d render, cgi, rendering, illustration, painting, drawing, cartoon, plastic, smooth surfaces, oversaturated, hdr, blurry, jpeg artifacts, distorted lines, deformed structure, low quality""},{""code"":""A14"",""text"":""exterior photograph of a bridge over a sea strait, steel, daylight, side view, seen from outside, professional architectural photography, shot on a full-frame camera with a 24mm lens, natural light, realistic materials and textures, sharp focus"",""negativePrompt"":""interior, indoor, inside view, text, letters, lettering, signage, logo, watermark, 3d render, cgi, rendering, illustration, painting, drawing, cartoon, plastic, smooth surfaces, oversaturated, hdr, blurry, jpeg artifacts, distorted lines, deformed structure, low quality""},{""code"":""A15"",""text"":""exterior photograph of a skyscraper projecting over the sea with brise-soleil, daylight, three-quarter view, seen from outside, professional architectural photography, shot on a full-frame camera with a 24mm lens, natural light, realistic materials and textures, sharp focus"",""negativePrompt"":""interior, indoor, inside view, text, letters, lettering, signage, logo, watermark, 3d render, cgi, rendering, illustration, painting, drawing, cartoon, plastic, smooth surfaces, oversaturated, hdr, blurry, jpeg artifacts, distorted lines, deformed structure, low quality""},{""code"":""A22"",""text"":""exterior photograph of a church, stone, urban area, daylight, side view, seen from outside, professional architectural photography, shot on a full-frame camera with a 24mm lens, natural light, realistic materials and textures, sharp focus"",""negativePrompt"":""interior, indoor, inside view, text, letters, lettering, signage, logo, watermark, 3d render, cgi, rendering, illustration, painting, drawing, cartoon, plastic, smooth surfaces, oversaturated, hdr, blurry, jpeg artifacts, distorted lines, deformed structure, low quality""},{""code"":""A25"",""text"":""exterior photograph of a large seaside villa with swimming pool, white concrete, stone and timber, daylight, three-quarter view at eye level, seen from outside, professional architectural photography, shot on a full-frame camera with a 24mm lens, natural light, realistic materials and textures, sharp focus"",""negativePrompt"":""interior, indoor, inside view, text, letters, lettering, signage, logo, watermark, 3d render, cgi, rendering, illustration, painting, drawing, cartoon, plastic, smooth surfaces, oversaturated, hdr, blurry, jpeg artifacts, distorted lines, deformed structure, low quality""},{""code"":""A26"",""text"":""exterior photograph of a railway station, steel, city centre, daylight, front view, seen from outside, professional architectural photography, shot on a full-frame camera with a 24mm lens, natural light, realistic materials and textures, sharp focus"",""negativePrompt"":""interior, indoor, inside view, text, letters, lettering, signage, logo, watermark, 3d render, cgi, rendering, illustration, painting, drawing, cartoon, plastic, smooth surfaces, oversaturated, hdr, blurry, jpeg artifacts, distorted lines, deformed structure, low quality""},{""code"":""A27"",""text"":""exterior photograph of an airport terminal, steel and glass, daylight, eye-level view, seen from outside, professional architectural photography, shot on a full-frame camera with a 24mm lens, natural light, realistic materials and textures, sharp focus"",""negativePrompt"":""interior, indoor, inside view, text, letters, lettering, signage, logo, watermark, 3d render, cgi, rendering, illustration, painting, drawing, cartoon, plastic, smooth surfaces, oversaturated, hdr, blurry, jpeg artifacts, distorted lines, deformed structure, low quality""},{""code"":""B01"",""text"":""exterior photograph of a single-family villa, white render, beach, daylight, front view, seen from outside, professional architectural photography, shot on a full-frame camera with a 24mm lens, natural light, realistic materials and textures, sharp focus"",""negativePrompt"":""interior, indoor, inside view, text, letters, lettering, signage, logo, watermark, 3d render, cgi, rendering, illustration, painting, drawing, cartoon, plastic, smooth surfaces, oversaturated, hdr, blurry, jpeg artifacts, distorted lines, deformed structure, low quality""},{""code"":""B02"",""text"":""exterior photograph of a multi-storey urban building, render, city centre, daylight, front view, seen from outside, professional architectural photography, shot on a full-frame camera with a 24mm lens, natural light, realistic materials and textures, sharp focus"",""negativePrompt"":""interior, indoor, inside view, text, letters, lettering, signage, logo, watermark, 3d render, cgi, rendering, illustration, painting, drawing, cartoon, plastic, smooth surfaces, oversaturated, hdr, blurry, jpeg artifacts, distorted lines, deformed structure, low quality""},{""code"":""B04"",""text"":""exterior photograph of a primary school, coloured render, urban park, daylight, side view, seen from outside, professional architectural photography, shot on a full-frame camera with a 24mm lens, natural light, realistic materials and textures, sharp focus"",""negativePrompt"":""interior, indoor, inside view, text, letters, lettering, signage, logo, watermark, 3d render, cgi, rendering, illustration, painting, drawing, cartoon, plastic, smooth surfaces, oversaturated, hdr, blurry, jpeg artifacts, distorted lines, deformed structure, low quality""},{""code"":""B06"",""text"":""exterior photograph of a university building, render and glass, campus, daylight, low-angle view, seen from outside, professional architectural photography, shot on a full-frame camera with a 24mm lens, natural light, realistic materials and textures, sharp focus"",""negativePrompt"":""interior, indoor, inside view, text, letters, lettering, signage, logo, watermark, 3d render, cgi, rendering, illustration, painting, drawing, cartoon, plastic, smooth surfaces, oversaturated, hdr, blurry, jpeg artifacts, distorted lines, deformed structure, low quality""},{""code"":""B08"",""text"":""exterior photograph of a sports hall, glass, suburbs, daylight, front view, seen from outside, professional architectural photography, shot on a full-frame camera with a 24mm lens, natural light, realistic materials and textures, sharp focus"",""negativePrompt"":""interior, indoor, inside view, text, letters, lettering, signage, logo, watermark, 3d render, cgi, rendering, illustration, painting, drawing, cartoon, plastic, smooth surfaces, oversaturated, hdr, blurry, jpeg artifacts, distorted lines, deformed structure, low quality""},{""code"":""B09"",""text"":""exterior photograph of a museum, coloured render, city centre, daylight, front view, seen from outside, professional architectural photography, shot on a full-frame camera with a 24mm lens, natural light, realistic materials and textures, sharp focus"",""negativePrompt"":""interior, indoor, inside view, text, letters, lettering, signage, logo, watermark, 3d render, cgi, rendering, illustration, painting, drawing, cartoon, plastic, smooth surfaces, oversaturated, hdr, blurry, jpeg artifacts, distorted lines, deformed structure, low quality""},{""code"":""B12"",""text"":""exterior photograph of a town hall, exposed brick, city centre, daylight, front view, seen from outside, professional architectural photography, shot on a full-frame camera with a 24mm lens, natural light, realistic materials and textures, sharp focus"",""negativePrompt"":""interior, indoor, inside view, text, letters, lettering, signage, logo, watermark, 3d render, cgi, rendering, illustration, painting, drawing, cartoon, plastic, smooth surfaces, oversaturated, hdr, blurry, jpeg artifacts, distorted lines, deformed structure, low quality""},{""code"":""B14"",""text"":""exterior photograph of a residential building, brick facing, city centre, daylight, front view, seen from outside, professional architectural photography, shot on a full-frame camera with a 24mm lens, natural light, realistic materials and textures, sharp focus"",""negativePrompt"":""interior, indoor, inside view, text, letters, lettering, signage, logo, watermark, 3d render, cgi, rendering, illustration, painting, drawing, cartoon, plastic, smooth surfaces, oversaturated, hdr, blurry, jpeg artifacts, distorted lines, deformed structure, low quality""},{""code"":""B15"",""text"":""exterior photograph of a museum, render and glass, city centre, daylight, side view, seen from outside, professional architectural photography, shot on a full-frame camera with a 24mm lens, natural light, realistic materials and textures, sharp focus"",""negativePrompt"":""interior, indoor, inside view, text, letters, lettering, signage, logo, watermark, 3d render, cgi, rendering, illustration, painting, drawing, cartoon, plastic, smooth surfaces, oversaturated, hdr, blurry, jpeg artifacts, distorted lines, deformed structure, low quality""},{""code"":""B19"",""text"":""exterior photograph of a skyscraper, iron and glass, city centre, daylight, side view, seen from outside, professional architectural photography, shot on a full-frame camera with a 24mm lens, natural light, realistic materials and textures, sharp focus"",""negativePrompt"":""interior, indoor, inside view, text, letters, lettering, signage, logo, watermark, 3d render, cgi, rendering, illustration, painting, drawing, cartoon, plastic, smooth surfaces, oversaturated, hdr, blurry, jpeg artifacts, distorted lines, deformed structure, low quality""},{""code"":""B20"",""text"":""exterior photograph of a bank, concrete and iron, city centre, daylight, front view, seen from outside, professional architectural photography, shot on a full-frame camera with a 24mm lens, natural light, realistic materials and textures, sharp focus"",""negativePrompt"":""interior, indoor, inside view, text, letters, lettering, signage, logo, watermark, 3d render, cgi, rendering, illustration, painting, drawing, cartoon, plastic, smooth surfaces, oversaturated, hdr, blurry, jpeg artifacts, distorted lines, deformed structure, low quality""},{""code"":""B23"",""text"":""exterior photograph of a church, exposed marble, city centre, daylight, front view, seen from outside, professional architectural photography, shot on a full-frame camera with a 24mm lens, natural light, realistic materials and textures, sharp focus"",""negativePrompt"":""interior, indoor, inside view, text, letters, lettering, signage, logo, watermark, 3d render, cgi, rendering, illustration, painting, drawing, cartoon, plastic, smooth surfaces, oversaturated, hdr, blurry, jpeg artifacts, distorted lines, deformed structure, low quality""},{""code"":""B25"",""text"":""exterior photograph of a factory, iron and concrete, suburbs, daylight, front view, seen from outside, professional architectural photography, shot on a full-frame camera with a 24mm lens, natural light, realistic materials and textures, sharp focus"",""negativePrompt"":""interior, indoor, inside view, text, letters, lettering, signage, logo, watermark, 3d render, cgi, rendering, illustration, painting, drawing, cartoon, plastic, smooth surfaces, oversaturated, hdr, blurry, jpeg artifacts, distorted lines, deformed structure, low quality""},{""code"":""B26"",""text"":""exterior photograph of a public housing block, white render, suburbs, daylight, perspective view at eye level, seen from outside, professional architectural photography, shot on a full-frame camera with a 24mm lens, natural light, realistic materials and textures, sharp focus"",""negativePrompt"":""interior, indoor, inside view, text, letters, lettering, signage, logo, watermark, 3d render, cgi, rendering, illustration, painting, drawing, cartoon, plastic, smooth surfaces, oversaturated, hdr, blurry, jpeg artifacts, distorted lines, deformed structure, low quality""},{""code"":""B27"",""text"":""exterior photograph of a single-family villa, stone and glass, in the mountains, daylight, front view, seen from outside, professional architectural photography, shot on a full-frame camera with a 24mm lens, natural light, realistic materials and textures, sharp focus"",""negativePrompt"":""interior, indoor, inside view, text, letters, lettering, signage, logo, watermark, 3d render, cgi, rendering, illustration, painting, drawing, cartoon, plastic, smooth surfaces, oversaturated, hdr, blurry, jpeg artifacts, distorted lines, deformed structure, low quality""},{""code"":""B29"",""text"":""exterior photograph of a stadium, concrete and iron, suburbs, daylight, perspective view at eye level, seen from outside, professional architectural photography, shot on a full-frame camera with a 24mm lens, natural light, realistic materials and textures, sharp focus"",""negativePrompt"":""interior, indoor, inside view, text, letters, lettering, signage, logo, watermark, 3d render, cgi, rendering, illustration, painting, drawing, cartoon, plastic, smooth surfaces, oversaturated, hdr, blurry, jpeg artifacts, distorted lines, deformed structure, low quality""}]}"
2026-09-28T07:32:06.464Z,generation_plan.frozen,GenerationPlan,13,,,"{""name"":""Main plan v4 - seeds A"",""promptSetId"":10,""resolution"":""1216x832"",""sampler"":""dpm\u002B\u002B 2m karras"",""guidanceScale"":5,""steps"":40,""seedsJson"":""[25478,85]"",""conditionIdsJson"":""[7,8,9]"",""configurationJson"":""{}"",""isPilot"":false}"
2026-09-28T07:32:10.318Z,cloud_job.started,CloudJob,28,,,"{""kind"": ""Generation"", ""instanceType"": ""L4-1-24G""}"
2026-09-28T07:32:10.639Z,generation_plan.frozen,GenerationPlan,14,,,"{""name"":""Main plan v4 - seeds B"",""promptSetId"":10,""resolution"":""1216x832"",""sampler"":""dpm\u002B\u002B 2m karras"",""guidanceScale"":5,""steps"":40,""seedsJson"":""[6127,7]"",""conditionIdsJson"":""[7,8,9]"",""configurationJson"":""{}"",""isPilot"":false}"
2026-09-28T07:32:12.207Z,cloud_job.started,CloudJob,29,,,"{""kind"": ""Generation"", ""instanceType"": ""L4-1-24G""}"
2026-09-28T08:22:45.013Z,cloud_job.finished,CloudJob,28,,,"{""status"": ""Succeeded"", ""message"": ""generation completed: 180 images"", ""resultSha256"": null}"
2026-09-28T08:23:39.295Z,cloud_job.finished,CloudJob,29,,,"{""status"": ""Succeeded"", ""message"": ""generation completed: 180 images"", ""resultSha256"": null}"
2026-09-28T08:36:47.823Z,prompt_set.frozen,PromptSet,11,,,"{""name"":""Pilot - period and framing fixes"",""version"":1,""prompts"":[{""code"":""Q-A01"",""text"":""exterior photograph of a modern museum, stone, on the seafront, daylight, three-quarter view, whole building in view, professional architectural photography, full-frame camera, 24mm lens, natural light, realistic materials, sharp focus"",""negativePrompt"":""interior, indoor, inside view, close-up, cropped, historic building, neoclassical, gothic, baroque, victorian, classical columns, ornate, medieval, text, lettering, signage, logo, watermark, 3d render, cgi, illustration, painting, cartoon, plastic, oversaturated, blurry, jpeg artifacts, distorted lines, deformed structure, low quality""},{""code"":""Q-A02"",""text"":""exterior photograph of a modern metro station entrance pavilion, glass, urban square, daylight, front view, whole building in view, professional architectural photography, full-frame camera, 24mm lens, natural light, realistic materials, sharp focus"",""negativePrompt"":""interior, indoor, inside view, close-up, cropped, historic building, neoclassical, gothic, baroque, victorian, classical columns, ornate, medieval, text, lettering, signage, logo, watermark, 3d render, cgi, illustration, painting, cartoon, plastic, oversaturated, blurry, jpeg artifacts, distorted lines, deformed structure, low quality""},{""code"":""Q-A07"",""text"":""exterior photograph of a modern market hall, steel and glass facade, city centre, daylight, side view, whole building in view, professional architectural photography, full-frame camera, 24mm lens, natural light, realistic materials, sharp focus"",""negativePrompt"":""interior, indoor, inside view, close-up, cropped, historic building, neoclassical, gothic, baroque, victorian, classical columns, ornate, medieval, text, lettering, signage, logo, watermark, 3d render, cgi, illustration, painting, cartoon, plastic, oversaturated, blurry, jpeg artifacts, distorted lines, deformed structure, low quality""},{""code"":""Q-A08"",""text"":""exterior photograph of a modern library, exposed brick, city centre, daylight, front view, whole building in view, professional architectural photography, full-frame camera, 24mm lens, natural light, realistic materials, sharp focus"",""negativePrompt"":""interior, indoor, inside view, close-up, cropped, historic building, neoclassical, gothic, baroque, victorian, classical columns, ornate, medieval, text, lettering, signage, logo, watermark, 3d render, cgi, illustration, painting, cartoon, plastic, oversaturated, blurry, jpeg artifacts, distorted lines, deformed structure, low quality""},{""code"":""Q-A09"",""text"":""exterior photograph of a modern office building, glass, city centre, daylight, side view from across the street, whole building in view, professional architectural photography, full-frame camera, 24mm lens, natural light, realistic materials, sharp focus"",""negativePrompt"":""interior, indoor, inside view, close-up, cropped, historic building, neoclassical, gothic, baroque, victorian, classical columns, ornate, medieval, text, lettering, signage, logo, watermark, 3d render, cgi, illustration, painting, cartoon, plastic, oversaturated, blurry, jpeg artifacts, distorted lines, deformed structure, low quality""},{""code"":""Q-A11"",""text"":""exterior photograph of a modern cathedral with bell tower, timber, in the mountains, daylight, three-quarter view, whole building in view, professional architectural photography, full-frame camera, 24mm lens, natural light, realistic materials, sharp focus"",""negativePrompt"":""interior, indoor, inside view, close-up, cropped, historic building, neoclassical, gothic, baroque, victorian, classical columns, ornate, medieval, text, lettering, signage, logo, watermark, 3d render, cgi, illustration, painting, cartoon, plastic, oversaturated, blurry, jpeg artifacts, distorted lines, deformed structure, low quality""},{""code"":""Q-A14"",""text"":""exterior photograph of a long modern steel bridge over a sea strait, seen from the shore, daylight, side view of the whole bridge, whole building in view, professional architectural photography, full-frame camera, 24mm lens, natural light, realistic materials, sharp focus"",""negativePrompt"":""interior, indoor, inside view, close-up, cropped, historic building, neoclassical, gothic, baroque, victorian, classical columns, ornate, medieval, text, lettering, signage, logo, watermark, 3d render, cgi, illustration, painting, cartoon, plastic, oversaturated, blurry, jpeg artifacts, distorted lines, deformed structure, low quality""},{""code"":""Q-A22"",""text"":""exterior photograph of a modern church, stone, urban area, daylight, side view, whole building in view, professional architectural photography, full-frame camera, 24mm lens, natural light, realistic materials, sharp focus"",""negativePrompt"":""interior, indoor, inside view, close-up, cropped, historic building, neoclassical, gothic, baroque, victorian, classical columns, ornate, medieval, text, lettering, signage, logo, watermark, 3d render, cgi, illustration, painting, cartoon, plastic, oversaturated, blurry, jpeg artifacts, distorted lines, deformed structure, low quality""},{""code"":""Q-A26"",""text"":""exterior photograph of a modern railway station building, steel and glass facade, station square in front, daylight, front view, whole building in view, professional architectural photography, full-frame camera, 24mm lens, natural light, realistic materials, sharp focus"",""negativePrompt"":""interior, indoor, inside view, close-up, cropped, historic building, neoclassical, gothic, baroque, victorian, classical columns, ornate, medieval, text, lettering, signage, logo, watermark, 3d render, cgi, illustration, painting, cartoon, plastic, oversaturated, blurry, jpeg artifacts, distorted lines, deformed structure, low quality""},{""code"":""Q-A27"",""text"":""exterior photograph of a modern airport terminal building seen from the forecourt, steel and glass, daylight, eye-level view, whole building in view, professional architectural photography, full-frame camera, 24mm lens, natural light, realistic materials, sharp focus"",""negativePrompt"":""interior, indoor, inside view, close-up, cropped, historic building, neoclassical, gothic, baroque, victorian, classical columns, ornate, medieval, text, lettering, signage, logo, watermark, 3d render, cgi, illustration, painting, cartoon, plastic, oversaturated, blurry, jpeg artifacts, distorted lines, deformed structure, low quality""},{""code"":""Q-B08"",""text"":""exterior photograph of a modern sports hall, glass facade, suburbs, daylight, front view from outside, whole building in view, professional architectural photography, full-frame camera, 24mm lens, natural light, realistic materials, sharp focus"",""negativePrompt"":""interior, indoor, inside view, close-up, cropped, historic building, neoclassical, gothic, baroque, victorian, classical columns, ornate, medieval, text, lettering, signage, logo, watermark, 3d render, cgi, illustration, painting, cartoon, plastic, oversaturated, blurry, jpeg artifacts, distorted lines, deformed structure, low quality""},{""code"":""Q-B12"",""text"":""exterior photograph of a modern town hall, exposed brick, city centre, daylight, front view, whole building in view, professional architectural photography, full-frame camera, 24mm lens, natural light, realistic materials, sharp focus"",""negativePrompt"":""interior, indoor, inside view, close-up, cropped, historic building, neoclassical, gothic, baroque, victorian, classical columns, ornate, medieval, text, lettering, signage, logo, watermark, 3d render, cgi, illustration, painting, cartoon, plastic, oversaturated, blurry, jpeg artifacts, distorted lines, deformed structure, low quality""},{""code"":""Q-B19"",""text"":""exterior photograph of a modern skyscraper, iron and glass, city centre, daylight, side view from a distance, whole building in view, professional architectural photography, full-frame camera, 24mm lens, natural light, realistic materials, sharp focus"",""negativePrompt"":""interior, indoor, inside view, close-up, cropped, historic building, neoclassical, gothic, baroque, victorian, classical columns, ornate, medieval, text, lettering, signage, logo, watermark, 3d render, cgi, illustration, painting, cartoon, plastic, oversaturated, blurry, jpeg artifacts, distorted lines, deformed structure, low quality""},{""code"":""Q-B20"",""text"":""exterior photograph of a modern bank, concrete and iron, city centre, daylight, front view, whole building in view, professional architectural photography, full-frame camera, 24mm lens, natural light, realistic materials, sharp focus"",""negativePrompt"":""interior, indoor, inside view, close-up, cropped, historic building, neoclassical, gothic, baroque, victorian, classical columns, ornate, medieval, text, lettering, signage, logo, watermark, 3d render, cgi, illustration, painting, cartoon, plastic, oversaturated, blurry, jpeg artifacts, distorted lines, deformed structure, low quality""},{""code"":""Q-B23"",""text"":""exterior photograph of a modern church, exposed marble, city centre, daylight, front view, whole building in view, professional architectural photography, full-frame camera, 24mm lens, natural light, realistic materials, sharp focus"",""negativePrompt"":""interior, indoor, inside view, close-up, cropped, historic building, neoclassical, gothic, baroque, victorian, classical columns, ornate, medieval, text, lettering, signage, logo, watermark, 3d render, cgi, illustration, painting, cartoon, plastic, oversaturated, blurry, jpeg artifacts, distorted lines, deformed structure, low quality""},{""code"":""Q-B29"",""text"":""exterior photograph of a modern stadium seen from outside, concrete and iron facade, suburbs, daylight, perspective view at eye level, whole building in view, professional architectural photography, full-frame camera, 24mm lens, natural light, realistic materials, sharp focus"",""negativePrompt"":""interior, indoor, inside view, close-up, cropped, historic building, neoclassical, gothic, baroque, victorian, classical columns, ornate, medieval, text, lettering, signage, logo, watermark, 3d render, cgi, illustration, painting, cartoon, plastic, oversaturated, blurry, jpeg artifacts, distorted lines, deformed structure, low quality""}]}"
2026-09-28T08:36:48.393Z,generation_plan.frozen,GenerationPlan,15,,,"{""name"":""PILOT H - period and framing fixes"",""promptSetId"":11,""resolution"":""1216x832"",""sampler"":""dpm\u002B\u002B 2m karras"",""guidanceScale"":5,""steps"":40,""seedsJson"":""[85]"",""conditionIdsJson"":""[7,8,9]"",""configurationJson"":""{}"",""isPilot"":true}"
2026-09-28T08:36:50.032Z,cloud_job.started,CloudJob,30,,,"{""kind"": ""Generation"", ""instanceType"": ""L4-1-24G""}"
2026-09-28T08:52:18.135Z,cloud_job.finished,CloudJob,30,,,"{""status"": ""Succeeded"", ""message"": ""generation completed: 48 images"", ""resultSha256"": null}"
2026-09-28T08:58:47.490Z,prompt_set.frozen,PromptSet,12,,,"{""name"":""Prompt Architetture v2 (allineati al corpus)"",""version"":5,""prompts"":[{""code"":""A01"",""text"":""exterior photograph of a modern museum, stone, on the seafront, daylight, three-quarter view, whole building in view, professional architectural photography, full-frame camera, 24mm lens, natural light, realistic materials, sharp focus"",""negativePrompt"":""interior, indoor, inside view, close-up, cropped, historic building, neoclassical, gothic, baroque, victorian, classical columns, ornate, medieval, text, lettering, signage, logo, watermark, 3d render, cgi, illustration, painting, cartoon, plastic, oversaturated, blurry, jpeg artifacts, distorted lines, deformed structure, low quality""},{""code"":""A02"",""text"":""exterior photograph of a modern metro station entrance pavilion seen from across the square, glass, daylight, front view, whole building in view, professional architectural photography, full-frame camera, 24mm lens, natural light, realistic materials, sharp focus"",""negativePrompt"":""interior, indoor, inside view, close-up, cropped, historic building, neoclassical, gothic, baroque, victorian, classical columns, ornate, medieval, text, lettering, signage, logo, watermark, 3d render, cgi, illustration, painting, cartoon, plastic, oversaturated, blurry, jpeg artifacts, distorted lines, deformed structure, low quality""},{""code"":""A04"",""text"":""exterior photograph of a small modern single-family house, white concrete, on the seafront, daylight, front view, whole building in view, professional architectural photography, full-frame camera, 24mm lens, natural light, realistic materials, sharp focus"",""negativePrompt"":""interior, indoor, inside view, close-up, cropped, historic building, neoclassical, gothic, baroque, victorian, classical columns, ornate, medieval, text, lettering, signage, logo, watermark, 3d render, cgi, illustration, painting, cartoon, plastic, oversaturated, blurry, jpeg artifacts, distorted lines, deformed structure, low quality""},{""code"":""A07"",""text"":""exterior photograph of a modern market hall seen from across the street, steel and glass facade, city centre, daylight, side view, whole building in view, professional architectural photography, full-frame camera, 24mm lens, natural light, realistic materials, sharp focus"",""negativePrompt"":""interior, indoor, inside view, close-up, cropped, historic building, neoclassical, gothic, baroque, victorian, classical columns, ornate, medieval, text, lettering, signage, logo, watermark, 3d render, cgi, illustration, painting, cartoon, plastic, oversaturated, blurry, jpeg artifacts, distorted lines, deformed structure, low quality""},{""code"":""A08"",""text"":""exterior photograph of a modern library seen from the street, exposed brick, city centre, daylight, front view, whole building in view, professional architectural photography, full-frame camera, 24mm lens, natural light, realistic materials, sharp focus"",""negativePrompt"":""interior, indoor, inside view, close-up, cropped, historic building, neoclassical, gothic, baroque, victorian, classical columns, ornate, medieval, text, lettering, signage, logo, watermark, 3d render, cgi, illustration, painting, cartoon, plastic, oversaturated, blurry, jpeg artifacts, distorted lines, deformed structure, low quality""},{""code"":""A09"",""text"":""exterior photograph of a modern office building, glass, city centre, daylight, side view from across the street, whole building in view, professional architectural photography, full-frame camera, 24mm lens, natural light, realistic materials, sharp focus"",""negativePrompt"":""interior, indoor, inside view, close-up, cropped, historic building, neoclassical, gothic, baroque, victorian, classical columns, ornate, medieval, text, lettering, signage, logo, watermark, 3d render, cgi, illustration, painting, cartoon, plastic, oversaturated, blurry, jpeg artifacts, distorted lines, deformed structure, low quality""},{""code"":""A11"",""text"":""exterior photograph of a modern cathedral with bell tower, timber, in the mountains, daylight, three-quarter view, whole building in view, professional architectural photography, full-frame camera, 24mm lens, natural light, realistic materials, sharp focus"",""negativePrompt"":""interior, indoor, inside view, close-up, cropped, historic building, neoclassical, gothic, baroque, victorian, classical columns, ornate, medieval, text, lettering, signage, logo, watermark, 3d render, cgi, illustration, painting, cartoon, plastic, oversaturated, blurry, jpeg artifacts, distorted lines, deformed structure, low quality""},{""code"":""A13"",""text"":""exterior photograph of a modern football stadium, steel, city centre, daylight, side view from outside, whole building in view, professional architectural photography, full-frame camera, 24mm lens, natural light, realistic materials, sharp focus"",""negativePrompt"":""interior, indoor, inside view, close-up, cropped, historic building, neoclassical, gothic, baroque, victorian, classical columns, ornate, medieval, text, lettering, signage, logo, watermark, 3d render, cgi, illustration, painting, cartoon, plastic, oversaturated, blurry, jpeg artifacts, distorted lines, deformed structure, low quality""},{""code"":""A14"",""text"":""exterior photograph of a long modern steel bridge over a sea strait, seen from the shore, daylight, side view of the whole bridge, whole building in view, professional architectural photography, full-frame camera, 24mm lens, natural light, realistic materials, sharp focus"",""negativePrompt"":""interior, indoor, inside view, close-up, cropped, historic building, neoclassical, gothic, baroque, victorian, classical columns, ornate, medieval, text, lettering, signage, logo, watermark, 3d render, cgi, illustration, painting, cartoon, plastic, oversaturated, blurry, jpeg artifacts, distorted lines, deformed structure, low quality""},{""code"":""A15"",""text"":""exterior photograph of a modern skyscraper projecting over the sea with brise-soleil, daylight, three-quarter view, whole building in view, professional architectural photography, full-frame camera, 24mm lens, natural light, realistic materials, sharp focus"",""negativePrompt"":""interior, indoor, inside view, close-up, cropped, historic building, neoclassical, gothic, baroque, victorian, classical columns, ornate, medieval, text, lettering, signage, logo, watermark, 3d render, cgi, illustration, painting, cartoon, plastic, oversaturated, blurry, jpeg artifacts, distorted lines, deformed structure, low quality""},{""code"":""A22"",""text"":""exterior photograph of a modern church, stone, urban area, daylight, side view, whole building in view, professional architectural photography, full-frame camera, 24mm lens, natural light, realistic materials, sharp focus"",""negativePrompt"":""interior, indoor, inside view, close-up, cropped, historic building, neoclassical, gothic, baroque, victorian, classical columns, ornate, medieval, text, lettering, signage, logo, watermark, 3d render, cgi, illustration, painting, cartoon, plastic, oversaturated, blurry, jpeg artifacts, distorted lines, deformed structure, low quality""},{""code"":""A25"",""text"":""exterior photograph of a large modern seaside villa with swimming pool, white concrete, stone and timber, daylight, three-quarter view at eye level, whole building in view, professional architectural photography, full-frame camera, 24mm lens, natural light, realistic materials, sharp focus"",""negativePrompt"":""interior, indoor, inside view, close-up, cropped, historic building, neoclassical, gothic, baroque, victorian, classical columns, ornate, medieval, text, lettering, signage, logo, watermark, 3d render, cgi, illustration, painting, cartoon, plastic, oversaturated, blurry, jpeg artifacts, distorted lines, deformed structure, low quality""},{""code"":""A26"",""text"":""exterior photograph of a modern railway station building seen from across the station square, steel and glass facade, daylight, front view, whole building in view, professional architectural photography, full-frame camera, 24mm lens, natural light, realistic materials, sharp focus"",""negativePrompt"":""interior, indoor, inside view, close-up, cropped, historic building, neoclassical, gothic, baroque, victorian, classical columns, ornate, medieval, text, lettering, signage, logo, watermark, 3d render, cgi, illustration, painting, cartoon, plastic, oversaturated, blurry, jpeg artifacts, distorted lines, deformed structure, low quality""},{""code"":""A27"",""text"":""exterior photograph of a modern airport terminal building seen from a distance across the forecourt, steel and glass, daylight, eye-level view, whole building in view, professional architectural photography, full-frame camera, 24mm lens, natural light, realistic materials, sharp focus"",""negativePrompt"":""interior, indoor, inside view, close-up, cropped, historic building, neoclassical, gothic, baroque, victorian, classical columns, ornate, medieval, text, lettering, signage, logo, watermark, 3d render, cgi, illustration, painting, cartoon, plastic, oversaturated, blurry, jpeg artifacts, distorted lines, deformed structure, low quality""},{""code"":""B01"",""text"":""exterior photograph of a modern single-family villa, white render, beach, daylight, front view, whole building in view, professional architectural photography, full-frame camera, 24mm lens, natural light, realistic materials, sharp focus"",""negativePrompt"":""interior, indoor, inside view, close-up, cropped, historic building, neoclassical, gothic, baroque, victorian, classical columns, ornate, medieval, text, lettering, signage, logo, watermark, 3d render, cgi, illustration, painting, cartoon, plastic, oversaturated, blurry, jpeg artifacts, distorted lines, deformed structure, low quality""},{""code"":""B02"",""text"":""exterior photograph of a modern multi-storey urban building, render, city centre, daylight, front view, whole building in view, professional architectural photography, full-frame camera, 24mm lens, natural light, realistic materials, sharp focus"",""negativePrompt"":""interior, indoor, inside view, close-up, cropped, historic building, neoclassical, gothic, baroque, victorian, classical columns, ornate, medieval, text, lettering, signage, logo, watermark, 3d render, cgi, illustration, painting, cartoon, plastic, oversaturated, blurry, jpeg artifacts, distorted lines, deformed structure, low quality""},{""code"":""B04"",""text"":""exterior photograph of a modern primary school, coloured render, urban park, daylight, side view, whole building in view, professional architectural photography, full-frame camera, 24mm lens, natural light, realistic materials, sharp focus"",""negativePrompt"":""interior, indoor, inside view, close-up, cropped, historic building, neoclassical, gothic, baroque, victorian, classical columns, ornate, medieval, text, lettering, signage, logo, watermark, 3d render, cgi, illustration, painting, cartoon, plastic, oversaturated, blurry, jpeg artifacts, distorted lines, deformed structure, low quality""},{""code"":""B06"",""text"":""exterior photograph of a modern university building, render and glass, campus, daylight, low-angle view, whole building in view, professional architectural photography, full-frame camera, 24mm lens, natural light, realistic materials, sharp focus"",""negativePrompt"":""interior, indoor, inside view, close-up, cropped, historic building, neoclassical, gothic, baroque, victorian, classical columns, ornate, medieval, text, lettering, signage, logo, watermark, 3d render, cgi, illustration, painting, cartoon, plastic, oversaturated, blurry, jpeg artifacts, distorted lines, deformed structure, low quality""},{""code"":""B08"",""text"":""exterior photograph of a modern sports hall seen from the street, glass facade, suburbs, daylight, front view, whole building in view, professional architectural photography, full-frame camera, 24mm lens, natural light, realistic materials, sharp focus"",""negativePrompt"":""interior, indoor, inside view, close-up, cropped, historic building, neoclassical, gothic, baroque, victorian, classical columns, ornate, medieval, text, lettering, signage, logo, watermark, 3d render, cgi, illustration, painting, cartoon, plastic, oversaturated, blurry, jpeg artifacts, distorted lines, deformed structure, low quality""},{""code"":""B09"",""text"":""exterior photograph of a modern museum, coloured render, city centre, daylight, front view, whole building in view, professional architectural photography, full-frame camera, 24mm lens, natural light, realistic materials, sharp focus"",""negativePrompt"":""interior, indoor, inside view, close-up, cropped, historic building, neoclassical, gothic, baroque, victorian, classical columns, ornate, medieval, text, lettering, signage, logo, watermark, 3d render, cgi, illustration, painting, cartoon, plastic, oversaturated, blurry, jpeg artifacts, distorted lines, deformed structure, low quality""},{""code"":""B12"",""text"":""exterior photograph of a modern town hall, exposed brick, city centre, daylight, front view, whole building in view, professional architectural photography, full-frame camera, 24mm lens, natural light, realistic materials, sharp focus"",""negativePrompt"":""interior, indoor, inside view, close-up, cropped, historic building, neoclassical, gothic, baroque, victorian, classical columns, ornate, medieval, text, lettering, signage, logo, watermark, 3d render, cgi, illustration, painting, cartoon, plastic, oversaturated, blurry, jpeg artifacts, distorted lines, deformed structure, low quality""},{""code"":""B14"",""text"":""exterior photograph of a modern residential building, brick facing, city centre, daylight, front view, whole building in view, professional architectural photography, full-frame camera, 24mm lens, natural light, realistic materials, sharp focus"",""negativePrompt"":""interior, indoor, inside view, close-up, cropped, historic building, neoclassical, gothic, baroque, victorian, classical columns, ornate, medieval, text, lettering, signage, logo, watermark, 3d render, cgi, illustration, painting, cartoon, plastic, oversaturated, blurry, jpeg artifacts, distorted lines, deformed structure, low quality""},{""code"":""B15"",""text"":""exterior photograph of a modern museum, render and glass, city centre, daylight, side view, whole building in view, professional architectural photography, full-frame camera, 24mm lens, natural light, realistic materials, sharp focus"",""negativePrompt"":""interior, indoor, inside view, close-up, cropped, historic building, neoclassical, gothic, baroque, victorian, classical columns, ornate, medieval, text, lettering, signage, logo, watermark, 3d render, cgi, illustration, painting, cartoon, plastic, oversaturated, blurry, jpeg artifacts, distorted lines, deformed structure, low quality""},{""code"":""B19"",""text"":""exterior photograph of a modern skyscraper, iron and glass, city centre, daylight, the entire tower seen from a distance, whole building in view, professional architectural photography, full-frame camera, 24mm lens, natural light, realistic materials, sharp focus"",""negativePrompt"":""interior, indoor, inside view, close-up, cropped, historic building, neoclassical, gothic, baroque, victorian, classical columns, ornate, medieval, text, lettering, signage, logo, watermark, 3d render, cgi, illustration, painting, cartoon, plastic, oversaturated, blurry, jpeg artifacts, distorted lines, deformed structure, low quality""},{""code"":""B20"",""text"":""exterior photograph of a modern bank, concrete and iron, city centre, daylight, front view, whole building in view, professional architectural photography, full-frame camera, 24mm lens, natural light, realistic materials, sharp focus"",""negativePrompt"":""interior, indoor, inside view, close-up, cropped, historic building, neoclassical, gothic, baroque, victorian, classical columns, ornate, medieval, text, lettering, signage, logo, watermark, 3d render, cgi, illustration, painting, cartoon, plastic, oversaturated, blurry, jpeg artifacts, distorted lines, deformed structure, low quality""},{""code"":""B23"",""text"":""exterior photograph of a modern church seen from the street, exposed marble, city centre, daylight, front view, whole building in view, professional architectural photography, full-frame camera, 24mm lens, natural light, realistic materials, sharp focus"",""negativePrompt"":""interior, indoor, inside view, close-up, cropped, historic building, neoclassical, gothic, baroque, victorian, classical columns, ornate, medieval, text, lettering, signage, logo, watermark, 3d render, cgi, illustration, painting, cartoon, plastic, oversaturated, blurry, jpeg artifacts, distorted lines, deformed structure, low quality""},{""code"":""B25"",""text"":""exterior photograph of a modern factory, iron and concrete, suburbs, daylight, front view, whole building in view, professional architectural photography, full-frame camera, 24mm lens, natural light, realistic materials, sharp focus"",""negativePrompt"":""interior, indoor, inside view, close-up, cropped, historic building, neoclassical, gothic, baroque, victorian, classical columns, ornate, medieval, text, lettering, signage, logo, watermark, 3d render, cgi, illustration, painting, cartoon, plastic, oversaturated, blurry, jpeg artifacts, distorted lines, deformed structure, low quality""},{""code"":""B26"",""text"":""exterior photograph of a modern public housing block, white render, suburbs, daylight, perspective view at eye level, whole building in view, professional architectural photography, full-frame camera, 24mm lens, natural light, realistic materials, sharp focus"",""negativePrompt"":""interior, indoor, inside view, close-up, cropped, historic building, neoclassical, gothic, baroque, victorian, classical columns, ornate, medieval, text, lettering, signage, logo, watermark, 3d render, cgi, illustration, painting, cartoon, plastic, oversaturated, blurry, jpeg artifacts, distorted lines, deformed structure, low quality""},{""code"":""B27"",""text"":""exterior photograph of a modern single-family villa, stone and glass, in the mountains, daylight, front view, whole building in view, professional architectural photography, full-frame camera, 24mm lens, natural light, realistic materials, sharp focus"",""negativePrompt"":""interior, indoor, inside view, close-up, cropped, historic building, neoclassical, gothic, baroque, victorian, classical columns, ornate, medieval, text, lettering, signage, logo, watermark, 3d render, cgi, illustration, painting, cartoon, plastic, oversaturated, blurry, jpeg artifacts, distorted lines, deformed structure, low quality""},{""code"":""B29"",""text"":""exterior photograph of a modern stadium seen from outside, concrete and iron facade, suburbs, daylight, perspective view at eye level, whole building in view, professional architectural photography, full-frame camera, 24mm lens, natural light, realistic materials, sharp focus"",""negativePrompt"":""interior, indoor, inside view, close-up, cropped, historic building, neoclassical, gothic, baroque, victorian, classical columns, ornate, medieval, text, lettering, signage, logo, watermark, 3d render, cgi, illustration, painting, cartoon, plastic, oversaturated, blurry, jpeg artifacts, distorted lines, deformed structure, low quality""}]}"
2026-09-28T08:59:05.873Z,generation_plan.frozen,GenerationPlan,16,,,"{""name"":""Main plan v5 - seeds A"",""promptSetId"":12,""resolution"":""1216x832"",""sampler"":""dpm\u002B\u002B 2m karras"",""guidanceScale"":5,""steps"":40,""seedsJson"":""[25478,85]"",""conditionIdsJson"":""[7,8,9]"",""configurationJson"":""{}"",""isPilot"":false}"
2026-09-28T08:59:07.606Z,cloud_job.started,CloudJob,31,,,"{""kind"": ""Generation"", ""instanceType"": ""L4-1-24G""}"
2026-09-28T08:59:07.899Z,generation_plan.frozen,GenerationPlan,17,,,"{""name"":""Main plan v5 - seeds B"",""promptSetId"":12,""resolution"":""1216x832"",""sampler"":""dpm\u002B\u002B 2m karras"",""guidanceScale"":5,""steps"":40,""seedsJson"":""[6127,7]"",""conditionIdsJson"":""[7,8,9]"",""configurationJson"":""{}"",""isPilot"":false}"
2026-09-28T08:59:09.692Z,cloud_job.started,CloudJob,32,,,"{""kind"": ""Generation"", ""instanceType"": ""L4-1-24G""}"
2026-09-28T09:49:48.188Z,cloud_job.finished,CloudJob,32,,,"{""status"": ""Succeeded"", ""message"": ""generation completed: 180 images"", ""resultSha256"": null}"
2026-09-28T09:50:29.235Z,cloud_job.finished,CloudJob,31,,,"{""status"": ""Succeeded"", ""message"": ""generation completed: 180 images"", ""resultSha256"": null}"
2026-09-28T10:43:43.324Z,prompt_set.frozen,PromptSet,13,,,"{""name"":""Prompt integrativi - varieta stilistica"",""version"":1,""prompts"":[{""code"":""C01"",""text"":""exterior photograph of a deconstructivist museum with fragmented angular volumes, tilted walls and sharp intersecting planes, brushed zinc and glass cladding, riverfront, bright daylight, three-quarter view, whole building in view, professional architectural photography, full-frame camera, 24mm lens, natural light, realistic materials, sharp focus"",""negativePrompt"":""interior, indoor, inside view, close-up, cropped, historic building, neoclassical, gothic, baroque, victorian, classical columns, ornate, medieval, text, lettering, signage, logo, watermark, 3d render, cgi, illustration, painting, cartoon, plastic, oversaturated, blurry, jpeg artifacts, distorted lines, deformed structure, low quality""},{""code"":""C02"",""text"":""exterior photograph of a deconstructivist concert hall made of colliding slanted concrete and glass blocks, cantilevered wedge shapes, urban plaza, afternoon light, perspective view at eye level, whole building in view, professional architectural photography, full-frame camera, 24mm lens, natural light, realistic materials, sharp focus"",""negativePrompt"":""interior, indoor, inside view, close-up, cropped, historic building, neoclassical, gothic, baroque, victorian, classical columns, ornate, medieval, text, lettering, signage, logo, watermark, 3d render, cgi, illustration, painting, cartoon, plastic, oversaturated, blurry, jpeg artifacts, distorted lines, deformed structure, low quality""},{""code"":""C03"",""text"":""exterior photograph of an organic architecture house built over a waterfall in a forest, cantilevered horizontal concrete terraces, local rough stone walls, integrated with the rocks, soft daylight, view from downstream, whole building in view, professional architectural photography, full-frame camera, 24mm lens, natural light, realistic materials, sharp focus"",""negativePrompt"":""interior, indoor, inside view, close-up, cropped, historic building, neoclassical, gothic, baroque, victorian, classical columns, ornate, medieval, text, lettering, signage, logo, watermark, 3d render, cgi, illustration, painting, cartoon, plastic, oversaturated, blurry, jpeg artifacts, distorted lines, deformed structure, low quality""},{""code"":""C04"",""text"":""exterior photograph of an organic cultural centre with flowing curved white concrete shell roofs and no straight lines, wide open plaza, clear blue sky, three-quarter view, whole building in view, professional architectural photography, full-frame camera, 24mm lens, natural light, realistic materials, sharp focus"",""negativePrompt"":""interior, indoor, inside view, close-up, cropped, historic building, neoclassical, gothic, baroque, victorian, classical columns, ornate, medieval, text, lettering, signage, logo, watermark, 3d render, cgi, illustration, painting, cartoon, plastic, oversaturated, blurry, jpeg artifacts, distorted lines, deformed structure, low quality""},{""code"":""C05"",""text"":""exterior photograph of a parametric contemporary building with a continuous fluid facade of curving white bands and ribbon windows, landscaped plaza, daylight, perspective view, whole building in view, professional architectural photography, full-frame camera, 24mm lens, natural light, realistic materials, sharp focus"",""negativePrompt"":""interior, indoor, inside view, close-up, cropped, historic building, neoclassical, gothic, baroque, victorian, classical columns, ornate, medieval, text, lettering, signage, logo, watermark, 3d render, cgi, illustration, painting, cartoon, plastic, oversaturated, blurry, jpeg artifacts, distorted lines, deformed structure, low quality""},{""code"":""C06"",""text"":""exterior photograph of a brutalist housing complex, raw board-marked concrete, heavy sculptural stacked volumes and deep balconies, overcast sky, perspective view at eye level, whole building in view, professional architectural photography, full-frame camera, 24mm lens, natural light, realistic materials, sharp focus"",""negativePrompt"":""interior, indoor, inside view, close-up, cropped, historic building, neoclassical, gothic, baroque, victorian, classical columns, ornate, medieval, text, lettering, signage, logo, watermark, 3d render, cgi, illustration, painting, cartoon, plastic, oversaturated, blurry, jpeg artifacts, distorted lines, deformed structure, low quality""},{""code"":""C07"",""text"":""exterior photograph of a brutalist government building, massive raw concrete forms with deep window recesses and a monumental cantilever, large paved square, soft overcast light, front three-quarter view, whole building in view, professional architectural photography, full-frame camera, 24mm lens, natural light, realistic materials, sharp focus"",""negativePrompt"":""interior, indoor, inside view, close-up, cropped, historic building, neoclassical, gothic, baroque, victorian, classical columns, ornate, medieval, text, lettering, signage, logo, watermark, 3d render, cgi, illustration, painting, cartoon, plastic, oversaturated, blurry, jpeg artifacts, distorted lines, deformed structure, low quality""},{""code"":""C08"",""text"":""exterior photograph of a high-tech architecture cultural centre with exposed steel structural frame, colourful external pipes, ducts and escalator tubes, glass curtain wall, city square, daylight, three-quarter view, whole building in view, professional architectural photography, full-frame camera, 24mm lens, natural light, realistic materials, sharp focus"",""negativePrompt"":""interior, indoor, inside view, close-up, cropped, historic building, neoclassical, gothic, baroque, victorian, classical columns, ornate, medieval, text, lettering, signage, logo, watermark, 3d render, cgi, illustration, painting, cartoon, plastic, oversaturated, blurry, jpeg artifacts, distorted lines, deformed structure, low quality""},{""code"":""C09"",""text"":""exterior photograph of a 1920s expressionist office building, dark clinker brick, dynamic sharp curved corner like a ship bow, vertical brick piers, city street, daylight, street-level perspective, whole building in view, professional architectural photography, full-frame camera, 24mm lens, natural light, realistic materials, sharp focus"",""negativePrompt"":""interior, indoor, inside view, close-up, cropped, historic building, neoclassical, gothic, baroque, victorian, classical columns, ornate, medieval, text, lettering, signage, logo, watermark, 3d render, cgi, illustration, painting, cartoon, plastic, oversaturated, blurry, jpeg artifacts, distorted lines, deformed structure, low quality""},{""code"":""C10"",""text"":""exterior photograph of a 1920s Bauhaus style school building, white render, flat roofs, asymmetric cubic volumes, long horizontal ribbon windows and a glass curtain wall stairwell, green lawn, daylight, three-quarter view, whole building in view, professional architectural photography, full-frame camera, 24mm lens, natural light, realistic materials, sharp focus"",""negativePrompt"":""interior, indoor, inside view, close-up, cropped, historic building, neoclassical, gothic, baroque, victorian, classical columns, ornate, medieval, text, lettering, signage, logo, watermark, 3d render, cgi, illustration, painting, cartoon, plastic, oversaturated, blurry, jpeg artifacts, distorted lines, deformed structure, low quality""},{""code"":""C11"",""text"":""exterior photograph of a 1930s art deco cinema building, cream stucco, stepped streamlined facade with vertical fins and rounded corner tower, city street, sunny day, street-level view, whole building in view, professional architectural photography, full-frame camera, 24mm lens, natural light, realistic materials, sharp focus"",""negativePrompt"":""interior, indoor, inside view, close-up, cropped, historic building, neoclassical, gothic, baroque, victorian, classical columns, ornate, medieval, text, lettering, signage, logo, watermark, 3d render, cgi, illustration, painting, cartoon, plastic, oversaturated, blurry, jpeg artifacts, distorted lines, deformed structure, low quality""},{""code"":""C12"",""text"":""exterior photograph of a 1980s postmodern office building, bold coloured facade, oversized geometric arch and playful abstract forms, pink and blue render, city plaza, daylight, front view, whole building in view, professional architectural photography, full-frame camera, 24mm lens, natural light, realistic materials, sharp focus"",""negativePrompt"":""interior, indoor, inside view, close-up, cropped, historic building, neoclassical, gothic, baroque, victorian, classical columns, ornate, medieval, text, lettering, signage, logo, watermark, 3d render, cgi, illustration, painting, cartoon, plastic, oversaturated, blurry, jpeg artifacts, distorted lines, deformed structure, low quality""},{""code"":""C13"",""text"":""exterior photograph of a Japanese minimalist timber museum by a lake, thin floating roof, layered vertical wooden louvres, calm water reflection, soft morning light, side view, whole building in view, professional architectural photography, full-frame camera, 24mm lens, natural light, realistic materials, sharp focus"",""negativePrompt"":""interior, indoor, inside view, close-up, cropped, historic building, neoclassical, gothic, baroque, victorian, classical columns, ornate, medieval, text, lettering, signage, logo, watermark, 3d render, cgi, illustration, painting, cartoon, plastic, oversaturated, blurry, jpeg artifacts, distorted lines, deformed structure, low quality""},{""code"":""C14"",""text"":""exterior photograph of a metabolist capsule tower, stacked prefabricated concrete capsules with round windows around a central core, city street, daylight, view from street level, whole building in view, professional architectural photography, full-frame camera, 24mm lens, natural light, realistic materials, sharp focus"",""negativePrompt"":""interior, indoor, inside view, close-up, cropped, historic building, neoclassical, gothic, baroque, victorian, classical columns, ornate, medieval, text, lettering, signage, logo, watermark, 3d render, cgi, illustration, painting, cartoon, plastic, oversaturated, blurry, jpeg artifacts, distorted lines, deformed structure, low quality""},{""code"":""C15"",""text"":""exterior photograph of a contemporary community centre with thick rammed earth walls, deep shaded openings and a courtyard, desert landscape, strong low sunlight and long shadows, three-quarter view, whole building in view, professional architectural photography, full-frame camera, 24mm lens, natural light, realistic materials, sharp focus"",""negativePrompt"":""interior, indoor, inside view, close-up, cropped, historic building, neoclassical, gothic, baroque, victorian, classical columns, ornate, medieval, text, lettering, signage, logo, watermark, 3d render, cgi, illustration, painting, cartoon, plastic, oversaturated, blurry, jpeg artifacts, distorted lines, deformed structure, low quality""},{""code"":""C16"",""text"":""exterior photograph of a contemporary mass timber apartment building, cross-laminated timber and vertical larch cladding, pine forest suburb in Scandinavia, overcast light, perspective view, whole building in view, professional architectural photography, full-frame camera, 24mm lens, natural light, realistic materials, sharp focus"",""negativePrompt"":""interior, indoor, inside view, close-up, cropped, historic building, neoclassical, gothic, baroque, victorian, classical columns, ornate, medieval, text, lettering, signage, logo, watermark, 3d render, cgi, illustration, painting, cartoon, plastic, oversaturated, blurry, jpeg artifacts, distorted lines, deformed structure, low quality""},{""code"":""C17"",""text"":""exterior photograph of a modernist thin-shell concrete restaurant with a hyperbolic paraboloid roof of curved petals, by the water, daylight, three-quarter view, whole building in view, professional architectural photography, full-frame camera, 24mm lens, natural light, realistic materials, sharp focus"",""negativePrompt"":""interior, indoor, inside view, close-up, cropped, historic building, neoclassical, gothic, baroque, victorian, classical columns, ornate, medieval, text, lettering, signage, logo, watermark, 3d render, cgi, illustration, painting, cartoon, plastic, oversaturated, blurry, jpeg artifacts, distorted lines, deformed structure, low quality""},{""code"":""C18"",""text"":""exterior photograph of a 1950s tropical modernist house raised on pilotis, cantilevered concrete slab, brise-soleil and cobogo screen walls, lush tropical garden, bright sun, three-quarter view, whole building in view, professional architectural photography, full-frame camera, 24mm lens, natural light, realistic materials, sharp focus"",""negativePrompt"":""interior, indoor, inside view, close-up, cropped, historic building, neoclassical, gothic, baroque, victorian, classical columns, ornate, medieval, text, lettering, signage, logo, watermark, 3d render, cgi, illustration, painting, cartoon, plastic, oversaturated, blurry, jpeg artifacts, distorted lines, deformed structure, low quality""},{""code"":""C19"",""text"":""exterior photograph of a mid-century modern A-frame cabin with dark timber cladding and a fully glazed gable, snowy pine forest, winter daylight, front view, whole building in view, professional architectural photography, full-frame camera, 24mm lens, natural light, realistic materials, sharp focus"",""negativePrompt"":""interior, indoor, inside view, close-up, cropped, historic building, neoclassical, gothic, baroque, victorian, classical columns, ornate, medieval, text, lettering, signage, logo, watermark, 3d render, cgi, illustration, painting, cartoon, plastic, oversaturated, blurry, jpeg artifacts, distorted lines, deformed structure, low quality""},{""code"":""C20"",""text"":""exterior photograph of a sculptural expressionist concrete chapel on a green hill, thick curved white walls, heavy upturned roof and irregular deep-set small windows, blue sky, three-quarter view, whole building in view, professional architectural photography, full-frame camera, 24mm lens, natural light, realistic materials, sharp focus"",""negativePrompt"":""interior, indoor, inside view, close-up, cropped, historic building, neoclassical, gothic, baroque, victorian, classical columns, ornate, medieval, text, lettering, signage, logo, watermark, 3d render, cgi, illustration, painting, cartoon, plastic, oversaturated, blurry, jpeg artifacts, distorted lines, deformed structure, low quality""}]}"
2026-09-28T10:43:43.982Z,generation_plan.frozen,GenerationPlan,18,,,"{""name"":""PILOT I - stylistic variety seed 85"",""promptSetId"":13,""resolution"":""1216x832"",""sampler"":""dpm\u002B\u002B 2m karras"",""guidanceScale"":5,""steps"":40,""seedsJson"":""[85]"",""conditionIdsJson"":""[7,8,9]"",""configurationJson"":""{}"",""isPilot"":true}"
2026-09-28T10:43:46.144Z,cloud_job.started,CloudJob,33,,,"{""kind"": ""Generation"", ""instanceType"": ""L4-1-24G""}"
2026-09-28T10:43:46.446Z,generation_plan.frozen,GenerationPlan,19,,,"{""name"":""PILOT I - stylistic variety seed 7"",""promptSetId"":13,""resolution"":""1216x832"",""sampler"":""dpm\u002B\u002B 2m karras"",""guidanceScale"":5,""steps"":40,""seedsJson"":""[7]"",""conditionIdsJson"":""[7,8,9]"",""configurationJson"":""{}"",""isPilot"":true}"
2026-09-28T10:43:48.121Z,cloud_job.started,CloudJob,34,,,"{""kind"": ""Generation"", ""instanceType"": ""L4-1-24G""}"
2026-09-28T11:02:36.757Z,cloud_job.finished,CloudJob,33,,,"{""status"": ""Succeeded"", ""message"": ""generation completed: 60 images"", ""resultSha256"": null}"
2026-09-28T11:02:47.393Z,cloud_job.finished,CloudJob,34,,,"{""status"": ""Succeeded"", ""message"": ""generation completed: 60 images"", ""resultSha256"": null}"
2026-09-28T11:09:39.849Z,prompt_set.frozen,PromptSet,14,,,"{""name"":""Pilot - restyled v5 prompts"",""version"":1,""prompts"":[{""code"":""A01"",""text"":""exterior photograph of a late modernist museum made of massive rough stone monoliths with deep horizontal slots, on the seafront, soft evening light, three-quarter view, whole building in view, professional architectural photography, full-frame camera, 24mm lens, natural light, realistic materials, sharp focus"",""negativePrompt"":""interior, indoor, inside view, close-up, cropped, historic building, neoclassical, gothic, baroque, victorian, classical columns, ornate, medieval, text, lettering, signage, logo, watermark, 3d render, cgi, illustration, painting, cartoon, plastic, oversaturated, black and white, monochrome, sepia, blurry, jpeg artifacts, distorted lines, deformed structure, low quality""},{""code"":""A02"",""text"":""exterior photograph of a high-tech metro station entrance canopy of curved glass and white steel ribs, seen from across an urban square, daylight, front view, whole building in view, professional architectural photography, full-frame camera, 24mm lens, natural light, realistic materials, sharp focus"",""negativePrompt"":""interior, indoor, inside view, close-up, cropped, historic building, neoclassical, gothic, baroque, victorian, classical columns, ornate, medieval, text, lettering, signage, logo, watermark, 3d render, cgi, illustration, painting, cartoon, plastic, oversaturated, black and white, monochrome, sepia, blurry, jpeg artifacts, distorted lines, deformed structure, low quality""},{""code"":""A04"",""text"":""exterior photograph of a minimalist house in exposed grey concrete with one large cantilever over the rocks at the seafront, dramatic overcast sky, three-quarter view, whole building in view, professional architectural photography, full-frame camera, 24mm lens, natural light, realistic materials, sharp focus"",""negativePrompt"":""interior, indoor, inside view, close-up, cropped, historic building, neoclassical, gothic, baroque, victorian, classical columns, ornate, medieval, text, lettering, signage, logo, watermark, 3d render, cgi, illustration, painting, cartoon, plastic, oversaturated, black and white, monochrome, sepia, blurry, jpeg artifacts, distorted lines, deformed structure, low quality""},{""code"":""A07"",""text"":""exterior photograph of a contemporary market hall with a huge undulating roof covered in colourful ceramic mosaic tiles, seen from across the street, city centre, daylight, side view, whole building in view, professional architectural photography, full-frame camera, 24mm lens, natural light, realistic materials, sharp focus"",""negativePrompt"":""interior, indoor, inside view, close-up, cropped, historic building, neoclassical, gothic, baroque, victorian, classical columns, ornate, medieval, text, lettering, signage, logo, watermark, 3d render, cgi, illustration, painting, cartoon, plastic, oversaturated, black and white, monochrome, sepia, blurry, jpeg artifacts, distorted lines, deformed structure, low quality""},{""code"":""A08"",""text"":""exterior photograph of a Scandinavian modernist library, warm red brick, sawtooth roof lights and a curved wall, park with autumn trees, daylight, front view from the street, whole building in view, professional architectural photography, full-frame camera, 24mm lens, natural light, realistic materials, sharp focus"",""negativePrompt"":""interior, indoor, inside view, close-up, cropped, historic building, neoclassical, gothic, baroque, victorian, classical columns, ornate, medieval, text, lettering, signage, logo, watermark, 3d render, cgi, illustration, painting, cartoon, plastic, oversaturated, black and white, monochrome, sepia, blurry, jpeg artifacts, distorted lines, deformed structure, low quality""},{""code"":""A09"",""text"":""exterior photograph of a 1950s International Style office tower with slender bronze mullions and a dark glass curtain wall, plaza with a fountain in front, daylight, view from across the street, whole building in view, professional architectural photography, full-frame camera, 24mm lens, natural light, realistic materials, sharp focus"",""negativePrompt"":""interior, indoor, inside view, close-up, cropped, historic building, neoclassical, gothic, baroque, victorian, classical columns, ornate, medieval, text, lettering, signage, logo, watermark, 3d render, cgi, illustration, painting, cartoon, plastic, oversaturated, black and white, monochrome, sepia, blurry, jpeg artifacts, distorted lines, deformed structure, low quality""},{""code"":""A11"",""text"":""exterior photograph of a contemporary timber church with a steep angular folded roof and wooden shingle cladding, alpine meadow with snow-capped mountains behind, clear morning light, three-quarter view, whole building in view, professional architectural photography, full-frame camera, 24mm lens, natural light, realistic materials, sharp focus"",""negativePrompt"":""interior, indoor, inside view, close-up, cropped, historic building, neoclassical, gothic, baroque, victorian, classical columns, ornate, medieval, text, lettering, signage, logo, watermark, 3d render, cgi, illustration, painting, cartoon, plastic, oversaturated, black and white, monochrome, sepia, blurry, jpeg artifacts, distorted lines, deformed structure, low quality""},{""code"":""A13"",""text"":""exterior photograph of a contemporary football stadium wrapped in a facade of inflated diamond-shaped ETFE cushions, suburbs, daylight, side view from outside at a distance, whole building in view, professional architectural photography, full-frame camera, 24mm lens, natural light, realistic materials, sharp focus"",""negativePrompt"":""interior, indoor, inside view, close-up, cropped, historic building, neoclassical, gothic, baroque, victorian, classical columns, ornate, medieval, text, lettering, signage, logo, watermark, 3d render, cgi, illustration, painting, cartoon, plastic, oversaturated, black and white, monochrome, sepia, blurry, jpeg artifacts, distorted lines, deformed structure, low quality""},{""code"":""A15"",""text"":""exterior photograph of a tropical modernist skyscraper with a deep concrete brise-soleil grid facade on the waterfront, daylight, three-quarter view, whole building in view, professional architectural photography, full-frame camera, 24mm lens, natural light, realistic materials, sharp focus"",""negativePrompt"":""interior, indoor, inside view, close-up, cropped, historic building, neoclassical, gothic, baroque, victorian, classical columns, ornate, medieval, text, lettering, signage, logo, watermark, 3d render, cgi, illustration, painting, cartoon, plastic, oversaturated, black and white, monochrome, sepia, blurry, jpeg artifacts, distorted lines, deformed structure, low quality""},{""code"":""A22"",""text"":""exterior photograph of a postwar modern church of rough grey stone with a tall freestanding concrete bell tower, residential neighbourhood, daylight, side view, whole building in view, professional architectural photography, full-frame camera, 24mm lens, natural light, realistic materials, sharp focus"",""negativePrompt"":""interior, indoor, inside view, close-up, cropped, historic building, neoclassical, gothic, baroque, victorian, classical columns, ornate, medieval, text, lettering, signage, logo, watermark, 3d render, cgi, illustration, painting, cartoon, plastic, oversaturated, black and white, monochrome, sepia, blurry, jpeg artifacts, distorted lines, deformed structure, low quality""},{""code"":""A25"",""text"":""exterior photograph of a contemporary Mediterranean villa of whitewashed cubic volumes with a timber pergola and an infinity pool, on a cliff above the sea, golden hour light, three-quarter view at eye level, whole building in view, professional architectural photography, full-frame camera, 24mm lens, natural light, realistic materials, sharp focus"",""negativePrompt"":""interior, indoor, inside view, close-up, cropped, historic building, neoclassical, gothic, baroque, victorian, classical columns, ornate, medieval, text, lettering, signage, logo, watermark, 3d render, cgi, illustration, painting, cartoon, plastic, oversaturated, black and white, monochrome, sepia, blurry, jpeg artifacts, distorted lines, deformed structure, low quality""},{""code"":""A26"",""text"":""exterior photograph of a neo-futurist railway station with white steel ribs forming a wing-shaped canopy, seen from across the station square, daylight, front view, whole building in view, professional architectural photography, full-frame camera, 24mm lens, natural light, realistic materials, sharp focus"",""negativePrompt"":""interior, indoor, inside view, close-up, cropped, historic building, neoclassical, gothic, baroque, victorian, classical columns, ornate, medieval, text, lettering, signage, logo, watermark, 3d render, cgi, illustration, painting, cartoon, plastic, oversaturated, black and white, monochrome, sepia, blurry, jpeg artifacts, distorted lines, deformed structure, low quality""},{""code"":""A27"",""text"":""exterior photograph of a contemporary airport terminal with a long undulating timber and steel roof over a glass facade, seen from a distance across the forecourt, daylight, eye-level view, whole building in view, professional architectural photography, full-frame camera, 24mm lens, natural light, realistic materials, sharp focus"",""negativePrompt"":""interior, indoor, inside view, close-up, cropped, historic building, neoclassical, gothic, baroque, victorian, classical columns, ornate, medieval, text, lettering, signage, logo, watermark, 3d render, cgi, illustration, painting, cartoon, plastic, oversaturated, black and white, monochrome, sepia, blurry, jpeg artifacts, distorted lines, deformed structure, low quality""},{""code"":""B01"",""text"":""exterior photograph of a 1930s streamline moderne beach house, white render, rounded corners, porthole windows and long horizontal balconies, beach, sunny day, front view, whole building in view, professional architectural photography, full-frame camera, 24mm lens, natural light, realistic materials, sharp focus"",""negativePrompt"":""interior, indoor, inside view, close-up, cropped, historic building, neoclassical, gothic, baroque, victorian, classical columns, ornate, medieval, text, lettering, signage, logo, watermark, 3d render, cgi, illustration, painting, cartoon, plastic, oversaturated, black and white, monochrome, sepia, blurry, jpeg artifacts, distorted lines, deformed structure, low quality""},{""code"":""B02"",""text"":""exterior photograph of a contemporary urban apartment building with a perforated terracotta screen facade, narrow city street, daylight, front view, whole building in view, professional architectural photography, full-frame camera, 24mm lens, natural light, realistic materials, sharp focus"",""negativePrompt"":""interior, indoor, inside view, close-up, cropped, historic building, neoclassical, gothic, baroque, victorian, classical columns, ornate, medieval, text, lettering, signage, logo, watermark, 3d render, cgi, illustration, painting, cartoon, plastic, oversaturated, black and white, monochrome, sepia, blurry, jpeg artifacts, distorted lines, deformed structure, low quality""},{""code"":""B04"",""text"":""exterior photograph of a contemporary primary school with playful coloured facade panels and large square windows, urban park, daylight, side view, whole building in view, professional architectural photography, full-frame camera, 24mm lens, natural light, realistic materials, sharp focus"",""negativePrompt"":""interior, indoor, inside view, close-up, cropped, historic building, neoclassical, gothic, baroque, victorian, classical columns, ornate, medieval, text, lettering, signage, logo, watermark, 3d render, cgi, illustration, painting, cartoon, plastic, oversaturated, black and white, monochrome, sepia, blurry, jpeg artifacts, distorted lines, deformed structure, low quality""},{""code"":""B06"",""text"":""exterior photograph of a 1960s new brutalist university building of red brick and concrete with angular projecting lecture halls, green campus, daylight, perspective view at eye level, whole building in view, professional architectural photography, full-frame camera, 24mm lens, natural light, realistic materials, sharp focus"",""negativePrompt"":""interior, indoor, inside view, close-up, cropped, historic building, neoclassical, gothic, baroque, victorian, classical columns, ornate, medieval, text, lettering, signage, logo, watermark, 3d render, cgi, illustration, painting, cartoon, plastic, oversaturated, black and white, monochrome, sepia, blurry, jpeg artifacts, distorted lines, deformed structure, low quality""},{""code"":""B08"",""text"":""exterior photograph of a contemporary sports hall with a translucent polycarbonate facade, suburbs, daylight, front view from the street, whole building in view, professional architectural photography, full-frame camera, 24mm lens, natural light, realistic materials, sharp focus"",""negativePrompt"":""interior, indoor, inside view, close-up, cropped, historic building, neoclassical, gothic, baroque, victorian, classical columns, ornate, medieval, text, lettering, signage, logo, watermark, 3d render, cgi, illustration, painting, cartoon, plastic, oversaturated, black and white, monochrome, sepia, blurry, jpeg artifacts, distorted lines, deformed structure, low quality""},{""code"":""B09"",""text"":""exterior photograph of a contemporary museum made of stacked offset white boxes wrapped in a metal mesh skin, city street, daylight, front view, whole building in view, professional architectural photography, full-frame camera, 24mm lens, natural light, realistic materials, sharp focus"",""negativePrompt"":""interior, indoor, inside view, close-up, cropped, historic building, neoclassical, gothic, baroque, victorian, classical columns, ornate, medieval, text, lettering, signage, logo, watermark, 3d render, cgi, illustration, painting, cartoon, plastic, oversaturated, black and white, monochrome, sepia, blurry, jpeg artifacts, distorted lines, deformed structure, low quality""},{""code"":""B12"",""text"":""exterior photograph of a 1930s rationalist town hall, pale travertine cladding, regular grid of windows and a slender square clock tower, paved piazza, daylight, front view, whole building in view, professional architectural photography, full-frame camera, 24mm lens, natural light, realistic materials, sharp focus"",""negativePrompt"":""interior, indoor, inside view, close-up, cropped, historic building, neoclassical, gothic, baroque, victorian, classical columns, ornate, medieval, text, lettering, signage, logo, watermark, 3d render, cgi, illustration, painting, cartoon, plastic, oversaturated, black and white, monochrome, sepia, blurry, jpeg artifacts, distorted lines, deformed structure, low quality""},{""code"":""B14"",""text"":""exterior photograph of a 1950s modernist housing block on massive concrete pilotis, rough concrete with brightly coloured balcony recesses, green park, daylight, front view, whole building in view, professional architectural photography, full-frame camera, 24mm lens, natural light, realistic materials, sharp focus"",""negativePrompt"":""interior, indoor, inside view, close-up, cropped, historic building, neoclassical, gothic, baroque, victorian, classical columns, ornate, medieval, text, lettering, signage, logo, watermark, 3d render, cgi, illustration, painting, cartoon, plastic, oversaturated, black and white, monochrome, sepia, blurry, jpeg artifacts, distorted lines, deformed structure, low quality""},{""code"":""B15"",""text"":""exterior photograph of a 1950s museum shaped as a white spiral drum widening upwards, city street corner, daylight, side view, whole building in view, professional architectural photography, full-frame camera, 24mm lens, natural light, realistic materials, sharp focus"",""negativePrompt"":""interior, indoor, inside view, close-up, cropped, historic building, neoclassical, gothic, baroque, victorian, classical columns, ornate, medieval, text, lettering, signage, logo, watermark, 3d render, cgi, illustration, painting, cartoon, plastic, oversaturated, black and white, monochrome, sepia, blurry, jpeg artifacts, distorted lines, deformed structure, low quality""},{""code"":""B19"",""text"":""exterior photograph of a contemporary twisting supertall skyscraper of glass and steel above the city skyline, daylight, the entire tower seen from a distance, whole building in view, professional architectural photography, full-frame camera, 24mm lens, natural light, realistic materials, sharp focus"",""negativePrompt"":""interior, indoor, inside view, close-up, cropped, historic building, neoclassical, gothic, baroque, victorian, classical columns, ornate, medieval, text, lettering, signage, logo, watermark, 3d render, cgi, illustration, painting, cartoon, plastic, oversaturated, black and white, monochrome, sepia, blurry, jpeg artifacts, distorted lines, deformed structure, low quality""},{""code"":""B20"",""text"":""exterior photograph of a 1970s bank headquarters of dark weathering steel and bronze tinted glass with floors suspended from a top truss, city centre, daylight, front view, whole building in view, professional architectural photography, full-frame camera, 24mm lens, natural light, realistic materials, sharp focus"",""negativePrompt"":""interior, indoor, inside view, close-up, cropped, historic building, neoclassical, gothic, baroque, victorian, classical columns, ornate, medieval, text, lettering, signage, logo, watermark, 3d render, cgi, illustration, painting, cartoon, plastic, oversaturated, black and white, monochrome, sepia, blurry, jpeg artifacts, distorted lines, deformed structure, low quality""},{""code"":""B23"",""text"":""exterior photograph of a contemporary minimalist church, a pure white marble cube with a single cross-shaped light slit, city square, daylight, front view from the street, whole building in view, professional architectural photography, full-frame camera, 24mm lens, natural light, realistic materials, sharp focus"",""negativePrompt"":""interior, indoor, inside view, close-up, cropped, historic building, neoclassical, gothic, baroque, victorian, classical columns, ornate, medieval, text, lettering, signage, logo, watermark, 3d render, cgi, illustration, painting, cartoon, plastic, oversaturated, black and white, monochrome, sepia, blurry, jpeg artifacts, distorted lines, deformed structure, low quality""},{""code"":""B25"",""text"":""exterior photograph of a 1930s functionalist factory with long glass curtain walls, white concrete frame and elevated glass conveyor bridges, industrial canal, daylight, front view, whole building in view, professional architectural photography, full-frame camera, 24mm lens, natural light, realistic materials, sharp focus"",""negativePrompt"":""interior, indoor, inside view, close-up, cropped, historic building, neoclassical, gothic, baroque, victorian, classical columns, ornate, medieval, text, lettering, signage, logo, watermark, 3d render, cgi, illustration, painting, cartoon, plastic, oversaturated, black and white, monochrome, sepia, blurry, jpeg artifacts, distorted lines, deformed structure, low quality""},{""code"":""B26"",""text"":""exterior photograph of a 1920s modernist social housing estate, white and pastel coloured render, flat roofs and rows of balconies, garden street, daylight, perspective view at eye level, whole building in view, professional architectural photography, full-frame camera, 24mm lens, natural light, realistic materials, sharp focus"",""negativePrompt"":""interior, indoor, inside view, close-up, cropped, historic building, neoclassical, gothic, baroque, victorian, classical columns, ornate, medieval, text, lettering, signage, logo, watermark, 3d render, cgi, illustration, painting, cartoon, plastic, oversaturated, black and white, monochrome, sepia, blurry, jpeg artifacts, distorted lines, deformed structure, low quality""},{""code"":""B27"",""text"":""exterior photograph of a contemporary mountain house with a dark timber upper volume on a rough stone base and a large glass wall, alpine valley in summer, soft daylight, front view, whole building in view, professional architectural photography, full-frame camera, 24mm lens, natural light, realistic materials, sharp focus"",""negativePrompt"":""interior, indoor, inside view, close-up, cropped, historic building, neoclassical, gothic, baroque, victorian, classical columns, ornate, medieval, text, lettering, signage, logo, watermark, 3d render, cgi, illustration, painting, cartoon, plastic, oversaturated, black and white, monochrome, sepia, blurry, jpeg artifacts, distorted lines, deformed structure, low quality""},{""code"":""B29"",""text"":""exterior photograph of a 1960s stadium with a dramatic cantilevered thin concrete roof and a ribbed concrete facade, suburbs, daylight, perspective view at eye level from outside, whole building in view, professional architectural photography, full-frame camera, 24mm lens, natural light, realistic materials, sharp focus"",""negativePrompt"":""interior, indoor, inside view, close-up, cropped, historic building, neoclassical, gothic, baroque, victorian, classical columns, ornate, medieval, text, lettering, signage, logo, watermark, 3d render, cgi, illustration, painting, cartoon, plastic, oversaturated, black and white, monochrome, sepia, blurry, jpeg artifacts, distorted lines, deformed structure, low quality""}]}"
2026-09-28T11:09:40.344Z,generation_plan.frozen,GenerationPlan,20,,,"{""name"":""PILOT J - restyled v5 seed 85"",""promptSetId"":14,""resolution"":""1216x832"",""sampler"":""dpm\u002B\u002B 2m karras"",""guidanceScale"":5,""steps"":40,""seedsJson"":""[85]"",""conditionIdsJson"":""[7,8,9]"",""configurationJson"":""{}"",""isPilot"":true}"
2026-09-28T11:09:42.167Z,cloud_job.started,CloudJob,35,,,"{""kind"": ""Generation"", ""instanceType"": ""L4-1-24G""}"
2026-09-28T11:09:42.528Z,generation_plan.frozen,GenerationPlan,21,,,"{""name"":""PILOT J - restyled v5 seed 7"",""promptSetId"":14,""resolution"":""1216x832"",""sampler"":""dpm\u002B\u002B 2m karras"",""guidanceScale"":5,""steps"":40,""seedsJson"":""[7]"",""conditionIdsJson"":""[7,8,9]"",""configurationJson"":""{}"",""isPilot"":true}"
2026-09-28T11:09:44.283Z,cloud_job.started,CloudJob,36,,,"{""kind"": ""Generation"", ""instanceType"": ""L4-1-24G""}"
2026-09-28T11:35:44.362Z,cloud_job.finished,CloudJob,36,,,"{""status"": ""Succeeded"", ""message"": ""generation completed: 87 images"", ""resultSha256"": null}"
2026-09-28T11:35:50.077Z,cloud_job.finished,CloudJob,35,,,"{""status"": ""Succeeded"", ""message"": ""generation completed: 87 images"", ""resultSha256"": null}"
2026-09-28T11:40:49.415Z,prompt_set.frozen,PromptSet,15,,,"{""name"":""Prompt Architetture v2 (allineati al corpus)"",""version"":6,""prompts"":[{""code"":""A01"",""text"":""exterior photograph of a late modernist museum building clad in large rough stone blocks, massive solid volumes with a recessed glass entrance and deep horizontal window slots, on the seafront promenade, soft evening light, three-quarter view, whole building in view, professional architectural photography, full-frame camera, 24mm lens, natural light, realistic materials, sharp focus"",""negativePrompt"":""interior, indoor, inside view, close-up, cropped, view from underneath, underside of roof, ceiling, looking up, worm\u0027s-eye view, historic building, neoclassical, gothic, baroque, victorian, classical columns, ornate, medieval, text, lettering, signage, logo, watermark, 3d render, cgi, illustration, painting, cartoon, plastic, oversaturated, black and white, monochrome, sepia, blurry, jpeg artifacts, distorted lines, deformed structure, low quality""},{""code"":""A02"",""text"":""exterior photograph of a high-tech metro station entrance pavilion with a curved glass and white steel canopy, photographed from outside at a distance across an urban square, the whole pavilion visible, daylight, front view, whole building in view, professional architectural photography, full-frame camera, 24mm lens, natural light, realistic materials, sharp focus"",""negativePrompt"":""interior, indoor, inside view, close-up, cropped, view from underneath, underside of roof, ceiling, looking up, worm\u0027s-eye view, historic building, neoclassical, gothic, baroque, victorian, classical columns, ornate, medieval, text, lettering, signage, logo, watermark, 3d render, cgi, illustration, painting, cartoon, plastic, oversaturated, black and white, monochrome, sepia, blurry, jpeg artifacts, distorted lines, deformed structure, low quality""},{""code"":""A04"",""text"":""exterior photograph of a minimalist house in exposed grey concrete with one large cantilever over the rocks at the seafront, dramatic overcast sky, three-quarter view, whole building in view, professional architectural photography, full-frame camera, 24mm lens, natural light, realistic materials, sharp focus"",""negativePrompt"":""interior, indoor, inside view, close-up, cropped, view from underneath, underside of roof, ceiling, looking up, worm\u0027s-eye view, historic building, neoclassical, gothic, baroque, victorian, classical columns, ornate, medieval, text, lettering, signage, logo, watermark, 3d render, cgi, illustration, painting, cartoon, plastic, oversaturated, black and white, monochrome, sepia, blurry, jpeg artifacts, distorted lines, deformed structure, low quality""},{""code"":""A07"",""text"":""exterior photograph of a contemporary market hall with a huge undulating roof covered in colourful ceramic mosaic tiles, photographed from outside at a distance across the street, the whole building and roof edge visible, city centre, daylight, side view, whole building in view, professional architectural photography, full-frame camera, 24mm lens, natural light, realistic materials, sharp focus"",""negativePrompt"":""interior, indoor, inside view, close-up, cropped, view from underneath, underside of roof, ceiling, looking up, worm\u0027s-eye view, historic building, neoclassical, gothic, baroque, victorian, classical columns, ornate, medieval, text, lettering, signage, logo, watermark, 3d render, cgi, illustration, painting, cartoon, plastic, oversaturated, black and white, monochrome, sepia, blurry, jpeg artifacts, distorted lines, deformed structure, low quality""},{""code"":""A08"",""text"":""exterior photograph of a Scandinavian modernist library, warm red brick, sawtooth roof lights and a curved wall, park with autumn trees, daylight, front view from the street, whole building in view, professional architectural photography, full-frame camera, 24mm lens, natural light, realistic materials, sharp focus"",""negativePrompt"":""interior, indoor, inside view, close-up, cropped, view from underneath, underside of roof, ceiling, looking up, worm\u0027s-eye view, historic building, neoclassical, gothic, baroque, victorian, classical columns, ornate, medieval, text, lettering, signage, logo, watermark, 3d render, cgi, illustration, painting, cartoon, plastic, oversaturated, black and white, monochrome, sepia, blurry, jpeg artifacts, distorted lines, deformed structure, low quality""},{""code"":""A09"",""text"":""exterior photograph of a 1950s International Style office tower with slender bronze mullions and a dark glass curtain wall, plaza with a fountain in front, daylight, view from across the street, whole building in view, professional architectural photography, full-frame camera, 24mm lens, natural light, realistic materials, sharp focus"",""negativePrompt"":""interior, indoor, inside view, close-up, cropped, view from underneath, underside of roof, ceiling, looking up, worm\u0027s-eye view, historic building, neoclassical, gothic, baroque, victorian, classical columns, ornate, medieval, text, lettering, signage, logo, watermark, 3d render, cgi, illustration, painting, cartoon, plastic, oversaturated, black and white, monochrome, sepia, blurry, jpeg artifacts, distorted lines, deformed structure, low quality""},{""code"":""A11"",""text"":""exterior photograph of a contemporary timber church with a steep angular folded roof and wooden shingle cladding, alpine meadow with snow-capped mountains behind, clear morning light, three-quarter view from the meadow at a distance, whole building in view, professional architectural photography, full-frame camera, 24mm lens, natural light, realistic materials, sharp focus"",""negativePrompt"":""interior, indoor, inside view, close-up, cropped, view from underneath, underside of roof, ceiling, looking up, worm\u0027s-eye view, historic building, neoclassical, gothic, baroque, victorian, classical columns, ornate, medieval, text, lettering, signage, logo, watermark, 3d render, cgi, illustration, painting, cartoon, plastic, oversaturated, black and white, monochrome, sepia, blurry, jpeg artifacts, distorted lines, deformed structure, low quality""},{""code"":""A13"",""text"":""exterior photograph of a contemporary football stadium wrapped in a facade of inflated diamond-shaped ETFE cushions, suburbs, daylight, side view from outside at a distance, whole building in view, professional architectural photography, full-frame camera, 24mm lens, natural light, realistic materials, sharp focus"",""negativePrompt"":""interior, indoor, inside view, close-up, cropped, view from underneath, underside of roof, ceiling, looking up, worm\u0027s-eye view, historic building, neoclassical, gothic, baroque, victorian, classical columns, ornate, medieval, text, lettering, signage, logo, watermark, 3d render, cgi, illustration, painting, cartoon, plastic, oversaturated, black and white, monochrome, sepia, blurry, jpeg artifacts, distorted lines, deformed structure, low quality""},{""code"":""A15"",""text"":""exterior photograph of a tropical modernist skyscraper with a deep concrete brise-soleil grid facade on the waterfront, daylight, the entire tower seen from a distance across the water, whole building in view, professional architectural photography, full-frame camera, 24mm lens, natural light, realistic materials, sharp focus"",""negativePrompt"":""interior, indoor, inside view, close-up, cropped, view from underneath, underside of roof, ceiling, looking up, worm\u0027s-eye view, historic building, neoclassical, gothic, baroque, victorian, classical columns, ornate, medieval, text, lettering, signage, logo, watermark, 3d render, cgi, illustration, painting, cartoon, plastic, oversaturated, black and white, monochrome, sepia, blurry, jpeg artifacts, distorted lines, deformed structure, low quality""},{""code"":""A22"",""text"":""exterior photograph of a postwar modern church of rough grey stone with a tall freestanding concrete bell tower, residential neighbourhood, daylight, side view, whole building in view, professional architectural photography, full-frame camera, 24mm lens, natural light, realistic materials, sharp focus"",""negativePrompt"":""interior, indoor, inside view, close-up, cropped, view from underneath, underside of roof, ceiling, looking up, worm\u0027s-eye view, historic building, neoclassical, gothic, baroque, victorian, classical columns, ornate, medieval, text, lettering, signage, logo, watermark, 3d render, cgi, illustration, painting, cartoon, plastic, oversaturated, black and white, monochrome, sepia, blurry, jpeg artifacts, distorted lines, deformed structure, low quality""},{""code"":""A25"",""text"":""exterior photograph of a contemporary Mediterranean villa of whitewashed cubic volumes with a timber pergola and an infinity pool, on a cliff above the sea, golden hour light, the whole villa seen from a distance, three-quarter view at eye level, whole building in view, professional architectural photography, full-frame camera, 24mm lens, natural light, realistic materials, sharp focus"",""negativePrompt"":""interior, indoor, inside view, close-up, cropped, view from underneath, underside of roof, ceiling, looking up, worm\u0027s-eye view, historic building, neoclassical, gothic, baroque, victorian, classical columns, ornate, medieval, text, lettering, signage, logo, watermark, 3d render, cgi, illustration, painting, cartoon, plastic, oversaturated, black and white, monochrome, sepia, blurry, jpeg artifacts, distorted lines, deformed structure, low quality""},{""code"":""A26"",""text"":""exterior photograph of a neo-futurist railway station with white steel ribs forming a wing-shaped canopy, photographed from outside at a distance across the station square, the whole station visible, daylight, front view, whole building in view, professional architectural photography, full-frame camera, 24mm lens, natural light, realistic materials, sharp focus"",""negativePrompt"":""interior, indoor, inside view, close-up, cropped, view from underneath, underside of roof, ceiling, looking up, worm\u0027s-eye view, historic building, neoclassical, gothic, baroque, victorian, classical columns, ornate, medieval, text, lettering, signage, logo, watermark, 3d render, cgi, illustration, painting, cartoon, plastic, oversaturated, black and white, monochrome, sepia, blurry, jpeg artifacts, distorted lines, deformed structure, low quality""},{""code"":""A27"",""text"":""exterior photograph of a contemporary airport terminal building with a long undulating roof over a glass facade, photographed from far away across a landscaped forecourt, the whole terminal and roof edge visible from outside, daylight, eye-level view, whole building in view, professional architectural photography, full-frame camera, 24mm lens, natural light, realistic materials, sharp focus"",""negativePrompt"":""interior, indoor, inside view, close-up, cropped, view from underneath, underside of roof, ceiling, looking up, worm\u0027s-eye view, historic building, neoclassical, gothic, baroque, victorian, classical columns, ornate, medieval, text, lettering, signage, logo, watermark, 3d render, cgi, illustration, painting, cartoon, plastic, oversaturated, black and white, monochrome, sepia, blurry, jpeg artifacts, distorted lines, deformed structure, low quality""},{""code"":""B01"",""text"":""exterior photograph of a 1930s streamline moderne beach house, white render, rounded corners, porthole windows and long horizontal balconies, beach, sunny day, front view, whole building in view, professional architectural photography, full-frame camera, 24mm lens, natural light, realistic materials, sharp focus"",""negativePrompt"":""interior, indoor, inside view, close-up, cropped, view from underneath, underside of roof, ceiling, looking up, worm\u0027s-eye view, historic building, neoclassical, gothic, baroque, victorian, classical columns, ornate, medieval, text, lettering, signage, logo, watermark, 3d render, cgi, illustration, painting, cartoon, plastic, oversaturated, black and white, monochrome, sepia, blurry, jpeg artifacts, distorted lines, deformed structure, low quality""},{""code"":""B02"",""text"":""exterior photograph of a contemporary urban apartment building with a perforated terracotta screen facade, on a street corner, the whole building seen from across the street, daylight, front view, whole building in view, professional architectural photography, full-frame camera, 24mm lens, natural light, realistic materials, sharp focus"",""negativePrompt"":""interior, indoor, inside view, close-up, cropped, view from underneath, underside of roof, ceiling, looking up, worm\u0027s-eye view, historic building, neoclassical, gothic, baroque, victorian, classical columns, ornate, medieval, text, lettering, signage, logo, watermark, 3d render, cgi, illustration, painting, cartoon, plastic, oversaturated, black and white, monochrome, sepia, blurry, jpeg artifacts, distorted lines, deformed structure, low quality""},{""code"":""B04"",""text"":""exterior photograph of a contemporary primary school with playful coloured facade panels and large square windows, urban park, daylight, side view, whole building in view, professional architectural photography, full-frame camera, 24mm lens, natural light, realistic materials, sharp focus"",""negativePrompt"":""interior, indoor, inside view, close-up, cropped, view from underneath, underside of roof, ceiling, looking up, worm\u0027s-eye view, historic building, neoclassical, gothic, baroque, victorian, classical columns, ornate, medieval, text, lettering, signage, logo, watermark, 3d render, cgi, illustration, painting, cartoon, plastic, oversaturated, black and white, monochrome, sepia, blurry, jpeg artifacts, distorted lines, deformed structure, low quality""},{""code"":""B06"",""text"":""exterior photograph of a 1960s new brutalist university building of red brick and concrete with angular projecting lecture halls, green campus, daylight, perspective view at eye level, whole building in view, professional architectural photography, full-frame camera, 24mm lens, natural light, realistic materials, sharp focus"",""negativePrompt"":""interior, indoor, inside view, close-up, cropped, view from underneath, underside of roof, ceiling, looking up, worm\u0027s-eye view, historic building, neoclassical, gothic, baroque, victorian, classical columns, ornate, medieval, text, lettering, signage, logo, watermark, 3d render, cgi, illustration, painting, cartoon, plastic, oversaturated, black and white, monochrome, sepia, blurry, jpeg artifacts, distorted lines, deformed structure, low quality""},{""code"":""B08"",""text"":""exterior photograph of a contemporary sports hall with a translucent polycarbonate facade, suburbs, daylight, front view from the street, whole building in view, professional architectural photography, full-frame camera, 24mm lens, natural light, realistic materials, sharp focus"",""negativePrompt"":""interior, indoor, inside view, close-up, cropped, view from underneath, underside of roof, ceiling, looking up, worm\u0027s-eye view, historic building, neoclassical, gothic, baroque, victorian, classical columns, ornate, medieval, text, lettering, signage, logo, watermark, 3d render, cgi, illustration, painting, cartoon, plastic, oversaturated, black and white, monochrome, sepia, blurry, jpeg artifacts, distorted lines, deformed structure, low quality""},{""code"":""B09"",""text"":""exterior photograph of a contemporary museum made of stacked offset white boxes wrapped in a metal mesh skin, city street, daylight, front view, whole building in view, professional architectural photography, full-frame camera, 24mm lens, natural light, realistic materials, sharp focus"",""negativePrompt"":""interior, indoor, inside view, close-up, cropped, view from underneath, underside of roof, ceiling, looking up, worm\u0027s-eye view, historic building, neoclassical, gothic, baroque, victorian, classical columns, ornate, medieval, text, lettering, signage, logo, watermark, 3d render, cgi, illustration, painting, cartoon, plastic, oversaturated, black and white, monochrome, sepia, blurry, jpeg artifacts, distorted lines, deformed structure, low quality""},{""code"":""B12"",""text"":""exterior photograph of a 1930s rationalist town hall, pale travertine cladding, regular grid of windows and a slender square clock tower, paved piazza, daylight, front view, whole building in view, professional architectural photography, full-frame camera, 24mm lens, natural light, realistic materials, sharp focus"",""negativePrompt"":""interior, indoor, inside view, close-up, cropped, view from underneath, underside of roof, ceiling, looking up, worm\u0027s-eye view, historic building, neoclassical, gothic, baroque, victorian, classical columns, ornate, medieval, text, lettering, signage, logo, watermark, 3d render, cgi, illustration, painting, cartoon, plastic, oversaturated, black and white, monochrome, sepia, blurry, jpeg artifacts, distorted lines, deformed structure, low quality""},{""code"":""B14"",""text"":""exterior photograph of a 1950s modernist housing block on massive concrete pilotis, rough concrete with brightly coloured balcony recesses, green park, daylight, front view, whole building in view, professional architectural photography, full-frame camera, 24mm lens, natural light, realistic materials, sharp focus"",""negativePrompt"":""interior, indoor, inside view, close-up, cropped, view from underneath, underside of roof, ceiling, looking up, worm\u0027s-eye view, historic building, neoclassical, gothic, baroque, victorian, classical columns, ornate, medieval, text, lettering, signage, logo, watermark, 3d render, cgi, illustration, painting, cartoon, plastic, oversaturated, black and white, monochrome, sepia, blurry, jpeg artifacts, distorted lines, deformed structure, low quality""},{""code"":""B15"",""text"":""exterior photograph of a 1950s museum shaped as a white spiral drum widening upwards, city street corner, daylight, side view, whole building in view, professional architectural photography, full-frame camera, 24mm lens, natural light, realistic materials, sharp focus"",""negativePrompt"":""interior, indoor, inside view, close-up, cropped, view from underneath, underside of roof, ceiling, looking up, worm\u0027s-eye view, historic building, neoclassical, gothic, baroque, victorian, classical columns, ornate, medieval, text, lettering, signage, logo, watermark, 3d render, cgi, illustration, painting, cartoon, plastic, oversaturated, black and white, monochrome, sepia, blurry, jpeg artifacts, distorted lines, deformed structure, low quality""},{""code"":""B19"",""text"":""exterior photograph of a contemporary twisting supertall skyscraper of glass and steel, photographed from far away across a river, the full height of the tower from ground to top visible with lower buildings around its base, daylight, whole building in view, professional architectural photography, full-frame camera, 24mm lens, natural light, realistic materials, sharp focus"",""negativePrompt"":""interior, indoor, inside view, close-up, cropped, view from underneath, underside of roof, ceiling, looking up, worm\u0027s-eye view, historic building, neoclassical, gothic, baroque, victorian, classical columns, ornate, medieval, text, lettering, signage, logo, watermark, 3d render, cgi, illustration, painting, cartoon, plastic, oversaturated, black and white, monochrome, sepia, blurry, jpeg artifacts, distorted lines, deformed structure, low quality""},{""code"":""B20"",""text"":""exterior photograph of a 1970s bank headquarters building of dark weathering steel and bronze tinted glass, seen from across a city square, daylight, front view, whole building in view, professional architectural photography, full-frame camera, 24mm lens, natural light, realistic materials, sharp focus"",""negativePrompt"":""interior, indoor, inside view, close-up, cropped, view from underneath, underside of roof, ceiling, looking up, worm\u0027s-eye view, historic building, neoclassical, gothic, baroque, victorian, classical columns, ornate, medieval, text, lettering, signage, logo, watermark, 3d render, cgi, illustration, painting, cartoon, plastic, oversaturated, black and white, monochrome, sepia, blurry, jpeg artifacts, distorted lines, deformed structure, low quality""},{""code"":""B23"",""text"":""exterior photograph of a contemporary minimalist church, a pure white marble cube with a single cross-shaped light slit, city square, daylight, front view from the street, whole building in view, professional architectural photography, full-frame camera, 24mm lens, natural light, realistic materials, sharp focus"",""negativePrompt"":""interior, indoor, inside view, close-up, cropped, view from underneath, underside of roof, ceiling, looking up, worm\u0027s-eye view, historic building, neoclassical, gothic, baroque, victorian, classical columns, ornate, medieval, text, lettering, signage, logo, watermark, 3d render, cgi, illustration, painting, cartoon, plastic, oversaturated, black and white, monochrome, sepia, blurry, jpeg artifacts, distorted lines, deformed structure, low quality""},{""code"":""B25"",""text"":""exterior photograph of a 1930s functionalist factory, long horizontal glass curtain walls on a white concrete frame, industrial canal in front, seen from across the canal, daylight, front view, whole building in view, professional architectural photography, full-frame camera, 24mm lens, natural light, realistic materials, sharp focus"",""negativePrompt"":""interior, indoor, inside view, close-up, cropped, view from underneath, underside of roof, ceiling, looking up, worm\u0027s-eye view, historic building, neoclassical, gothic, baroque, victorian, classical columns, ornate, medieval, text, lettering, signage, logo, watermark, 3d render, cgi, illustration, painting, cartoon, plastic, oversaturated, black and white, monochrome, sepia, blurry, jpeg artifacts, distorted lines, deformed structure, low quality""},{""code"":""B26"",""text"":""exterior photograph of a 1920s modernist social housing estate, white and pastel coloured render, flat roofs and rows of balconies, garden street, daylight, perspective view at eye level, whole building in view, professional architectural photography, full-frame camera, 24mm lens, natural light, realistic materials, sharp focus"",""negativePrompt"":""interior, indoor, inside view, close-up, cropped, view from underneath, underside of roof, ceiling, looking up, worm\u0027s-eye view, historic building, neoclassical, gothic, baroque, victorian, classical columns, ornate, medieval, text, lettering, signage, logo, watermark, 3d render, cgi, illustration, painting, cartoon, plastic, oversaturated, black and white, monochrome, sepia, blurry, jpeg artifacts, distorted lines, deformed structure, low quality""},{""code"":""B27"",""text"":""exterior photograph of a contemporary mountain house with a dark timber upper volume on a rough stone base and large windows, alpine valley in summer, soft daylight, the whole house seen from the meadow below at a distance, whole building in view, professional architectural photography, full-frame camera, 24mm lens, natural light, realistic materials, sharp focus"",""negativePrompt"":""interior, indoor, inside view, close-up, cropped, view from underneath, underside of roof, ceiling, looking up, worm\u0027s-eye view, historic building, neoclassical, gothic, baroque, victorian, classical columns, ornate, medieval, text, lettering, signage, logo, watermark, 3d render, cgi, illustration, painting, cartoon, plastic, oversaturated, black and white, monochrome, sepia, blurry, jpeg artifacts, distorted lines, deformed structure, low quality""},{""code"":""B29"",""text"":""exterior photograph of a 1960s stadium with a dramatic cantilevered thin concrete roof and a ribbed concrete facade, suburbs, daylight, the whole stadium seen from outside at a distance, perspective view at eye level, whole building in view, professional architectural photography, full-frame camera, 24mm lens, natural light, realistic materials, sharp focus"",""negativePrompt"":""interior, indoor, inside view, close-up, cropped, view from underneath, underside of roof, ceiling, looking up, worm\u0027s-eye view, historic building, neoclassical, gothic, baroque, victorian, classical columns, ornate, medieval, text, lettering, signage, logo, watermark, 3d render, cgi, illustration, painting, cartoon, plastic, oversaturated, black and white, monochrome, sepia, blurry, jpeg artifacts, distorted lines, deformed structure, low quality""},{""code"":""C01"",""text"":""exterior photograph of a deconstructivist museum with fragmented angular volumes, tilted walls and sharp intersecting planes, brushed zinc and glass cladding, riverfront, bright daylight, three-quarter view, whole building in view, professional architectural photography, full-frame camera, 24mm lens, natural light, realistic materials, sharp focus"",""negativePrompt"":""interior, indoor, inside view, close-up, cropped, view from underneath, underside of roof, ceiling, looking up, worm\u0027s-eye view, historic building, neoclassical, gothic, baroque, victorian, classical columns, ornate, medieval, text, lettering, signage, logo, watermark, 3d render, cgi, illustration, painting, cartoon, plastic, oversaturated, black and white, monochrome, sepia, blurry, jpeg artifacts, distorted lines, deformed structure, low quality""},{""code"":""C02"",""text"":""exterior photograph of a deconstructivist concert hall made of colliding slanted concrete and glass blocks, cantilevered wedge shapes, urban plaza, afternoon light, perspective view at eye level, whole building in view, professional architectural photography, full-frame camera, 24mm lens, natural light, realistic materials, sharp focus"",""negativePrompt"":""interior, indoor, inside view, close-up, cropped, view from underneath, underside of roof, ceiling, looking up, worm\u0027s-eye view, historic building, neoclassical, gothic, baroque, victorian, classical columns, ornate, medieval, text, lettering, signage, logo, watermark, 3d render, cgi, illustration, painting, cartoon, plastic, oversaturated, black and white, monochrome, sepia, blurry, jpeg artifacts, distorted lines, deformed structure, low quality""},{""code"":""C04"",""text"":""exterior photograph of an organic cultural centre with flowing curved white concrete shell roofs and no straight lines, wide open plaza, clear blue sky, three-quarter view, whole building in view, professional architectural photography, full-frame camera, 24mm lens, natural light, realistic materials, sharp focus"",""negativePrompt"":""interior, indoor, inside view, close-up, cropped, view from underneath, underside of roof, ceiling, looking up, worm\u0027s-eye view, historic building, neoclassical, gothic, baroque, victorian, classical columns, ornate, medieval, text, lettering, signage, logo, watermark, 3d render, cgi, illustration, painting, cartoon, plastic, oversaturated, black and white, monochrome, sepia, blurry, jpeg artifacts, distorted lines, deformed structure, low quality""},{""code"":""C05"",""text"":""exterior photograph of a parametric contemporary building with a continuous fluid facade of curving white bands and ribbon windows, landscaped plaza, daylight, perspective view, whole building in view, professional architectural photography, full-frame camera, 24mm lens, natural light, realistic materials, sharp focus"",""negativePrompt"":""interior, indoor, inside view, close-up, cropped, view from underneath, underside of roof, ceiling, looking up, worm\u0027s-eye view, historic building, neoclassical, gothic, baroque, victorian, classical columns, ornate, medieval, text, lettering, signage, logo, watermark, 3d render, cgi, illustration, painting, cartoon, plastic, oversaturated, black and white, monochrome, sepia, blurry, jpeg artifacts, distorted lines, deformed structure, low quality""},{""code"":""C06"",""text"":""exterior photograph of a brutalist housing complex, raw board-marked concrete, heavy sculptural stacked volumes and deep balconies, overcast sky, perspective view at eye level, whole building in view, professional architectural photography, full-frame camera, 24mm lens, natural light, realistic materials, sharp focus"",""negativePrompt"":""interior, indoor, inside view, close-up, cropped, view from underneath, underside of roof, ceiling, looking up, worm\u0027s-eye view, historic building, neoclassical, gothic, baroque, victorian, classical columns, ornate, medieval, text, lettering, signage, logo, watermark, 3d render, cgi, illustration, painting, cartoon, plastic, oversaturated, black and white, monochrome, sepia, blurry, jpeg artifacts, distorted lines, deformed structure, low quality""},{""code"":""C07"",""text"":""exterior photograph of a brutalist government building, massive raw concrete forms with deep window recesses and a monumental cantilever, large paved square, soft overcast light, front three-quarter view, whole building in view, professional architectural photography, full-frame camera, 24mm lens, natural light, realistic materials, sharp focus"",""negativePrompt"":""interior, indoor, inside view, close-up, cropped, view from underneath, underside of roof, ceiling, looking up, worm\u0027s-eye view, historic building, neoclassical, gothic, baroque, victorian, classical columns, ornate, medieval, text, lettering, signage, logo, watermark, 3d render, cgi, illustration, painting, cartoon, plastic, oversaturated, black and white, monochrome, sepia, blurry, jpeg artifacts, distorted lines, deformed structure, low quality""},{""code"":""C08"",""text"":""exterior photograph of a high-tech architecture cultural centre with exposed steel structural frame, colourful external pipes, ducts and escalator tubes, glass curtain wall, city square, daylight, three-quarter view, whole building in view, professional architectural photography, full-frame camera, 24mm lens, natural light, realistic materials, sharp focus"",""negativePrompt"":""interior, indoor, inside view, close-up, cropped, view from underneath, underside of roof, ceiling, looking up, worm\u0027s-eye view, historic building, neoclassical, gothic, baroque, victorian, classical columns, ornate, medieval, text, lettering, signage, logo, watermark, 3d render, cgi, illustration, painting, cartoon, plastic, oversaturated, black and white, monochrome, sepia, blurry, jpeg artifacts, distorted lines, deformed structure, low quality""},{""code"":""C09"",""text"":""exterior photograph of a 1920s expressionist office building, dark clinker brick, dynamic sharp curved corner like a ship bow, vertical brick piers, city street, daylight, street-level perspective, whole building in view, professional architectural photography, full-frame camera, 24mm lens, natural light, realistic materials, sharp focus"",""negativePrompt"":""interior, indoor, inside view, close-up, cropped, view from underneath, underside of roof, ceiling, looking up, worm\u0027s-eye view, historic building, neoclassical, gothic, baroque, victorian, classical columns, ornate, medieval, text, lettering, signage, logo, watermark, 3d render, cgi, illustration, painting, cartoon, plastic, oversaturated, black and white, monochrome, sepia, blurry, jpeg artifacts, distorted lines, deformed structure, low quality""},{""code"":""C10"",""text"":""exterior photograph of a 1920s Bauhaus style school building, white render, flat roofs, asymmetric cubic volumes, long horizontal ribbon windows and a glass curtain wall stairwell, green lawn, daylight, three-quarter view, whole building in view, professional architectural photography, full-frame camera, 24mm lens, natural light, realistic materials, sharp focus"",""negativePrompt"":""interior, indoor, inside view, close-up, cropped, view from underneath, underside of roof, ceiling, looking up, worm\u0027s-eye view, historic building, neoclassical, gothic, baroque, victorian, classical columns, ornate, medieval, text, lettering, signage, logo, watermark, 3d render, cgi, illustration, painting, cartoon, plastic, oversaturated, black and white, monochrome, sepia, blurry, jpeg artifacts, distorted lines, deformed structure, low quality""},{""code"":""C11"",""text"":""exterior photograph of a 1930s art deco cinema building, cream stucco, stepped streamlined facade with vertical fins and rounded corner tower, city street, sunny day, street-level view, whole building in view, professional architectural photography, full-frame camera, 24mm lens, natural light, realistic materials, sharp focus"",""negativePrompt"":""interior, indoor, inside view, close-up, cropped, view from underneath, underside of roof, ceiling, looking up, worm\u0027s-eye view, historic building, neoclassical, gothic, baroque, victorian, classical columns, ornate, medieval, text, lettering, signage, logo, watermark, 3d render, cgi, illustration, painting, cartoon, plastic, oversaturated, black and white, monochrome, sepia, blurry, jpeg artifacts, distorted lines, deformed structure, low quality""},{""code"":""C12"",""text"":""exterior photograph of a 1980s postmodern office building with a symmetrical facade, a large abstract geometric arch at the entrance, muted terracotta and sand coloured render with a few pastel accents, city plaza, daylight, front view from across the plaza, whole building in view, professional architectural photography, full-frame camera, 24mm lens, natural light, realistic materials, sharp focus"",""negativePrompt"":""interior, indoor, inside view, close-up, cropped, view from underneath, underside of roof, ceiling, looking up, worm\u0027s-eye view, historic building, neoclassical, gothic, baroque, victorian, classical columns, ornate, medieval, text, lettering, signage, logo, watermark, 3d render, cgi, illustration, painting, cartoon, plastic, oversaturated, black and white, monochrome, sepia, blurry, jpeg artifacts, distorted lines, deformed structure, low quality""},{""code"":""C13"",""text"":""exterior photograph of a Japanese minimalist timber museum by a lake, thin floating roof, layered vertical wooden louvres, calm water reflection, soft morning light, the whole building seen from across the lake at a distance, whole building in view, professional architectural photography, full-frame camera, 24mm lens, natural light, realistic materials, sharp focus"",""negativePrompt"":""interior, indoor, inside view, close-up, cropped, view from underneath, underside of roof, ceiling, looking up, worm\u0027s-eye view, historic building, neoclassical, gothic, baroque, victorian, classical columns, ornate, medieval, text, lettering, signage, logo, watermark, 3d render, cgi, illustration, painting, cartoon, plastic, oversaturated, black and white, monochrome, sepia, blurry, jpeg artifacts, distorted lines, deformed structure, low quality""},{""code"":""C14"",""text"":""exterior photograph of a metabolist capsule tower, stacked prefabricated concrete capsules with round windows around a central core, city street, daylight, view from street level, whole building in view, professional architectural photography, full-frame camera, 24mm lens, natural light, realistic materials, sharp focus"",""negativePrompt"":""interior, indoor, inside view, close-up, cropped, view from underneath, underside of roof, ceiling, looking up, worm\u0027s-eye view, historic building, neoclassical, gothic, baroque, victorian, classical columns, ornate, medieval, text, lettering, signage, logo, watermark, 3d render, cgi, illustration, painting, cartoon, plastic, oversaturated, black and white, monochrome, sepia, blurry, jpeg artifacts, distorted lines, deformed structure, low quality""},{""code"":""C15"",""text"":""exterior photograph of a contemporary community centre with thick rammed earth walls, deep shaded openings and a courtyard, desert landscape, strong low sunlight and long shadows, the whole building seen from a distance, three-quarter view, whole building in view, professional architectural photography, full-frame camera, 24mm lens, natural light, realistic materials, sharp focus"",""negativePrompt"":""interior, indoor, inside view, close-up, cropped, view from underneath, underside of roof, ceiling, looking up, worm\u0027s-eye view, historic building, neoclassical, gothic, baroque, victorian, classical columns, ornate, medieval, text, lettering, signage, logo, watermark, 3d render, cgi, illustration, painting, cartoon, plastic, oversaturated, black and white, monochrome, sepia, blurry, jpeg artifacts, distorted lines, deformed structure, low quality""},{""code"":""C16"",""text"":""exterior photograph of a contemporary mass timber apartment building, cross-laminated timber and vertical larch cladding, pine forest suburb in Scandinavia, overcast light, perspective view, whole building in view, professional architectural photography, full-frame camera, 24mm lens, natural light, realistic materials, sharp focus"",""negativePrompt"":""interior, indoor, inside view, close-up, cropped, view from underneath, underside of roof, ceiling, looking up, worm\u0027s-eye view, historic building, neoclassical, gothic, baroque, victorian, classical columns, ornate, medieval, text, lettering, signage, logo, watermark, 3d render, cgi, illustration, painting, cartoon, plastic, oversaturated, black and white, monochrome, sepia, blurry, jpeg artifacts, distorted lines, deformed structure, low quality""},{""code"":""C17"",""text"":""exterior photograph of a modernist thin-shell concrete restaurant with a hyperbolic paraboloid roof of curved petals, by the water, daylight, the whole building seen from a distance, three-quarter view, whole building in view, professional architectural photography, full-frame camera, 24mm lens, natural light, realistic materials, sharp focus"",""negativePrompt"":""interior, indoor, inside view, close-up, cropped, view from underneath, underside of roof, ceiling, looking up, worm\u0027s-eye view, historic building, neoclassical, gothic, baroque, victorian, classical columns, ornate, medieval, text, lettering, signage, logo, watermark, 3d render, cgi, illustration, painting, cartoon, plastic, oversaturated, black and white, monochrome, sepia, blurry, jpeg artifacts, distorted lines, deformed structure, low quality""},{""code"":""C18"",""text"":""exterior photograph of a 1950s tropical modernist house raised on pilotis, cantilevered concrete slab, brise-soleil and cobogo screen walls, lush tropical garden, bright sun, three-quarter view, whole building in view, professional architectural photography, full-frame camera, 24mm lens, natural light, realistic materials, sharp focus"",""negativePrompt"":""interior, indoor, inside view, close-up, cropped, view from underneath, underside of roof, ceiling, looking up, worm\u0027s-eye view, historic building, neoclassical, gothic, baroque, victorian, classical columns, ornate, medieval, text, lettering, signage, logo, watermark, 3d render, cgi, illustration, painting, cartoon, plastic, oversaturated, black and white, monochrome, sepia, blurry, jpeg artifacts, distorted lines, deformed structure, low quality""},{""code"":""C19"",""text"":""exterior photograph of a mid-century modern A-frame cabin with dark timber cladding and a fully glazed gable, snowy pine forest, winter daylight, front view, whole building in view, professional architectural photography, full-frame camera, 24mm lens, natural light, realistic materials, sharp focus"",""negativePrompt"":""interior, indoor, inside view, close-up, cropped, view from underneath, underside of roof, ceiling, looking up, worm\u0027s-eye view, historic building, neoclassical, gothic, baroque, victorian, classical columns, ornate, medieval, text, lettering, signage, logo, watermark, 3d render, cgi, illustration, painting, cartoon, plastic, oversaturated, black and white, monochrome, sepia, blurry, jpeg artifacts, distorted lines, deformed structure, low quality""},{""code"":""C20"",""text"":""exterior photograph of a sculptural expressionist concrete chapel on a green hill, thick curved walls of rough whitewashed concrete with weathered texture, heavy upturned roof and irregular deep-set small windows, blue sky, three-quarter view, whole building in view, professional architectural photography, full-frame camera, 24mm lens, natural light, realistic materials, sharp focus"",""negativePrompt"":""interior, indoor, inside view, close-up, cropped, view from underneath, underside of roof, ceiling, looking up, worm\u0027s-eye view, historic building, neoclassical, gothic, baroque, victorian, classical columns, ornate, medieval, text, lettering, signage, logo, watermark, 3d render, cgi, illustration, painting, cartoon, plastic, oversaturated, black and white, monochrome, sepia, blurry, jpeg artifacts, distorted lines, deformed structure, low quality""}]}"
2026-09-28T13:09:13.584Z,generation_plan.frozen,GenerationPlan,22,,,"{""name"":""Main plan v6 - seeds A"",""promptSetId"":15,""resolution"":""1216x832"",""sampler"":""dpm\u002B\u002B 2m karras"",""guidanceScale"":5,""steps"":40,""seedsJson"":""[25478,85]"",""conditionIdsJson"":""[7,8,9]"",""configurationJson"":""{}"",""isPilot"":false}"
2026-09-28T13:09:15.717Z,cloud_job.started,CloudJob,37,,,"{""kind"": ""Generation"", ""instanceType"": ""L4-1-24G""}"
2026-09-28T13:09:16.072Z,generation_plan.frozen,GenerationPlan,23,,,"{""name"":""Main plan v6 - seeds B"",""promptSetId"":15,""resolution"":""1216x832"",""sampler"":""dpm\u002B\u002B 2m karras"",""guidanceScale"":5,""steps"":40,""seedsJson"":""[6127,7]"",""conditionIdsJson"":""[7,8,9]"",""configurationJson"":""{}"",""isPilot"":false}"
2026-09-28T13:09:17.723Z,cloud_job.started,CloudJob,38,,,"{""kind"": ""Generation"", ""instanceType"": ""L4-1-24G""}"
2026-09-28T13:25:37.292Z,manual_correction,GeneratedImage,2252,non idonea,"{""isActive"":true}","{""isActive"":false}"
2026-09-28T13:32:26.048Z,manual_correction,GeneratedImage,2252,l,"{""isActive"":false}","{""isActive"":true}"
2026-09-28T14:28:26.149Z,cloud_job.finished,CloudJob,37,,,"{""status"": ""Succeeded"", ""message"": ""generation completed: 288 images"", ""resultSha256"": null}"
2026-09-28T14:28:28.734Z,cloud_job.finished,CloudJob,38,,,"{""status"": ""Succeeded"", ""message"": ""generation completed: 288 images"", ""resultSha256"": null}"
2026-09-28T15:06:21.899Z,manual_correction,GeneratedImage,2220,blind review,"{""defects"":""None""}","{""defects"":""Perspective""}"
2026-09-28T15:06:21.936Z,manual_correction,GeneratedImage,2604,blind review,"{""defects"":""None""}","{""defects"":""Perspective""}"
2026-09-28T15:06:21.944Z,manual_correction,GeneratedImage,2220,Review rule v1: AESTHETIC Perspective; CONTROL Perspective,"{""isActive"":true}","{""isActive"":false}"
2026-09-28T15:06:21.944Z,manual_correction,GeneratedImage,2412,Review rule v1: AESTHETIC Perspective; CONTROL Perspective,"{""isActive"":true}","{""isActive"":false}"
2026-09-28T15:06:21.945Z,manual_correction,GeneratedImage,2604,Review rule v1: AESTHETIC Perspective; CONTROL Perspective,"{""isActive"":true}","{""isActive"":false}"
2026-09-28T15:06:36.074Z,manual_correction,GeneratedImage,2603,blind review,"{""defects"":""None""}","{""defects"":""Perspective""}"
2026-09-28T15:06:36.075Z,manual_correction,GeneratedImage,2219,Review rule v1: CONTROL Perspective,"{""isActive"":true}","{""isActive"":false}"
2026-09-28T15:06:36.075Z,manual_correction,GeneratedImage,2411,Review rule v1: CONTROL Perspective,"{""isActive"":true}","{""isActive"":false}"
2026-09-28T15:06:36.075Z,manual_correction,GeneratedImage,2603,Review rule v1: CONTROL Perspective,"{""isActive"":true}","{""isActive"":false}"
2026-09-28T15:06:49.177Z,manual_correction,GeneratedImage,2414,blind review,"{""defects"":""None""}","{""defects"":""Perspective""}"
2026-09-28T15:06:49.177Z,manual_correction,GeneratedImage,2222,Review rule v1: BASE Perspective,"{""isActive"":true}","{""isActive"":false}"
2026-09-28T15:06:49.177Z,manual_correction,GeneratedImage,2414,Review rule v1: BASE Perspective,"{""isActive"":true}","{""isActive"":false}"
2026-09-28T15:06:49.177Z,manual_correction,GeneratedImage,2606,Review rule v1: BASE Perspective,"{""isActive"":true}","{""isActive"":false}"
2026-09-28T15:06:57.419Z,manual_correction,GeneratedImage,2610,blind review,"{""defects"":""None""}","{""defects"":""Perspective""}"
2026-09-28T15:06:57.419Z,manual_correction,GeneratedImage,2226,Review rule v1: CONTROL Perspective,"{""isActive"":true}","{""isActive"":false}"
2026-09-28T15:06:57.419Z,manual_correction,GeneratedImage,2418,Review rule v1: CONTROL Perspective,"{""isActive"":true}","{""isActive"":false}"
2026-09-28T15:06:57.419Z,manual_correction,GeneratedImage,2610,Review rule v1: CONTROL Perspective,"{""isActive"":true}","{""isActive"":false}"
2026-09-28T15:07:16.730Z,manual_correction,GeneratedImage,2622,blind review,"{""defects"":""None""}","{""defects"":""Perspective""}"
2026-09-28T15:07:16.731Z,manual_correction,GeneratedImage,2238,Review rule v1: CONTROL Perspective,"{""isActive"":true}","{""isActive"":false}"
2026-09-28T15:07:16.731Z,manual_correction,GeneratedImage,2430,Review rule v1: CONTROL Perspective,"{""isActive"":true}","{""isActive"":false}"
2026-09-28T15:07:16.731Z,manual_correction,GeneratedImage,2622,Review rule v1: CONTROL Perspective,"{""isActive"":true}","{""isActive"":false}"
2026-09-28T15:07:28.965Z,manual_correction,GeneratedImage,2433,blind review,"{""defects"":""None""}","{""defects"":""Deformation""}"
2026-09-28T15:07:28.965Z,manual_correction,GeneratedImage,2241,Review rule v1: BASE Deformation,"{""isActive"":true}","{""isActive"":false}"
2026-09-28T15:07:28.965Z,manual_correction,GeneratedImage,2433,Review rule v1: BASE Deformation,"{""isActive"":true}","{""isActive"":false}"
2026-09-28T15:07:28.965Z,manual_correction,GeneratedImage,2625,Review rule v1: BASE Deformation,"{""isActive"":true}","{""isActive"":false}"
2026-09-28T15:07:33.988Z,manual_correction,GeneratedImage,2252,blind review,"{""defects"":""None""}","{""defects"":""Deformation""}"
2026-09-28T15:07:33.988Z,manual_correction,GeneratedImage,2444,blind review,"{""defects"":""None""}","{""defects"":""Deformation""}"
2026-09-28T15:07:33.988Z,manual_correction,GeneratedImage,2636,blind review,"{""defects"":""None""}","{""defects"":""Deformation""}"
2026-09-28T15:07:33.989Z,manual_correction,GeneratedImage,2252,Review rule v1: AESTHETIC Deformation; BASE Deformation; CONTROL Deformation,"{""isActive"":true}","{""isActive"":false}"
2026-09-28T15:07:33.989Z,manual_correction,GeneratedImage,2444,Review rule v1: AESTHETIC Deformation; BASE Deformation; CONTROL Deformation,"{""isActive"":true}","{""isActive"":false}"
2026-09-28T15:07:33.989Z,manual_correction,GeneratedImage,2636,Review rule v1: AESTHETIC Deformation; BASE Deformation; CONTROL Deformation,"{""isActive"":true}","{""isActive"":false}"
2026-09-28T15:07:45.293Z,manual_correction,GeneratedImage,2258,blind review,"{""defects"":""None""}","{""defects"":""Deformation""}"
2026-09-28T15:07:45.293Z,manual_correction,GeneratedImage,2450,blind review,"{""defects"":""None""}","{""defects"":""Deformation""}"
2026-09-28T15:07:45.293Z,manual_correction,GeneratedImage,2642,blind review,"{""defects"":""None""}","{""defects"":""Deformation""}"
2026-09-28T15:07:45.293Z,manual_correction,GeneratedImage,2258,Review rule v1: AESTHETIC Deformation; BASE Deformation; CONTROL Deformation,"{""isActive"":true}","{""isActive"":false}"
2026-09-28T15:07:45.293Z,manual_correction,GeneratedImage,2450,Review rule v1: AESTHETIC Deformation; BASE Deformation; CONTROL Deformation,"{""isActive"":true}","{""isActive"":false}"
2026-09-28T15:07:45.293Z,manual_correction,GeneratedImage,2642,Review rule v1: AESTHETIC Deformation; BASE Deformation; CONTROL Deformation,"{""isActive"":true}","{""isActive"":false}"
2026-09-28T15:08:13.321Z,manual_correction,GeneratedImage,2475,blind review,"{""defects"":""None""}","{""defects"":""Perspective""}"
2026-09-28T15:08:13.322Z,manual_correction,GeneratedImage,2283,Review rule v1: BASE Perspective,"{""isActive"":true}","{""isActive"":false}"
2026-09-28T15:08:13.322Z,manual_correction,GeneratedImage,2475,Review rule v1: BASE Perspective,"{""isActive"":true}","{""isActive"":false}"
2026-09-28T15:08:13.322Z,manual_correction,GeneratedImage,2667,Review rule v1: BASE Perspective,"{""isActive"":true}","{""isActive"":false}"
2026-09-28T15:08:18.594Z,manual_correction,GeneratedImage,2478,blind review,"{""defects"":""None""}","{""defects"":""Perspective""}"
2026-09-28T15:08:18.595Z,manual_correction,GeneratedImage,2286,Review rule v1: BASE Perspective,"{""isActive"":true}","{""isActive"":false}"
2026-09-28T15:08:18.595Z,manual_correction,GeneratedImage,2478,Review rule v1: BASE Perspective,"{""isActive"":true}","{""isActive"":false}"
2026-09-28T15:08:18.595Z,manual_correction,GeneratedImage,2670,Review rule v1: BASE Perspective,"{""isActive"":true}","{""isActive"":false}"
2026-09-28T15:08:53.193Z,manual_correction,GeneratedImage,2477,blind review,"{""defects"":""None""}","{""defects"":""WrongSubject""}"
2026-09-28T15:08:53.193Z,manual_correction,GeneratedImage,2669,blind review,"{""defects"":""None""}","{""defects"":""Perspective""}"
2026-09-28T15:08:53.193Z,manual_correction,GeneratedImage,2285,Review rule v1: BASE WrongSubject; CONTROL Perspective,"{""isActive"":true}","{""isActive"":false}"
2026-09-28T15:08:53.193Z,manual_correction,GeneratedImage,2477,Review rule v1: BASE WrongSubject; CONTROL Perspective,"{""isActive"":true}","{""isActive"":false}"
2026-09-28T15:08:53.193Z,manual_correction,GeneratedImage,2669,Review rule v1: BASE WrongSubject; CONTROL Perspective,"{""isActive"":true}","{""isActive"":false}"
2026-09-28T15:09:06.275Z,manual_correction,GeneratedImage,2480,blind review,"{""defects"":""None""}","{""defects"":""Deformation""}"
2026-09-28T15:09:06.275Z,manual_correction,GeneratedImage,2288,Review rule v1: BASE Deformation,"{""isActive"":true}","{""isActive"":false}"
2026-09-28T15:09:06.275Z,manual_correction,GeneratedImage,2480,Review rule v1: BASE Deformation,"{""isActive"":true}","{""isActive"":false}"
2026-09-28T15:09:06.275Z,manual_correction,GeneratedImage,2672,Review rule v1: BASE Deformation,"{""isActive"":true}","{""isActive"":false}"
2026-09-28T15:09:17.113Z,manual_correction,GeneratedImage,2482,blind review,"{""defects"":""None""}","{""defects"":""Perspective""}"
2026-09-28T15:09:17.114Z,manual_correction,GeneratedImage,2290,Review rule v1: BASE Perspective,"{""isActive"":true}","{""isActive"":false}"
2026-09-28T15:09:17.114Z,manual_correction,GeneratedImage,2482,Review rule v1: BASE Perspective,"{""isActive"":true}","{""isActive"":false}"
2026-09-28T15:09:17.114Z,manual_correction,GeneratedImage,2674,Review rule v1: BASE Perspective,"{""isActive"":true}","{""isActive"":false}"
2026-09-28T15:09:29.871Z,manual_correction,GeneratedImage,2510,blind review,"{""defects"":""None""}","{""defects"":""Perspective""}"
2026-09-28T15:09:29.871Z,manual_correction,GeneratedImage,2318,Review rule v1: BASE Perspective,"{""isActive"":true}","{""isActive"":false}"
2026-09-28T15:09:29.871Z,manual_correction,GeneratedImage,2510,Review rule v1: BASE Perspective,"{""isActive"":true}","{""isActive"":false}"
2026-09-28T15:09:29.871Z,manual_correction,GeneratedImage,2702,Review rule v1: BASE Perspective,"{""isActive"":true}","{""isActive"":false}"
2026-09-28T15:09:40.452Z,manual_correction,GeneratedImage,2716,blind review,"{""defects"":""None""}","{""defects"":""WrongSubject""}"
2026-09-28T15:09:40.452Z,manual_correction,GeneratedImage,2332,Review rule v1: CONTROL WrongSubject,"{""isActive"":true}","{""isActive"":false}"
2026-09-28T15:09:40.453Z,manual_correction,GeneratedImage,2524,Review rule v1: CONTROL WrongSubject,"{""isActive"":true}","{""isActive"":false}"
2026-09-28T15:09:40.453Z,manual_correction,GeneratedImage,2716,Review rule v1: CONTROL WrongSubject,"{""isActive"":true}","{""isActive"":false}"
2026-09-28T15:09:59.423Z,manual_correction,GeneratedImage,2556,blind review,"{""defects"":""None""}","{""defects"":""Perspective""}"
2026-09-28T15:09:59.423Z,manual_correction,GeneratedImage,2364,Review rule v1: BASE Perspective,"{""isActive"":true}","{""isActive"":false}"
2026-09-28T15:09:59.423Z,manual_correction,GeneratedImage,2556,Review rule v1: BASE Perspective,"{""isActive"":true}","{""isActive"":false}"
2026-09-28T15:09:59.423Z,manual_correction,GeneratedImage,2748,Review rule v1: BASE Perspective,"{""isActive"":true}","{""isActive"":false}"
2026-09-28T15:10:06.643Z,manual_correction,GeneratedImage,2558,blind review,"{""defects"":""None""}","{""defects"":""Perspective""}"
2026-09-28T15:10:06.643Z,manual_correction,GeneratedImage,2366,Review rule v1: BASE Perspective,"{""isActive"":true}","{""isActive"":false}"
2026-09-28T15:10:06.643Z,manual_correction,GeneratedImage,2558,Review rule v1: BASE Perspective,"{""isActive"":true}","{""isActive"":false}"
2026-09-28T15:10:06.643Z,manual_correction,GeneratedImage,2750,Review rule v1: BASE Perspective,"{""isActive"":true}","{""isActive"":false}"
2026-09-28T15:10:10.047Z,manual_correction,GeneratedImage,2365,blind review,"{""defects"":""None""}","{""defects"":""Perspective""}"
2026-09-28T15:10:10.047Z,manual_correction,GeneratedImage,2365,Review rule v1: AESTHETIC Perspective,"{""isActive"":true}","{""isActive"":false}"
2026-09-28T15:10:10.047Z,manual_correction,GeneratedImage,2557,Review rule v1: AESTHETIC Perspective,"{""isActive"":true}","{""isActive"":false}"
2026-09-28T15:10:10.047Z,manual_correction,GeneratedImage,2749,Review rule v1: AESTHETIC Perspective,"{""isActive"":true}","{""isActive"":false}"
2026-09-28T15:10:17.251Z,manual_correction,GeneratedImage,2572,blind review,"{""defects"":""None""}","{""defects"":""Perspective""}"
2026-09-28T15:10:17.251Z,manual_correction,GeneratedImage,2380,Review rule v1: BASE Perspective,"{""isActive"":true}","{""isActive"":false}"
2026-09-28T15:10:17.252Z,manual_correction,GeneratedImage,2572,Review rule v1: BASE Perspective,"{""isActive"":true}","{""isActive"":false}"
2026-09-28T15:10:17.252Z,manual_correction,GeneratedImage,2764,Review rule v1: BASE Perspective,"{""isActive"":true}","{""isActive"":false}"
2026-09-28T15:10:28.058Z,manual_correction,GeneratedImage,2379,blind review,"{""defects"":""None""}","{""defects"":""Perspective""}"
2026-09-28T15:10:28.058Z,manual_correction,GeneratedImage,2379,Review rule v1: AESTHETIC Perspective,"{""isActive"":true}","{""isActive"":false}"
2026-09-28T15:10:28.058Z,manual_correction,GeneratedImage,2571,Review rule v1: AESTHETIC Perspective,"{""isActive"":true}","{""isActive"":false}"
2026-09-28T15:10:28.058Z,manual_correction,GeneratedImage,2763,Review rule v1: AESTHETIC Perspective,"{""isActive"":true}","{""isActive"":false}"
2026-09-28T15:11:43.331Z,manual_correction,GeneratedImage,2260,blind review,"{""defects"":""None""}","{""defects"":""Deformation""}"
2026-09-28T15:11:43.331Z,manual_correction,GeneratedImage,2452,blind review,"{""defects"":""None""}","{""defects"":""Deformation""}"
2026-09-28T15:11:43.331Z,manual_correction,GeneratedImage,2644,blind review,"{""defects"":""None""}","{""defects"":""Deformation""}"
2026-09-28T15:11:43.331Z,manual_correction,GeneratedImage,2260,Review rule v1: AESTHETIC Deformation; BASE Deformation; CONTROL Deformation,"{""isActive"":true}","{""isActive"":false}"
2026-09-28T15:11:43.331Z,manual_correction,GeneratedImage,2452,Review rule v1: AESTHETIC Deformation; BASE Deformation; CONTROL Deformation,"{""isActive"":true}","{""isActive"":false}"
2026-09-28T15:11:43.331Z,manual_correction,GeneratedImage,2644,Review rule v1: AESTHETIC Deformation; BASE Deformation; CONTROL Deformation,"{""isActive"":true}","{""isActive"":false}"
2026-09-28T15:11:57.185Z,manual_correction,GeneratedImage,2259,blind review,"{""defects"":""None""}","{""defects"":""Perspective, Artefacts""}"
2026-09-28T15:11:57.186Z,manual_correction,GeneratedImage,2259,"Review rule v1: AESTHETIC Perspective, Artefacts","{""isActive"":true}","{""isActive"":false}"
2026-09-28T15:11:57.186Z,manual_correction,GeneratedImage,2451,"Review rule v1: AESTHETIC Perspective, Artefacts","{""isActive"":true}","{""isActive"":false}"
2026-09-28T15:11:57.186Z,manual_correction,GeneratedImage,2643,"Review rule v1: AESTHETIC Perspective, Artefacts","{""isActive"":true}","{""isActive"":false}"
2026-09-28T15:12:19.152Z,manual_correction,GeneratedImage,2280,blind review,"{""defects"":""None""}","{""defects"":""Perspective""}"
2026-09-28T15:12:19.153Z,manual_correction,GeneratedImage,2472,blind review,"{""defects"":""None""}","{""defects"":""Deformation""}"
2026-09-28T15:12:19.153Z,manual_correction,GeneratedImage,2280,Review rule v1: AESTHETIC Perspective; BASE Deformation,"{""isActive"":true}","{""isActive"":false}"
2026-09-28T15:12:19.153Z,manual_correction,GeneratedImage,2472,Review rule v1: AESTHETIC Perspective; BASE Deformation,"{""isActive"":true}","{""isActive"":false}"
2026-09-28T15:12:19.153Z,manual_correction,GeneratedImage,2664,Review rule v1: AESTHETIC Perspective; BASE Deformation,"{""isActive"":true}","{""isActive"":false}"
2026-09-28T15:12:35.615Z,manual_correction,GeneratedImage,2473,blind review,"{""defects"":""None""}","{""defects"":""Perspective""}"
2026-09-28T15:12:35.615Z,manual_correction,GeneratedImage,2281,Review rule v1: BASE Perspective,"{""isActive"":true}","{""isActive"":false}"
2026-09-28T15:12:35.615Z,manual_correction,GeneratedImage,2473,Review rule v1: BASE Perspective,"{""isActive"":true}","{""isActive"":false}"
2026-09-28T15:12:35.615Z,manual_correction,GeneratedImage,2665,Review rule v1: BASE Perspective,"{""isActive"":true}","{""isActive"":false}"
2026-09-28T15:12:44.856Z,manual_correction,GeneratedImage,2293,blind review,"{""defects"":""None""}","{""defects"":""Perspective""}"
2026-09-28T15:12:44.856Z,manual_correction,GeneratedImage,2293,Review rule v1: AESTHETIC Perspective,"{""isActive"":true}","{""isActive"":false}"
2026-09-28T15:12:44.856Z,manual_correction,GeneratedImage,2485,Review rule v1: AESTHETIC Perspective,"{""isActive"":true}","{""isActive"":false}"
2026-09-28T15:12:44.856Z,manual_correction,GeneratedImage,2677,Review rule v1: AESTHETIC Perspective,"{""isActive"":true}","{""isActive"":false}"
2026-09-28T15:12:57.100Z,manual_correction,GeneratedImage,2680,blind review,"{""defects"":""None""}","{""defects"":""Deformation""}"
2026-09-28T15:12:57.100Z,manual_correction,GeneratedImage,2296,Review rule v1: CONTROL Deformation,"{""isActive"":true}","{""isActive"":false}"
2026-09-28T15:12:57.100Z,manual_correction,GeneratedImage,2488,Review rule v1: CONTROL Deformation,"{""isActive"":true}","{""isActive"":false}"
2026-09-28T15:12:57.100Z,manual_correction,GeneratedImage,2680,Review rule v1: CONTROL Deformation,"{""isActive"":true}","{""isActive"":false}"
2026-09-28T15:13:26.301Z,manual_correction,GeneratedImage,2326,blind review,"{""defects"":""None""}","{""defects"":""Perspective""}"
2026-09-28T15:13:26.301Z,manual_correction,GeneratedImage,2518,blind review,"{""defects"":""None""}","{""defects"":""Deformation""}"
2026-09-28T15:13:26.301Z,manual_correction,GeneratedImage,2710,blind review,"{""defects"":""None""}","{""defects"":""Deformation""}"
2026-09-28T15:13:26.301Z,manual_correction,GeneratedImage,2326,Review rule v1: AESTHETIC Perspective; BASE Deformation; CONTROL Deformation,"{""isActive"":true}","{""isActive"":false}"
2026-09-28T15:13:26.301Z,manual_correction,GeneratedImage,2518,Review rule v1: AESTHETIC Perspective; BASE Deformation; CONTROL Deformation,"{""isActive"":true}","{""isActive"":false}"
2026-09-28T15:13:26.301Z,manual_correction,GeneratedImage,2710,Review rule v1: AESTHETIC Perspective; BASE Deformation; CONTROL Deformation,"{""isActive"":true}","{""isActive"":false}"
2026-09-28T15:13:44.203Z,manual_correction,GeneratedImage,2531,blind review,"{""defects"":""None""}","{""defects"":""Artefacts""}"
2026-09-28T15:13:44.203Z,manual_correction,GeneratedImage,2339,Review rule v1: BASE Artefacts,"{""isActive"":true}","{""isActive"":false}"
2026-09-28T15:13:44.203Z,manual_correction,GeneratedImage,2531,Review rule v1: BASE Artefacts,"{""isActive"":true}","{""isActive"":false}"
2026-09-28T15:13:44.203Z,manual_correction,GeneratedImage,2723,Review rule v1: BASE Artefacts,"{""isActive"":true}","{""isActive"":false}"
2026-09-28T15:13:53.459Z,manual_correction,GeneratedImage,2342,blind review,"{""defects"":""None""}","{""defects"":""Deformation""}"
2026-09-28T15:13:53.459Z,manual_correction,GeneratedImage,2534,blind review,"{""defects"":""None""}","{""defects"":""Deformation""}"
2026-09-28T15:13:53.459Z,manual_correction,GeneratedImage,2726,blind review,"{""defects"":""None""}","{""defects"":""Deformation""}"
2026-09-28T15:13:53.460Z,manual_correction,GeneratedImage,2342,Review rule v1: AESTHETIC Deformation; BASE Deformation; CONTROL Deformation,"{""isActive"":true}","{""isActive"":false}"
2026-09-28T15:13:53.460Z,manual_correction,GeneratedImage,2534,Review rule v1: AESTHETIC Deformation; BASE Deformation; CONTROL Deformation,"{""isActive"":true}","{""isActive"":false}"
2026-09-28T15:13:53.460Z,manual_correction,GeneratedImage,2726,Review rule v1: AESTHETIC Deformation; BASE Deformation; CONTROL Deformation,"{""isActive"":true}","{""isActive"":false}"
2026-09-28T15:14:07.963Z,manual_correction,GeneratedImage,2344,blind review,"{""defects"":""None""}","{""defects"":""Deformation""}"
2026-09-28T15:14:07.963Z,manual_correction,GeneratedImage,2536,blind review,"{""defects"":""None""}","{""defects"":""Artefacts""}"
2026-09-28T15:14:07.963Z,manual_correction,GeneratedImage,2344,Review rule v1: AESTHETIC Deformation; BASE Artefacts,"{""isActive"":true}","{""isActive"":false}"
2026-09-28T15:14:07.963Z,manual_correction,GeneratedImage,2536,Review rule v1: AESTHETIC Deformation; BASE Artefacts,"{""isActive"":true}","{""isActive"":false}"
2026-09-28T15:14:07.963Z,manual_correction,GeneratedImage,2728,Review rule v1: AESTHETIC Deformation; BASE Artefacts,"{""isActive"":true}","{""isActive"":false}"
2026-09-28T15:14:20.058Z,manual_correction,GeneratedImage,2358,blind review,"{""defects"":""None""}","{""defects"":""Deformation""}"
2026-09-28T15:14:20.059Z,manual_correction,GeneratedImage,2550,blind review,"{""defects"":""None""}","{""defects"":""Deformation""}"
2026-09-28T15:14:20.059Z,manual_correction,GeneratedImage,2358,Review rule v1: AESTHETIC Deformation; BASE Deformation,"{""isActive"":true}","{""isActive"":false}"
2026-09-28T15:14:20.059Z,manual_correction,GeneratedImage,2550,Review rule v1: AESTHETIC Deformation; BASE Deformation,"{""isActive"":true}","{""isActive"":false}"
2026-09-28T15:14:20.059Z,manual_correction,GeneratedImage,2742,Review rule v1: AESTHETIC Deformation; BASE Deformation,"{""isActive"":true}","{""isActive"":false}"
2026-09-28T15:14:25.946Z,manual_correction,GeneratedImage,2741,blind review,"{""defects"":""None""}","{""defects"":""Perspective""}"
2026-09-28T15:14:25.946Z,manual_correction,GeneratedImage,2357,Review rule v1: CONTROL Perspective,"{""isActive"":true}","{""isActive"":false}"
2026-09-28T15:14:25.946Z,manual_correction,GeneratedImage,2549,Review rule v1: CONTROL Perspective,"{""isActive"":true}","{""isActive"":false}"
2026-09-28T15:14:25.946Z,manual_correction,GeneratedImage,2741,Review rule v1: CONTROL Perspective,"{""isActive"":true}","{""isActive"":false}"
2026-09-28T15:14:36.964Z,manual_correction,GeneratedImage,2360,blind review,"{""defects"":""None""}","{""defects"":""Perspective""}"
2026-09-28T15:14:36.964Z,manual_correction,GeneratedImage,2360,Review rule v1: AESTHETIC Perspective,"{""isActive"":true}","{""isActive"":false}"
2026-09-28T15:14:36.964Z,manual_correction,GeneratedImage,2552,Review rule v1: AESTHETIC Perspective,"{""isActive"":true}","{""isActive"":false}"
2026-09-28T15:14:36.964Z,manual_correction,GeneratedImage,2744,Review rule v1: AESTHETIC Perspective,"{""isActive"":true}","{""isActive"":false}"
2026-09-28T15:31:59.754Z,experiment.status_changed,Experiment,2,,"{""status"":""Training""}","{""status"":""PostTrainingCollection""}"
2026-09-28T17:30:35.777Z,experiment.protocol_changed,Experiment,2,l,"{""evaluationMode"":""BalancedIncompleteEvaluation"",""itemsPerSession"":150,""targetRatingsPerImage"":15,""postTrainingTargetParticipants"":30,""postTrainingItemsPerSession"":60,""pairwiseTrialsPerSession"":30,""postTrainingTaskOrder"":""Counterbalanced"",""allowPreTrainingParticipantsInPostTraining"":true,""pairwiseSameSeedOnly"":true,""extensionAnchorShare"":0.34,""fastResponseThresholdMs"":800,""scaleMin"":1,""scaleMax"":7,""preTrainingQuestion"":{""en"":""How aesthetically successful do you consider this architecture?"",""it"":""Quanto giudichi esteticamente riuscita questa architettura?"",""es"":""\u00BFEn qu\u00E9 medida consideras est\u00E9ticamente lograda esta arquitectura?""},""postTrainingQuestion"":{""en"":""How aesthetically successful do you consider this architectural proposal?"",""it"":""Quanto giudichi esteticamente riuscita questa proposta architettonica?"",""es"":""\u00BFEn qu\u00E9 medida consideras est\u00E9ticamente lograda esta propuesta arquitect\u00F3nica?""},""pairwiseQuestion"":{""en"":""Which of the two proposals do you consider aesthetically better?"",""it"":""Quale delle due proposte consideri esteticamente migliore?"",""es"":""\u00BFCu\u00E1l de las dos propuestas consideras est\u00E9ticamente mejor?""},""scaleMinLabel"":{""en"":""Not at all"",""it"":""Per nulla"",""es"":""En absoluto""},""scaleMaxLabel"":{""en"":""Extremely"",""it"":""Estremamente"",""es"":""Extremadamente""},""forbiddenCaptionTerms"":[""beautiful"",""masterpiece"",""stunning"",""aesthetic"",""award-winning""]}","{""evaluationMode"":""BalancedIncompleteEvaluation"",""itemsPerSession"":150,""targetRatingsPerImage"":15,""postTrainingTargetParticipants"":100,""postTrainingItemsPerSession"":60,""pairwiseTrialsPerSession"":30,""postTrainingTaskOrder"":""Counterbalanced"",""allowPreTrainingParticipantsInPostTraining"":true,""pairwiseSameSeedOnly"":true,""extensionAnchorShare"":0.34,""fastResponseThresholdMs"":800,""scaleMin"":1,""scaleMax"":7,""preTrainingQuestion"":{""en"":""How aesthetically successful do you consider this architecture?"",""it"":""Quanto giudichi esteticamente riuscita questa architettura?"",""es"":""\u00BFEn qu\u00E9 medida consideras est\u00E9ticamente lograda esta arquitectura?""},""postTrainingQuestion"":{""en"":""How aesthetically successful do you consider this architectural proposal?"",""it"":""Quanto giudichi esteticamente riuscita questa proposta architettonica?"",""es"":""\u00BFEn qu\u00E9 medida consideras est\u00E9ticamente lograda esta propuesta arquitect\u00F3nica?""},""pairwiseQuestion"":{""en"":""Which of the two proposals do you consider aesthetically better?"",""it"":""Quale delle due proposte consideri esteticamente migliore?"",""es"":""\u00BFCu\u00E1l de las dos propuestas consideras est\u00E9ticamente mejor?""},""scaleMinLabel"":{""en"":""Not at all"",""it"":""Per nulla"",""es"":""En absoluto""},""scaleMaxLabel"":{""en"":""Extremely"",""it"":""Estremamente"",""es"":""Extremadamente""},""forbiddenCaptionTerms"":[""beautiful"",""masterpiece"",""stunning"",""aesthetic"",""award-winning""]}"
2026-09-30T18:19:36.350Z,experiment.protocol_changed,Experiment,2,Reframed as a pilot study: Investigating Aesthetic Transfer in Generative Models for Architectural Design.,"{""researchQuestion"":""Does fine-tuning on consensus-selected architecture improve perceived aesthetic quality of generated proposals?"",""hypothesis"":""AESTHETIC \u003E CONTROL \u2248 BASE""}","{""researchQuestion"":""Is there a shared aesthetic judgement of architecture, and how much of it can a generative image model absorb and transfer into the architectural designs it generates when fine-tuned on photographs selected by consensus? The pilot study measures: (1) the consensus among raters; (2) the aesthetic transfer, comparing images from the model fine-tuned on the preferred photographs (AESTHETIC) with those from the model fine-tuned on randomly chosen photographs (CONTROL) and from the starting model (BASE), through blind ratings and pairwise choices; (3) whether the raters who built the consensus recognise it in the generated images; (4) the reliability of human evaluation; (5) the sample size needed for a full study."",""hypothesis"":""Exploratory pilot study: it does not test a single hypothesis but estimates effects with their uncertainty. Starting expectation: if fine-tuning transfers the aesthetic judgement of the consensus, AESTHETIC images should be rated higher than CONTROL images and preferred in pairwise choices, with a stronger effect among phase-1 participants. A difference below 0.3 points on the 1\u20137 scale is considered negligible. The results serve to estimate the effect size and to design a full study.""}"
2026-10-01T12:52:27.511Z,experiment.status_changed,Experiment,2,,"{""status"":""PostTrainingCollection""}","{""status"":""Analysis""}"
2026-10-01T21:27:13.993Z,training_run.created,TrainingRun,17,,,"{""code"":""REP-CTL-S42160"",""name"":""Replication (plan section 8): CONTROL-v2, training seed 42160, parameters of RUN-CONTROL-4"",""trainingDatasetId"":8,""modelFamily"":""SDXL"",""baseModel"":""stabilityai/stable-diffusion-xl-base-1.0"",""baseModelRevision"":""462165984030d82259a11f4367a4eed129e94a7b"",""provider"":""Scaleway"",""method"":""LoRA"",""loRARank"":16,""loRAAlpha"":16,""learningRate"":0.0001,""batchSize"":1,""steps"":1500,""resolution"":1024,""seed"":42160,""configurationJson"":""{\u0022noise_offset\u0022:0.0357,\u0022timestep_min\u0022:250}"",""externalJobId"":null,""artifactUri"":null,""startedAt"":null,""completedAt"":null,""status"":""Planned""}"
2026-10-01T21:27:14.700Z,training_run.created,TrainingRun,18,,,"{""code"":""REP-AES-S9865"",""name"":""Replication (plan section 8): AESTHETIC-v2, training seed 9865, parameters of RUN-AESTHETIC-4"",""trainingDatasetId"":7,""modelFamily"":""SDXL"",""baseModel"":""stabilityai/stable-diffusion-xl-base-1.0"",""baseModelRevision"":""462165984030d82259a11f4367a4eed129e94a7b"",""provider"":""Scaleway"",""method"":""LoRA"",""loRARank"":16,""loRAAlpha"":16,""learningRate"":0.0001,""batchSize"":1,""steps"":1500,""resolution"":1024,""seed"":9865,""configurationJson"":""{\u0022noise_offset\u0022:0.0357,\u0022timestep_min\u0022:250}"",""externalJobId"":null,""artifactUri"":null,""startedAt"":null,""completedAt"":null,""status"":""Planned""}"
2026-10-01T21:27:15.038Z,training_run.created,TrainingRun,19,,,"{""code"":""REP-AES-S42160"",""name"":""Replication (plan section 8): AESTHETIC-v2, training seed 42160, parameters of RUN-AESTHETIC-4"",""trainingDatasetId"":7,""modelFamily"":""SDXL"",""baseModel"":""stabilityai/stable-diffusion-xl-base-1.0"",""baseModelRevision"":""462165984030d82259a11f4367a4eed129e94a7b"",""provider"":""Scaleway"",""method"":""LoRA"",""loRARank"":16,""loRAAlpha"":16,""learningRate"":0.0001,""batchSize"":1,""steps"":1500,""resolution"":1024,""seed"":42160,""configurationJson"":""{\u0022noise_offset\u0022:0.0357,\u0022timestep_min\u0022:250}"",""externalJobId"":null,""artifactUri"":null,""startedAt"":null,""completedAt"":null,""status"":""Planned""}"
2026-10-01T21:27:15.383Z,training_run.created,TrainingRun,20,,,"{""code"":""REP-CTL-S1254"",""name"":""Replication (plan section 8): CONTROL-v2, training seed 1254, parameters of RUN-CONTROL-4"",""trainingDatasetId"":8,""modelFamily"":""SDXL"",""baseModel"":""stabilityai/stable-diffusion-xl-base-1.0"",""baseModelRevision"":""462165984030d82259a11f4367a4eed129e94a7b"",""provider"":""Scaleway"",""method"":""LoRA"",""loRARank"":16,""loRAAlpha"":16,""learningRate"":0.0001,""batchSize"":1,""steps"":1500,""resolution"":1024,""seed"":1254,""configurationJson"":""{\u0022noise_offset\u0022:0.0357,\u0022timestep_min\u0022:250}"",""externalJobId"":null,""artifactUri"":null,""startedAt"":null,""completedAt"":null,""status"":""Planned""}"
2026-10-01T21:36:06.375Z,cloud_job.started,CloudJob,39,,,"{""kind"": ""Training"", ""instanceType"": ""L4-1-24G""}"
2026-10-01T21:36:34.665Z,cloud_job.started,CloudJob,40,,,"{""kind"": ""Training"", ""instanceType"": ""L4-1-24G""}"
2026-10-01T21:36:42.432Z,cloud_job.finished,CloudJob,41,,,"{""status"": ""Failed"", ""message"": ""Scaleway GPU limit reached: at most 2 L4-1-24G instances can run at the same time. Start this job again when a running one has finished (or ask Scaleway support to raise the quota).""}"
2026-10-01T21:37:02.691Z,training_run.created,TrainingRun,21,,,"{""code"":""REP-AES-S1254-R"",""name"":""Replication (plan section 8): determinism control, exact repetition of RUN-AESTHETIC-4 (AESTHETIC-v2, training seed 1254)"",""trainingDatasetId"":7,""modelFamily"":""SDXL"",""baseModel"":""stabilityai/stable-diffusion-xl-base-1.0"",""baseModelRevision"":""462165984030d82259a11f4367a4eed129e94a7b"",""provider"":""Scaleway"",""method"":""LoRA"",""loRARank"":16,""loRAAlpha"":16,""learningRate"":0.0001,""batchSize"":1,""steps"":1500,""resolution"":1024,""seed"":1254,""configurationJson"":""{\u0022noise_offset\u0022:0.0357,\u0022timestep_min\u0022:250}"",""externalJobId"":null,""artifactUri"":null,""startedAt"":null,""completedAt"":null,""status"":""Planned""}"
2026-10-01T21:59:11.028Z,cloud_job.finished,CloudJob,40,,,"{""status"": ""Succeeded"", ""message"": ""weights uploaded; final loss 0.0647"", ""resultSha256"": ""213163bf974449d01d02570bdec5517833caa9c80c0594874b5e51583fbb61a9""}"
2026-10-01T21:59:16.050Z,cloud_job.finished,CloudJob,39,,,"{""status"": ""Succeeded"", ""message"": ""weights uploaded; final loss 0.0817"", ""resultSha256"": ""37bc5f24513bd661fb53b1b7ee2bb1ca6e2de1425a5791636086203662dba593""}"
2026-10-01T22:00:18.781Z,cloud_job.started,CloudJob,42,,,"{""kind"": ""Training"", ""instanceType"": ""L4-1-24G""}"
2026-10-01T22:00:32.540Z,cloud_job.started,CloudJob,43,,,"{""kind"": ""Training"", ""instanceType"": ""L4-1-24G""}"
2026-10-01T22:23:33.191Z,cloud_job.finished,CloudJob,42,,,"{""status"": ""Succeeded"", ""message"": ""weights uploaded; final loss 0.0791"", ""resultSha256"": ""5237ab168fe216e2ab83519312ca87f71887279bd92c6829b98c990f34c9cf4d""}"
2026-10-01T22:24:18.378Z,cloud_job.finished,CloudJob,43,,,"{""status"": ""Succeeded"", ""message"": ""weights uploaded; final loss 0.0861"", ""resultSha256"": ""e579ecff499923f026fa7222fc0a33874835262630b3e429a0de63f5f27ae15c""}"
2026-10-01T22:24:52.145Z,cloud_job.started,CloudJob,44,,,"{""kind"": ""Training"", ""instanceType"": ""L4-1-24G""}"
2026-10-01T22:25:42.783Z,generation_plan.frozen,GenerationPlan,24,,,"{""name"":""Replication across training seeds (plan section 8) - 4 LoRA"",""promptSetId"":15,""resolution"":""1216x832"",""sampler"":""dpm\u002B\u002B 2m karras"",""guidanceScale"":5,""steps"":40,""seedsJson"":""[25478,85,6127,7]"",""conditionIdsJson"":""[20,21,22,23]"",""configurationJson"":""{}"",""isPilot"":true}"
2026-10-01T22:25:59.821Z,cloud_job.started,CloudJob,45,,,"{""kind"": ""Generation"", ""instanceType"": ""L4-1-24G""}"
2026-10-01T22:30:45.617Z,cloud_job.finished,CloudJob,45,,,"{""status"": ""Failed"", ""message"": ""Fatal: POST /images: HTTP 409 {\""type\"":\""https://httpstatuses.io/409\"",\""title\"":\""Post-training collection has started: generated images can no longer be imported.\"",\""status\"":409,\""code\"":\""err.generation.collection_started\"",\""errors\"":[{\""code\"":\""err.generation.collection_started\"",\""message\"":\""Post-training collection has started: generated images can no longer be imported.\""}]}"", ""resultSha256"": null}"
2026-10-01T22:48:54.543Z,cloud_job.finished,CloudJob,44,,,"{""status"": ""Succeeded"", ""message"": ""weights uploaded; final loss 0.0863"", ""resultSha256"": ""827713df4e13c31ca823a7cfc87f3183b496ca033494e443114f88e076c19e12""}"
2026-10-01T22:56:06.332Z,cloud_job.started,CloudJob,46,,,"{""kind"": ""Generation"", ""instanceType"": ""L4-1-24G""}"
2026-10-02T02:32:54.112Z,cloud_job.finished,CloudJob,46,,,"{""status"": ""Succeeded"", ""message"": ""generation completed: 768 images"", ""resultSha256"": null}"
2026-10-02T04:35:45.662Z,generation_plan.frozen,GenerationPlan,25,,,"{""name"":""Replication (plan section 8) - determinism control"",""promptSetId"":15,""resolution"":""1216x832"",""sampler"":""dpm\u002B\u002B 2m karras"",""guidanceScale"":5,""steps"":40,""seedsJson"":""[25478,85,6127,7]"",""conditionIdsJson"":""[24]"",""configurationJson"":""{}"",""isPilot"":true}"
2026-10-02T04:35:50.804Z,cloud_job.started,CloudJob,47,,,"{""kind"": ""Generation"", ""instanceType"": ""L4-1-24G""}"
2026-10-02T05:30:20.827Z,cloud_job.finished,CloudJob,47,,,"{""status"": ""Succeeded"", ""message"": ""generation completed: 192 images"", ""resultSha256"": null}"
