triplet,model,measure,shown_to_participants,aesthetic,base,control,aesthetic_minus_control
A01_25478,three models (z),architectural_appearance,False,0.6676904527404733,0.9941255720798196,0.3360802291455969,0.33161022359487646
A01_6127,three models (z),architectural_appearance,True,0.8309080124101466,0.8309080124101466,1.1573431317494929,-0.3264351193393463
A01_7,three models (z),architectural_appearance,True,0.9216382760657463,0.4992977888152699,1.1573431317494929,-0.23570485568374655
A01_85,three models (z),architectural_appearance,False,1.393047987433239,-0.06284218620782271,0.2687680373870538,1.1242799500461853
A02_25478,three models (z),architectural_appearance,True,0.43198559705672696,-0.22088464162196553,-0.08108515384934911,0.5130707509060761
A02_6127,three models (z),architectural_appearance,True,1.4655352834473125,-0.513775849610886,0.2453499654899971,1.2201853179573154
A02_7,three models (z),architectural_appearance,True,1.6287528431169858,0.43198559705672696,0.6676904527404733,0.9610623903765124
A02_85,three models (z),architectural_appearance,False,-0.047541242498923296,-0.8402109689502321,0.04836412541220675,-0.09590536791113005
A04_25478,three models (z),architectural_appearance,True,0.5717850848293433,-0.2832460981826697,-0.0527163467544536,0.6245014315837969
A04_6127,three models (z),architectural_appearance,True,0.2635929331315235,-0.21593390642412671,-0.18734073027153972,0.4509336634030632
A04_7,three models (z),architectural_appearance,True,0.4268104928011966,-0.2546529220300828,-0.3505582899412128,0.7773687827424094
A04_85,three models (z),architectural_appearance,True,-1.3167957845732552,-1.0606148809250793,0.2635929331315235,-1.5803887177047786
A07_25478,three models (z),architectural_appearance,True,-0.3505582899412128,0.43198559705672696,-0.29854704189156916,-0.05201124804964363
A07_6127,three models (z),architectural_appearance,True,0.9216382760657463,0.3360802291455969,-0.8606870169146618,1.782325292980408
A07_7,three models (z),architectural_appearance,True,-0.9933026891665362,-0.456589497305712,0.17286266947592374,-1.1661653586424598
A07_85,three models (z),architectural_appearance,False,0.43198559705672696,-1.4156431764170125,0.014820214061780948,0.417165382994946
A08_25478,three models (z),architectural_appearance,True,0.1442694933233368,0.5197738367796997,0.7584207163960731,-0.6141512230727363
A08_6127,three models (z),architectural_appearance,True,1.1573431317494929,-0.135329482221896,1.393047987433239,-0.23570485568374622
A08_7,three models (z),architectural_appearance,True,0.19628074137298043,-0.18734073027153972,0.43198559705672696,-0.23570485568374652
A08_85,three models (z),architectural_appearance,True,0.17286266947592374,0.30231194873747963,0.5380168044212261,-0.36515413494530236
A09_25478,three models (z),architectural_appearance,True,0.10555047771738069,0.9941255720798196,0.43198559705672696,-0.32643511933934627
A09_6127,three models (z),architectural_appearance,True,0.43198559705672696,0.051306149344833685,0.10555047771738069,0.32643511933934627
A09_7,three models (z),architectural_appearance,True,1.0666128680938929,0.3360802291455969,-0.9494085693050498,2.0160214373989427
A09_85,three models (z),architectural_appearance,False,1.864457698800732,-0.22088464162196553,0.7219347811130205,1.1425229176877116
A11_25478,three models (z),architectural_appearance,True,0.03306318170330733,-0.06284218620782271,0.5044728930708002,-0.4714097113674929
A11_6127,three models (z),architectural_appearance,True,-0.456589497305712,-1.2238324405947523,0.2687680373870538,-0.7253575346927659
A11_7,three models (z),architectural_appearance,True,-0.5862631456249593,-0.3066641700797264,0.03306318170330733,-0.6193263273282666
A11_85,three models (z),architectural_appearance,True,0.2687680373870538,-0.11485343425746636,-0.11485343425746636,0.38362147164452015
A13_25478,three models (z),architectural_appearance,False,1.1908870430999186,-0.9126982649643054,0.4033924209041399,0.7874946221957786
A13_6127,three models (z),architectural_appearance,True,-1.3197378085058824,-0.18734073027153972,0.17286266947592374,-1.492600477981806
A13_7,three models (z),architectural_appearance,True,-0.13015437796636578,0.004470005550720357,0.19628074137298043,-0.3264351193393462
A13_85,three models (z),architectural_appearance,True,0.9551821874161721,-1.018953841386496,-1.1565202488362092,2.111702436252381
A15_25478,three models (z),architectural_appearance,True,0.2687680373870538,-0.11485343425746636,0.41374262941520046,-0.14497459202814666
A15_6127,three models (z),architectural_appearance,False,-0.22088464162196553,0.4992977888152699,0.2687680373870538,-0.4896526790090193
A15_7,three models (z),architectural_appearance,False,-2.6900728227468744,-1.5115485443281422,-0.22088464162196553,-2.469188181124909
A15_85,three models (z),architectural_appearance,False,-1.5473255360014715,-2.8379894387076483,0.5769601890848737,-2.124285725086345
A22_25478,three models (z),architectural_appearance,True,0.6676904527404733,0.7584207163960731,0.9216382760657463,-0.253947823325273
A22_6127,three models (z),architectural_appearance,True,0.2687680373870538,-0.4383465296641856,0.6676904527404733,-0.39892241535341955
A22_7,three models (z),architectural_appearance,True,0.2687680373870538,0.3412553334011272,0.2687680373870538,0.0
A22_85,three models (z),architectural_appearance,True,0.3126621572485402,0.12085142142628014,1.1573431317494929,-0.8446809745009527
A25_25478,three models (z),architectural_appearance,True,1.0614377638383627,0.04836412541220675,-0.32196511378862586,1.3834028776269887
A25_6127,three models (z),architectural_appearance,True,-0.18734073027153972,-0.18734073027153972,-0.06284218620782271,-0.124498544063717
A25_7,three models (z),architectural_appearance,True,0.43198559705672696,-0.2832460981826697,0.6676904527404733,-0.23570485568374638
A25_85,three models (z),architectural_appearance,True,0.19628074137298043,-0.7055865854331461,-0.513775849610886,0.7100565909838664
A26_25478,three models (z),architectural_appearance,True,0.009645109806250643,-2.337986551187569,-1.3197378085058824,1.329382918312133
A26_6127,three models (z),architectural_appearance,True,0.5227158607123267,0.009645109806250643,0.10555047771738069,0.417165382994946
A26_7,three models (z),architectural_appearance,True,0.8309080124101466,0.5952031567264,-0.6902856417242466,1.5211936541343931
A26_85,three models (z),architectural_appearance,False,-2.5502733349742583,-2.3665797273401554,-1.7267773520474592,-0.8234959829267992
A27_25478,three models (z),architectural_appearance,True,0.43198559705672696,0.009645109806250643,-0.49847490590198645,0.9304605029587134
A27_6127,three models (z),architectural_appearance,True,-0.07613441865151023,0.4810548211737436,0.21675678933741016,-0.2928912079889204
A27_7,three models (z),architectural_appearance,True,0.9216382760657463,0.3360802291455969,-0.14344661041005335,1.0650848864757996
A27_85,three models (z),architectural_appearance,True,0.5952031567264,-1.371749056555526,-0.11485343425746636,0.7100565909838663
B01_25478,three models (z),architectural_appearance,True,0.03306318170330733,-0.41269537744422563,-0.22088464162196553,0.2539478233252729
B01_6127,three models (z),architectural_appearance,True,-0.2107588021685964,-0.4383465296641856,-1.0759158246339784,0.865157022465382
B01_7,three models (z),architectural_appearance,True,0.2687680373870538,-0.22088464162196553,0.6676904527404733,-0.39892241535341955
B01_85,three models (z),architectural_appearance,True,-0.6740513853479321,0.7584207163960731,-0.047541242498923296,-0.6265101428490087
B02_25478,three models (z),architectural_appearance,True,0.43198559705672696,0.03306318170330733,0.3412553334011272,0.09073026365559977
B02_6127,three models (z),architectural_appearance,True,0.7584207163960731,-1.021895865319123,0.10555047771738069,0.6528702386786924
B02_7,three models (z),architectural_appearance,False,-0.22088464162196553,-1.8951700159726625,-0.36880125758273924,0.1479166159607737
B02_85,three models (z),architectural_appearance,True,-1.7553705282000462,-1.467654424466656,-2.014493455780849,0.2591229275808027
B04_25478,three models (z),architectural_appearance,True,0.5227158607123267,-0.27807099392713946,0.9941255720798196,-0.4714097113674929
B04_6127,three models (z),architectural_appearance,False,0.7584207163960731,0.5380168044212261,0.7584207163960731,0.0
B04_7,three models (z),architectural_appearance,True,-0.16686468230710993,-0.6045061132664856,0.2687680373870538,-0.43563271969416373
B04_85,three models (z),architectural_appearance,True,-0.6616924655716596,-0.27807099392713946,-2.0187352473689644,1.3570427817973048
B06_25478,three models (z),architectural_appearance,False,0.6676904527404733,0.9033953084242198,0.9216382760657463,-0.253947823325273
B06_6127,three models (z),architectural_appearance,True,0.5717850848293433,0.43198559705672696,0.43198559705672696,0.13979948777261636
B06_7,three models (z),architectural_appearance,True,0.10555047771738069,0.03306318170330733,0.43198559705672696,-0.32643511933934627
B06_85,three models (z),architectural_appearance,True,0.37479924475155296,0.04836412541220675,0.37479924475155296,0.0
B08_25478,three models (z),architectural_appearance,False,0.7584207163960731,0.0769573015647937,0.7584207163960731,0.0
B08_6127,three models (z),architectural_appearance,False,0.7584207163960731,0.04836412541220675,0.6676904527404733,0.09073026365559977
B08_7,three models (z),architectural_appearance,True,0.9941255720798196,0.5044728930708002,0.2687680373870538,0.7253575346927658
B08_85,three models (z),architectural_appearance,False,0.43198559705672696,0.5952031567264,0.10555047771738069,0.32643511933934627
B09_25478,three models (z),architectural_appearance,True,0.9941255720798196,-1.4933055766866161,-1.275843688644396,2.2699692607242157
B09_6127,three models (z),architectural_appearance,True,0.2687680373870538,-0.11485343425746636,-0.018948066346336317,0.2877161037333901
B09_7,three models (z),architectural_appearance,False,-1.1279270726836221,-1.3298636479592514,-1.5554426641896288,0.4275155915060067
B09_85,three models (z),architectural_appearance,False,-1.1565202488362092,-1.5473255360014715,-0.31679000953309555,-0.8397302393031136
B12_25478,three models (z),architectural_appearance,True,0.7584207163960731,0.7584207163960731,1.4655352834473125,-0.7071145670512394
B12_6127,three models (z),architectural_appearance,True,0.7584207163960731,0.7584207163960731,0.9941255720798196,-0.23570485568374644
B12_7,three models (z),architectural_appearance,True,1.2115874601220398,0.5769601890848737,-0.3739763618382695,1.5855638219603092
B12_85,three models (z),architectural_appearance,False,-0.10472759480409725,0.37479924475155296,0.46258748447452575,-0.567315079278623
B14_25478,three models (z),architectural_appearance,True,0.10555047771738069,-0.27807099392713946,0.2687680373870538,-0.1632175596696731
B14_6127,three models (z),architectural_appearance,True,0.2687680373870538,0.2687680373870538,0.9941255720798196,-0.7253575346927658
B14_7,three models (z),architectural_appearance,True,-0.22088464162196553,-0.6045061132664856,-0.6922943529894584,0.4714097113674929
B14_85,three models (z),architectural_appearance,True,-0.13015437796636578,0.10555047771738069,0.43198559705672696,-0.5621399750230928
B15_25478,three models (z),architectural_appearance,True,0.2687680373870538,-1.7033592801504025,0.12085142142628014,0.14791661596077366
B15_6127,three models (z),architectural_appearance,True,0.6676904527404733,0.17286266947592374,1.6287528431169858,-0.9610623903765124
B15_7,three models (z),architectural_appearance,True,0.04836412541220675,-0.5423690257634729,-0.047541242498923296,0.09590536791113005
B15_85,three models (z),architectural_appearance,True,-1.467654424466656,-1.0840329528221357,0.2840689810959532,-1.7517234055626092
B19_25478,three models (z),architectural_appearance,True,0.5044728930708002,-1.4259933849280728,0.2687680373870538,0.23570485568374644
B19_6127,three models (z),architectural_appearance,True,-0.6382743936746028,-1.0371968090280224,-1.4331772004488152,0.7949028067742124
B19_7,three models (z),architectural_appearance,True,0.6676904527404733,-2.454367967063128,-1.783030391685218,2.450720844425691
B19_85,three models (z),architectural_appearance,True,0.19628074137298043,-1.1851134249887962,0.43198559705672696,-0.23570485568374652
B20_25478,three models (z),architectural_appearance,True,1.393047987433239,0.7584207163960731,1.393047987433239,0.0
B20_6127,three models (z),architectural_appearance,True,0.9941255720798196,0.6625153484849431,0.2687680373870538,0.7253575346927658
B20_7,three models (z),architectural_appearance,True,0.8309080124101466,0.8309080124101466,1.0819138118027924,-0.2510057993926459
B20_85,three models (z),architectural_appearance,True,0.2687680373870538,-0.22088464162196553,0.43198559705672696,-0.16321755966967316
B23_25478,three models (z),architectural_appearance,True,0.10555047771738069,0.3360802291455969,0.10555047771738069,0.0
B23_6127,three models (z),architectural_appearance,True,0.8074899405130899,0.4992977888152699,0.9941255720798196,-0.1866356315667297
B23_7,three models (z),architectural_appearance,True,0.5717850848293433,-0.18734073027153972,0.43198559705672696,0.13979948777261636
B23_85,three models (z),architectural_appearance,True,0.9941255720798196,-1.029079680839865,-0.4383465296641856,1.4324721017440052
B25_25478,three models (z),architectural_appearance,True,0.5952031567264,0.9216382760657463,0.4992977888152699,0.09590536791113008
B25_6127,three models (z),architectural_appearance,True,0.7584207163960731,0.9216382760657463,-1.0729738007013516,1.8313945170974248
B25_7,three models (z),architectural_appearance,False,1.1391001641079663,-1.2208904166621253,0.7584207163960731,0.3806794477118932
B25_85,three models (z),architectural_appearance,False,1.5745085147444386,0.04836412541220675,0.5380168044212261,1.0364917103232125
B26_25478,three models (z),architectural_appearance,True,0.43198559705672696,-0.2107588021685964,0.10555047771738069,0.32643511933934627
B26_6127,three models (z),architectural_appearance,True,0.5769601890848737,0.2687680373870538,1.3748050197917128,-0.7978448307068391
B26_7,three models (z),architectural_appearance,True,0.2687680373870538,0.014820214061780948,0.2687680373870538,0.0
B26_85,three models (z),architectural_appearance,True,-0.22088464162196553,-1.275843688644396,0.04836412541220675,-0.2692487670341723
B27_25478,three models (z),architectural_appearance,True,-0.13015437796636578,-0.18734073027153972,0.2687680373870538,-0.39892241535341955
B27_6127,three models (z),architectural_appearance,True,0.6859334203819998,-1.311620680317725,0.2687680373870538,0.417165382994946
B27_7,three models (z),architectural_appearance,True,0.2687680373870538,0.1003753734618504,0.03306318170330733,0.23570485568374647
B27_85,three models (z),architectural_appearance,True,0.2687680373870538,-0.11485343425746636,0.2687680373870538,0.0
B29_25478,three models (z),architectural_appearance,True,0.40856752515967026,-0.06284218620782271,0.10555047771738069,0.3030170474422896
B29_6127,three models (z),architectural_appearance,False,0.03306318170330733,-0.2546529220300828,0.43198559705672696,-0.3989224153534196
B29_7,three models (z),architectural_appearance,True,0.43198559705672696,-0.2260597458774958,1.0614377638383627,-0.6294521667816357
B29_85,three models (z),architectural_appearance,False,0.10555047771738069,0.009645109806250643,-0.11485343425746636,0.22040391197484704
C01_25478,three models (z),architectural_appearance,True,-0.552494865216842,-1.4208182806725427,0.04836412541220675,-0.6008589906290487
C01_6127,three models (z),architectural_appearance,True,0.2687680373870538,0.2687680373870538,0.5044728930708002,-0.23570485568374644
C01_7,three models (z),architectural_appearance,False,0.43198559705672696,-1.0759158246339784,0.19628074137298043,0.23570485568374652
C01_85,three models (z),architectural_appearance,True,-1.6074539122392724,-0.6668675698271899,-1.2157153124065951,-0.3917385998326772
C02_25478,three models (z),architectural_appearance,True,-0.456589497305712,-1.8951700159726625,-0.8688041451028191,0.4122146477971071
C02_6127,three models (z),architectural_appearance,True,0.04836412541220675,0.3360802291455969,0.43198559705672696,-0.3836214716445202
C02_7,three models (z),architectural_appearance,False,0.03306318170330733,-0.2260597458774958,0.1003753734618504,-0.06731219175854306
C02_85,three models (z),architectural_appearance,True,-0.7188788178768335,-2.2706743594290253,-0.3505582899412128,-0.3683205279356207
C04_25478,three models (z),architectural_appearance,True,0.2635929331315235,-0.0241231706018666,-0.07095931439597995,0.33455224752750345
C04_6127,three models (z),architectural_appearance,True,0.1003753734618504,-0.609681217522016,-0.609681217522016,0.7100565909838664
C04_7,three models (z),architectural_appearance,True,0.19628074137298043,0.19628074137298043,-0.4464636578523429,0.6427443992253233
C04_85,three models (z),architectural_appearance,True,0.5227158607123267,-0.0241231706018666,-0.06284218620782271,0.5855580469201493
C05_25478,three models (z),architectural_appearance,True,0.03306318170330733,-0.2832460981826697,0.03306318170330733,0.0
C05_6127,three models (z),architectural_appearance,True,-1.5525006402570016,-0.3505582899412128,-0.3505582899412128,-1.2019423503157889
C05_7,three models (z),architectural_appearance,True,-0.552494865216842,-0.2832460981826697,-0.38927730554716894,-0.16321755966967305
C05_85,three models (z),architectural_appearance,True,-2.262557231240868,-1.0086036328754355,-0.6769934092805591,-1.5855638219603088
C06_25478,three models (z),architectural_appearance,True,0.2687680373870538,0.17286266947592374,0.2687680373870538,0.0
C06_6127,three models (z),architectural_appearance,False,0.43198559705672696,-0.11485343425746636,0.0769573015647937,0.35502829549193327
C06_7,three models (z),architectural_appearance,False,-0.6045061132664856,-0.8402109689502321,-0.22088464162196553,-0.3836214716445201
C06_85,three models (z),architectural_appearance,True,-0.22088464162196553,-0.7963168490887457,0.43198559705672696,-0.6528702386786924
C07_25478,three models (z),architectural_appearance,True,0.35949830104265357,0.8309080124101466,0.19628074137298043,0.16321755966967313
C07_6127,three models (z),architectural_appearance,True,1.1573431317494929,0.6859334203819998,1.4655352834473125,-0.30819215169781966
C07_7,three models (z),architectural_appearance,False,0.9216382760657463,-0.12002853851299665,0.9941255720798196,-0.07248729601407322
C07_85,three models (z),architectural_appearance,True,0.9216382760657463,0.7350026444990165,0.5380168044212261,0.3836214716445202
C08_25478,three models (z),architectural_appearance,True,0.10555047771738069,0.43198559705672696,-0.456589497305712,0.5621399750230927
C08_6127,three models (z),architectural_appearance,True,-0.057667081952292455,0.04836412541220675,-1.0239045765843349,0.9662374946320424
C08_7,three models (z),architectural_appearance,True,-0.2933719376360389,-0.6045061132664856,-0.9800104567228486,0.6866385190868096
C08_85,three models (z),architectural_appearance,True,-1.2573763519451782,-1.7940895438060025,-0.9279992086732048,-0.3293771432719733
C09_25478,three models (z),architectural_appearance,True,-0.22088464162196553,-1.4536532484132447,0.0769573015647937,-0.2978419431867592
C09_6127,three models (z),architectural_appearance,True,0.9033953084242198,-0.22088464162196553,-0.057667081952292455,0.9610623903765122
C09_7,three models (z),architectural_appearance,True,0.2687680373870538,-0.3505582899412128,0.15439533277670595,0.11437270461034785
C09_85,three models (z),architectural_appearance,False,-0.1535724498634225,-0.3066641700797264,0.5952031567264,-0.7487756065898226
C10_25478,three models (z),architectural_appearance,False,-0.8372689450176051,0.6676904527404733,0.9216382760657463,-1.7589072210833514
C10_6127,three models (z),architectural_appearance,True,0.04836412541220675,-0.11485343425746636,-0.41269537744422563,0.4610595028564324
C10_7,three models (z),architectural_appearance,True,0.2687680373870538,-0.456589497305712,0.2687680373870538,0.0
C10_85,three models (z),architectural_appearance,False,-1.311620680317725,-0.4669397058167726,-0.7963168490887457,-0.5153038312289794
C11_25478,three models (z),architectural_appearance,True,0.6829913964493728,-0.5943802738131165,0.9033953084242198,-0.220403911974847
C11_6127,three models (z),architectural_appearance,True,0.9033953084242198,0.5197738367796997,0.44728654076562635,0.45610876765859343
C11_7,three models (z),architectural_appearance,True,0.37479924475155296,0.12085142142628014,0.5819109242827124,-0.20711167953115944
C11_85,three models (z),architectural_appearance,True,0.5044728930708002,-0.2107588021685964,-0.042366138243393005,0.5468390313141932
C12_25478,three models (z),architectural_appearance,True,-0.9259904974079931,-0.11485343425746636,-0.5709622019160598,-0.35502829549193327
C12_6127,three models (z),architectural_appearance,True,0.03306318170330733,-0.3505582899412128,0.1442694933233368,-0.11120631162002947
C12_7,three models (z),architectural_appearance,True,-0.039424114310765944,-0.039424114310765944,-0.3505582899412128,0.3111341756304469
C12_85,three models (z),architectural_appearance,True,0.2687680373870538,0.9216382760657463,0.19628074137298043,0.07248729601407336
C13_25478,three models (z),architectural_appearance,False,0.43198559705672696,-0.513775849610886,-0.2546529220300828,0.6866385190868097
C13_6127,three models (z),architectural_appearance,True,1.0848558357354194,0.43198559705672696,0.9216382760657463,0.1632175596696731
C13_7,three models (z),architectural_appearance,True,0.17286266947592374,-0.13015437796636578,0.43198559705672696,-0.25912292758080324
C13_85,three models (z),architectural_appearance,False,1.6287528431169858,0.1003753734618504,-0.22088464162196553,1.8496374847389512
C14_25478,three models (z),architectural_appearance,True,-1.9910753838837927,-1.3769241608110565,-1.0453139372161797,-0.945761446667613
C14_6127,three models (z),architectural_appearance,True,-0.11485343425746636,-0.3739763618382695,-0.6616924655716596,0.5468390313141933
C14_7,three models (z),architectural_appearance,True,-0.7443056010391021,-3.0012069983773215,-0.27807099392713946,-0.4662346071119627
C14_85,three models (z),architectural_appearance,True,-1.6769991843207188,-1.1637040643569512,-1.7033592801504025,0.026360095829683683
C15_25478,three models (z),architectural_appearance,True,0.2687680373870538,0.7584207163960731,0.45246164502115666,-0.18369360763410286
C15_6127,three models (z),architectural_appearance,True,0.9216382760657463,0.17286266947592374,0.9216382760657463,0.0
C15_7,three models (z),architectural_appearance,True,0.6625153484849431,-0.18734073027153972,-0.8424440492731353,1.5049593977580784
C15_85,three models (z),architectural_appearance,True,0.9216382760657463,0.9216382760657463,0.9216382760657463,0.0
C16_25478,three models (z),architectural_appearance,True,0.5044728930708002,-0.018948066346336317,0.2687680373870538,0.23570485568374644
C16_6127,three models (z),architectural_appearance,True,1.1573431317494929,0.2687680373870538,0.10555047771738069,1.0517926540321123
C16_7,three models (z),architectural_appearance,True,0.43198559705672696,0.2687680373870538,0.2453499654899971,0.18663563156672985
C16_85,three models (z),architectural_appearance,True,0.10555047771738069,-0.6045061132664856,-0.7677236729361588,0.8732741506535395
C17_25478,three models (z),architectural_appearance,True,0.6676904527404733,-1.0034285286199052,-0.3505582899412128,1.0182487426816862
C17_6127,three models (z),architectural_appearance,True,0.40856752515967026,0.3360802291455969,-0.2107588021685964,0.6193263273282666
C17_7,three models (z),architectural_appearance,True,0.19628074137298043,-0.42304558595528613,-0.13827150615452302,0.33455224752750345
C17_85,three models (z),architectural_appearance,True,0.43198559705672696,-0.18734073027153972,-0.5628450737279026,0.9948306707846295
C18_25478,three models (z),architectural_appearance,True,0.2687680373870538,0.2687680373870538,0.43198559705672696,-0.16321755966967316
C18_6127,three models (z),architectural_appearance,True,0.43198559705672696,0.3360802291455969,0.6676904527404733,-0.23570485568374638
C18_7,three models (z),architectural_appearance,True,0.43198559705672696,0.1003753734618504,0.37479924475155296,0.05718635230517399
C18_85,three models (z),architectural_appearance,True,0.43198559705672696,0.21158168508187983,1.1573431317494929,-0.7253575346927659
C19_25478,three models (z),architectural_appearance,True,-0.8402109689502321,-1.1279270726836221,-2.1747689915178956,1.3345580225676636
C19_6127,three models (z),architectural_appearance,True,-0.039424114310765944,-0.8402109689502321,-0.06284218620782271,0.023418071897056768
C19_7,three models (z),architectural_appearance,True,0.49412268455973973,-0.18734073027153972,0.04836412541220675,0.445758559147533
C19_85,three models (z),architectural_appearance,True,0.43198559705672696,0.7584207163960731,0.6859334203819998,-0.2539478233252728
C20_25478,three models (z),architectural_appearance,True,-0.36585923365011225,-0.3505582899412128,-0.4178704816997559,0.05201124804964363
C20_6127,three models (z),architectural_appearance,True,-0.06284218620782271,-0.18734073027153972,-0.7260626333975756,0.6632204471897529
C20_7,three models (z),architectural_appearance,True,-1.6923001280296184,-0.6301572654864457,-0.7260626333975756,-0.9662374946320428
C20_85,three models (z),architectural_appearance,True,-0.456589497305712,-0.2260597458774958,-1.2157153124065951,0.7591258151008831
A01_25478,three models (z),representation_quality,False,0.7607470593180173,0.9610627022640599,-0.022609708454798334,0.7833567677728157
A01_6127,three models (z),representation_quality,True,0.6522767244775145,0.7607470593180173,1.0715859103972087,-0.41930918591969424
A01_7,three models (z),representation_quality,True,-0.03194865846860232,0.07652167637189951,0.7054854552514424,-0.7374341137200446
A01_85,three models (z),representation_quality,False,0.13906935715963276,0.387360527451092,-1.1095192505856464,1.2485886077452792
A02_25478,three models (z),representation_quality,True,-0.5410502792011908,-0.12174109328149552,-0.013270758440992791,-0.527779520760198
A02_6127,three models (z),representation_quality,True,0.5510924663581697,0.2475396920001355,1.1800562452377115,-0.6289637788795418
A02_7,three models (z),representation_quality,True,1.0695330371045626,0.5970151204109396,0.859878444144715,0.20965459295984756
A02_85,three models (z),representation_quality,False,-0.1624305439057541,-0.6808711146521472,-0.06124628578640926,-0.10118425811934484
A04_25478,three models (z),representation_quality,True,1.2791876300644094,0.19022521464091366,0.13496361057433806,1.1442240194900712
A04_6127,three models (z),representation_quality,True,1.2145870759840298,1.113402817864685,1.0601940870907571,0.1543929888932727
A04_7,three models (z),representation_quality,True,1.2145870759840298,0.5542727964940333,0.9058010981974851,0.3087859777865447
A04_85,three models (z),representation_quality,True,0.08175487980041092,0.24548681870748854,1.2145870759840298,-1.132832196183619
A07_25478,three models (z),representation_quality,True,-0.22087247810819344,-0.06647948921492068,-0.33139568624134313,0.1105232081331497
A07_6127,three models (z),representation_quality,True,0.1317832804384744,0.18704488450504927,-1.372382574319422,1.5041658547578964
A07_7,three models (z),representation_quality,True,-1.140869751196101,-0.12174109328149552,-0.12174109328149552,-1.0191286579146055
A07_85,three models (z),representation_quality,False,0.2975680926381997,-2.8494569954853346,-0.12174109328149552,0.41930918591969524
A08_25478,three models (z),representation_quality,True,-0.07058523580021485,0.4551414116673362,0.2382007419863306,-0.30878597778654543
A08_6127,three models (z),representation_quality,True,1.3783190148911075,-0.0778713125213732,0.6502238511848675,0.7280951637062401
A08_7,three models (z),representation_quality,True,0.49583086229159473,-0.3282153561054794,-0.37937121358675957,0.8752020758783543
A08_85,three models (z),representation_quality,True,-0.06124628578640926,0.03583222574764091,-0.22908397127878066,0.1678376854923714
A09_25478,three models (z),representation_quality,True,-0.6881571913733051,0.44262213151766683,-0.23431717470729208,-0.45384001666601304
A09_6127,three models (z),representation_quality,True,0.44262213151766683,0.1777059344912444,-0.386657290307918,0.8292794218255848
A09_7,three models (z),representation_quality,True,0.24230648857162485,0.23296753855781924,-0.7215605652764058,0.9638670538480306
A09_85,three models (z),representation_quality,False,1.0142714330379878,0.1890977577976969,-0.3241096095201848,1.3383810425581726
A11_25478,three models (z),representation_quality,True,0.7514081093042123,0.5970151204109396,0.3487239501194804,0.40268415918473194
A11_6127,three models (z),representation_quality,True,-0.33139568624134313,-0.2176921479723297,-0.5963118832677647,0.2649161970264216
A11_7,three models (z),representation_quality,True,-0.791394322785297,0.09109382981421581,0.34143787339832204,-1.132832196183619
A11_85,three models (z),representation_quality,True,0.5970151204109396,0.19956416465471857,-0.27295375203890454,0.8699688724498442
A13_25478,three models (z),representation_quality,False,1.166611548638613,0.037885099040287924,0.24025361527897715,0.9263579333596359
A13_6127,three models (z),representation_quality,True,-1.039685493076756,-0.010090428305129046,0.49583086229159473,-1.5355163553683508
A13_7,three models (z),representation_quality,True,0.03265189561177723,0.18704488450504927,0.1317832804384744,-0.09913138482669717
A13_85,three models (z),representation_quality,True,1.3762661415984605,-0.530583872344169,-1.3505243441559485,2.726790485754409
A15_25478,three models (z),representation_quality,True,-0.7507048721610374,-0.06329915907905694,-0.27613408217476826,-0.47457078998626917
A15_6127,three models (z),representation_quality,False,-1.7323244095872479,0.5510924663581697,-0.16971662062691203,-1.5626077889603358
A15_7,three models (z),representation_quality,False,-1.567465013836954,-1.0323994163555983,-0.33139568624134313,-1.2360693275956107
A15_85,three models (z),representation_quality,False,-1.5174366131988897,-1.6999997725667526,-0.33139568624134313,-1.1860409269575465
A22_25478,three models (z),representation_quality,True,0.5510924663581697,0.859878444144715,0.2934623460529055,0.25763012030526417
A22_6127,three models (z),representation_quality,True,0.1317832804384744,0.34143787339832204,0.3487239501194804,-0.21694066968100598
A22_7,three models (z),representation_quality,True,0.1317832804384744,0.6522767244775145,-0.8539420035730295,0.9857252840115039
A22_85,three models (z),representation_quality,True,0.3487239501194804,0.6115872738532558,0.339385000105675,0.009338950013805358
A25_25478,three models (z),representation_quality,True,1.689157865970299,0.3007484227740634,0.2475396920001355,1.4416181739701635
A25_6127,three models (z),representation_quality,True,-0.2270310979861346,0.2934623460529055,0.02331294559797163,-0.2503440435841062
A25_7,three models (z),representation_quality,True,0.6522767244775145,0.3007484227740634,1.4356334922503293,-0.7833567677728148
A25_85,three models (z),representation_quality,True,0.7514081093042123,-0.27295375203890454,0.295515219345552,0.4558928899586603
A26_25478,three models (z),representation_quality,True,-0.37731834029411315,-1.8564456347526725,-1.3505243441559485,0.9732060038618353
A26_6127,three models (z),representation_quality,True,0.5949622471182926,0.5510924663581697,0.2861762693317471,0.3087859777865455
A26_7,three models (z),representation_quality,True,0.5510924663581697,0.6502238511848675,-1.3359521907136322,1.8870446570718018
A26_85,three models (z),representation_quality,False,-2.3842251555128695,-1.8564456347526725,-1.133583674474943,-1.2506414810379265
A27_25478,three models (z),representation_quality,True,-0.33139568624134313,-0.17700269734807036,-1.3964469982087184,1.0650513119673752
A27_6127,three models (z),representation_quality,True,-0.2124589445438183,0.5510924663581697,-0.013270758440992791,-0.19918818610282552
A27_7,three models (z),representation_quality,True,0.44056925822501986,0.49583086229159473,0.19956416465471857,0.24100509357030128
A27_85,three models (z),representation_quality,True,0.1317832804384744,-0.8300309001169085,-0.4180077909183717,0.5497910713568461
B01_25478,three models (z),representation_quality,True,0.1317832804384744,-0.12174109328149552,-0.12174109328149552,0.25352437371996994
B01_6127,three models (z),representation_quality,True,-0.16448341719840176,-0.49718049844106754,-0.9937628390239865,0.8292794218255848
B01_7,three models (z),representation_quality,True,0.7054854552514424,0.6063540704247445,0.5510924663581697,0.1543929888932727
B01_85,three models (z),representation_quality,True,-0.960359465120885,0.49583086229159473,0.2934623460529055,-1.2538218111737904
B02_25478,three models (z),representation_quality,True,-0.27613408217476826,-1.1147524540141578,-0.020556835162150688,-0.2555772470126176
B02_6127,three models (z),representation_quality,True,0.18704488450504927,-1.54560678367348,-0.12174109328149552,0.3087859777865448
B02_7,three models (z),representation_quality,False,0.08791349967835209,-1.6395049650716669,-0.5264781257588745,0.6143916254372266
B02_85,three models (z),representation_quality,True,-2.715022683896064,-1.8543927614600255,-2.715022683896064,0.0
B04_25478,three models (z),representation_quality,True,0.23296753855781924,-0.42529386763952964,0.44262213151766683,-0.2096545929598476
B04_6127,three models (z),representation_quality,False,0.8066697133707872,-0.4753222682775942,0.34143787339832204,0.46523183997246514
B04_7,three models (z),representation_quality,True,-0.5671675763831331,0.24230648857162485,-0.0778713125213732,-0.4892962638617599
B04_85,three models (z),representation_quality,True,-0.7215605652764058,0.037885099040287924,-1.7771196067968014,1.0555590415203957
B06_25478,three models (z),representation_quality,False,0.5510924663581697,0.859878444144715,0.02126007230532556,0.5298323940528441
B06_6127,three models (z),representation_quality,True,0.34143787339832204,-0.0778713125213732,0.03059902231912955,0.3108388510791925
B06_7,three models (z),representation_quality,True,0.7054854552514424,-0.0778713125213732,-0.2875259054812199,0.9930113607326623
B06_85,three models (z),representation_quality,True,-0.9937628390239865,-1.6759353486774564,-1.0490244430905613,0.055261604066574765
B08_25478,three models (z),representation_quality,False,0.8066697133707872,0.24025361527897715,0.34143787339832204,0.46523183997246514
B08_6127,three models (z),representation_quality,False,0.5970151204109396,0.13906935715963276,0.34143787339832204,0.2555772470126176
B08_7,three models (z),representation_quality,True,0.7054854552514424,0.6522767244775145,0.8619313174373621,-0.15644586218591972
B08_85,three models (z),representation_quality,False,-0.17700269734807036,0.6502238511848675,0.03265189561177723,-0.2096545929598476
B09_25478,three models (z),representation_quality,True,0.5970151204109396,-0.7695360926218228,-1.140869751196101,1.7378848716070405
B09_6127,three models (z),representation_quality,True,-0.17494982405542345,-0.2176921479723297,-0.06853236250756763,-0.10641746154785582
B09_7,three models (z),representation_quality,False,-1.0376326197841097,-0.17494982405542345,-0.5724007798116445,-0.4652318399724652
B09_85,three models (z),representation_quality,False,-0.6203763071570609,-0.8446030535592248,0.1890977577976969,-0.8094740649547578
B12_25478,three models (z),representation_quality,True,-0.3427875095477948,0.9058010981974851,0.7054854552514424,-1.0482729647992373
B12_6127,three models (z),representation_quality,True,0.49583086229159473,0.9610627022640599,0.9610627022640599,-0.46523183997246514
B12_7,three models (z),representation_quality,True,0.24230648857162485,0.39669947746489687,-1.769833530075643,2.0121400186472678
B12_85,three models (z),representation_quality,False,-1.2513929593292505,-0.16448341719840176,-0.9791906855816704,-0.2722022737475801
B14_25478,three models (z),representation_quality,True,-0.12174109328149552,-0.37208513686560174,0.18704488450504927,-0.3087859777865448
B14_6127,three models (z),representation_quality,True,0.8066697133707872,0.7054854552514424,0.6043011971320975,0.20236851623868968
B14_7,three models (z),representation_quality,True,0.18704488450504927,-0.31682353279902686,0.08791349967835209,0.09913138482669719
B14_85,three models (z),representation_quality,True,0.08791349967835209,0.1317832804384744,0.49583086229159473,-0.40791736261324263
B15_25478,three models (z),representation_quality,True,0.24025361527897715,-1.2274818558731295,-0.17176949391955967,0.4120231091985368
B15_6127,three models (z),representation_quality,True,0.91514004821129,-0.386657290307918,0.7054854552514424,0.20965459295984767
B15_7,three models (z),representation_quality,True,0.2475396920001355,-0.9385012349574118,-0.06329915907905694,0.31083885107919246
B15_85,three models (z),representation_quality,True,-0.7215605652764058,-0.5744536531042914,0.5031169390127531,-1.224677504289159
B19_25478,three models (z),representation_quality,True,0.49583086229159473,-1.45376147556794,-0.4857886751346159,0.9816195374262107
B19_6127,three models (z),representation_quality,True,-0.7861611193567862,-0.7381855920113697,-1.372382574319422,0.5862214549626358
B19_7,three models (z),representation_quality,True,0.8619313174373621,-1.1961313552626758,-1.5747510905581115,2.4366824079954736
B19_85,three models (z),representation_quality,True,0.34143787339832204,-1.133583674474943,0.34143787339832204,0.0
B20_25478,three models (z),representation_quality,True,0.49583086229159473,0.34143787339832204,-0.2802398287600625,0.7760706910516573
B20_6127,three models (z),representation_quality,True,0.9610627022640599,0.5417535163443646,0.44262213151766683,0.518440570746393
B20_7,three models (z),representation_quality,True,0.8066697133707872,0.5970151204109396,0.19956416465471857,0.6071055487160686
B20_85,three models (z),representation_quality,True,-0.4857886751346159,-0.33139568624134313,-1.5747510905581115,1.0889624154234956
B23_25478,three models (z),representation_quality,True,-0.12174109328149552,0.49583086229159473,-0.5942590099751187,0.4725179166936232
B23_6127,three models (z),representation_quality,True,0.8066697133707872,0.7514081093042123,0.7054854552514424,0.10118425811934484
B23_7,three models (z),representation_quality,True,0.5510924663581697,0.037885099040287924,0.5970151204109396,-0.04592265405276996
B23_85,three models (z),representation_quality,True,0.44262213151766683,0.1777059344912444,-0.2875259054812199,0.7301480369988868
B25_25478,three models (z),representation_quality,True,0.18704488450504927,0.23091466526517226,0.037885099040287924,0.14915978546476136
B25_6127,three models (z),representation_quality,True,0.44262213151766683,0.9610627022640599,-0.5942590099751187,1.0368811414927857
B25_7,three models (z),representation_quality,False,0.5510924663581697,-1.0010489157451437,0.3946466041722499,0.15644586218591977
B25_85,three models (z),representation_quality,False,1.3689800648773025,-0.37208513686560174,-0.7475245420251738,2.116504606902476
B26_25478,three models (z),representation_quality,True,0.34143787339832204,-0.4732693949849465,-0.37937121358675957,0.7208090869850816
B26_6127,three models (z),representation_quality,True,0.08791349967835209,0.34143787339832204,0.5510924663581697,-0.46317896667981756
B26_7,three models (z),representation_quality,True,0.5510924663581697,0.08791349967835209,0.7054854552514424,-0.1543929888932727
B26_85,three models (z),representation_quality,True,-0.5869729332539607,-0.8227448233957507,-0.37208513686560174,-0.21488779638835898
B27_25478,three models (z),representation_quality,True,0.34143787339832204,-0.06329915907905694,-0.53581707577268,0.877254949171002
B27_6127,three models (z),representation_quality,True,0.44056925822501986,-1.0542576465190716,0.1317832804384744,0.3087859777865455
B27_7,three models (z),representation_quality,True,-0.386657290307918,0.34143787339832204,-1.1700140580807326,0.7833567677728146
B27_85,three models (z),representation_quality,True,0.1317832804384744,-0.01942937831893395,-1.1095192505856464,1.2413025310241208
B29_25478,three models (z),representation_quality,True,0.5510924663581697,-0.17700269734807036,-0.07058523580021485,0.6216777021583845
B29_6127,three models (z),representation_quality,False,-0.0778713125213732,0.7054854552514424,0.859878444144715,-0.9377497566660883
B29_7,three models (z),representation_quality,True,0.34143787339832204,0.5970151204109396,1.0142714330379878,-0.6728335596396657
B29_85,three models (z),representation_quality,False,-0.3241096095201848,0.7054854552514424,-0.791394322785297,0.4672847132651122
C01_25478,three models (z),representation_quality,True,-0.12174109328149552,-0.2583815985965882,-0.37937121358675957,0.25763012030526405
C01_6127,three models (z),representation_quality,True,0.5510924663581697,0.03265189561177723,0.6522767244775145,-0.10118425811934484
C01_7,three models (z),representation_quality,False,0.7054854552514424,0.08791349967835209,-0.12174109328149552,0.8272265485329379
C01_85,three models (z),representation_quality,True,-0.6203763071570609,-0.36685193343709105,-0.12174109328149552,-0.4986352138755654
C02_25478,three models (z),representation_quality,True,0.08791349967835209,-0.6099099003000393,0.3539571535479913,-0.2660436538696392
C02_6127,three models (z),representation_quality,True,0.44990820823882477,0.7607470593180173,0.8046168400781402,-0.3547086318393154
C02_7,three models (z),representation_quality,False,0.5510924663581697,0.7054854552514424,0.49583086229159473,0.05526160406657493
C02_85,three models (z),representation_quality,True,-0.3616187300085801,-1.2827434599397045,-0.06124628578640926,-0.3003724442221708
C04_25478,three models (z),representation_quality,True,-0.12174109328149552,-0.6922629379585988,-0.056013082357899,-0.06572801092359651
C04_6127,three models (z),representation_quality,True,0.07652167637189951,-0.010090428305129046,0.037885099040287924,0.038636577331611584
C04_7,three models (z),representation_quality,True,-0.0778713125213732,0.34143787339832204,0.04517117576144584,-0.12304248828281905
C04_85,three models (z),representation_quality,True,-0.0778713125213732,0.19227808793356063,-0.49718049844106754,0.41930918591969435
C05_25478,three models (z),representation_quality,True,-0.12174109328149552,0.09109382981421581,-0.0778713125213732,-0.04386978076012231
C05_6127,three models (z),representation_quality,True,-0.48260834499875216,-0.06329915907905694,-0.2270310979861346,-0.2555772470126175
C05_7,three models (z),representation_quality,True,0.08791349967835209,0.09109382981421581,0.34143787339832204,-0.25352437371996994
C05_85,three models (z),representation_quality,True,-1.8783038649161456,-0.3282153561054794,-0.27295375203890454,-1.6053501128772412
C06_25478,three models (z),representation_quality,True,0.49583086229159473,0.8046168400781402,0.44056925822501986,0.055261604066574876
C06_6127,three models (z),representation_quality,False,0.859878444144715,0.24548681870748854,0.2934623460529055,0.5664160980918096
C06_7,three models (z),representation_quality,False,0.49583086229159473,0.18704488450504927,-0.27818695546741523,0.77401781775901
C06_85,three models (z),representation_quality,True,0.24230648857162485,-0.6829239879447941,0.2861762693317471,-0.04386978076012227
C07_25478,three models (z),representation_quality,True,1.2145870759840298,1.8435508548635717,0.07652167637189951,1.1380653996121304
C07_6127,three models (z),representation_quality,True,1.2698486800506046,0.9058010981974851,0.8066697133707872,0.4631789666798174
C07_7,three models (z),representation_quality,False,0.49583086229159473,0.6554570546133781,0.7054854552514424,-0.20965459295984762
C07_85,three models (z),representation_quality,True,0.6502238511848675,0.9058010981974851,-1.1449754977813946,1.795199348966262
C08_25478,three models (z),representation_quality,True,-0.33139568624134313,-0.33139568624134313,-0.27613408217476826,-0.055261604066574876
C08_6127,three models (z),representation_quality,True,0.08791349967835209,0.0931467031068628,-0.17700269734807036,0.26491619702642244
C08_7,three models (z),representation_quality,True,-0.12174109328149552,-0.22292535140084038,-0.12174109328149552,0.0
C08_85,three models (z),representation_quality,True,-1.0428658232126202,-1.6499713719286888,-0.8978117843331527,-0.14505403887946755
C09_25478,three models (z),representation_quality,True,-1.1147524540141578,-1.7916917602391171,-1.1554419046384163,0.04068945062425855
C09_6127,three models (z),representation_quality,True,0.7054854552514424,0.08791349967835209,-1.6738824753848096,2.379367930636252
C09_7,three models (z),representation_quality,True,0.08791349967835209,-1.5267755632126947,-1.9210461888330521,2.0089596885114043
C09_85,three models (z),representation_quality,False,-1.263912239478919,-1.2493400860366037,-1.7844056835179591,0.5204934440390401
C10_25478,three models (z),representation_quality,False,-0.5963118832677647,0.6522767244775145,0.19433096122620763,-0.7906428444939724
C10_6127,three models (z),representation_quality,True,0.037885099040287924,-0.27295375203890454,-0.3241096095201848,0.3619947085604727
C10_7,three models (z),representation_quality,True,0.24230648857162485,-0.33139568624134313,0.24230648857162485,0.0
C10_85,three models (z),representation_quality,False,-0.37937121358675957,-0.22908397127878066,-1.519489486491537,1.1401182729047774
C11_25478,three models (z),representation_quality,True,-0.6829239879447941,-1.039685493076756,-0.11445501656033714,-0.568468971384457
C11_6127,three models (z),representation_quality,True,0.7054854552514424,0.19956416465471857,-0.4680361915564359,1.1735216468078782
C11_7,three models (z),representation_quality,True,-0.5785593996895856,-0.8852925041834835,-0.004857224876617633,-0.5737021748129679
C11_85,three models (z),representation_quality,True,0.5510924663581697,-1.2566261627577613,-0.16448341719840176,0.7155758835565714
C12_25478,three models (z),representation_quality,True,-0.7236134385690535,-0.1624305439057541,-0.9426069815427051,0.2189935429736516
C12_6127,three models (z),representation_quality,True,0.5970151204109396,0.19022521464091366,0.19227808793356063,0.404737032477379
C12_7,three models (z),representation_quality,True,0.44056925822501986,0.07652167637189951,0.18499201121240227,0.2555772470126176
C12_85,three models (z),representation_quality,True,0.24230648857162485,0.6961465052376375,-0.38142408687940726,0.623730575451032
C13_25478,three models (z),representation_quality,False,0.5510924663581697,-0.16448341719840176,-0.2270310979861346,0.7781235643443043
C13_6127,three models (z),representation_quality,True,1.1154556911573328,0.5970151204109396,0.6502238511848675,0.4652318399724653
C13_7,three models (z),representation_quality,True,0.1890977577976969,0.5970151204109396,0.1338361537311221,0.05526160406657482
C13_85,three models (z),representation_quality,False,1.590026481143602,0.49583086229159473,-0.4398660210818459,2.029892502225448
C14_25478,three models (z),representation_quality,True,-1.0251133396344403,-0.6244820537423555,-1.8564456347526725,0.8313322951182323
C14_6127,three models (z),representation_quality,True,0.19956416465471857,0.3487239501194804,-0.2656676753177466,0.4652318399724652
C14_7,three models (z),representation_quality,True,0.08791349967835209,-2.4301478095656392,-0.31682353279902686,0.40473703247737897
C14_85,three models (z),representation_quality,True,-1.1554419046384163,-0.33139568624134313,-1.3891609214875604,0.2337190168491441
C15_25478,three models (z),representation_quality,True,0.8066697133707872,0.02331294559797163,0.03993797233293561,0.7667317410378516
C15_6127,three models (z),representation_quality,True,0.07857454966454648,0.44262213151766683,0.2861762693317471,-0.20760171966720065
C15_7,three models (z),representation_quality,True,-0.23226430141464594,-0.8539420035730295,-0.8059664762276123,0.5737021748129664
C15_85,three models (z),representation_quality,True,-0.18839452065452203,0.5417535163443646,-0.8539420035730295,0.6655474829185075
C16_25478,three models (z),representation_quality,True,1.0142714330379878,0.3007484227740634,0.9610627022640599,0.05320873077392796
C16_6127,three models (z),representation_quality,True,1.0695330371045626,0.91514004821129,0.39669947746489687,0.6728335596396657
C16_7,three models (z),representation_quality,True,0.91514004821129,0.3507768234121276,0.39669947746489687,0.5184405707463932
C16_85,three models (z),representation_quality,True,0.91514004821129,0.2495925652927832,0.4519610815314725,0.4631789666798175
C17_25478,three models (z),representation_quality,True,0.49583086229159473,-1.1533890313457704,-1.5288284365053417,2.0246592987969363
C17_6127,three models (z),representation_quality,True,0.34143787339832204,0.7054854552514424,-0.6829239879447941,1.0243618613431162
C17_7,three models (z),representation_quality,True,-0.386657290307918,-0.2270310979861346,0.3007484227740634,-0.6874057130819814
C17_85,three models (z),representation_quality,True,-0.27818695546741523,0.387360527451092,-0.2802398287600625,0.0020528732926472504
C18_25478,three models (z),representation_quality,True,0.44262213151766683,0.03265189561177723,0.3946466041722499,0.047975527345416935
C18_6127,three models (z),representation_quality,True,0.6502238511848675,0.5510924663581697,0.859878444144715,-0.20965459295984756
C18_7,three models (z),representation_quality,True,0.24025361527897715,0.49583086229159473,0.5010640657201061,-0.26081045044112894
C18_85,three models (z),representation_quality,True,-0.8059664762276123,0.39987980760076125,0.49583086229159473,-1.301797338519207
C19_25478,three models (z),representation_quality,True,-0.11650788985298481,-0.11127468642447387,-0.5232977956230107,0.4067899057700259
C19_6127,three models (z),representation_quality,True,0.3946466041722499,0.09109382981421581,0.19227808793356063,0.20236851623868926
C19_7,three models (z),representation_quality,True,0.34667107682683335,0.09109382981421581,-0.06329915907905694,0.40997023590589027
C19_85,three models (z),representation_quality,True,0.18704488450504927,0.5010640657201061,0.6502238511848675,-0.46317896667981817
C20_25478,three models (z),representation_quality,True,0.34143787339832204,-0.27295375203890454,0.49583086229159473,-0.1543929888932727
C20_6127,three models (z),representation_quality,True,0.5510924663581697,0.34143787339832204,-0.07058523580021485,0.6216777021583845
C20_7,three models (z),representation_quality,True,-0.6422345373205356,0.07652167637189951,0.5510924663581697,-1.1933270036787054
C20_85,three models (z),representation_quality,True,-0.12174109328149552,0.34143787339832204,-0.23226430141464594,0.11052320813315042
A01_25478,openai,architectural_appearance,False,0.9620908889229661,0.9620908889229661,0.2549763218717267,0.7071145670512394
A01_6127,openai,architectural_appearance,True,0.9620908889229661,0.9620908889229661,0.9620908889229661,0.0
A01_7,openai,architectural_appearance,True,0.2549763218717267,0.2549763218717267,0.9620908889229661,-0.7071145670512394
A01_85,openai,architectural_appearance,False,1.6692054559742056,-0.4521382451795127,0.2549763218717267,1.4142291341024789
A02_25478,openai,architectural_appearance,True,0.2549763218717267,0.2549763218717267,0.9620908889229661,-0.7071145670512394
A02_6127,openai,architectural_appearance,True,2.376320023025445,-0.4521382451795127,0.9620908889229661,1.4142291341024786
A02_7,openai,architectural_appearance,True,2.376320023025445,0.2549763218717267,0.9620908889229661,1.4142291341024786
A02_85,openai,architectural_appearance,False,0.2549763218717267,-0.4521382451795127,0.2549763218717267,0.0
A04_25478,openai,architectural_appearance,True,0.9620908889229661,-0.4521382451795127,-0.4521382451795127,1.4142291341024789
A04_6127,openai,architectural_appearance,True,-0.4521382451795127,-0.4521382451795127,-0.4521382451795127,0.0
A04_7,openai,architectural_appearance,True,-0.4521382451795127,-0.4521382451795127,-0.4521382451795127,0.0
A04_85,openai,architectural_appearance,True,-2.5734819463332306,-0.4521382451795127,-0.4521382451795127,-2.1213437011537177
A07_25478,openai,architectural_appearance,True,-0.4521382451795127,0.2549763218717267,-1.159252812230752,0.7071145670512393
A07_6127,openai,architectural_appearance,True,0.2549763218717267,0.2549763218717267,-1.8663673792819915,2.121343701153718
A07_7,openai,architectural_appearance,True,-0.4521382451795127,-0.4521382451795127,0.2549763218717267,-0.7071145670512393
A07_85,openai,architectural_appearance,False,0.2549763218717267,-0.4521382451795127,0.9620908889229661,-0.7071145670512394
A08_25478,openai,architectural_appearance,True,0.2549763218717267,1.6692054559742056,0.2549763218717267,0.0
A08_6127,openai,architectural_appearance,True,0.9620908889229661,-1.159252812230752,1.6692054559742056,-0.7071145670512394
A08_7,openai,architectural_appearance,True,-0.4521382451795127,-0.4521382451795127,0.2549763218717267,-0.7071145670512393
A08_85,openai,architectural_appearance,True,0.2549763218717267,-0.4521382451795127,0.2549763218717267,0.0
A09_25478,openai,architectural_appearance,True,0.2549763218717267,0.9620908889229661,0.2549763218717267,0.0
A09_6127,openai,architectural_appearance,True,0.2549763218717267,-1.8663673792819915,0.2549763218717267,0.0
A09_7,openai,architectural_appearance,True,1.6692054559742056,0.2549763218717267,0.2549763218717267,1.4142291341024789
A09_85,openai,architectural_appearance,False,3.0834345900766844,0.2549763218717267,3.0834345900766844,0.0
A11_25478,openai,architectural_appearance,True,-0.4521382451795127,-0.4521382451795127,0.9620908889229661,-1.4142291341024789
A11_6127,openai,architectural_appearance,True,-0.4521382451795127,-0.4521382451795127,0.2549763218717267,-0.7071145670512393
A11_7,openai,architectural_appearance,True,-1.159252812230752,0.2549763218717267,-0.4521382451795127,-0.7071145670512393
A11_85,openai,architectural_appearance,True,0.2549763218717267,0.2549763218717267,0.2549763218717267,0.0
A13_25478,openai,architectural_appearance,False,0.2549763218717267,-1.159252812230752,0.2549763218717267,0.0
A13_6127,openai,architectural_appearance,True,-0.4521382451795127,-0.4521382451795127,0.2549763218717267,-0.7071145670512393
A13_7,openai,architectural_appearance,True,-0.4521382451795127,-0.4521382451795127,-0.4521382451795127,0.0
A13_85,openai,architectural_appearance,True,-0.4521382451795127,-2.5734819463332306,-0.4521382451795127,0.0
A15_25478,openai,architectural_appearance,True,0.2549763218717267,0.2549763218717267,1.6692054559742056,-1.4142291341024789
A15_6127,openai,architectural_appearance,False,0.2549763218717267,0.2549763218717267,0.2549763218717267,0.0
A15_7,openai,architectural_appearance,False,-3.9877110804357097,-0.4521382451795127,0.2549763218717267,-4.242687402307436
A15_85,openai,architectural_appearance,False,-2.5734819463332306,-3.28059651338447,1.6692054559742056,-4.242687402307436
A22_25478,openai,architectural_appearance,True,0.9620908889229661,0.2549763218717267,0.2549763218717267,0.7071145670512394
A22_6127,openai,architectural_appearance,True,0.2549763218717267,-1.8663673792819915,0.9620908889229661,-0.7071145670512394
A22_7,openai,architectural_appearance,True,0.2549763218717267,0.9620908889229661,0.2549763218717267,0.0
A22_85,openai,architectural_appearance,True,0.9620908889229661,0.9620908889229661,0.9620908889229661,0.0
A25_25478,openai,architectural_appearance,True,0.9620908889229661,0.2549763218717267,-0.4521382451795127,1.4142291341024789
A25_6127,openai,architectural_appearance,True,-0.4521382451795127,-0.4521382451795127,-0.4521382451795127,0.0
A25_7,openai,architectural_appearance,True,0.2549763218717267,-0.4521382451795127,0.9620908889229661,-0.7071145670512394
A25_85,openai,architectural_appearance,True,-0.4521382451795127,-0.4521382451795127,-0.4521382451795127,0.0
A26_25478,openai,architectural_appearance,True,0.2549763218717267,-1.8663673792819915,-0.4521382451795127,0.7071145670512393
A26_6127,openai,architectural_appearance,True,-0.4521382451795127,0.2549763218717267,0.2549763218717267,-0.7071145670512393
A26_7,openai,architectural_appearance,True,0.9620908889229661,0.2549763218717267,0.2549763218717267,0.7071145670512394
A26_85,openai,architectural_appearance,False,-3.28059651338447,-1.8663673792819915,0.2549763218717267,-3.535572835256197
A27_25478,openai,architectural_appearance,True,0.2549763218717267,0.2549763218717267,0.2549763218717267,0.0
A27_6127,openai,architectural_appearance,True,0.2549763218717267,1.6692054559742056,0.9620908889229661,-0.7071145670512394
A27_7,openai,architectural_appearance,True,0.2549763218717267,0.2549763218717267,0.2549763218717267,0.0
A27_85,openai,architectural_appearance,True,0.2549763218717267,0.2549763218717267,0.2549763218717267,0.0
B01_25478,openai,architectural_appearance,True,-0.4521382451795127,0.2549763218717267,0.2549763218717267,-0.7071145670512393
B01_6127,openai,architectural_appearance,True,0.2549763218717267,-1.8663673792819915,-1.159252812230752,1.4142291341024786
B01_7,openai,architectural_appearance,True,0.2549763218717267,0.2549763218717267,0.9620908889229661,-0.7071145670512394
B01_85,openai,architectural_appearance,True,-2.5734819463332306,0.2549763218717267,0.2549763218717267,-2.8284582682049573
B02_25478,openai,architectural_appearance,True,0.2549763218717267,-0.4521382451795127,0.9620908889229661,-0.7071145670512394
B02_6127,openai,architectural_appearance,True,0.2549763218717267,-0.4521382451795127,0.2549763218717267,0.0
B02_7,openai,architectural_appearance,False,0.2549763218717267,-0.4521382451795127,0.9620908889229661,-0.7071145670512394
B02_85,openai,architectural_appearance,True,0.2549763218717267,0.2549763218717267,0.2549763218717267,0.0
B04_25478,openai,architectural_appearance,True,-0.4521382451795127,0.2549763218717267,0.9620908889229661,-1.4142291341024789
B04_6127,openai,architectural_appearance,False,0.2549763218717267,0.2549763218717267,0.2549763218717267,0.0
B04_7,openai,architectural_appearance,True,0.9620908889229661,0.2549763218717267,0.2549763218717267,0.7071145670512394
B04_85,openai,architectural_appearance,True,0.2549763218717267,0.2549763218717267,-3.9877110804357097,4.242687402307436
B06_25478,openai,architectural_appearance,False,0.9620908889229661,1.6692054559742056,0.2549763218717267,0.7071145670512394
B06_6127,openai,architectural_appearance,True,0.9620908889229661,0.2549763218717267,0.2549763218717267,0.7071145670512394
B06_7,openai,architectural_appearance,True,0.2549763218717267,-0.4521382451795127,0.2549763218717267,0.0
B06_85,openai,architectural_appearance,True,0.2549763218717267,0.2549763218717267,0.2549763218717267,0.0
B08_25478,openai,architectural_appearance,False,0.2549763218717267,0.2549763218717267,0.2549763218717267,0.0
B08_6127,openai,architectural_appearance,False,0.2549763218717267,0.2549763218717267,0.9620908889229661,-0.7071145670512394
B08_7,openai,architectural_appearance,True,0.9620908889229661,0.9620908889229661,0.2549763218717267,0.7071145670512394
B08_85,openai,architectural_appearance,False,0.2549763218717267,0.2549763218717267,0.2549763218717267,0.0
B09_25478,openai,architectural_appearance,True,0.9620908889229661,-1.8663673792819915,0.2549763218717267,0.7071145670512394
B09_6127,openai,architectural_appearance,True,0.2549763218717267,0.2549763218717267,0.2549763218717267,0.0
B09_7,openai,architectural_appearance,False,-0.4521382451795127,-0.4521382451795127,-1.159252812230752,0.7071145670512393
B09_85,openai,architectural_appearance,False,-0.4521382451795127,-2.5734819463332306,0.2549763218717267,-0.7071145670512393
B12_25478,openai,architectural_appearance,True,0.2549763218717267,0.2549763218717267,2.376320023025445,-2.121343701153718
B12_6127,openai,architectural_appearance,True,0.2549763218717267,0.2549763218717267,0.9620908889229661,-0.7071145670512394
B12_7,openai,architectural_appearance,True,3.0834345900766844,1.6692054559742056,0.2549763218717267,2.8284582682049577
B12_85,openai,architectural_appearance,False,0.2549763218717267,0.2549763218717267,1.6692054559742056,-1.4142291341024789
B14_25478,openai,architectural_appearance,True,0.2549763218717267,0.2549763218717267,0.2549763218717267,0.0
B14_6127,openai,architectural_appearance,True,0.2549763218717267,0.2549763218717267,0.9620908889229661,-0.7071145670512394
B14_7,openai,architectural_appearance,True,0.2549763218717267,0.2549763218717267,-1.159252812230752,1.4142291341024786
B14_85,openai,architectural_appearance,True,-0.4521382451795127,0.2549763218717267,0.2549763218717267,-0.7071145670512393
B15_25478,openai,architectural_appearance,True,0.2549763218717267,-0.4521382451795127,0.9620908889229661,-0.7071145670512394
B15_6127,openai,architectural_appearance,True,0.9620908889229661,0.2549763218717267,2.376320023025445,-1.4142291341024786
B15_7,openai,architectural_appearance,True,0.2549763218717267,-0.4521382451795127,0.2549763218717267,0.0
B15_85,openai,architectural_appearance,True,0.2549763218717267,0.2549763218717267,0.9620908889229661,-0.7071145670512394
B19_25478,openai,architectural_appearance,True,0.9620908889229661,-1.8663673792819915,0.2549763218717267,0.7071145670512394
B19_6127,openai,architectural_appearance,True,-0.4521382451795127,-1.159252812230752,-3.9877110804357097,3.535572835256197
B19_7,openai,architectural_appearance,True,0.9620908889229661,-3.28059651338447,-3.28059651338447,4.242687402307436
B19_85,openai,architectural_appearance,True,-0.4521382451795127,-0.4521382451795127,0.2549763218717267,-0.7071145670512393
B20_25478,openai,architectural_appearance,True,1.6692054559742056,0.2549763218717267,1.6692054559742056,0.0
B20_6127,openai,architectural_appearance,True,0.9620908889229661,0.2549763218717267,0.2549763218717267,0.7071145670512394
B20_7,openai,architectural_appearance,True,0.9620908889229661,0.9620908889229661,2.376320023025445,-1.4142291341024786
B20_85,openai,architectural_appearance,True,0.2549763218717267,0.2549763218717267,0.2549763218717267,0.0
B23_25478,openai,architectural_appearance,True,0.2549763218717267,0.2549763218717267,0.2549763218717267,0.0
B23_6127,openai,architectural_appearance,True,1.6692054559742056,0.2549763218717267,0.9620908889229661,0.7071145670512394
B23_7,openai,architectural_appearance,True,0.9620908889229661,-0.4521382451795127,0.2549763218717267,0.7071145670512394
B23_85,openai,architectural_appearance,True,0.9620908889229661,-2.5734819463332306,-1.8663673792819915,2.8284582682049577
B25_25478,openai,architectural_appearance,True,0.2549763218717267,0.2549763218717267,0.2549763218717267,0.0
B25_6127,openai,architectural_appearance,True,0.2549763218717267,0.2549763218717267,-3.28059651338447,3.535572835256197
B25_7,openai,architectural_appearance,False,2.376320023025445,-2.5734819463332306,0.2549763218717267,2.121343701153718
B25_85,openai,architectural_appearance,False,0.2549763218717267,0.2549763218717267,0.2549763218717267,0.0
B26_25478,openai,architectural_appearance,True,0.2549763218717267,0.2549763218717267,0.2549763218717267,0.0
B26_6127,openai,architectural_appearance,True,1.6692054559742056,0.2549763218717267,3.0834345900766844,-1.4142291341024789
B26_7,openai,architectural_appearance,True,0.2549763218717267,0.9620908889229661,0.2549763218717267,0.0
B26_85,openai,architectural_appearance,True,0.2549763218717267,0.2549763218717267,0.2549763218717267,0.0
B27_25478,openai,architectural_appearance,True,-0.4521382451795127,-0.4521382451795127,0.2549763218717267,-0.7071145670512393
B27_6127,openai,architectural_appearance,True,-0.4521382451795127,-1.8663673792819915,0.2549763218717267,-0.7071145670512393
B27_7,openai,architectural_appearance,True,0.2549763218717267,-0.4521382451795127,-0.4521382451795127,0.7071145670512393
B27_85,openai,architectural_appearance,True,0.2549763218717267,0.2549763218717267,0.2549763218717267,0.0
B29_25478,openai,architectural_appearance,True,0.9620908889229661,-0.4521382451795127,0.2549763218717267,0.7071145670512394
B29_6127,openai,architectural_appearance,False,-0.4521382451795127,-0.4521382451795127,0.2549763218717267,-0.7071145670512393
B29_7,openai,architectural_appearance,True,0.2549763218717267,-0.4521382451795127,0.9620908889229661,-0.7071145670512394
B29_85,openai,architectural_appearance,False,0.2549763218717267,0.2549763218717267,0.2549763218717267,0.0
C01_25478,openai,architectural_appearance,True,-0.4521382451795127,-1.159252812230752,0.2549763218717267,-0.7071145670512393
C01_6127,openai,architectural_appearance,True,0.2549763218717267,0.2549763218717267,0.9620908889229661,-0.7071145670512394
C01_7,openai,architectural_appearance,False,0.2549763218717267,-1.159252812230752,-0.4521382451795127,0.7071145670512393
C01_85,openai,architectural_appearance,True,-0.4521382451795127,-0.4521382451795127,-1.8663673792819915,1.4142291341024789
C02_25478,openai,architectural_appearance,True,-0.4521382451795127,-0.4521382451795127,-0.4521382451795127,0.0
C02_6127,openai,architectural_appearance,True,0.2549763218717267,0.2549763218717267,0.2549763218717267,0.0
C02_7,openai,architectural_appearance,False,-0.4521382451795127,-0.4521382451795127,-0.4521382451795127,0.0
C02_85,openai,architectural_appearance,True,0.2549763218717267,-1.8663673792819915,-0.4521382451795127,0.7071145670512393
C04_25478,openai,architectural_appearance,True,-0.4521382451795127,-0.4521382451795127,0.9620908889229661,-1.4142291341024789
C04_6127,openai,architectural_appearance,True,-0.4521382451795127,-0.4521382451795127,-0.4521382451795127,0.0
C04_7,openai,architectural_appearance,True,-0.4521382451795127,-0.4521382451795127,-0.4521382451795127,0.0
C04_85,openai,architectural_appearance,True,-0.4521382451795127,-0.4521382451795127,-0.4521382451795127,0.0
C05_25478,openai,architectural_appearance,True,-0.4521382451795127,-0.4521382451795127,-0.4521382451795127,0.0
C05_6127,openai,architectural_appearance,True,-3.28059651338447,-0.4521382451795127,-0.4521382451795127,-2.8284582682049573
C05_7,openai,architectural_appearance,True,-0.4521382451795127,-0.4521382451795127,-0.4521382451795127,0.0
C05_85,openai,architectural_appearance,True,-3.28059651338447,-1.159252812230752,-0.4521382451795127,-2.8284582682049573
C06_25478,openai,architectural_appearance,True,0.2549763218717267,0.2549763218717267,0.2549763218717267,0.0
C06_6127,openai,architectural_appearance,False,0.2549763218717267,0.2549763218717267,0.2549763218717267,0.0
C06_7,openai,architectural_appearance,False,0.2549763218717267,-0.4521382451795127,0.2549763218717267,0.0
C06_85,openai,architectural_appearance,True,0.2549763218717267,0.2549763218717267,0.2549763218717267,0.0
C07_25478,openai,architectural_appearance,True,-0.4521382451795127,0.9620908889229661,-0.4521382451795127,0.0
C07_6127,openai,architectural_appearance,True,0.9620908889229661,-0.4521382451795127,2.376320023025445,-1.4142291341024786
C07_7,openai,architectural_appearance,False,0.2549763218717267,-0.4521382451795127,0.9620908889229661,-0.7071145670512394
C07_85,openai,architectural_appearance,True,0.2549763218717267,0.9620908889229661,0.2549763218717267,0.0
C08_25478,openai,architectural_appearance,True,0.2549763218717267,0.2549763218717267,-0.4521382451795127,0.7071145670512393
C08_6127,openai,architectural_appearance,True,0.2549763218717267,0.2549763218717267,-1.8663673792819915,2.121343701153718
C08_7,openai,architectural_appearance,True,-0.4521382451795127,0.2549763218717267,-1.159252812230752,0.7071145670512393
C08_85,openai,architectural_appearance,True,0.2549763218717267,0.2549763218717267,-1.8663673792819915,2.121343701153718
C09_25478,openai,architectural_appearance,True,0.2549763218717267,-5.401940214538188,0.2549763218717267,0.0
C09_6127,openai,architectural_appearance,True,1.6692054559742056,0.2549763218717267,0.2549763218717267,1.4142291341024789
C09_7,openai,architectural_appearance,True,0.2549763218717267,-0.4521382451795127,0.2549763218717267,0.0
C09_85,openai,architectural_appearance,False,0.2549763218717267,0.2549763218717267,0.2549763218717267,0.0
C10_25478,openai,architectural_appearance,False,-2.5734819463332306,0.9620908889229661,0.2549763218717267,-2.8284582682049573
C10_6127,openai,architectural_appearance,True,0.2549763218717267,0.2549763218717267,0.2549763218717267,0.0
C10_7,openai,architectural_appearance,True,0.2549763218717267,-0.4521382451795127,0.2549763218717267,0.0
C10_85,openai,architectural_appearance,False,-1.8663673792819915,-1.8663673792819915,0.2549763218717267,-2.121343701153718
C11_25478,openai,architectural_appearance,True,1.6692054559742056,0.2549763218717267,1.6692054559742056,0.0
C11_6127,openai,architectural_appearance,True,1.6692054559742056,1.6692054559742056,0.9620908889229661,0.7071145670512394
C11_7,openai,architectural_appearance,True,0.2549763218717267,0.9620908889229661,0.9620908889229661,-0.7071145670512394
C11_85,openai,architectural_appearance,True,0.9620908889229661,0.2549763218717267,0.9620908889229661,0.0
C12_25478,openai,architectural_appearance,True,-0.4521382451795127,0.2549763218717267,-0.4521382451795127,0.0
C12_6127,openai,architectural_appearance,True,-0.4521382451795127,-0.4521382451795127,0.2549763218717267,-0.7071145670512393
C12_7,openai,architectural_appearance,True,-1.159252812230752,-1.159252812230752,-0.4521382451795127,-0.7071145670512393
C12_85,openai,architectural_appearance,True,0.2549763218717267,0.2549763218717267,-0.4521382451795127,0.7071145670512393
C13_25478,openai,architectural_appearance,False,0.2549763218717267,-0.4521382451795127,-0.4521382451795127,0.7071145670512393
C13_6127,openai,architectural_appearance,True,0.2549763218717267,0.2549763218717267,0.2549763218717267,0.0
C13_7,openai,architectural_appearance,True,0.2549763218717267,-0.4521382451795127,0.2549763218717267,0.0
C13_85,openai,architectural_appearance,False,2.376320023025445,-0.4521382451795127,0.2549763218717267,2.121343701153718
C14_25478,openai,architectural_appearance,True,-0.4521382451795127,-0.4521382451795127,0.2549763218717267,-0.7071145670512393
C14_6127,openai,architectural_appearance,True,0.2549763218717267,0.2549763218717267,0.2549763218717267,0.0
C14_7,openai,architectural_appearance,True,-0.4521382451795127,-3.28059651338447,0.2549763218717267,-0.7071145670512393
C14_85,openai,architectural_appearance,True,-3.28059651338447,-2.5734819463332306,-0.4521382451795127,-2.8284582682049573
C15_25478,openai,architectural_appearance,True,0.2549763218717267,0.2549763218717267,1.6692054559742056,-1.4142291341024789
C15_6127,openai,architectural_appearance,True,0.2549763218717267,0.2549763218717267,0.2549763218717267,0.0
C15_7,openai,architectural_appearance,True,0.2549763218717267,-0.4521382451795127,-3.28059651338447,3.535572835256197
C15_85,openai,architectural_appearance,True,0.2549763218717267,0.2549763218717267,0.2549763218717267,0.0
C16_25478,openai,architectural_appearance,True,0.9620908889229661,0.2549763218717267,0.2549763218717267,0.7071145670512394
C16_6127,openai,architectural_appearance,True,0.9620908889229661,0.2549763218717267,0.2549763218717267,0.7071145670512394
C16_7,openai,architectural_appearance,True,0.2549763218717267,0.2549763218717267,0.9620908889229661,-0.7071145670512394
C16_85,openai,architectural_appearance,True,0.2549763218717267,0.2549763218717267,0.2549763218717267,0.0
C17_25478,openai,architectural_appearance,True,0.9620908889229661,-0.4521382451795127,-0.4521382451795127,1.4142291341024789
C17_6127,openai,architectural_appearance,True,0.9620908889229661,0.2549763218717267,0.2549763218717267,0.7071145670512394
C17_7,openai,architectural_appearance,True,-0.4521382451795127,-1.159252812230752,0.9620908889229661,-1.4142291341024789
C17_85,openai,architectural_appearance,True,0.2549763218717267,-0.4521382451795127,-1.8663673792819915,2.121343701153718
C18_25478,openai,architectural_appearance,True,0.2549763218717267,0.2549763218717267,0.2549763218717267,0.0
C18_6127,openai,architectural_appearance,True,0.2549763218717267,0.2549763218717267,0.9620908889229661,-0.7071145670512394
C18_7,openai,architectural_appearance,True,0.2549763218717267,-0.4521382451795127,0.2549763218717267,0.0
C18_85,openai,architectural_appearance,True,0.2549763218717267,0.2549763218717267,0.9620908889229661,-0.7071145670512394
C19_25478,openai,architectural_appearance,True,-0.4521382451795127,-0.4521382451795127,-1.8663673792819915,1.4142291341024789
C19_6127,openai,architectural_appearance,True,-1.159252812230752,-0.4521382451795127,-0.4521382451795127,-0.7071145670512393
C19_7,openai,architectural_appearance,True,-0.4521382451795127,-0.4521382451795127,0.2549763218717267,-0.7071145670512393
C19_85,openai,architectural_appearance,True,0.2549763218717267,0.2549763218717267,-0.4521382451795127,0.7071145670512393
C20_25478,openai,architectural_appearance,True,-1.159252812230752,-0.4521382451795127,-0.4521382451795127,-0.7071145670512393
C20_6127,openai,architectural_appearance,True,-0.4521382451795127,-0.4521382451795127,-1.8663673792819915,1.4142291341024789
C20_7,openai,architectural_appearance,True,-3.9877110804357097,-1.8663673792819915,-1.8663673792819915,-2.121343701153718
C20_85,openai,architectural_appearance,True,-0.4521382451795127,-0.4521382451795127,-1.8663673792819915,1.4142291341024789
A01_25478,openai,representation_quality,False,1.5018652917060777,0.8729015128265348,-0.3850260449325508,1.8868913366386286
A01_6127,openai,representation_quality,True,0.8729015128265348,1.5018652917060777,2.1308290705856177,-1.257927557759083
A01_7,openai,representation_quality,True,-1.6429536026916338,-1.0139898238120937,0.8729015128265348,-2.5158551155181685
A01_85,openai,representation_quality,False,0.243937733946992,-0.3850260449325508,-2.2719173815711766,2.5158551155181685
A02_25478,openai,representation_quality,True,-1.0139898238120937,0.243937733946992,0.8729015128265348,-1.8868913366386284
A02_6127,openai,representation_quality,True,0.8729015128265348,0.8729015128265348,2.7597928494651605,-1.8868913366386257
A02_7,openai,representation_quality,True,1.5018652917060777,0.243937733946992,0.8729015128265348,0.6289637788795429
A02_85,openai,representation_quality,False,0.8729015128265348,0.243937733946992,0.8729015128265348,0.0
A04_25478,openai,representation_quality,True,2.1308290705856177,-0.3850260449325508,-1.0139898238120937,3.1448188943977113
A04_6127,openai,representation_quality,True,0.243937733946992,0.243937733946992,0.243937733946992,0.0
A04_7,openai,representation_quality,True,0.243937733946992,0.243937733946992,0.243937733946992,0.0
A04_85,openai,representation_quality,True,-1.0139898238120937,0.243937733946992,0.243937733946992,-1.2579275577590856
A07_25478,openai,representation_quality,True,0.8729015128265348,0.8729015128265348,-0.3850260449325508,1.2579275577590856
A07_6127,openai,representation_quality,True,-0.3850260449325508,0.243937733946992,-2.9008811604507194,2.5158551155181685
A07_7,openai,representation_quality,True,-0.3850260449325508,0.243937733946992,0.243937733946992,-0.6289637788795428
A07_85,openai,representation_quality,False,1.5018652917060777,-3.529844939330262,0.243937733946992,1.2579275577590858
A08_25478,openai,representation_quality,True,-0.3850260449325508,0.8729015128265348,-0.3850260449325508,0.0
A08_6127,openai,representation_quality,True,1.5018652917060777,-1.0139898238120937,0.243937733946992,1.2579275577590858
A08_7,openai,representation_quality,True,0.243937733946992,-1.0139898238120937,-0.3850260449325508,0.6289637788795428
A08_85,openai,representation_quality,True,0.8729015128265348,-0.3850260449325508,-1.6429536026916338,2.5158551155181685
A09_25478,openai,representation_quality,True,-0.3850260449325508,0.243937733946992,-1.6429536026916338,1.257927557759083
A09_6127,openai,representation_quality,True,0.243937733946992,-1.0139898238120937,-1.0139898238120937,1.2579275577590856
A09_7,openai,representation_quality,True,0.8729015128265348,-0.3850260449325508,0.8729015128265348,0.0
A09_85,openai,representation_quality,False,0.8729015128265348,0.8729015128265348,0.243937733946992,0.6289637788795428
A11_25478,openai,representation_quality,True,0.243937733946992,0.243937733946992,0.8729015128265348,-0.6289637788795428
A11_6127,openai,representation_quality,True,-0.3850260449325508,0.243937733946992,-1.6429536026916338,1.257927557759083
A11_7,openai,representation_quality,True,-1.0139898238120937,0.243937733946992,0.243937733946992,-1.2579275577590856
A11_85,openai,representation_quality,True,0.243937733946992,0.8729015128265348,-0.3850260449325508,0.6289637788795428
A13_25478,openai,representation_quality,False,0.243937733946992,0.243937733946992,0.243937733946992,0.0
A13_6127,openai,representation_quality,True,-0.3850260449325508,0.243937733946992,0.243937733946992,-0.6289637788795428
A13_7,openai,representation_quality,True,0.243937733946992,0.243937733946992,-0.3850260449325508,0.6289637788795428
A13_85,openai,representation_quality,True,0.8729015128265348,-1.0139898238120937,-1.0139898238120937,1.8868913366386284
A15_25478,openai,representation_quality,True,-1.6429536026916338,0.243937733946992,0.243937733946992,-1.8868913366386257
A15_6127,openai,representation_quality,False,-2.2719173815711766,0.8729015128265348,0.243937733946992,-2.5158551155181685
A15_7,openai,representation_quality,False,-2.2719173815711766,0.243937733946992,-0.3850260449325508,-1.8868913366386257
A15_85,openai,representation_quality,False,-1.6429536026916338,-0.3850260449325508,-0.3850260449325508,-1.257927557759083
A22_25478,openai,representation_quality,True,0.8729015128265348,0.8729015128265348,0.243937733946992,0.6289637788795428
A22_6127,openai,representation_quality,True,-0.3850260449325508,0.243937733946992,0.8729015128265348,-1.2579275577590856
A22_7,openai,representation_quality,True,-0.3850260449325508,0.8729015128265348,-2.2719173815711766,1.8868913366386257
A22_85,openai,representation_quality,True,0.8729015128265348,1.5018652917060777,-0.3850260449325508,1.2579275577590856
A25_25478,openai,representation_quality,True,2.1308290705856177,0.8729015128265348,0.8729015128265348,1.257927557759083
A25_6127,openai,representation_quality,True,-1.0139898238120937,0.243937733946992,-1.0139898238120937,0.0
A25_7,openai,representation_quality,True,0.8729015128265348,0.8729015128265348,2.7597928494651605,-1.8868913366386257
A25_85,openai,representation_quality,True,0.243937733946992,-0.3850260449325508,0.8729015128265348,-0.6289637788795428
A26_25478,openai,representation_quality,True,0.243937733946992,-1.0139898238120937,-1.0139898238120937,1.2579275577590856
A26_6127,openai,representation_quality,True,-0.3850260449325508,0.8729015128265348,-0.3850260449325508,0.0
A26_7,openai,representation_quality,True,0.8729015128265348,0.243937733946992,0.243937733946992,0.6289637788795428
A26_85,openai,representation_quality,False,-2.9008811604507194,-1.0139898238120937,0.243937733946992,-3.1448188943977113
A27_25478,openai,representation_quality,True,-0.3850260449325508,-0.3850260449325508,-0.3850260449325508,0.0
A27_6127,openai,representation_quality,True,0.243937733946992,0.8729015128265348,0.8729015128265348,-0.6289637788795428
A27_7,openai,representation_quality,True,-0.3850260449325508,0.243937733946992,0.8729015128265348,-1.2579275577590856
A27_85,openai,representation_quality,True,-0.3850260449325508,0.243937733946992,0.8729015128265348,-1.2579275577590856
B01_25478,openai,representation_quality,True,-0.3850260449325508,0.243937733946992,0.243937733946992,-0.6289637788795428
B01_6127,openai,representation_quality,True,0.243937733946992,-2.2719173815711766,-1.0139898238120937,1.2579275577590856
B01_7,openai,representation_quality,True,0.8729015128265348,1.5018652917060777,0.8729015128265348,0.0
B01_85,openai,representation_quality,True,-2.2719173815711766,0.243937733946992,0.243937733946992,-2.5158551155181685
B02_25478,openai,representation_quality,True,0.243937733946992,-2.2719173815711766,0.243937733946992,0.0
B02_6127,openai,representation_quality,True,0.243937733946992,-0.3850260449325508,0.243937733946992,0.0
B02_7,openai,representation_quality,False,0.8729015128265348,0.243937733946992,0.243937733946992,0.6289637788795428
B02_85,openai,representation_quality,True,0.243937733946992,-0.3850260449325508,0.243937733946992,0.0
B04_25478,openai,representation_quality,True,-0.3850260449325508,0.243937733946992,0.243937733946992,-0.6289637788795428
B04_6127,openai,representation_quality,False,0.8729015128265348,-0.3850260449325508,0.243937733946992,0.6289637788795428
B04_7,openai,representation_quality,True,0.8729015128265348,0.8729015128265348,-1.0139898238120937,1.8868913366386284
B04_85,openai,representation_quality,True,0.8729015128265348,0.243937733946992,-2.9008811604507194,3.773782673277254
B06_25478,openai,representation_quality,False,0.8729015128265348,0.8729015128265348,-1.6429536026916338,2.5158551155181685
B06_6127,openai,representation_quality,True,0.243937733946992,-1.0139898238120937,-0.3850260449325508,0.6289637788795428
B06_7,openai,representation_quality,True,0.8729015128265348,-1.0139898238120937,-1.6429536026916338,2.5158551155181685
B06_85,openai,representation_quality,True,-1.0139898238120937,-2.9008811604507194,-1.6429536026916338,0.6289637788795401
B08_25478,openai,representation_quality,False,0.8729015128265348,0.243937733946992,0.243937733946992,0.6289637788795428
B08_6127,openai,representation_quality,False,0.243937733946992,0.243937733946992,0.243937733946992,0.0
B08_7,openai,representation_quality,True,0.8729015128265348,0.8729015128265348,1.5018652917060777,-0.6289637788795429
B08_85,openai,representation_quality,False,-0.3850260449325508,0.243937733946992,0.243937733946992,-0.6289637788795428
B09_25478,openai,representation_quality,True,0.243937733946992,0.8729015128265348,-0.3850260449325508,0.6289637788795428
B09_6127,openai,representation_quality,True,0.243937733946992,0.243937733946992,0.243937733946992,0.0
B09_7,openai,representation_quality,False,0.243937733946992,0.243937733946992,0.8729015128265348,-0.6289637788795428
B09_85,openai,representation_quality,False,0.8729015128265348,-1.0139898238120937,0.8729015128265348,0.0
B12_25478,openai,representation_quality,True,-2.2719173815711766,0.243937733946992,0.8729015128265348,-3.1448188943977113
B12_6127,openai,representation_quality,True,0.243937733946992,0.8729015128265348,0.8729015128265348,-0.6289637788795428
B12_7,openai,representation_quality,True,0.8729015128265348,0.8729015128265348,-2.2719173815711766,3.1448188943977113
B12_85,openai,representation_quality,False,-1.6429536026916338,0.243937733946992,0.243937733946992,-1.8868913366386257
B14_25478,openai,representation_quality,True,0.243937733946992,0.243937733946992,0.243937733946992,0.0
B14_6127,openai,representation_quality,True,0.8729015128265348,0.8729015128265348,0.8729015128265348,0.0
B14_7,openai,representation_quality,True,0.243937733946992,0.8729015128265348,0.8729015128265348,-0.6289637788795428
B14_85,openai,representation_quality,True,0.8729015128265348,-0.3850260449325508,0.243937733946992,0.6289637788795428
B15_25478,openai,representation_quality,True,0.243937733946992,0.8729015128265348,-0.3850260449325508,0.6289637788795428
B15_6127,openai,representation_quality,True,1.5018652917060777,-1.0139898238120937,0.8729015128265348,0.6289637788795429
B15_7,openai,representation_quality,True,0.8729015128265348,-0.3850260449325508,0.243937733946992,0.6289637788795428
B15_85,openai,representation_quality,True,0.8729015128265348,0.243937733946992,0.8729015128265348,0.0
B19_25478,openai,representation_quality,True,0.243937733946992,-1.6429536026916338,-0.3850260449325508,0.6289637788795428
B19_6127,openai,representation_quality,True,-1.0139898238120937,-1.0139898238120937,-2.9008811604507194,1.8868913366386257
B19_7,openai,representation_quality,True,1.5018652917060777,-1.0139898238120937,-2.9008811604507194,4.402746452156797
B19_85,openai,representation_quality,True,0.243937733946992,0.243937733946992,0.243937733946992,0.0
B20_25478,openai,representation_quality,True,0.243937733946992,0.243937733946992,-1.0139898238120937,1.2579275577590856
B20_6127,openai,representation_quality,True,0.8729015128265348,-0.3850260449325508,0.243937733946992,0.6289637788795428
B20_7,openai,representation_quality,True,0.8729015128265348,0.243937733946992,0.8729015128265348,0.0
B20_85,openai,representation_quality,True,-0.3850260449325508,-0.3850260449325508,-2.9008811604507194,2.5158551155181685
B23_25478,openai,representation_quality,True,0.243937733946992,0.243937733946992,-1.0139898238120937,1.2579275577590856
B23_6127,openai,representation_quality,True,0.8729015128265348,0.243937733946992,0.8729015128265348,0.0
B23_7,openai,representation_quality,True,0.8729015128265348,0.243937733946992,0.243937733946992,0.6289637788795428
B23_85,openai,representation_quality,True,0.243937733946992,-1.0139898238120937,-1.6429536026916338,1.8868913366386257
B25_25478,openai,representation_quality,True,0.243937733946992,-1.0139898238120937,0.243937733946992,0.0
B25_6127,openai,representation_quality,True,0.243937733946992,0.8729015128265348,-1.0139898238120937,1.2579275577590856
B25_7,openai,representation_quality,False,0.8729015128265348,-1.6429536026916338,0.243937733946992,0.6289637788795428
B25_85,openai,representation_quality,False,0.243937733946992,0.243937733946992,-2.2719173815711766,2.5158551155181685
B26_25478,openai,representation_quality,True,0.243937733946992,0.243937733946992,-0.3850260449325508,0.6289637788795428
B26_6127,openai,representation_quality,True,0.8729015128265348,0.243937733946992,0.8729015128265348,0.0
B26_7,openai,representation_quality,True,0.8729015128265348,0.8729015128265348,0.8729015128265348,0.0
B26_85,openai,representation_quality,True,-0.3850260449325508,0.8729015128265348,0.243937733946992,-0.6289637788795428
B27_25478,openai,representation_quality,True,0.243937733946992,0.243937733946992,-1.0139898238120937,1.2579275577590856
B27_6127,openai,representation_quality,True,-0.3850260449325508,-1.6429536026916338,-0.3850260449325508,0.0
B27_7,openai,representation_quality,True,-1.0139898238120937,0.243937733946992,-2.9008811604507194,1.8868913366386257
B27_85,openai,representation_quality,True,-0.3850260449325508,-1.0139898238120937,-2.2719173815711766,1.8868913366386257
B29_25478,openai,representation_quality,True,0.8729015128265348,-0.3850260449325508,-0.3850260449325508,1.2579275577590856
B29_6127,openai,representation_quality,False,-1.0139898238120937,0.8729015128265348,0.8729015128265348,-1.8868913366386284
B29_7,openai,representation_quality,True,0.243937733946992,0.243937733946992,0.8729015128265348,-0.6289637788795428
B29_85,openai,representation_quality,False,0.243937733946992,0.8729015128265348,-1.0139898238120937,1.2579275577590856
C01_25478,openai,representation_quality,True,0.243937733946992,0.8729015128265348,-0.3850260449325508,0.6289637788795428
C01_6127,openai,representation_quality,True,0.8729015128265348,0.243937733946992,0.8729015128265348,0.0
C01_7,openai,representation_quality,False,0.8729015128265348,0.8729015128265348,0.243937733946992,0.6289637788795428
C01_85,openai,representation_quality,True,0.8729015128265348,0.243937733946992,0.243937733946992,0.6289637788795428
C02_25478,openai,representation_quality,True,0.8729015128265348,0.8729015128265348,0.8729015128265348,0.0
C02_6127,openai,representation_quality,True,0.8729015128265348,1.5018652917060777,0.243937733946992,0.6289637788795428
C02_7,openai,representation_quality,False,0.8729015128265348,0.8729015128265348,0.243937733946992,0.6289637788795428
C02_85,openai,representation_quality,True,0.243937733946992,0.243937733946992,0.8729015128265348,-0.6289637788795428
C04_25478,openai,representation_quality,True,0.243937733946992,-1.6429536026916338,0.8729015128265348,-0.6289637788795428
C04_6127,openai,representation_quality,True,-1.0139898238120937,0.243937733946992,0.243937733946992,-1.2579275577590856
C04_7,openai,representation_quality,True,-1.0139898238120937,0.243937733946992,0.8729015128265348,-1.8868913366386284
C04_85,openai,representation_quality,True,-1.0139898238120937,0.243937733946992,-2.2719173815711766,1.257927557759083
C05_25478,openai,representation_quality,True,0.243937733946992,0.243937733946992,-1.0139898238120937,1.2579275577590856
C05_6127,openai,representation_quality,True,-1.0139898238120937,0.243937733946992,-1.0139898238120937,0.0
C05_7,openai,representation_quality,True,0.8729015128265348,0.243937733946992,0.243937733946992,0.6289637788795428
C05_85,openai,representation_quality,True,-2.9008811604507194,-1.0139898238120937,-0.3850260449325508,-2.5158551155181685
C06_25478,openai,representation_quality,True,0.243937733946992,0.243937733946992,-0.3850260449325508,0.6289637788795428
C06_6127,openai,representation_quality,False,0.8729015128265348,0.243937733946992,0.243937733946992,0.6289637788795428
C06_7,openai,representation_quality,False,0.243937733946992,0.243937733946992,-0.3850260449325508,0.6289637788795428
C06_85,openai,representation_quality,True,0.8729015128265348,-0.3850260449325508,-0.3850260449325508,1.2579275577590856
C07_25478,openai,representation_quality,True,0.243937733946992,2.1308290705856177,-1.0139898238120937,1.2579275577590856
C07_6127,openai,representation_quality,True,0.8729015128265348,0.243937733946992,0.8729015128265348,0.0
C07_7,openai,representation_quality,False,0.243937733946992,0.243937733946992,0.8729015128265348,-0.6289637788795428
C07_85,openai,representation_quality,True,0.243937733946992,0.243937733946992,-1.6429536026916338,1.8868913366386257
C08_25478,openai,representation_quality,True,-0.3850260449325508,-0.3850260449325508,0.243937733946992,-0.6289637788795428
C08_6127,openai,representation_quality,True,0.8729015128265348,0.8729015128265348,-0.3850260449325508,1.2579275577590856
C08_7,openai,representation_quality,True,0.243937733946992,0.243937733946992,0.243937733946992,0.0
C08_85,openai,representation_quality,True,0.243937733946992,0.243937733946992,-1.0139898238120937,1.2579275577590856
C09_25478,openai,representation_quality,True,-2.2719173815711766,-4.158808718209805,-1.6429536026916338,-0.6289637788795428
C09_6127,openai,representation_quality,True,0.8729015128265348,0.8729015128265348,-2.2719173815711766,3.1448188943977113
C09_7,openai,representation_quality,True,0.8729015128265348,-2.9008811604507194,-2.9008811604507194,3.773782673277254
C09_85,openai,representation_quality,False,-2.2719173815711766,-1.0139898238120937,-3.529844939330262,1.2579275577590856
C10_25478,openai,representation_quality,False,-1.6429536026916338,0.8729015128265348,0.8729015128265348,-2.5158551155181685
C10_6127,openai,representation_quality,True,0.243937733946992,-0.3850260449325508,0.243937733946992,0.0
C10_7,openai,representation_quality,True,0.8729015128265348,-0.3850260449325508,0.8729015128265348,0.0
C10_85,openai,representation_quality,False,-0.3850260449325508,-1.6429536026916338,-2.2719173815711766,1.8868913366386257
C11_25478,openai,representation_quality,True,-0.3850260449325508,-0.3850260449325508,0.8729015128265348,-1.2579275577590856
C11_6127,openai,representation_quality,True,0.8729015128265348,0.8729015128265348,0.243937733946992,0.6289637788795428
C11_7,openai,representation_quality,True,-1.0139898238120937,-0.3850260449325508,0.243937733946992,-1.2579275577590856
C11_85,openai,representation_quality,True,0.8729015128265348,-1.6429536026916338,0.243937733946992,0.6289637788795428
C12_25478,openai,representation_quality,True,0.243937733946992,0.8729015128265348,-1.6429536026916338,1.8868913366386257
C12_6127,openai,representation_quality,True,0.243937733946992,-0.3850260449325508,0.243937733946992,0.0
C12_7,openai,representation_quality,True,-0.3850260449325508,-1.0139898238120937,-0.3850260449325508,0.0
C12_85,openai,representation_quality,True,0.8729015128265348,-0.3850260449325508,-1.0139898238120937,1.8868913366386284
C13_25478,openai,representation_quality,False,0.8729015128265348,0.243937733946992,-1.0139898238120937,1.8868913366386284
C13_6127,openai,representation_quality,True,0.8729015128265348,0.243937733946992,0.243937733946992,0.6289637788795428
C13_7,openai,representation_quality,True,0.8729015128265348,0.243937733946992,0.243937733946992,0.6289637788795428
C13_85,openai,representation_quality,False,2.7597928494651605,0.243937733946992,-1.0139898238120937,3.773782673277254
C14_25478,openai,representation_quality,True,0.8729015128265348,-0.3850260449325508,-1.0139898238120937,1.8868913366386284
C14_6127,openai,representation_quality,True,0.8729015128265348,0.8729015128265348,0.243937733946992,0.6289637788795428
C14_7,openai,representation_quality,True,0.8729015128265348,-2.2719173815711766,0.8729015128265348,0.0
C14_85,openai,representation_quality,True,-1.6429536026916338,-0.3850260449325508,0.243937733946992,-1.8868913366386257
C15_25478,openai,representation_quality,True,0.8729015128265348,-1.0139898238120937,0.8729015128265348,0.0
C15_6127,openai,representation_quality,True,-0.3850260449325508,0.243937733946992,-0.3850260449325508,0.0
C15_7,openai,representation_quality,True,-1.0139898238120937,-2.2719173815711766,-2.2719173815711766,1.257927557759083
C15_85,openai,representation_quality,True,-2.2719173815711766,-0.3850260449325508,-2.2719173815711766,0.0
C16_25478,openai,representation_quality,True,0.8729015128265348,0.8729015128265348,0.8729015128265348,0.0
C16_6127,openai,representation_quality,True,1.5018652917060777,1.5018652917060777,0.8729015128265348,0.6289637788795429
C16_7,openai,representation_quality,True,1.5018652917060777,1.5018652917060777,0.8729015128265348,0.6289637788795429
C16_85,openai,representation_quality,True,1.5018652917060777,1.5018652917060777,1.5018652917060777,0.0
C17_25478,openai,representation_quality,True,0.243937733946992,-1.0139898238120937,-3.529844939330262,3.773782673277254
C17_6127,openai,representation_quality,True,0.243937733946992,0.8729015128265348,-0.3850260449325508,0.6289637788795428
C17_7,openai,representation_quality,True,-1.0139898238120937,-1.0139898238120937,0.8729015128265348,-1.8868913366386284
C17_85,openai,representation_quality,True,-0.3850260449325508,-0.3850260449325508,-1.0139898238120937,0.6289637788795428
C18_25478,openai,representation_quality,True,0.243937733946992,0.243937733946992,0.243937733946992,0.0
C18_6127,openai,representation_quality,True,0.243937733946992,0.8729015128265348,0.8729015128265348,-0.6289637788795428
C18_7,openai,representation_quality,True,0.243937733946992,0.243937733946992,0.243937733946992,0.0
C18_85,openai,representation_quality,True,-2.2719173815711766,0.243937733946992,0.243937733946992,-2.5158551155181685
C19_25478,openai,representation_quality,True,0.243937733946992,0.243937733946992,-0.3850260449325508,0.6289637788795428
C19_6127,openai,representation_quality,True,0.243937733946992,0.243937733946992,0.243937733946992,0.0
C19_7,openai,representation_quality,True,0.243937733946992,0.243937733946992,0.243937733946992,0.0
C19_85,openai,representation_quality,True,0.243937733946992,0.243937733946992,0.243937733946992,0.0
C20_25478,openai,representation_quality,True,0.243937733946992,-0.3850260449325508,0.243937733946992,0.0
C20_6127,openai,representation_quality,True,0.8729015128265348,0.243937733946992,-0.3850260449325508,1.2579275577590856
C20_7,openai,representation_quality,True,-1.0139898238120937,-1.0139898238120937,0.8729015128265348,-1.8868913366386284
C20_85,openai,representation_quality,True,0.243937733946992,0.243937733946992,-1.0139898238120937,1.2579275577590856
A01_25478,anthropic,architectural_appearance,False,0.34491257892459215,1.3242179369426308,0.34491257892459215,0.0
A01_6127,anthropic,architectural_appearance,True,0.8345652579336115,0.8345652579336115,1.8138706159516502,-0.9793053580180388
A01_7,anthropic,architectural_appearance,True,1.8138706159516502,0.8345652579336115,1.8138706159516502,0.0
A01_85,anthropic,architectural_appearance,False,1.8138706159516502,-0.14474010008442717,-0.14474010008442717,1.9586107160360773
A02_25478,anthropic,architectural_appearance,True,0.34491257892459215,-1.6136981371114851,-1.6136981371114851,1.9586107160360773
A02_6127,anthropic,architectural_appearance,True,1.3242179369426308,-0.6343927790934465,-0.6343927790934465,1.9586107160360773
A02_7,anthropic,architectural_appearance,True,1.8138706159516502,0.34491257892459215,0.34491257892459215,1.468958037027058
A02_85,anthropic,architectural_appearance,False,0.34491257892459215,-1.6136981371114851,0.34491257892459215,0.0
A04_25478,anthropic,architectural_appearance,True,0.34491257892459215,0.34491257892459215,1.3242179369426308,-0.9793053580180386
A04_6127,anthropic,architectural_appearance,True,0.8345652579336115,0.8345652579336115,0.34491257892459215,0.4896526790090193
A04_7,anthropic,architectural_appearance,True,1.3242179369426308,-0.14474010008442717,-0.14474010008442717,1.468958037027058
A04_85,anthropic,architectural_appearance,True,-0.6343927790934465,-1.124045458102466,0.8345652579336115,-1.468958037027058
A07_25478,anthropic,architectural_appearance,True,-0.14474010008442717,0.34491257892459215,-0.14474010008442717,0.0
A07_6127,anthropic,architectural_appearance,True,1.8138706159516502,0.34491257892459215,-1.124045458102466,2.937916074054116
A07_7,anthropic,architectural_appearance,True,-0.6343927790934465,-1.6136981371114851,-0.14474010008442717,-0.4896526790090193
A07_85,anthropic,architectural_appearance,False,0.34491257892459215,-1.6136981371114851,-1.6136981371114851,1.9586107160360773
A08_25478,anthropic,architectural_appearance,True,0.34491257892459215,0.34491257892459215,1.3242179369426308,-0.9793053580180386
A08_6127,anthropic,architectural_appearance,True,1.8138706159516502,0.34491257892459215,1.8138706159516502,0.0
A08_7,anthropic,architectural_appearance,True,0.34491257892459215,0.34491257892459215,0.34491257892459215,0.0
A08_85,anthropic,architectural_appearance,True,-0.14474010008442717,1.8138706159516502,1.8138706159516502,-1.9586107160360773
A09_25478,anthropic,architectural_appearance,True,-0.6343927790934465,1.3242179369426308,0.34491257892459215,-0.9793053580180386
A09_6127,anthropic,architectural_appearance,True,0.34491257892459215,1.3242179369426308,-0.6343927790934465,0.9793053580180386
A09_7,anthropic,architectural_appearance,True,0.8345652579336115,0.34491257892459215,-0.6343927790934465,1.468958037027058
A09_85,anthropic,architectural_appearance,False,1.8138706159516502,-1.6136981371114851,-1.6136981371114851,3.4275687530631354
A11_25478,anthropic,architectural_appearance,True,-0.14474010008442717,-0.14474010008442717,-0.14474010008442717,0.0
A11_6127,anthropic,architectural_appearance,True,-1.6136981371114851,-1.6136981371114851,-0.14474010008442717,-1.468958037027058
A11_7,anthropic,architectural_appearance,True,-0.14474010008442717,-0.14474010008442717,-0.14474010008442717,0.0
A11_85,anthropic,architectural_appearance,True,-0.14474010008442717,-0.14474010008442717,-0.14474010008442717,0.0
A13_25478,anthropic,architectural_appearance,False,3.7724813319877275,-1.124045458102466,0.8345652579336115,2.937916074054116
A13_6127,anthropic,architectural_appearance,True,-1.6136981371114851,0.34491257892459215,-0.14474010008442717,-1.468958037027058
A13_7,anthropic,architectural_appearance,True,-0.6343927790934465,0.34491257892459215,0.34491257892459215,-0.9793053580180386
A13_85,anthropic,architectural_appearance,True,3.7724813319877275,0.8345652579336115,-1.124045458102466,4.896526790090194
A15_25478,anthropic,architectural_appearance,True,-0.14474010008442717,-0.14474010008442717,-1.124045458102466,0.9793053580180388
A15_6127,anthropic,architectural_appearance,False,-1.6136981371114851,0.8345652579336115,-0.14474010008442717,-1.468958037027058
A15_7,anthropic,architectural_appearance,False,-1.6136981371114851,-1.6136981371114851,-1.6136981371114851,0.0
A15_85,anthropic,architectural_appearance,False,-1.6136981371114851,-1.6136981371114851,-0.6343927790934465,-0.9793053580180386
A22_25478,anthropic,architectural_appearance,True,0.34491257892459215,1.3242179369426308,1.8138706159516502,-1.468958037027058
A22_6127,anthropic,architectural_appearance,True,-0.14474010008442717,-0.14474010008442717,0.34491257892459215,-0.4896526790090193
A22_7,anthropic,architectural_appearance,True,-0.14474010008442717,-0.6343927790934465,-0.14474010008442717,0.0
A22_85,anthropic,architectural_appearance,True,-0.14474010008442717,-0.14474010008442717,1.8138706159516502,-1.9586107160360773
A25_25478,anthropic,architectural_appearance,True,1.8138706159516502,0.34491257892459215,-0.6343927790934465,2.448263395045097
A25_6127,anthropic,architectural_appearance,True,0.34491257892459215,0.34491257892459215,-0.14474010008442717,0.4896526790090193
A25_7,anthropic,architectural_appearance,True,0.34491257892459215,0.34491257892459215,0.34491257892459215,0.0
A25_85,anthropic,architectural_appearance,True,0.34491257892459215,-0.6343927790934465,-0.6343927790934465,0.9793053580180386
A26_25478,anthropic,architectural_appearance,True,-0.6343927790934465,-2.1033508161205043,-1.6136981371114851,0.9793053580180386
A26_6127,anthropic,architectural_appearance,True,1.3242179369426308,-0.6343927790934465,-0.6343927790934465,1.9586107160360773
A26_7,anthropic,architectural_appearance,True,0.8345652579336115,0.8345652579336115,-0.14474010008442717,0.9793053580180386
A26_85,anthropic,architectural_appearance,False,-1.6136981371114851,-1.6136981371114851,-2.1033508161205043,0.4896526790090192
A27_25478,anthropic,architectural_appearance,True,0.34491257892459215,-0.6343927790934465,-0.14474010008442717,0.4896526790090193
A27_6127,anthropic,architectural_appearance,True,0.8345652579336115,-0.6343927790934465,-0.14474010008442717,0.9793053580180386
A27_7,anthropic,architectural_appearance,True,1.8138706159516502,0.34491257892459215,0.34491257892459215,1.468958037027058
A27_85,anthropic,architectural_appearance,True,0.8345652579336115,-1.6136981371114851,-0.14474010008442717,0.9793053580180386
B01_25478,anthropic,architectural_appearance,True,-0.14474010008442717,-1.6136981371114851,-1.6136981371114851,1.468958037027058
B01_6127,anthropic,architectural_appearance,True,-0.14474010008442717,-0.14474010008442717,-1.6136981371114851,1.468958037027058
B01_7,anthropic,architectural_appearance,True,-0.14474010008442717,-1.6136981371114851,0.34491257892459215,-0.4896526790090193
B01_85,anthropic,architectural_appearance,True,-0.14474010008442717,1.3242179369426308,0.34491257892459215,-0.4896526790090193
B02_25478,anthropic,architectural_appearance,True,0.34491257892459215,-0.14474010008442717,-0.6343927790934465,0.9793053580180386
B02_6127,anthropic,architectural_appearance,True,1.3242179369426308,-0.14474010008442717,-0.6343927790934465,1.9586107160360773
B02_7,anthropic,architectural_appearance,False,-1.6136981371114851,-1.6136981371114851,-1.6136981371114851,0.0
B02_85,anthropic,architectural_appearance,True,-1.6136981371114851,-1.6136981371114851,-2.1033508161205043,0.4896526790090192
B04_25478,anthropic,architectural_appearance,True,1.3242179369426308,-0.6343927790934465,1.3242179369426308,0.0
B04_6127,anthropic,architectural_appearance,False,1.3242179369426308,1.8138706159516502,1.3242179369426308,0.0
B04_7,anthropic,architectural_appearance,True,-0.14474010008442717,-1.6136981371114851,-0.14474010008442717,0.0
B04_85,anthropic,architectural_appearance,True,-0.6343927790934465,-0.6343927790934465,-1.6136981371114851,0.9793053580180386
B06_25478,anthropic,architectural_appearance,False,0.34491257892459215,0.34491257892459215,1.8138706159516502,-1.468958037027058
B06_6127,anthropic,architectural_appearance,True,0.34491257892459215,0.34491257892459215,0.34491257892459215,0.0
B06_7,anthropic,architectural_appearance,True,-0.6343927790934465,-0.14474010008442717,0.34491257892459215,-0.9793053580180386
B06_85,anthropic,architectural_appearance,True,1.3242179369426308,0.34491257892459215,1.3242179369426308,0.0
B08_25478,anthropic,architectural_appearance,False,1.3242179369426308,-0.14474010008442717,1.3242179369426308,0.0
B08_6127,anthropic,architectural_appearance,False,1.3242179369426308,0.34491257892459215,0.34491257892459215,0.9793053580180386
B08_7,anthropic,architectural_appearance,True,1.3242179369426308,-0.14474010008442717,-0.14474010008442717,1.468958037027058
B08_85,anthropic,architectural_appearance,False,0.34491257892459215,0.8345652579336115,-0.6343927790934465,0.9793053580180386
B09_25478,anthropic,architectural_appearance,True,1.3242179369426308,-0.14474010008442717,-1.6136981371114851,2.937916074054116
B09_6127,anthropic,architectural_appearance,True,-0.14474010008442717,-0.14474010008442717,-0.14474010008442717,0.0
B09_7,anthropic,architectural_appearance,False,-1.6136981371114851,-3.082656174138543,-1.6136981371114851,0.0
B09_85,anthropic,architectural_appearance,False,-1.124045458102466,-1.6136981371114851,-1.6136981371114851,0.4896526790090192
B12_25478,anthropic,architectural_appearance,True,1.3242179369426308,1.3242179369426308,1.3242179369426308,0.0
B12_6127,anthropic,architectural_appearance,True,1.3242179369426308,1.3242179369426308,1.3242179369426308,0.0
B12_7,anthropic,architectural_appearance,True,-0.14474010008442717,-0.6343927790934465,-0.6343927790934465,0.4896526790090193
B12_85,anthropic,architectural_appearance,False,1.3242179369426308,1.3242179369426308,1.3242179369426308,0.0
B14_25478,anthropic,architectural_appearance,True,-0.6343927790934465,-0.6343927790934465,-0.14474010008442717,-0.4896526790090193
B14_6127,anthropic,architectural_appearance,True,-0.14474010008442717,-0.14474010008442717,1.3242179369426308,-1.468958037027058
B14_7,anthropic,architectural_appearance,True,-1.6136981371114851,-1.6136981371114851,-1.6136981371114851,0.0
B14_85,anthropic,architectural_appearance,True,-0.6343927790934465,-0.6343927790934465,0.34491257892459215,-0.9793053580180386
B15_25478,anthropic,architectural_appearance,True,-0.14474010008442717,-1.6136981371114851,-0.14474010008442717,0.0
B15_6127,anthropic,architectural_appearance,True,0.34491257892459215,-0.14474010008442717,1.8138706159516502,-1.468958037027058
B15_7,anthropic,architectural_appearance,True,0.34491257892459215,-0.14474010008442717,0.34491257892459215,0.0
B15_85,anthropic,architectural_appearance,True,-1.6136981371114851,-1.6136981371114851,0.34491257892459215,-1.9586107160360773
B19_25478,anthropic,architectural_appearance,True,-0.14474010008442717,0.34491257892459215,-0.14474010008442717,0.0
B19_6127,anthropic,architectural_appearance,True,-0.14474010008442717,-0.6343927790934465,-0.14474010008442717,0.0
B19_7,anthropic,architectural_appearance,True,0.34491257892459215,-1.6136981371114851,-1.6136981371114851,1.9586107160360773
B19_85,anthropic,architectural_appearance,True,0.34491257892459215,-0.6343927790934465,0.34491257892459215,0.0
B20_25478,anthropic,architectural_appearance,True,1.8138706159516502,1.3242179369426308,1.8138706159516502,0.0
B20_6127,anthropic,architectural_appearance,True,1.3242179369426308,1.3242179369426308,-0.14474010008442717,1.468958037027058
B20_7,anthropic,architectural_appearance,True,0.8345652579336115,0.8345652579336115,1.3242179369426308,-0.4896526790090193
B20_85,anthropic,architectural_appearance,True,-0.14474010008442717,-1.6136981371114851,0.34491257892459215,-0.4896526790090193
B23_25478,anthropic,architectural_appearance,True,-0.6343927790934465,0.34491257892459215,-0.6343927790934465,0.0
B23_6127,anthropic,architectural_appearance,True,0.34491257892459215,0.8345652579336115,1.3242179369426308,-0.9793053580180386
B23_7,anthropic,architectural_appearance,True,0.34491257892459215,0.34491257892459215,0.34491257892459215,0.0
B23_85,anthropic,architectural_appearance,True,1.3242179369426308,-0.6343927790934465,-0.14474010008442717,1.468958037027058
B25_25478,anthropic,architectural_appearance,True,0.8345652579336115,1.8138706159516502,0.8345652579336115,0.0
B25_6127,anthropic,architectural_appearance,True,1.3242179369426308,1.8138706159516502,-0.6343927790934465,1.9586107160360773
B25_7,anthropic,architectural_appearance,False,0.34491257892459215,-0.6343927790934465,1.3242179369426308,-0.9793053580180386
B25_85,anthropic,architectural_appearance,False,3.7724813319877275,0.34491257892459215,1.8138706159516502,1.9586107160360773
B26_25478,anthropic,architectural_appearance,True,0.34491257892459215,-0.14474010008442717,-0.6343927790934465,0.9793053580180386
B26_6127,anthropic,architectural_appearance,True,-0.6343927790934465,-0.14474010008442717,0.34491257892459215,-0.9793053580180386
B26_7,anthropic,architectural_appearance,True,-0.14474010008442717,-1.6136981371114851,-0.14474010008442717,0.0
B26_85,anthropic,architectural_appearance,True,-1.6136981371114851,-1.6136981371114851,0.34491257892459215,-1.9586107160360773
B27_25478,anthropic,architectural_appearance,True,-0.6343927790934465,0.34491257892459215,-0.14474010008442717,-0.4896526790090193
B27_6127,anthropic,architectural_appearance,True,1.8138706159516502,-1.6136981371114851,-0.14474010008442717,1.9586107160360773
B27_7,anthropic,architectural_appearance,True,-0.14474010008442717,0.34491257892459215,-0.14474010008442717,0.0
B27_85,anthropic,architectural_appearance,True,-0.14474010008442717,-0.14474010008442717,-0.14474010008442717,0.0
B29_25478,anthropic,architectural_appearance,True,-0.14474010008442717,-0.14474010008442717,-0.6343927790934465,0.4896526790090193
B29_6127,anthropic,architectural_appearance,False,-0.14474010008442717,-0.14474010008442717,0.34491257892459215,-0.4896526790090193
B29_7,anthropic,architectural_appearance,True,0.34491257892459215,-0.6343927790934465,1.8138706159516502,-1.468958037027058
B29_85,anthropic,architectural_appearance,False,-0.6343927790934465,-0.6343927790934465,-0.14474010008442717,-0.4896526790090193
C01_25478,anthropic,architectural_appearance,True,-1.6136981371114851,-0.6343927790934465,0.34491257892459215,-1.9586107160360773
C01_6127,anthropic,architectural_appearance,True,-0.14474010008442717,-0.14474010008442717,-0.14474010008442717,0.0
C01_7,anthropic,architectural_appearance,False,0.34491257892459215,-1.6136981371114851,0.34491257892459215,0.0
C01_85,anthropic,architectural_appearance,True,-1.6136981371114851,0.34491257892459215,-1.6136981371114851,0.0
C02_25478,anthropic,architectural_appearance,True,-1.6136981371114851,-1.6136981371114851,-1.124045458102466,-0.4896526790090192
C02_6127,anthropic,architectural_appearance,True,0.34491257892459215,0.34491257892459215,0.34491257892459215,0.0
C02_7,anthropic,architectural_appearance,False,-0.14474010008442717,-0.6343927790934465,0.34491257892459215,-0.4896526790090193
C02_85,anthropic,architectural_appearance,True,0.34491257892459215,-1.6136981371114851,-0.14474010008442717,0.4896526790090193
C04_25478,anthropic,architectural_appearance,True,0.8345652579336115,0.8345652579336115,-0.14474010008442717,0.9793053580180386
C04_6127,anthropic,architectural_appearance,True,0.34491257892459215,-0.6343927790934465,-0.6343927790934465,0.9793053580180386
C04_7,anthropic,architectural_appearance,True,0.34491257892459215,0.34491257892459215,-0.14474010008442717,0.4896526790090193
C04_85,anthropic,architectural_appearance,True,1.3242179369426308,0.8345652579336115,-0.14474010008442717,1.468958037027058
C05_25478,anthropic,architectural_appearance,True,-0.14474010008442717,0.34491257892459215,-0.14474010008442717,0.0
C05_6127,anthropic,architectural_appearance,True,-0.6343927790934465,-0.14474010008442717,-0.14474010008442717,-0.4896526790090193
C05_7,anthropic,architectural_appearance,True,-1.6136981371114851,0.34491257892459215,-1.124045458102466,-0.4896526790090192
C05_85,anthropic,architectural_appearance,True,-1.6136981371114851,-1.124045458102466,-1.124045458102466,-0.4896526790090192
C06_25478,anthropic,architectural_appearance,True,-0.14474010008442717,-0.14474010008442717,-0.14474010008442717,0.0
C06_6127,anthropic,architectural_appearance,False,0.34491257892459215,-0.14474010008442717,-0.14474010008442717,0.4896526790090193
C06_7,anthropic,architectural_appearance,False,-1.6136981371114851,-1.6136981371114851,-1.6136981371114851,0.0
C06_85,anthropic,architectural_appearance,True,-1.6136981371114851,-1.6136981371114851,0.34491257892459215,-1.9586107160360773
C07_25478,anthropic,architectural_appearance,True,0.8345652579336115,0.8345652579336115,0.34491257892459215,0.4896526790090193
C07_6127,anthropic,architectural_appearance,True,1.8138706159516502,1.8138706159516502,1.3242179369426308,0.48965267900901943
C07_7,anthropic,architectural_appearance,False,1.8138706159516502,0.8345652579336115,1.3242179369426308,0.48965267900901943
C07_85,anthropic,architectural_appearance,True,1.8138706159516502,0.8345652579336115,1.8138706159516502,0.0
C08_25478,anthropic,architectural_appearance,True,-0.6343927790934465,0.34491257892459215,-1.6136981371114851,0.9793053580180386
C08_6127,anthropic,architectural_appearance,True,-1.124045458102466,0.34491257892459215,-1.6136981371114851,0.4896526790090192
C08_7,anthropic,architectural_appearance,True,-1.124045458102466,-1.6136981371114851,-1.6136981371114851,0.4896526790090192
C08_85,anthropic,architectural_appearance,True,-3.5723088531475624,-2.593003495129524,-1.6136981371114851,-1.9586107160360773
C09_25478,anthropic,architectural_appearance,True,-1.6136981371114851,0.34491257892459215,-0.14474010008442717,-1.468958037027058
C09_6127,anthropic,architectural_appearance,True,0.34491257892459215,-1.6136981371114851,-1.124045458102466,1.468958037027058
C09_7,anthropic,architectural_appearance,True,-0.14474010008442717,-0.14474010008442717,1.8138706159516502,-1.9586107160360773
C09_85,anthropic,architectural_appearance,False,-1.124045458102466,-0.14474010008442717,0.8345652579336115,-1.9586107160360773
C10_25478,anthropic,architectural_appearance,False,-0.6343927790934465,0.34491257892459215,1.8138706159516502,-2.448263395045097
C10_6127,anthropic,architectural_appearance,True,0.34491257892459215,-0.14474010008442717,-1.6136981371114851,1.9586107160360773
C10_7,anthropic,architectural_appearance,True,-0.14474010008442717,-1.6136981371114851,-0.14474010008442717,0.0
C10_85,anthropic,architectural_appearance,False,-1.6136981371114851,0.34491257892459215,-1.6136981371114851,0.0
C11_25478,anthropic,architectural_appearance,True,0.8345652579336115,-0.14474010008442717,0.34491257892459215,0.4896526790090193
C11_6127,anthropic,architectural_appearance,True,0.34491257892459215,0.34491257892459215,0.8345652579336115,-0.4896526790090193
C11_7,anthropic,architectural_appearance,True,1.3242179369426308,-0.14474010008442717,1.8138706159516502,-0.48965267900901943
C11_85,anthropic,architectural_appearance,True,-0.14474010008442717,-0.14474010008442717,-0.6343927790934465,0.4896526790090193
C12_25478,anthropic,architectural_appearance,True,-0.14474010008442717,-0.14474010008442717,0.34491257892459215,-0.4896526790090193
C12_6127,anthropic,architectural_appearance,True,-0.14474010008442717,-0.14474010008442717,0.34491257892459215,-0.4896526790090193
C12_7,anthropic,architectural_appearance,True,0.34491257892459215,0.34491257892459215,-0.14474010008442717,0.4896526790090193
C12_85,anthropic,architectural_appearance,True,-0.14474010008442717,1.8138706159516502,0.34491257892459215,-0.4896526790090193
C13_25478,anthropic,architectural_appearance,False,0.34491257892459215,-0.6343927790934465,-0.14474010008442717,0.4896526790090193
C13_6127,anthropic,architectural_appearance,True,2.3035232949606694,0.34491257892459215,1.8138706159516502,0.4896526790090192
C13_7,anthropic,architectural_appearance,True,-0.14474010008442717,-0.6343927790934465,0.34491257892459215,-0.4896526790090193
C13_85,anthropic,architectural_appearance,False,1.8138706159516502,0.34491257892459215,-1.6136981371114851,3.4275687530631354
C14_25478,anthropic,architectural_appearance,True,-1.6136981371114851,-0.6343927790934465,-0.6343927790934465,-0.9793053580180386
C14_6127,anthropic,architectural_appearance,True,-0.14474010008442717,-0.6343927790934465,-0.6343927790934465,0.4896526790090193
C14_7,anthropic,architectural_appearance,True,-1.6136981371114851,-2.1033508161205043,-0.6343927790934465,-0.9793053580180386
C14_85,anthropic,architectural_appearance,True,-0.14474010008442717,-1.6136981371114851,-1.6136981371114851,1.468958037027058
C15_25478,anthropic,architectural_appearance,True,-0.14474010008442717,1.3242179369426308,-0.14474010008442717,0.0
C15_6127,anthropic,architectural_appearance,True,1.8138706159516502,-0.14474010008442717,1.8138706159516502,0.0
C15_7,anthropic,architectural_appearance,True,1.3242179369426308,0.34491257892459215,0.34491257892459215,0.9793053580180386
C15_85,anthropic,architectural_appearance,True,1.8138706159516502,1.8138706159516502,1.8138706159516502,0.0
C16_25478,anthropic,architectural_appearance,True,-0.14474010008442717,-0.14474010008442717,-0.14474010008442717,0.0
C16_6127,anthropic,architectural_appearance,True,1.8138706159516502,-0.14474010008442717,-0.6343927790934465,2.448263395045097
C16_7,anthropic,architectural_appearance,True,0.34491257892459215,-0.14474010008442717,-0.6343927790934465,0.9793053580180386
C16_85,anthropic,architectural_appearance,True,-0.6343927790934465,-1.6136981371114851,-2.1033508161205043,1.4689580370270579
C17_25478,anthropic,architectural_appearance,True,0.34491257892459215,-2.1033508161205043,-0.14474010008442717,0.4896526790090193
C17_6127,anthropic,architectural_appearance,True,-0.14474010008442717,0.34491257892459215,-0.14474010008442717,0.0
C17_7,anthropic,architectural_appearance,True,0.34491257892459215,0.34491257892459215,-0.6343927790934465,0.9793053580180386
C17_85,anthropic,architectural_appearance,True,0.34491257892459215,0.34491257892459215,0.34491257892459215,0.0
C18_25478,anthropic,architectural_appearance,True,-0.14474010008442717,-0.14474010008442717,0.34491257892459215,-0.4896526790090193
C18_6127,anthropic,architectural_appearance,True,0.34491257892459215,0.34491257892459215,0.34491257892459215,0.0
C18_7,anthropic,architectural_appearance,True,0.34491257892459215,0.34491257892459215,1.3242179369426308,-0.9793053580180386
C18_85,anthropic,architectural_appearance,True,0.34491257892459215,0.8345652579336115,1.8138706159516502,-1.468958037027058
C19_25478,anthropic,architectural_appearance,True,-1.6136981371114851,-1.6136981371114851,-1.6136981371114851,0.0
C19_6127,anthropic,architectural_appearance,True,0.34491257892459215,-1.6136981371114851,-0.14474010008442717,0.4896526790090193
C19_7,anthropic,architectural_appearance,True,1.8138706159516502,0.34491257892459215,0.34491257892459215,1.468958037027058
C19_85,anthropic,architectural_appearance,True,0.34491257892459215,1.3242179369426308,1.8138706159516502,-1.468958037027058
C20_25478,anthropic,architectural_appearance,True,-0.6343927790934465,-0.14474010008442717,-0.6343927790934465,0.0
C20_6127,anthropic,architectural_appearance,True,-0.14474010008442717,0.34491257892459215,-0.14474010008442717,0.0
C20_7,anthropic,architectural_appearance,True,-0.6343927790934465,-0.14474010008442717,-0.14474010008442717,-0.4896526790090193
C20_85,anthropic,architectural_appearance,True,-1.6136981371114851,-0.6343927790934465,-1.6136981371114851,0.0
A01_25478,anthropic,representation_quality,False,0.1980891178253288,1.1244470511849651,-0.26508984885448944,0.4631789666798182
A01_6127,anthropic,representation_quality,True,0.1980891178253288,0.1980891178253288,0.1980891178253288,0.0
A01_7,anthropic,representation_quality,True,0.661268084505147,0.661268084505147,0.661268084505147,0.0
A01_85,anthropic,representation_quality,False,0.1980891178253288,0.661268084505147,-0.7282688155343056,0.9263579333596343
A02_25478,anthropic,representation_quality,True,-1.1914477822141238,-1.1914477822141238,-1.1914477822141238,0.0
A02_6127,anthropic,representation_quality,True,0.1980891178253288,0.1980891178253288,0.1980891178253288,0.0
A02_7,anthropic,representation_quality,True,1.1244470511849651,0.661268084505147,1.1244470511849651,0.0
A02_85,anthropic,representation_quality,False,-0.7282688155343056,-1.6546267488939421,-0.7282688155343056,0.0
A04_25478,anthropic,representation_quality,True,1.1244470511849651,1.5876260178647834,2.0508049845445995,-0.9263579333596343
A04_6127,anthropic,representation_quality,True,2.513983951224418,2.513983951224418,2.0508049845445995,0.4631789666798185
A04_7,anthropic,representation_quality,True,2.513983951224418,2.0508049845445995,1.5876260178647834,0.9263579333596346
A04_85,anthropic,representation_quality,True,1.5876260178647834,1.1244470511849651,2.513983951224418,-0.9263579333596346
A07_25478,anthropic,representation_quality,True,-2.1178057155737604,-1.6546267488939421,-1.1914477822141238,-0.9263579333596366
A07_6127,anthropic,representation_quality,True,0.1980891178253288,-0.26508984885448944,-1.1914477822141238,1.3895369000394526
A07_7,anthropic,representation_quality,True,-1.1914477822141238,-1.1914477822141238,-1.1914477822141238,0.0
A07_85,anthropic,representation_quality,False,-1.1914477822141238,-1.6546267488939421,-1.1914477822141238,0.0
A08_25478,anthropic,representation_quality,True,0.1980891178253288,1.1244470511849651,1.1244470511849651,-0.9263579333596363
A08_6127,anthropic,representation_quality,True,2.0508049845445995,0.1980891178253288,1.1244470511849651,0.9263579333596343
A08_7,anthropic,representation_quality,True,0.661268084505147,0.661268084505147,-0.7282688155343056,1.3895369000394524
A08_85,anthropic,representation_quality,True,-0.7282688155343056,1.1244470511849651,1.5876260178647834,-2.315894833399089
A09_25478,anthropic,representation_quality,True,-1.6546267488939421,0.1980891178253288,0.661268084505147,-2.315894833399089
A09_6127,anthropic,representation_quality,True,0.1980891178253288,0.661268084505147,-0.7282688155343056,0.9263579333596343
A09_7,anthropic,representation_quality,True,-0.7282688155343056,0.1980891178253288,-1.1914477822141238,0.4631789666798183
A09_85,anthropic,representation_quality,False,1.5876260178647834,-1.1914477822141238,-1.1914477822141238,2.7790738000789075
A11_25478,anthropic,representation_quality,True,1.1244470511849651,0.661268084505147,0.1980891178253288,0.9263579333596363
A11_6127,anthropic,representation_quality,True,-1.1914477822141238,-0.26508984885448944,-0.7282688155343056,-0.4631789666798183
A11_7,anthropic,representation_quality,True,-0.7282688155343056,0.661268084505147,0.1980891178253288,-0.9263579333596343
A11_85,anthropic,representation_quality,True,0.661268084505147,0.661268084505147,0.1980891178253288,0.46317896667981817
A13_25478,anthropic,representation_quality,False,2.977162917904236,0.1980891178253288,0.1980891178253288,2.7790738000789075
A13_6127,anthropic,representation_quality,True,-1.1914477822141238,0.661268084505147,0.661268084505147,-1.852715866719271
A13_7,anthropic,representation_quality,True,-0.7282688155343056,-0.26508984885448944,0.1980891178253288,-0.9263579333596343
A13_85,anthropic,representation_quality,True,2.977162917904236,0.661268084505147,-1.1914477822141238,4.16861070011836
A15_25478,anthropic,representation_quality,True,-1.1914477822141238,0.1980891178253288,-1.6546267488939421,0.4631789666798183
A15_6127,anthropic,representation_quality,False,-3.507342615613213,0.1980891178253288,-0.7282688155343056,-2.7790738000789075
A15_7,anthropic,representation_quality,False,-1.1914477822141238,-1.1914477822141238,-1.1914477822141238,0.0
A15_85,anthropic,representation_quality,False,-2.5809846822535776,-1.6546267488939421,-1.1914477822141238,-1.3895369000394537
A22_25478,anthropic,representation_quality,True,0.1980891178253288,1.1244470511849651,0.661268084505147,-0.46317896667981817
A22_6127,anthropic,representation_quality,True,0.1980891178253288,0.1980891178253288,0.1980891178253288,0.0
A22_7,anthropic,representation_quality,True,0.1980891178253288,0.1980891178253288,-0.26508984885448944,0.4631789666798182
A22_85,anthropic,representation_quality,True,0.1980891178253288,0.661268084505147,1.1244470511849651,-0.9263579333596363
A25_25478,anthropic,representation_quality,True,2.0508049845445995,0.661268084505147,0.1980891178253288,1.8527158667192707
A25_6127,anthropic,representation_quality,True,0.661268084505147,0.661268084505147,0.1980891178253288,0.46317896667981817
A25_7,anthropic,representation_quality,True,0.1980891178253288,0.661268084505147,0.661268084505147,-0.46317896667981817
A25_85,anthropic,representation_quality,True,1.1244470511849651,0.1980891178253288,-0.26508984885448944,1.3895369000394546
A26_25478,anthropic,representation_quality,True,-1.6546267488939421,-1.1914477822141238,-1.1914477822141238,-0.4631789666798183
A26_6127,anthropic,representation_quality,True,1.5876260178647834,0.1980891178253288,0.661268084505147,0.9263579333596365
A26_7,anthropic,representation_quality,True,0.1980891178253288,1.1244470511849651,-1.1914477822141238,1.3895369000394526
A26_85,anthropic,representation_quality,False,-1.1914477822141238,-1.1914477822141238,-1.1914477822141238,0.0
A27_25478,anthropic,representation_quality,True,-1.1914477822141238,-0.7282688155343056,-1.6546267488939421,0.4631789666798183
A27_6127,anthropic,representation_quality,True,0.661268084505147,0.1980891178253288,-1.1914477822141238,1.852715866719271
A27_7,anthropic,representation_quality,True,1.1244470511849651,0.661268084505147,0.661268084505147,0.46317896667981817
A27_85,anthropic,representation_quality,True,0.1980891178253288,-1.1914477822141238,-1.1914477822141238,1.3895369000394526
B01_25478,anthropic,representation_quality,True,0.1980891178253288,-1.1914477822141238,-1.1914477822141238,1.3895369000394526
B01_6127,anthropic,representation_quality,True,0.1980891178253288,0.1980891178253288,-0.7282688155343056,0.9263579333596343
B01_7,anthropic,representation_quality,True,0.661268084505147,-0.26508984885448944,0.1980891178253288,0.46317896667981817
B01_85,anthropic,representation_quality,True,-1.1914477822141238,0.661268084505147,0.661268084505147,-1.852715866719271
B02_25478,anthropic,representation_quality,True,-1.6546267488939421,-1.6546267488939421,-1.1914477822141238,-0.4631789666798183
B02_6127,anthropic,representation_quality,True,-0.26508984885448944,-1.1914477822141238,-1.1914477822141238,0.9263579333596343
B02_7,anthropic,representation_quality,False,-1.1914477822141238,-1.1914477822141238,-1.1914477822141238,0.0
B02_85,anthropic,representation_quality,True,-3.507342615613213,-2.1178057155737604,-3.507342615613213,0.0
B04_25478,anthropic,representation_quality,True,0.1980891178253288,-1.1914477822141238,0.1980891178253288,0.0
B04_6127,anthropic,representation_quality,False,0.661268084505147,0.1980891178253288,0.1980891178253288,0.46317896667981817
B04_7,anthropic,representation_quality,True,-0.7282688155343056,-0.7282688155343056,0.1980891178253288,-0.9263579333596343
B04_85,anthropic,representation_quality,True,-1.1914477822141238,0.1980891178253288,-1.1914477822141238,0.0
B06_25478,anthropic,representation_quality,False,0.1980891178253288,1.1244470511849651,1.1244470511849651,-0.9263579333596363
B06_6127,anthropic,representation_quality,True,0.1980891178253288,0.1980891178253288,0.1980891178253288,0.0
B06_7,anthropic,representation_quality,True,0.661268084505147,0.1980891178253288,0.1980891178253288,0.46317896667981817
B06_85,anthropic,representation_quality,True,-0.7282688155343056,-1.1914477822141238,-0.26508984885448944,-0.4631789666798161
B08_25478,anthropic,representation_quality,False,0.661268084505147,0.1980891178253288,0.1980891178253288,0.46317896667981817
B08_6127,anthropic,representation_quality,False,0.661268084505147,0.1980891178253288,0.1980891178253288,0.46317896667981817
B08_7,anthropic,representation_quality,True,0.661268084505147,0.1980891178253288,0.1980891178253288,0.46317896667981817
B08_85,anthropic,representation_quality,False,-0.7282688155343056,1.1244470511849651,-0.7282688155343056,0.0
B09_25478,anthropic,representation_quality,True,0.661268084505147,-0.7282688155343056,-1.1914477822141238,1.852715866719271
B09_6127,anthropic,representation_quality,True,-1.6546267488939421,-0.26508984885448944,-0.7282688155343056,-0.9263579333596366
B09_7,anthropic,representation_quality,False,-2.1178057155737604,-1.6546267488939421,-1.6546267488939421,-0.4631789666798183
B09_85,anthropic,representation_quality,False,-1.1914477822141238,-1.1914477822141238,-1.1914477822141238,0.0
B12_25478,anthropic,representation_quality,True,0.661268084505147,1.5876260178647834,0.661268084505147,0.0
B12_6127,anthropic,representation_quality,True,0.661268084505147,1.1244470511849651,1.1244470511849651,-0.46317896667981817
B12_7,anthropic,representation_quality,True,-0.7282688155343056,-0.26508984885448944,-1.1914477822141238,0.4631789666798183
B12_85,anthropic,representation_quality,False,-0.26508984885448944,0.1980891178253288,-0.7282688155343056,0.4631789666798161
B14_25478,anthropic,representation_quality,True,-1.1914477822141238,-0.7282688155343056,-0.26508984885448944,-0.9263579333596343
B14_6127,anthropic,representation_quality,True,0.661268084505147,0.661268084505147,0.661268084505147,0.0
B14_7,anthropic,representation_quality,True,-0.26508984885448944,-1.1914477822141238,-1.1914477822141238,0.9263579333596343
B14_85,anthropic,representation_quality,True,-1.1914477822141238,0.1980891178253288,0.661268084505147,-1.852715866719271
B15_25478,anthropic,representation_quality,True,0.1980891178253288,-1.1914477822141238,0.1980891178253288,0.0
B15_6127,anthropic,representation_quality,True,0.661268084505147,-0.7282688155343056,0.661268084505147,0.0
B15_7,anthropic,representation_quality,True,0.1980891178253288,-1.1914477822141238,0.1980891178253288,0.0
B15_85,anthropic,representation_quality,True,-1.1914477822141238,-0.7282688155343056,0.661268084505147,-1.852715866719271
B19_25478,anthropic,representation_quality,True,0.661268084505147,-0.26508984885448944,-1.6546267488939421,2.315894833399089
B19_6127,anthropic,representation_quality,True,0.1980891178253288,-0.26508984885448944,-1.1914477822141238,1.3895369000394526
B19_7,anthropic,representation_quality,True,0.1980891178253288,-0.7282688155343056,-1.1914477822141238,1.3895369000394526
B19_85,anthropic,representation_quality,True,0.1980891178253288,-1.1914477822141238,0.1980891178253288,0.0
B20_25478,anthropic,representation_quality,True,0.661268084505147,0.1980891178253288,0.1980891178253288,0.46317896667981817
B20_6127,anthropic,representation_quality,True,1.1244470511849651,1.1244470511849651,0.1980891178253288,0.9263579333596363
B20_7,anthropic,representation_quality,True,0.661268084505147,0.661268084505147,0.661268084505147,0.0
B20_85,anthropic,representation_quality,True,-1.6546267488939421,-1.1914477822141238,-1.1914477822141238,-0.4631789666798183
B23_25478,anthropic,representation_quality,True,-1.1914477822141238,0.661268084505147,-1.6546267488939421,0.4631789666798183
B23_6127,anthropic,representation_quality,True,0.661268084505147,1.1244470511849651,0.661268084505147,0.0
B23_7,anthropic,representation_quality,True,0.1980891178253288,0.1980891178253288,0.661268084505147,-0.46317896667981817
B23_85,anthropic,representation_quality,True,0.1980891178253288,0.661268084505147,0.1980891178253288,0.0
B25_25478,anthropic,representation_quality,True,-0.26508984885448944,1.1244470511849651,0.1980891178253288,-0.4631789666798182
B25_6127,anthropic,representation_quality,True,0.1980891178253288,1.1244470511849651,-1.6546267488939421,1.852715866719271
B25_7,anthropic,representation_quality,False,0.1980891178253288,-0.7282688155343056,0.661268084505147,-0.46317896667981817
B25_85,anthropic,representation_quality,False,2.977162917904236,-0.7282688155343056,0.661268084505147,2.315894833399089
B26_25478,anthropic,representation_quality,True,0.1980891178253288,-0.7282688155343056,-0.7282688155343056,0.9263579333596343
B26_6127,anthropic,representation_quality,True,-1.1914477822141238,0.1980891178253288,0.1980891178253288,-1.3895369000394526
B26_7,anthropic,representation_quality,True,0.1980891178253288,-1.1914477822141238,0.661268084505147,-0.46317896667981817
B26_85,anthropic,representation_quality,True,-1.6546267488939421,-1.1914477822141238,-0.7282688155343056,-0.9263579333596366
B27_25478,anthropic,representation_quality,True,0.1980891178253288,0.1980891178253288,-0.26508984885448944,0.4631789666798182
B27_6127,anthropic,representation_quality,True,1.1244470511849651,-1.1914477822141238,0.1980891178253288,0.9263579333596363
B27_7,anthropic,representation_quality,True,-0.7282688155343056,0.1980891178253288,-1.1914477822141238,0.4631789666798183
B27_85,anthropic,representation_quality,True,0.1980891178253288,1.5876260178647834,-0.7282688155343056,0.9263579333596343
B29_25478,anthropic,representation_quality,True,0.1980891178253288,-0.7282688155343056,0.1980891178253288,0.0
B29_6127,anthropic,representation_quality,False,0.1980891178253288,0.661268084505147,1.1244470511849651,-0.9263579333596363
B29_7,anthropic,representation_quality,True,0.1980891178253288,0.661268084505147,1.5876260178647834,-1.3895369000394546
B29_85,anthropic,representation_quality,False,-1.1914477822141238,0.661268084505147,-0.7282688155343056,-0.4631789666798183
C01_25478,anthropic,representation_quality,True,-1.1914477822141238,0.1980891178253288,-0.7282688155343056,-0.4631789666798183
C01_6127,anthropic,representation_quality,True,0.1980891178253288,-0.7282688155343056,0.1980891178253288,0.0
C01_7,anthropic,representation_quality,False,0.661268084505147,-1.1914477822141238,-1.1914477822141238,1.852715866719271
C01_85,anthropic,representation_quality,True,-1.1914477822141238,0.1980891178253288,-1.1914477822141238,0.0
C02_25478,anthropic,representation_quality,True,-1.1914477822141238,0.661268084505147,1.1244470511849651,-2.315894833399089
C02_6127,anthropic,representation_quality,True,0.1980891178253288,0.1980891178253288,1.5876260178647834,-1.3895369000394546
C02_7,anthropic,representation_quality,False,0.1980891178253288,0.661268084505147,0.661268084505147,-0.46317896667981817
C02_85,anthropic,representation_quality,True,1.1244470511849651,-0.7282688155343056,-0.7282688155343056,1.8527158667192707
C04_25478,anthropic,representation_quality,True,-1.1914477822141238,0.1980891178253288,0.1980891178253288,-1.3895369000394526
C04_6127,anthropic,representation_quality,True,0.661268084505147,0.661268084505147,0.1980891178253288,0.46317896667981817
C04_7,anthropic,representation_quality,True,0.1980891178253288,0.1980891178253288,0.1980891178253288,0.0
C04_85,anthropic,representation_quality,True,0.1980891178253288,0.661268084505147,0.1980891178253288,0.0
C05_25478,anthropic,representation_quality,True,-1.1914477822141238,0.661268084505147,0.1980891178253288,-1.3895369000394526
C05_6127,anthropic,representation_quality,True,0.1980891178253288,0.1980891178253288,0.661268084505147,-0.46317896667981817
C05_7,anthropic,representation_quality,True,-1.1914477822141238,0.661268084505147,0.1980891178253288,-1.3895369000394526
C05_85,anthropic,representation_quality,True,-1.1914477822141238,0.661268084505147,0.1980891178253288,-1.3895369000394526
C06_25478,anthropic,representation_quality,True,0.661268084505147,1.5876260178647834,1.1244470511849651,-0.46317896667981817
C06_6127,anthropic,representation_quality,False,1.1244470511849651,1.1244470511849651,0.661268084505147,0.46317896667981817
C06_7,anthropic,representation_quality,False,0.661268084505147,-0.26508984885448944,-0.7282688155343056,1.3895369000394524
C06_85,anthropic,representation_quality,True,-0.7282688155343056,-0.7282688155343056,0.661268084505147,-1.3895369000394524
C07_25478,anthropic,representation_quality,True,2.513983951224418,2.513983951224418,0.661268084505147,1.852715866719271
C07_6127,anthropic,representation_quality,True,2.0508049845445995,1.5876260178647834,0.661268084505147,1.3895369000394524
C07_7,anthropic,representation_quality,False,0.661268084505147,2.0508049845445995,0.661268084505147,0.0
C07_85,anthropic,representation_quality,True,1.1244470511849651,1.5876260178647834,0.661268084505147,0.46317896667981817
C08_25478,anthropic,representation_quality,True,-1.1914477822141238,-1.1914477822141238,-1.6546267488939421,0.4631789666798183
C08_6127,anthropic,representation_quality,True,-1.1914477822141238,-0.26508984885448944,-0.7282688155343056,-0.4631789666798183
C08_7,anthropic,representation_quality,True,-1.1914477822141238,-1.1914477822141238,-1.1914477822141238,0.0
C08_85,anthropic,representation_quality,True,-3.0441636489333956,-3.0441636489333956,-1.6546267488939421,-1.3895369000394535
C09_25478,anthropic,representation_quality,True,-1.6546267488939421,-1.1914477822141238,-1.1914477822141238,-0.4631789666798183
C09_6127,anthropic,representation_quality,True,0.661268084505147,-1.1914477822141238,-2.1178057155737604,2.7790738000789075
C09_7,anthropic,representation_quality,True,-1.1914477822141238,-1.6546267488939421,0.1980891178253288,-1.3895369000394526
C09_85,anthropic,representation_quality,False,-1.1914477822141238,-1.1914477822141238,-1.1914477822141238,0.0
C10_25478,anthropic,representation_quality,False,-0.7282688155343056,0.1980891178253288,-0.26508984885448944,-0.4631789666798161
C10_6127,anthropic,representation_quality,True,0.1980891178253288,0.1980891178253288,-1.1914477822141238,1.3895369000394526
C10_7,anthropic,representation_quality,True,-0.7282688155343056,-1.1914477822141238,-0.7282688155343056,0.0
C10_85,anthropic,representation_quality,False,-0.7282688155343056,1.5876260178647834,-1.6546267488939421,0.9263579333596366
C11_25478,anthropic,representation_quality,True,-0.7282688155343056,-1.1914477822141238,-1.1914477822141238,0.4631789666798183
C11_6127,anthropic,representation_quality,True,0.661268084505147,0.661268084505147,0.1980891178253288,0.46317896667981817
C11_7,anthropic,representation_quality,True,1.1244470511849651,-0.7282688155343056,1.5876260178647834,-0.4631789666798183
C11_85,anthropic,representation_quality,True,0.1980891178253288,-1.1914477822141238,0.1980891178253288,0.0
C12_25478,anthropic,representation_quality,True,-0.26508984885448944,-0.7282688155343056,0.661268084505147,-0.9263579333596363
C12_6127,anthropic,representation_quality,True,0.661268084505147,1.5876260178647834,0.661268084505147,0.0
C12_7,anthropic,representation_quality,True,1.1244470511849651,0.661268084505147,0.661268084505147,0.46317896667981817
C12_85,anthropic,representation_quality,True,-0.7282688155343056,1.5876260178647834,0.1980891178253288,-0.9263579333596343
C13_25478,anthropic,representation_quality,False,0.1980891178253288,0.1980891178253288,0.661268084505147,-0.46317896667981817
C13_6127,anthropic,representation_quality,True,1.5876260178647834,0.661268084505147,1.1244470511849651,0.4631789666798183
C13_7,anthropic,representation_quality,True,-1.1914477822141238,0.661268084505147,-0.7282688155343056,-0.4631789666798183
C13_85,anthropic,representation_quality,False,1.1244470511849651,0.661268084505147,-1.1914477822141238,2.315894833399089
C14_25478,anthropic,representation_quality,True,-1.1914477822141238,0.661268084505147,-1.1914477822141238,0.0
C14_6127,anthropic,representation_quality,True,0.661268084505147,0.1980891178253288,0.1980891178253288,0.46317896667981817
C14_7,anthropic,representation_quality,True,-1.1914477822141238,-1.6546267488939421,-1.1914477822141238,0.0
C14_85,anthropic,representation_quality,True,-1.1914477822141238,-1.1914477822141238,-1.6546267488939421,0.4631789666798183
C15_25478,anthropic,representation_quality,True,0.661268084505147,0.1980891178253288,-0.7282688155343056,1.3895369000394524
C15_6127,anthropic,representation_quality,True,-0.26508984885448944,0.1980891178253288,0.661268084505147,-0.9263579333596363
C15_7,anthropic,representation_quality,True,-0.26508984885448944,-0.26508984885448944,-0.7282688155343056,0.4631789666798161
C15_85,anthropic,representation_quality,True,1.1244470511849651,1.1244470511849651,-0.26508984885448944,1.3895369000394546
C16_25478,anthropic,representation_quality,True,1.5876260178647834,0.661268084505147,1.1244470511849651,0.4631789666798183
C16_6127,anthropic,representation_quality,True,1.1244470511849651,0.661268084505147,-0.26508984885448944,1.3895369000394546
C16_7,anthropic,representation_quality,True,0.661268084505147,-0.7282688155343056,-0.26508984885448944,0.9263579333596363
C16_85,anthropic,representation_quality,True,0.661268084505147,-0.7282688155343056,-0.7282688155343056,1.3895369000394524
C17_25478,anthropic,representation_quality,True,0.661268084505147,-2.1178057155737604,-0.7282688155343056,1.3895369000394524
C17_6127,anthropic,representation_quality,True,0.1980891178253288,0.661268084505147,-0.7282688155343056,0.9263579333596343
C17_7,anthropic,representation_quality,True,-0.7282688155343056,0.661268084505147,0.661268084505147,-1.3895369000394524
C17_85,anthropic,representation_quality,True,-0.7282688155343056,0.661268084505147,0.1980891178253288,-0.9263579333596343
C18_25478,anthropic,representation_quality,True,0.1980891178253288,-0.7282688155343056,0.661268084505147,-0.46317896667981817
C18_6127,anthropic,representation_quality,True,1.1244470511849651,0.1980891178253288,1.1244470511849651,0.0
C18_7,anthropic,representation_quality,True,0.1980891178253288,0.661268084505147,1.5876260178647834,-1.3895369000394546
C18_85,anthropic,representation_quality,True,-0.7282688155343056,1.5876260178647834,0.661268084505147,-1.3895369000394524
C19_25478,anthropic,representation_quality,True,-0.26508984885448944,0.661268084505147,0.661268084505147,-0.9263579333596363
C19_6127,anthropic,representation_quality,True,0.661268084505147,0.661268084505147,0.661268084505147,0.0
C19_7,anthropic,representation_quality,True,1.1244470511849651,0.661268084505147,0.1980891178253288,0.9263579333596363
C19_85,anthropic,representation_quality,True,-0.26508984885448944,1.5876260178647834,1.1244470511849651,-1.3895369000394546
C20_25478,anthropic,representation_quality,True,0.1980891178253288,0.1980891178253288,0.661268084505147,-0.46317896667981817
C20_6127,anthropic,representation_quality,True,0.1980891178253288,0.1980891178253288,0.1980891178253288,0.0
C20_7,anthropic,representation_quality,True,-1.1914477822141238,0.661268084505147,0.1980891178253288,-1.3895369000394526
C20_85,anthropic,representation_quality,True,-1.1914477822141238,0.1980891178253288,-0.26508984885448944,-0.9263579333596343
A01_25478,google,architectural_appearance,False,0.6960678903738619,0.6960678903738619,0.4083517866404717,0.2877161037333901
A01_6127,google,architectural_appearance,True,0.6960678903738619,0.6960678903738619,0.6960678903738619,0.0
A01_7,google,architectural_appearance,True,0.6960678903738619,0.4083517866404717,0.6960678903738619,0.0
A01_85,google,architectural_appearance,False,0.6960678903738619,0.4083517866404717,0.6960678903738619,0.0
A02_25478,google,architectural_appearance,True,0.6960678903738619,0.6960678903738619,0.4083517866404717,0.2877161037333901
A02_6127,google,architectural_appearance,True,0.6960678903738619,-0.4547965245596986,0.4083517866404717,0.2877161037333901
A02_7,google,architectural_appearance,True,0.6960678903738619,0.6960678903738619,0.6960678903738619,0.0
A02_85,google,architectural_appearance,False,-0.7425126282930887,-0.4547965245596986,-0.4547965245596986,-0.2877161037333901
A04_25478,google,architectural_appearance,True,0.4083517866404717,-0.7425126282930887,-1.030228732026479,1.4385805186669507
A04_6127,google,architectural_appearance,True,0.4083517866404717,-1.030228732026479,-0.4547965245596986,0.8631483112001703
A04_7,google,architectural_appearance,True,0.4083517866404717,-0.1670804208263085,-0.4547965245596986,0.8631483112001703
A04_85,google,architectural_appearance,True,-0.7425126282930887,-1.605660939493259,0.4083517866404717,-1.1508644149335605
A07_25478,google,architectural_appearance,True,-0.4547965245596986,0.6960678903738619,0.4083517866404717,-0.8631483112001703
A07_6127,google,architectural_appearance,True,0.6960678903738619,0.4083517866404717,0.4083517866404717,0.2877161037333901
A07_7,google,architectural_appearance,True,-1.8933770432266492,0.6960678903738619,0.4083517866404717,-2.301728829867121
A07_85,google,architectural_appearance,False,0.6960678903738619,-2.1810931469600394,0.6960678903738619,0.0
A08_25478,google,architectural_appearance,True,-0.1670804208263085,-0.4547965245596986,0.6960678903738619,-0.8631483112001703
A08_6127,google,architectural_appearance,True,0.6960678903738619,0.4083517866404717,0.6960678903738619,0.0
A08_7,google,architectural_appearance,True,0.6960678903738619,-0.4547965245596986,0.6960678903738619,0.0
A08_85,google,architectural_appearance,True,0.4083517866404717,-0.4547965245596986,-0.4547965245596986,0.8631483112001703
A09_25478,google,architectural_appearance,True,0.6960678903738619,0.6960678903738619,0.6960678903738619,0.0
A09_6127,google,architectural_appearance,True,0.6960678903738619,0.6960678903738619,0.6960678903738619,0.0
A09_7,google,architectural_appearance,True,0.6960678903738619,0.4083517866404717,-2.4688092506934294,3.1648771410672913
A09_85,google,architectural_appearance,False,0.6960678903738619,0.6960678903738619,0.6960678903738619,0.0
A11_25478,google,architectural_appearance,True,0.6960678903738619,0.4083517866404717,0.6960678903738619,0.0
A11_6127,google,architectural_appearance,True,0.6960678903738619,-1.605660939493259,0.6960678903738619,0.0
A11_7,google,architectural_appearance,True,-0.4547965245596986,-1.030228732026479,0.6960678903738619,-1.1508644149335605
A11_85,google,architectural_appearance,True,0.6960678903738619,-0.4547965245596986,-0.4547965245596986,1.1508644149335605
A13_25478,google,architectural_appearance,False,-0.4547965245596986,-0.4547965245596986,0.12063568290708161,-0.5754322074667803
A13_6127,google,architectural_appearance,True,-1.8933770432266492,-0.4547965245596986,0.4083517866404717,-2.301728829867121
A13_7,google,architectural_appearance,True,0.6960678903738619,0.12063568290708161,0.6960678903738619,0.0
A13_85,google,architectural_appearance,True,-0.4547965245596986,-1.3179448357598689,-1.8933770432266492,1.4385805186669507
A15_25478,google,architectural_appearance,True,0.6960678903738619,-0.4547965245596986,0.6960678903738619,0.0
A15_6127,google,architectural_appearance,False,0.6960678903738619,0.4083517866404717,0.6960678903738619,0.0
A15_7,google,architectural_appearance,False,-2.4688092506934294,-2.4688092506934294,0.6960678903738619,-3.1648771410672913
A15_85,google,architectural_appearance,False,-0.4547965245596986,-3.6196736656269897,0.6960678903738619,-1.1508644149335605
A22_25478,google,architectural_appearance,True,0.6960678903738619,0.6960678903738619,0.6960678903738619,0.0
A22_6127,google,architectural_appearance,True,0.6960678903738619,0.6960678903738619,0.6960678903738619,0.0
A22_7,google,architectural_appearance,True,0.6960678903738619,0.6960678903738619,0.6960678903738619,0.0
A22_85,google,architectural_appearance,True,0.12063568290708161,-0.4547965245596986,0.6960678903738619,-0.5754322074667803
A25_25478,google,architectural_appearance,True,0.4083517866404717,-0.4547965245596986,0.12063568290708161,0.2877161037333901
A25_6127,google,architectural_appearance,True,-0.4547965245596986,-0.4547965245596986,0.4083517866404717,-0.8631483112001703
A25_7,google,architectural_appearance,True,0.6960678903738619,-0.7425126282930887,0.6960678903738619,0.0
A25_85,google,architectural_appearance,True,0.6960678903738619,-1.030228732026479,-0.4547965245596986,1.1508644149335605
A26_25478,google,architectural_appearance,True,0.4083517866404717,-3.0442414581602097,-1.8933770432266492,2.301728829867121
A26_6127,google,architectural_appearance,True,0.6960678903738619,0.4083517866404717,0.6960678903738619,0.0
A26_7,google,architectural_appearance,True,0.6960678903738619,0.6960678903738619,-2.1810931469600394,2.8771610373339014
A26_85,google,architectural_appearance,False,-2.7565253544268193,-3.6196736656269897,-3.3319575618935997,0.5754322074667804
A27_25478,google,architectural_appearance,True,0.6960678903738619,0.4083517866404717,-1.605660939493259,2.301728829867121
A27_6127,google,architectural_appearance,True,-1.3179448357598689,0.4083517866404717,-0.1670804208263085,-1.1508644149335603
A27_7,google,architectural_appearance,True,0.6960678903738619,0.4083517866404717,-1.030228732026479,1.7262966224003407
A27_85,google,architectural_appearance,True,0.6960678903738619,-2.7565253544268193,-0.4547965245596986,1.1508644149335605
B01_25478,google,architectural_appearance,True,0.6960678903738619,0.12063568290708161,0.6960678903738619,0.0
B01_6127,google,architectural_appearance,True,-0.7425126282930887,0.6960678903738619,-0.4547965245596986,-0.2877161037333901
B01_7,google,architectural_appearance,True,0.6960678903738619,0.6960678903738619,0.6960678903738619,0.0
B01_85,google,architectural_appearance,True,0.6960678903738619,0.6960678903738619,-0.7425126282930887,1.4385805186669507
B02_25478,google,architectural_appearance,True,0.6960678903738619,0.6960678903738619,0.6960678903738619,0.0
B02_6127,google,architectural_appearance,True,0.6960678903738619,-2.4688092506934294,0.6960678903738619,0.0
B02_7,google,architectural_appearance,False,0.6960678903738619,-3.6196736656269897,-0.4547965245596986,1.1508644149335605
B02_85,google,architectural_appearance,True,-3.90738976936038,-3.0442414581602097,-4.19510587309377,0.2877161037333895
B04_25478,google,architectural_appearance,True,0.6960678903738619,-0.4547965245596986,0.6960678903738619,0.0
B04_6127,google,architectural_appearance,False,0.6960678903738619,-0.4547965245596986,0.6960678903738619,0.0
B04_7,google,architectural_appearance,True,-1.3179448357598689,-0.4547965245596986,0.6960678903738619,-2.0140127261337306
B04_85,google,architectural_appearance,True,-1.605660939493259,-0.4547965245596986,-0.4547965245596986,-1.1508644149335605
B06_25478,google,architectural_appearance,False,0.6960678903738619,0.6960678903738619,0.6960678903738619,0.0
B06_6127,google,architectural_appearance,True,0.4083517866404717,0.6960678903738619,0.6960678903738619,-0.2877161037333901
B06_7,google,architectural_appearance,True,0.6960678903738619,0.6960678903738619,0.6960678903738619,0.0
B06_85,google,architectural_appearance,True,-0.4547965245596986,-0.4547965245596986,-0.4547965245596986,0.0
B08_25478,google,architectural_appearance,False,0.6960678903738619,0.12063568290708161,0.6960678903738619,0.0
B08_6127,google,architectural_appearance,False,0.6960678903738619,-0.4547965245596986,0.6960678903738619,0.0
B08_7,google,architectural_appearance,True,0.6960678903738619,0.6960678903738619,0.6960678903738619,0.0
B08_85,google,architectural_appearance,False,0.6960678903738619,0.6960678903738619,0.6960678903738619,0.0
B09_25478,google,architectural_appearance,True,0.6960678903738619,-2.4688092506934294,-2.4688092506934294,3.1648771410672913
B09_6127,google,architectural_appearance,True,0.6960678903738619,-0.4547965245596986,-0.1670804208263085,0.8631483112001703
B09_7,google,architectural_appearance,False,-1.3179448357598689,-0.4547965245596986,-1.8933770432266492,0.5754322074667804
B09_85,google,architectural_appearance,False,-1.8933770432266492,-0.4547965245596986,0.4083517866404717,-2.301728829867121
B12_25478,google,architectural_appearance,True,0.6960678903738619,0.6960678903738619,0.6960678903738619,0.0
B12_6127,google,architectural_appearance,True,0.6960678903738619,0.6960678903738619,0.6960678903738619,0.0
B12_7,google,architectural_appearance,True,0.6960678903738619,0.6960678903738619,-0.7425126282930887,1.4385805186669507
B12_85,google,architectural_appearance,False,-1.8933770432266492,-0.4547965245596986,-1.605660939493259,-0.2877161037333902
B14_25478,google,architectural_appearance,True,0.6960678903738619,-0.4547965245596986,0.6960678903738619,0.0
B14_6127,google,architectural_appearance,True,0.6960678903738619,0.6960678903738619,0.6960678903738619,0.0
B14_7,google,architectural_appearance,True,0.6960678903738619,-0.4547965245596986,0.6960678903738619,0.0
B14_85,google,architectural_appearance,True,0.6960678903738619,0.6960678903738619,0.6960678903738619,0.0
B15_25478,google,architectural_appearance,True,0.6960678903738619,-3.0442414581602097,-0.4547965245596986,1.1508644149335605
B15_6127,google,architectural_appearance,True,0.6960678903738619,0.4083517866404717,0.6960678903738619,0.0
B15_7,google,architectural_appearance,True,-0.4547965245596986,-1.030228732026479,-0.7425126282930887,0.2877161037333901
B15_85,google,architectural_appearance,True,-3.0442414581602097,-1.8933770432266492,-0.4547965245596986,-2.589444933600511
B19_25478,google,architectural_appearance,True,0.6960678903738619,-2.7565253544268193,0.6960678903738619,0.0
B19_6127,google,architectural_appearance,True,-1.3179448357598689,-1.3179448357598689,-0.1670804208263085,-1.1508644149335603
B19_7,google,architectural_appearance,True,0.6960678903738619,-2.4688092506934294,-0.4547965245596986,1.1508644149335605
B19_85,google,architectural_appearance,True,0.6960678903738619,-2.4688092506934294,0.6960678903738619,0.0
B20_25478,google,architectural_appearance,True,0.6960678903738619,0.6960678903738619,0.6960678903738619,0.0
B20_6127,google,architectural_appearance,True,0.6960678903738619,0.4083517866404717,0.6960678903738619,0.0
B20_7,google,architectural_appearance,True,0.6960678903738619,0.6960678903738619,-0.4547965245596986,1.1508644149335605
B20_85,google,architectural_appearance,True,0.6960678903738619,0.6960678903738619,0.6960678903738619,0.0
B23_25478,google,architectural_appearance,True,0.6960678903738619,0.4083517866404717,0.6960678903738619,0.0
B23_6127,google,architectural_appearance,True,0.4083517866404717,0.4083517866404717,0.6960678903738619,-0.2877161037333901
B23_7,google,architectural_appearance,True,0.4083517866404717,-0.4547965245596986,0.6960678903738619,-0.2877161037333901
B23_85,google,architectural_appearance,True,0.6960678903738619,0.12063568290708161,0.6960678903738619,0.0
B25_25478,google,architectural_appearance,True,0.6960678903738619,0.6960678903738619,0.4083517866404717,0.2877161037333901
B25_6127,google,architectural_appearance,True,0.6960678903738619,0.6960678903738619,0.6960678903738619,0.0
B25_7,google,architectural_appearance,False,0.6960678903738619,-0.4547965245596986,0.6960678903738619,0.0
B25_85,google,architectural_appearance,False,0.6960678903738619,-0.4547965245596986,-0.4547965245596986,1.1508644149335605
B26_25478,google,architectural_appearance,True,0.6960678903738619,-0.7425126282930887,0.6960678903738619,0.0
B26_6127,google,architectural_appearance,True,0.6960678903738619,0.6960678903738619,0.6960678903738619,0.0
B26_7,google,architectural_appearance,True,0.6960678903738619,0.6960678903738619,0.6960678903738619,0.0
B26_85,google,architectural_appearance,True,0.6960678903738619,-2.4688092506934294,-0.4547965245596986,1.1508644149335605
B27_25478,google,architectural_appearance,True,0.6960678903738619,-0.4547965245596986,0.6960678903738619,0.0
B27_6127,google,architectural_appearance,True,0.6960678903738619,-0.4547965245596986,0.6960678903738619,0.0
B27_7,google,architectural_appearance,True,0.6960678903738619,0.4083517866404717,0.6960678903738619,0.0
B27_85,google,architectural_appearance,True,0.6960678903738619,-0.4547965245596986,0.6960678903738619,0.0
B29_25478,google,architectural_appearance,True,0.4083517866404717,0.4083517866404717,0.6960678903738619,-0.2877161037333901
B29_6127,google,architectural_appearance,False,0.6960678903738619,-0.1670804208263085,0.6960678903738619,0.0
B29_7,google,architectural_appearance,True,0.6960678903738619,0.4083517866404717,0.4083517866404717,0.2877161037333901
B29_85,google,architectural_appearance,False,0.6960678903738619,0.4083517866404717,-0.4547965245596986,1.1508644149335605
C01_25478,google,architectural_appearance,True,0.4083517866404717,-2.4688092506934294,-0.4547965245596986,0.8631483112001703
C01_6127,google,architectural_appearance,True,0.6960678903738619,0.6960678903738619,0.6960678903738619,0.0
C01_7,google,architectural_appearance,False,0.6960678903738619,-0.4547965245596986,0.6960678903738619,0.0
C01_85,google,architectural_appearance,True,-2.7565253544268193,-1.8933770432266492,-0.1670804208263085,-2.589444933600511
C02_25478,google,architectural_appearance,True,0.6960678903738619,-3.6196736656269897,-1.030228732026479,1.7262966224003407
C02_6127,google,architectural_appearance,True,-0.4547965245596986,0.4083517866404717,0.6960678903738619,-1.1508644149335605
C02_7,google,architectural_appearance,False,0.6960678903738619,0.4083517866404717,0.4083517866404717,0.2877161037333901
C02_85,google,architectural_appearance,True,-2.7565253544268193,-3.3319575618935997,-0.4547965245596986,-2.3017288298671206
C04_25478,google,architectural_appearance,True,0.4083517866404717,-0.4547965245596986,-1.030228732026479,1.4385805186669507
C04_6127,google,architectural_appearance,True,0.4083517866404717,-0.7425126282930887,-0.7425126282930887,1.1508644149335605
C04_7,google,architectural_appearance,True,0.6960678903738619,0.6960678903738619,-0.7425126282930887,1.4385805186669507
C04_85,google,architectural_appearance,True,0.6960678903738619,-0.4547965245596986,0.4083517866404717,0.2877161037333901
C05_25478,google,architectural_appearance,True,0.6960678903738619,-0.7425126282930887,0.6960678903738619,0.0
C05_6127,google,architectural_appearance,True,-0.7425126282930887,-0.4547965245596986,-0.4547965245596986,-0.2877161037333901
C05_7,google,architectural_appearance,True,0.4083517866404717,-0.7425126282930887,0.4083517866404717,0.0
C05_85,google,architectural_appearance,True,-1.8933770432266492,-0.7425126282930887,-0.4547965245596986,-1.4385805186669507
C06_25478,google,architectural_appearance,True,0.6960678903738619,0.4083517866404717,0.6960678903738619,0.0
C06_6127,google,architectural_appearance,False,0.6960678903738619,-0.4547965245596986,0.12063568290708161,0.5754322074667803
C06_7,google,architectural_appearance,False,-0.4547965245596986,-0.4547965245596986,0.6960678903738619,-1.1508644149335605
C06_85,google,architectural_appearance,True,0.6960678903738619,-1.030228732026479,0.6960678903738619,0.0
C07_25478,google,architectural_appearance,True,0.6960678903738619,0.6960678903738619,0.6960678903738619,0.0
C07_6127,google,architectural_appearance,True,0.6960678903738619,0.6960678903738619,0.6960678903738619,0.0
C07_7,google,architectural_appearance,False,0.6960678903738619,-0.7425126282930887,0.6960678903738619,0.0
C07_85,google,architectural_appearance,True,0.6960678903738619,0.4083517866404717,-0.4547965245596986,1.1508644149335605
C08_25478,google,architectural_appearance,True,0.6960678903738619,0.6960678903738619,0.6960678903738619,0.0
C08_6127,google,architectural_appearance,True,0.6960678903738619,-0.4547965245596986,0.4083517866404717,0.2877161037333901
C08_7,google,architectural_appearance,True,0.6960678903738619,-0.4547965245596986,-0.1670804208263085,0.8631483112001703
C08_85,google,architectural_appearance,True,-0.4547965245596986,-3.0442414581602097,0.6960678903738619,-1.1508644149335605
C09_25478,google,architectural_appearance,True,0.6960678903738619,0.6960678903738619,0.12063568290708161,0.5754322074667803
C09_6127,google,architectural_appearance,True,0.6960678903738619,0.6960678903738619,0.6960678903738619,0.0
C09_7,google,architectural_appearance,True,0.6960678903738619,-0.4547965245596986,-1.605660939493259,2.301728829867121
C09_85,google,architectural_appearance,False,0.4083517866404717,-1.030228732026479,0.6960678903738619,-0.2877161037333901
C10_25478,google,architectural_appearance,False,0.6960678903738619,0.6960678903738619,0.6960678903738619,0.0
C10_6127,google,architectural_appearance,True,-0.4547965245596986,-0.4547965245596986,0.12063568290708161,-0.5754322074667803
C10_7,google,architectural_appearance,True,0.6960678903738619,0.6960678903738619,0.6960678903738619,0.0
C10_85,google,architectural_appearance,False,-0.4547965245596986,0.12063568290708161,-1.030228732026479,0.5754322074667804
C11_25478,google,architectural_appearance,True,-0.4547965245596986,-1.8933770432266492,0.6960678903738619,-1.1508644149335605
C11_6127,google,architectural_appearance,True,0.6960678903738619,-0.4547965245596986,-0.4547965245596986,1.1508644149335605
C11_7,google,architectural_appearance,True,-0.4547965245596986,-0.4547965245596986,-1.030228732026479,0.5754322074667804
C11_85,google,architectural_appearance,True,0.6960678903738619,-0.7425126282930887,-0.4547965245596986,1.1508644149335605
C12_25478,google,architectural_appearance,True,-2.1810931469600394,-0.4547965245596986,-1.605660939493259,-0.5754322074667804
C12_6127,google,architectural_appearance,True,0.6960678903738619,-0.4547965245596986,-0.1670804208263085,0.8631483112001703
C12_7,google,architectural_appearance,True,0.6960678903738619,0.6960678903738619,-0.4547965245596986,1.1508644149335605
C12_85,google,architectural_appearance,True,0.6960678903738619,0.6960678903738619,0.6960678903738619,0.0
C13_25478,google,architectural_appearance,False,0.6960678903738619,-0.4547965245596986,-0.1670804208263085,0.8631483112001703
C13_6127,google,architectural_appearance,True,0.6960678903738619,0.6960678903738619,0.6960678903738619,0.0
C13_7,google,architectural_appearance,True,0.4083517866404717,0.6960678903738619,0.6960678903738619,-0.2877161037333901
C13_85,google,architectural_appearance,False,0.6960678903738619,0.4083517866404717,0.6960678903738619,0.0
C14_25478,google,architectural_appearance,True,-3.90738976936038,-3.0442414581602097,-2.7565253544268193,-1.1508644149335607
C14_6127,google,architectural_appearance,True,-0.4547965245596986,-0.7425126282930887,-1.605660939493259,1.1508644149335605
C14_7,google,architectural_appearance,True,-0.1670804208263085,-3.6196736656269897,-0.4547965245596986,0.28771610373339007
C14_85,google,architectural_appearance,True,-1.605660939493259,0.6960678903738619,-3.0442414581602097,1.4385805186669507
C15_25478,google,architectural_appearance,True,0.6960678903738619,0.6960678903738619,-0.1670804208263085,0.8631483112001703
C15_6127,google,architectural_appearance,True,0.6960678903738619,0.4083517866404717,0.6960678903738619,0.0
C15_7,google,architectural_appearance,True,0.4083517866404717,-0.4547965245596986,0.4083517866404717,0.0
C15_85,google,architectural_appearance,True,0.6960678903738619,0.6960678903738619,0.6960678903738619,0.0
C16_25478,google,architectural_appearance,True,0.6960678903738619,-0.1670804208263085,0.6960678903738619,0.0
C16_6127,google,architectural_appearance,True,0.6960678903738619,0.6960678903738619,0.6960678903738619,0.0
C16_7,google,architectural_appearance,True,0.6960678903738619,0.6960678903738619,0.4083517866404717,0.2877161037333901
C16_85,google,architectural_appearance,True,0.6960678903738619,-0.4547965245596986,-0.4547965245596986,1.1508644149335605
C17_25478,google,architectural_appearance,True,0.6960678903738619,-0.4547965245596986,-0.4547965245596986,1.1508644149335605
C17_6127,google,architectural_appearance,True,0.4083517866404717,0.4083517866404717,-0.7425126282930887,1.1508644149335605
C17_7,google,architectural_appearance,True,0.6960678903738619,-0.4547965245596986,-0.7425126282930887,1.4385805186669507
C17_85,google,architectural_appearance,True,0.6960678903738619,-0.4547965245596986,-0.1670804208263085,0.8631483112001703
C18_25478,google,architectural_appearance,True,0.6960678903738619,0.6960678903738619,0.6960678903738619,0.0
C18_6127,google,architectural_appearance,True,0.6960678903738619,0.4083517866404717,0.6960678903738619,0.0
C18_7,google,architectural_appearance,True,0.6960678903738619,0.4083517866404717,-0.4547965245596986,1.1508644149335605
C18_85,google,architectural_appearance,True,0.6960678903738619,-0.4547965245596986,0.6960678903738619,0.0
C19_25478,google,architectural_appearance,True,-0.4547965245596986,-1.3179448357598689,-3.0442414581602097,2.589444933600511
C19_6127,google,architectural_appearance,True,0.6960678903738619,-0.4547965245596986,0.4083517866404717,0.2877161037333901
C19_7,google,architectural_appearance,True,0.12063568290708161,-0.4547965245596986,-0.4547965245596986,0.5754322074667803
C19_85,google,architectural_appearance,True,0.6960678903738619,0.6960678903738619,0.6960678903738619,0.0
C20_25478,google,architectural_appearance,True,0.6960678903738619,-0.4547965245596986,-0.1670804208263085,0.8631483112001703
C20_6127,google,architectural_appearance,True,0.4083517866404717,-0.4547965245596986,-0.1670804208263085,0.5754322074667803
C20_7,google,architectural_appearance,True,-0.4547965245596986,0.12063568290708161,-0.1670804208263085,-0.28771610373339007
C20_85,google,architectural_appearance,True,0.6960678903738619,0.4083517866404717,-0.1670804208263085,0.8631483112001703
A01_25478,google,representation_quality,False,0.5822867684226453,0.8858395427806798,0.5822867684226453,0.0
A01_6127,google,representation_quality,True,0.8858395427806798,0.5822867684226453,0.8858395427806798,0.0
A01_7,google,representation_quality,True,0.8858395427806798,0.5822867684226453,0.5822867684226453,0.3035527743580345
A01_85,google,representation_quality,False,-0.024818780293422493,0.8858395427806798,-0.328371554651457,0.3035527743580345
A02_25478,google,representation_quality,True,0.5822867684226453,0.5822867684226453,0.2787339940646107,0.30355277435803457
A02_6127,google,representation_quality,True,0.5822867684226453,-0.328371554651457,0.5822867684226453,0.0
A02_7,google,representation_quality,True,0.5822867684226453,0.8858395427806798,0.5822867684226453,0.0
A02_85,google,representation_quality,False,-0.6319243290094916,-0.6319243290094916,-0.328371554651457,-0.30355277435803457
A04_25478,google,representation_quality,True,0.5822867684226453,-0.6319243290094916,-0.6319243290094916,1.2142110974321367
A04_6127,google,representation_quality,True,0.8858395427806798,0.5822867684226453,0.8858395427806798,0.0
A04_7,google,representation_quality,True,0.8858395427806798,-0.6319243290094916,0.8858395427806798,0.0
A04_85,google,representation_quality,True,-0.328371554651457,-0.6319243290094916,0.8858395427806798,-1.2142110974321367
A07_25478,google,representation_quality,True,0.5822867684226453,0.5822867684226453,0.5822867684226453,0.0
A07_6127,google,representation_quality,True,0.5822867684226453,0.5822867684226453,-0.024818780293422493,0.6071055487160677
A07_7,google,representation_quality,True,-1.8461354264416283,0.5822867684226453,0.5822867684226453,-2.4284221948642735
A07_85,google,representation_quality,False,0.5822867684226453,-3.3638992982317997,0.5822867684226453,0.0
A08_25478,google,representation_quality,True,-0.024818780293422493,-0.6319243290094916,-0.024818780293422493,0.0
A08_6127,google,representation_quality,True,0.5822867684226453,0.5822867684226453,0.5822867684226453,0.0
A08_7,google,representation_quality,True,0.5822867684226453,-0.6319243290094916,-0.024818780293422493,0.6071055487160677
A08_85,google,representation_quality,True,-0.328371554651457,-0.6319243290094916,-0.6319243290094916,0.30355277435803457
A09_25478,google,representation_quality,True,-0.024818780293422493,0.8858395427806798,0.2787339940646107,-0.3035527743580332
A09_6127,google,representation_quality,True,0.8858395427806798,0.8858395427806798,0.5822867684226453,0.3035527743580345
A09_7,google,representation_quality,True,0.5822867684226453,0.8858395427806798,-1.8461354264416283,2.4284221948642735
A09_85,google,representation_quality,False,0.5822867684226453,0.8858395427806798,-0.024818780293422493,0.6071055487160677
A11_25478,google,representation_quality,True,0.8858395427806798,0.8858395427806798,-0.024818780293422493,0.9106583230741023
A11_6127,google,representation_quality,True,0.5822867684226453,-0.6319243290094916,0.5822867684226453,0.0
A11_7,google,representation_quality,True,-0.6319243290094916,-0.6319243290094916,0.5822867684226453,-1.2142110974321367
A11_85,google,representation_quality,True,0.8858395427806798,-0.9354771033675261,-0.6319243290094916,1.5177638717901714
A13_25478,google,representation_quality,False,0.2787339940646107,-0.328371554651457,0.2787339940646107,0.0
A13_6127,google,representation_quality,True,-1.542582652083594,-0.9354771033675261,0.5822867684226453,-2.124869420506239
A13_7,google,representation_quality,True,0.5822867684226453,0.5822867684226453,0.5822867684226453,0.0
A13_85,google,representation_quality,True,0.2787339940646107,-1.2390298777255606,-1.8461354264416283,2.124869420506239
A15_25478,google,representation_quality,True,0.5822867684226453,-0.6319243290094916,0.5822867684226453,0.0
A15_6127,google,representation_quality,False,0.5822867684226453,0.5822867684226453,-0.024818780293422493,0.6071055487160677
A15_7,google,representation_quality,False,-1.2390298777255606,-2.149688200799663,0.5822867684226453,-1.821316646148206
A15_85,google,representation_quality,False,-0.328371554651457,-3.0603465238737653,0.5822867684226453,-0.9106583230741023
A22_25478,google,representation_quality,True,0.5822867684226453,0.5822867684226453,-0.024818780293422493,0.6071055487160677
A22_6127,google,representation_quality,True,0.5822867684226453,0.5822867684226453,-0.024818780293422493,0.6071055487160677
A22_7,google,representation_quality,True,0.5822867684226453,0.8858395427806798,-0.024818780293422493,0.6071055487160677
A22_85,google,representation_quality,True,-0.024818780293422493,-0.328371554651457,0.2787339940646107,-0.3035527743580332
A25_25478,google,representation_quality,True,0.8858395427806798,-0.6319243290094916,-0.328371554651457,1.2142110974321367
A25_6127,google,representation_quality,True,-0.328371554651457,-0.024818780293422493,0.8858395427806798,-1.2142110974321367
A25_7,google,representation_quality,True,0.8858395427806798,-0.6319243290094916,0.8858395427806798,0.0
A25_85,google,representation_quality,True,0.8858395427806798,-0.6319243290094916,0.2787339940646107,0.607105548716069
A26_25478,google,representation_quality,True,0.2787339940646107,-3.3638992982317997,-1.8461354264416283,2.124869420506239
A26_6127,google,representation_quality,True,0.5822867684226453,0.5822867684226453,0.5822867684226453,0.0
A26_7,google,representation_quality,True,0.5822867684226453,0.5822867684226453,-3.0603465238737653,3.6426332922964106
A26_85,google,representation_quality,False,-3.0603465238737653,-3.3638992982317997,-2.4532409751576973,-0.6071055487160679
A27_25478,google,representation_quality,True,0.5822867684226453,0.5822867684226453,-2.149688200799663,2.7319749692223083
A27_6127,google,representation_quality,True,-1.542582652083594,0.5822867684226453,0.2787339940646107,-1.8213166461482047
A27_7,google,representation_quality,True,0.5822867684226453,0.5822867684226453,-0.9354771033675261,1.5177638717901714
A27_85,google,representation_quality,True,0.5822867684226453,-1.542582652083594,-0.9354771033675261,1.5177638717901714
B01_25478,google,representation_quality,True,0.5822867684226453,0.5822867684226453,0.5822867684226453,0.0
B01_6127,google,representation_quality,True,-0.9354771033675261,0.5822867684226453,-1.2390298777255606,0.3035527743580345
B01_7,google,representation_quality,True,0.5822867684226453,0.5822867684226453,0.5822867684226453,0.0
B01_85,google,representation_quality,True,0.5822867684226453,0.5822867684226453,-0.024818780293422493,0.6071055487160677
B02_25478,google,representation_quality,True,0.5822867684226453,0.5822867684226453,0.8858395427806798,-0.3035527743580345
B02_6127,google,representation_quality,True,0.5822867684226453,-3.0603465238737653,0.5822867684226453,0.0
B02_7,google,representation_quality,False,0.5822867684226453,-3.971004846947869,-0.6319243290094916,1.2142110974321367
B02_85,google,representation_quality,True,-4.881663170021971,-3.0603465238737653,-4.881663170021971,0.0
B04_25478,google,representation_quality,True,0.8858395427806798,-0.328371554651457,0.8858395427806798,0.0
B04_6127,google,representation_quality,False,0.8858395427806798,-1.2390298777255606,0.5822867684226453,0.3035527743580345
B04_7,google,representation_quality,True,-1.8461354264416283,0.5822867684226453,0.5822867684226453,-2.4284221948642735
B04_85,google,representation_quality,True,-1.8461354264416283,-0.328371554651457,-1.2390298777255606,-0.6071055487160677
B06_25478,google,representation_quality,False,0.5822867684226453,0.5822867684226453,0.5822867684226453,0.0
B06_6127,google,representation_quality,True,0.5822867684226453,0.5822867684226453,0.2787339940646107,0.30355277435803457
B06_7,google,representation_quality,True,0.5822867684226453,0.5822867684226453,0.5822867684226453,0.0
B06_85,google,representation_quality,True,-1.2390298777255606,-0.9354771033675261,-1.2390298777255606,0.0
B08_25478,google,representation_quality,False,0.8858395427806798,0.2787339940646107,0.5822867684226453,0.3035527743580345
B08_6127,google,representation_quality,False,0.8858395427806798,-0.024818780293422493,0.5822867684226453,0.3035527743580345
B08_7,google,representation_quality,True,0.5822867684226453,0.8858395427806798,0.8858395427806798,-0.3035527743580345
B08_85,google,representation_quality,False,0.5822867684226453,0.5822867684226453,0.5822867684226453,0.0
B09_25478,google,representation_quality,True,0.8858395427806798,-2.4532409751576973,-1.8461354264416283,2.731974969222308
B09_6127,google,representation_quality,True,0.8858395427806798,-0.6319243290094916,0.2787339940646107,0.607105548716069
B09_7,google,representation_quality,False,-1.2390298777255606,0.8858395427806798,-0.9354771033675261,-0.3035527743580345
B09_85,google,representation_quality,False,-1.542582652083594,-0.328371554651457,0.8858395427806798,-2.4284221948642735
B12_25478,google,representation_quality,True,0.5822867684226453,0.8858395427806798,0.5822867684226453,0.0
B12_6127,google,representation_quality,True,0.5822867684226453,0.8858395427806798,0.8858395427806798,-0.3035527743580345
B12_7,google,representation_quality,True,0.5822867684226453,0.5822867684226453,-1.8461354264416283,2.4284221948642735
B12_85,google,representation_quality,False,-1.8461354264416283,-0.9354771033675261,-2.4532409751576973,0.607105548716069
B14_25478,google,representation_quality,True,0.5822867684226453,-0.6319243290094916,0.5822867684226453,0.0
B14_6127,google,representation_quality,True,0.8858395427806798,0.5822867684226453,0.2787339940646107,0.607105548716069
B14_7,google,representation_quality,True,0.5822867684226453,-0.6319243290094916,0.5822867684226453,0.0
B14_85,google,representation_quality,True,0.5822867684226453,0.5822867684226453,0.5822867684226453,0.0
B15_25478,google,representation_quality,True,0.2787339940646107,-3.3638992982317997,-0.328371554651457,0.6071055487160677
B15_6127,google,representation_quality,True,0.5822867684226453,0.5822867684226453,0.5822867684226453,0.0
B15_7,google,representation_quality,True,-0.328371554651457,-1.2390298777255606,-0.6319243290094916,0.30355277435803457
B15_85,google,representation_quality,True,-1.8461354264416283,-1.2390298777255606,-0.024818780293422493,-1.8213166461482058
B19_25478,google,representation_quality,True,0.5822867684226453,-2.4532409751576973,0.5822867684226453,0.0
B19_6127,google,representation_quality,True,-1.542582652083594,-0.9354771033675261,-0.024818780293422493,-1.5177638717901714
B19_7,google,representation_quality,True,0.8858395427806798,-1.8461354264416283,-0.6319243290094916,1.5177638717901714
B19_85,google,representation_quality,True,0.5822867684226453,-2.4532409751576973,0.5822867684226453,0.0
B20_25478,google,representation_quality,True,0.5822867684226453,0.5822867684226453,-0.024818780293422493,0.6071055487160677
B20_6127,google,representation_quality,True,0.8858395427806798,0.8858395427806798,0.8858395427806798,0.0
B20_7,google,representation_quality,True,0.8858395427806798,0.8858395427806798,-0.9354771033675261,1.821316646148206
B20_85,google,representation_quality,True,0.5822867684226453,0.5822867684226453,-0.6319243290094916,1.2142110974321367
B23_25478,google,representation_quality,True,0.5822867684226453,0.5822867684226453,0.8858395427806798,-0.3035527743580345
B23_6127,google,representation_quality,True,0.8858395427806798,0.8858395427806798,0.5822867684226453,0.3035527743580345
B23_7,google,representation_quality,True,0.5822867684226453,-0.328371554651457,0.8858395427806798,-0.3035527743580345
B23_85,google,representation_quality,True,0.8858395427806798,0.8858395427806798,0.5822867684226453,0.3035527743580345
B25_25478,google,representation_quality,True,0.5822867684226453,0.5822867684226453,-0.328371554651457,0.9106583230741023
B25_6127,google,representation_quality,True,0.8858395427806798,0.8858395427806798,0.8858395427806798,0.0
B25_7,google,representation_quality,False,0.5822867684226453,-0.6319243290094916,0.2787339940646107,0.30355277435803457
B25_85,google,representation_quality,False,0.8858395427806798,-0.6319243290094916,-0.6319243290094916,1.5177638717901714
B26_25478,google,representation_quality,True,0.5822867684226453,-0.9354771033675261,-0.024818780293422493,0.6071055487160677
B26_6127,google,representation_quality,True,0.5822867684226453,0.5822867684226453,0.5822867684226453,0.0
B26_7,google,representation_quality,True,0.5822867684226453,0.5822867684226453,0.5822867684226453,0.0
B26_85,google,representation_quality,True,0.2787339940646107,-2.149688200799663,-0.6319243290094916,0.9106583230741023
B27_25478,google,representation_quality,True,0.5822867684226453,-0.6319243290094916,-0.328371554651457,0.9106583230741023
B27_6127,google,representation_quality,True,0.5822867684226453,-0.328371554651457,0.5822867684226453,0.0
B27_7,google,representation_quality,True,0.5822867684226453,0.5822867684226453,0.5822867684226453,0.0
B27_85,google,representation_quality,True,0.5822867684226453,-0.6319243290094916,-0.328371554651457,0.9106583230741023
B29_25478,google,representation_quality,True,0.5822867684226453,0.5822867684226453,-0.024818780293422493,0.6071055487160677
B29_6127,google,representation_quality,False,0.5822867684226453,0.5822867684226453,0.5822867684226453,0.0
B29_7,google,representation_quality,True,0.5822867684226453,0.8858395427806798,0.5822867684226453,0.0
B29_85,google,representation_quality,False,-0.024818780293422493,0.5822867684226453,-0.6319243290094916,0.607105548716069
C01_25478,google,representation_quality,True,0.5822867684226453,-1.8461354264416283,-0.024818780293422493,0.6071055487160677
C01_6127,google,representation_quality,True,0.5822867684226453,0.5822867684226453,0.8858395427806798,-0.3035527743580345
C01_7,google,representation_quality,False,0.5822867684226453,0.5822867684226453,0.5822867684226453,0.0
C01_85,google,representation_quality,True,-1.542582652083594,-1.542582652083594,0.5822867684226453,-2.124869420506239
C02_25478,google,representation_quality,True,0.5822867684226453,-3.3638992982317997,-0.9354771033675261,1.5177638717901714
C02_6127,google,representation_quality,True,0.2787339940646107,0.5822867684226453,0.5822867684226453,-0.30355277435803457
C02_7,google,representation_quality,False,0.5822867684226453,0.5822867684226453,0.5822867684226453,0.0
C02_85,google,representation_quality,True,-2.4532409751576973,-3.3638992982317997,-0.328371554651457,-2.1248694205062404
C04_25478,google,representation_quality,True,0.5822867684226453,-0.6319243290094916,-1.2390298777255606,1.821316646148206
C04_6127,google,representation_quality,True,0.5822867684226453,-0.9354771033675261,-0.328371554651457,0.9106583230741023
C04_7,google,representation_quality,True,0.5822867684226453,0.5822867684226453,-0.9354771033675261,1.5177638717901714
C04_85,google,representation_quality,True,0.5822867684226453,-0.328371554651457,0.5822867684226453,0.0
C05_25478,google,representation_quality,True,0.5822867684226453,-0.6319243290094916,0.5822867684226453,0.0
C05_6127,google,representation_quality,True,-0.6319243290094916,-0.6319243290094916,-0.328371554651457,-0.30355277435803457
C05_7,google,representation_quality,True,0.5822867684226453,-0.6319243290094916,0.5822867684226453,0.0
C05_85,google,representation_quality,True,-1.542582652083594,-0.6319243290094916,-0.6319243290094916,-0.9106583230741023
C06_25478,google,representation_quality,True,0.5822867684226453,0.5822867684226453,0.5822867684226453,0.0
C06_6127,google,representation_quality,False,0.5822867684226453,-0.6319243290094916,-0.024818780293422493,0.6071055487160677
C06_7,google,representation_quality,False,0.5822867684226453,0.5822867684226453,0.2787339940646107,0.30355277435803457
C06_85,google,representation_quality,True,0.5822867684226453,-0.9354771033675261,0.5822867684226453,0.0
C07_25478,google,representation_quality,True,0.8858395427806798,0.8858395427806798,0.5822867684226453,0.3035527743580345
C07_6127,google,representation_quality,True,0.8858395427806798,0.8858395427806798,0.8858395427806798,0.0
C07_7,google,representation_quality,False,0.5822867684226453,-0.328371554651457,0.5822867684226453,0.0
C07_85,google,representation_quality,True,0.5822867684226453,0.8858395427806798,-2.4532409751576973,3.0355277435803427
C08_25478,google,representation_quality,True,0.5822867684226453,0.5822867684226453,0.5822867684226453,0.0
C08_6127,google,representation_quality,True,0.5822867684226453,-0.328371554651457,0.5822867684226453,0.0
C08_7,google,representation_quality,True,0.5822867684226453,0.2787339940646107,0.5822867684226453,0.0
C08_85,google,representation_quality,True,-0.328371554651457,-2.149688200799663,-0.024818780293422493,-0.3035527743580345
C09_25478,google,representation_quality,True,0.5822867684226453,-0.024818780293422493,-0.6319243290094916,1.2142110974321367
C09_6127,google,representation_quality,True,0.5822867684226453,0.5822867684226453,-0.6319243290094916,1.2142110974321367
C09_7,google,representation_quality,True,0.5822867684226453,-0.024818780293422493,-3.0603465238737653,3.6426332922964106
C09_85,google,representation_quality,False,-0.328371554651457,-1.542582652083594,-0.6319243290094916,0.30355277435803457
C10_25478,google,representation_quality,False,0.5822867684226453,0.8858395427806798,-0.024818780293422493,0.6071055487160677
C10_6127,google,representation_quality,True,-0.328371554651457,-0.6319243290094916,-0.024818780293422493,-0.3035527743580345
C10_7,google,representation_quality,True,0.5822867684226453,0.5822867684226453,0.5822867684226453,0.0
C10_85,google,representation_quality,False,-0.024818780293422493,-0.6319243290094916,-0.6319243290094916,0.607105548716069
C11_25478,google,representation_quality,True,-0.9354771033675261,-1.542582652083594,-0.024818780293422493,-0.9106583230741037
C11_6127,google,representation_quality,True,0.5822867684226453,-0.9354771033675261,-1.8461354264416283,2.4284221948642735
C11_7,google,representation_quality,True,-1.8461354264416283,-1.542582652083594,-1.8461354264416283,0.0
C11_85,google,representation_quality,True,0.5822867684226453,-0.9354771033675261,-0.9354771033675261,1.5177638717901714
C12_25478,google,representation_quality,True,-2.149688200799663,-0.6319243290094916,-1.8461354264416283,-0.3035527743580346
C12_6127,google,representation_quality,True,0.8858395427806798,-0.6319243290094916,-0.328371554651457,1.2142110974321367
C12_7,google,representation_quality,True,0.5822867684226453,0.5822867684226453,0.2787339940646107,0.30355277435803457
C12_85,google,representation_quality,True,0.5822867684226453,0.8858395427806798,-0.328371554651457,0.9106583230741023
C13_25478,google,representation_quality,False,0.5822867684226453,-0.9354771033675261,-0.328371554651457,0.9106583230741023
C13_6127,google,representation_quality,True,0.8858395427806798,0.8858395427806798,0.5822867684226453,0.3035527743580345
C13_7,google,representation_quality,True,0.8858395427806798,0.8858395427806798,0.8858395427806798,0.0
C13_85,google,representation_quality,False,0.8858395427806798,0.5822867684226453,0.8858395427806798,0.0
C14_25478,google,representation_quality,True,-2.7567937495157318,-2.149688200799663,-3.3638992982317997,0.6071055487160679
C14_6127,google,representation_quality,True,-0.9354771033675261,-0.024818780293422493,-1.2390298777255606,0.3035527743580345
C14_7,google,representation_quality,True,0.5822867684226453,-3.3638992982317997,-0.6319243290094916,1.2142110974321367
C14_85,google,representation_quality,True,-0.6319243290094916,0.5822867684226453,-2.7567937495157318,2.12486942050624
C15_25478,google,representation_quality,True,0.8858395427806798,0.8858395427806798,-0.024818780293422493,0.9106583230741023
C15_6127,google,representation_quality,True,0.8858395427806798,0.8858395427806798,0.5822867684226453,0.3035527743580345
C15_7,google,representation_quality,True,0.5822867684226453,-0.024818780293422493,0.5822867684226453,0.0
C15_85,google,representation_quality,True,0.5822867684226453,0.8858395427806798,-0.024818780293422493,0.6071055487160677
C16_25478,google,representation_quality,True,0.5822867684226453,-0.6319243290094916,0.8858395427806798,-0.3035527743580345
C16_6127,google,representation_quality,True,0.5822867684226453,0.5822867684226453,0.5822867684226453,0.0
C16_7,google,representation_quality,True,0.5822867684226453,0.2787339940646107,0.5822867684226453,0.0
C16_85,google,representation_quality,True,0.5822867684226453,-0.024818780293422493,0.5822867684226453,0.0
C17_25478,google,representation_quality,True,0.5822867684226453,-0.328371554651457,-0.328371554651457,0.9106583230741023
C17_6127,google,representation_quality,True,0.5822867684226453,0.5822867684226453,-0.9354771033675261,1.5177638717901714
C17_7,google,representation_quality,True,0.5822867684226453,-0.328371554651457,-0.6319243290094916,1.2142110974321367
C17_85,google,representation_quality,True,0.2787339940646107,0.8858395427806798,-0.024818780293422493,0.3035527743580332
C18_25478,google,representation_quality,True,0.8858395427806798,0.5822867684226453,0.2787339940646107,0.607105548716069
C18_6127,google,representation_quality,True,0.5822867684226453,0.5822867684226453,0.5822867684226453,0.0
C18_7,google,representation_quality,True,0.2787339940646107,0.5822867684226453,-0.328371554651457,0.6071055487160677
C18_85,google,representation_quality,True,0.5822867684226453,-0.6319243290094916,0.5822867684226453,0.0
C19_25478,google,representation_quality,True,-0.328371554651457,-1.2390298777255606,-1.8461354264416283,1.5177638717901714
C19_6127,google,representation_quality,True,0.2787339940646107,-0.6319243290094916,-0.328371554651457,0.6071055487160677
C19_7,google,representation_quality,True,-0.328371554651457,-0.6319243290094916,-0.6319243290094916,0.30355277435803457
C19_85,google,representation_quality,True,0.5822867684226453,-0.328371554651457,0.5822867684226453,0.0
C20_25478,google,representation_quality,True,0.5822867684226453,-0.6319243290094916,0.5822867684226453,0.0
C20_6127,google,representation_quality,True,0.5822867684226453,0.5822867684226453,-0.024818780293422493,0.6071055487160677
C20_7,google,representation_quality,True,0.2787339940646107,0.5822867684226453,0.5822867684226453,-0.30355277435803457
C20_85,google,representation_quality,True,0.5822867684226453,0.5822867684226453,0.5822867684226453,0.0
