triplet,condition,prompt_code,prompt_similarity,prompt_rank,iconic_design,complex_form,curved_organic,monumental,elegant,contemporary,whole_building,low_angle,people,cars,greenery,water,urban,sunny,vintage_photo,real_photo,glass,concrete,wood,white,colourful,interior,active
A01_25478,BASE,A01,23.005142,1,0.9889024,0.9647303,0.05447374,0.71458256,0.825518,0.9965449,0.25623286,0.3994428,0.12670095,0.024909705,0.6614893,0.32895622,0.053619817,0.9587432,0.0003493418,0.90191627,0.7247094,0.75102884,0.25227395,0.050942108,0.009510107,0.046804544,False
A01_25478,CONTROL,A01,24.820133,2,0.99804854,0.90267193,0.14536542,0.90779054,0.6811587,0.9974251,0.6155931,0.35643703,0.07210327,0.016194474,0.5073878,0.6297168,0.024439408,0.8658649,0.0016877393,0.61797565,0.7398206,0.73983234,0.2784357,0.14606227,0.004391113,0.07179062,False
A01_25478,AESTHETIC,A01,25.546137,1,0.9922874,0.96671873,0.3024237,0.87826484,0.7087952,0.9987047,0.65313864,0.7075827,0.061754424,0.03539894,0.12436746,0.21216317,0.01135933,0.95401627,0.00031799593,0.86340374,0.7856589,0.7387258,0.21400085,0.095181786,0.008552729,0.032102603,False
A01_6127,CONTROL,A01,23.6168,1,0.991763,0.84440154,0.057395373,0.95587313,0.7293681,0.9972364,0.8928151,0.665917,0.06838484,0.028544841,0.26308158,0.19315095,0.016053217,0.94798464,0.0104681775,0.9551008,0.4617126,0.7932771,0.14669788,0.052451387,0.0052790195,0.03973399,True
A01_6127,BASE,A01,25.737244,1,0.9920724,0.8405509,0.025646735,0.93719035,0.72588974,0.9968983,0.8199281,0.6081246,0.07309775,0.026818011,0.53036356,0.44770408,0.007597866,0.9741465,0.0019857027,0.91192317,0.78516805,0.8413685,0.1645849,0.1746444,0.014081384,0.06944764,True
A01_6127,AESTHETIC,A01,24.826912,1,0.99606186,0.7177107,0.10236954,0.8612023,0.87044334,0.9956208,0.78767073,0.39538813,0.0296395,0.008561305,0.33220568,0.14083424,0.023184622,0.9795196,0.002815021,0.93177485,0.6826601,0.7578056,0.38035116,0.1032817,0.020117166,0.023085242,True
A01_7,CONTROL,A01,25.190983,1,0.9856579,0.6087299,0.061005432,0.7863432,0.87580705,0.9915279,0.9293114,0.59458435,0.095574945,0.025781821,0.19242166,0.4469496,0.013605648,0.8151875,0.007468211,0.7823756,0.7683457,0.70298785,0.22710688,0.18527973,0.009804927,0.113272324,True
A01_7,AESTHETIC,A01,26.533873,1,0.9903082,0.68354124,0.100752234,0.81386334,0.8914989,0.99285674,0.90885854,0.6969587,0.035242833,0.010745214,0.106176235,0.6785883,0.021582123,0.9493274,0.0024867936,0.6016713,0.9445025,0.56452054,0.31155,0.18120009,0.05900134,0.14117593,True
A01_7,BASE,A01,25.414762,1,0.99572843,0.73976886,0.060862027,0.9127047,0.8865705,0.995135,0.9765253,0.55932343,0.030276071,0.009908491,0.14580433,0.2570811,0.002750885,0.9472607,0.0020140768,0.76539475,0.9059175,0.54236484,0.25641719,0.16878387,0.01937824,0.19123444,True
A01_85,BASE,A01,20.38123,5,0.9998294,0.9779715,0.17846681,0.5702019,0.5289255,0.9989778,0.9915963,0.8443429,0.01664745,0.008053211,0.2826583,0.8478325,0.0014209091,0.31445417,0.001137825,0.5616741,0.92077476,0.85880166,0.28060368,0.2021434,0.0052726483,0.061140843,False
A01_85,AESTHETIC,A01,19.027588,6,0.83730584,0.4605339,0.07514405,0.7194903,0.54954576,0.9568704,0.7241847,0.3239208,0.057179887,0.018555803,0.18424605,0.114166036,0.21219248,0.8516354,0.019032052,0.9614587,0.66765445,0.4320695,0.15963891,0.1579586,0.048808567,0.5276298,False
A01_85,CONTROL,A01,25.459686,1,0.9624018,0.6636451,0.010457582,0.6666731,0.1098493,0.9619149,0.4029284,0.2255815,0.015292102,0.013376125,0.11177968,0.14621244,0.1890443,0.51376307,0.007345257,0.44062105,0.3324844,0.9643181,0.2331521,0.02973989,0.0044911806,0.08771283,False
A02_25478,CONTROL,A02,27.36383,1,0.97909343,0.9287512,0.99746025,0.81234396,0.46942383,0.99923754,0.9299472,0.57057434,0.064693294,0.08579392,0.31343395,0.19426808,0.1210678,0.95557535,0.0011876605,0.48062342,0.9209109,0.18851852,0.18200573,0.21874335,0.3602802,0.11800241,True
A02_25478,BASE,A02,21.44058,6,0.99336714,0.98716754,0.9769214,0.89313424,0.64099187,0.99889827,0.83435047,0.7279634,0.040063076,0.1319547,0.15336187,0.25363672,0.3557207,0.91533864,0.0014212669,0.912957,0.9308124,0.39894828,0.11517934,0.058219485,0.0071578934,0.28475237,True
A02_25478,AESTHETIC,A02,22.18723,5,0.9976387,0.9317484,0.9836188,0.91464967,0.77484167,0.9984754,0.75809145,0.66590935,0.116256095,0.30743355,0.55508995,0.25989315,0.54115313,0.96139866,0.0012522116,0.69251204,0.9034873,0.21911615,0.18685345,0.17586486,0.7111902,0.20828743,True
A02_6127,BASE,A02,25.823746,2,0.9940785,0.869343,0.97499657,0.8804283,0.51398486,0.99674845,0.94247997,0.6746185,0.050301377,0.023930239,0.48635438,0.24643734,0.07801662,0.92180604,0.012366743,0.79748845,0.9312802,0.3912079,0.24122849,0.12639019,0.49171093,0.18166323,True
A02_6127,CONTROL,A02,18.977552,4,0.9859148,0.75364834,0.9876276,0.9591127,0.5980431,0.98979735,0.9302249,0.6036923,0.04996133,0.08627264,0.62691325,0.06397902,0.0848396,0.99542505,0.002492347,0.6410661,0.6495052,0.076734595,0.15793957,0.36183742,0.7148246,0.23466517,True
A02_6127,AESTHETIC,A02,22.40786,5,0.99776936,0.9579818,0.9964104,0.9544686,0.50428903,0.99522674,0.91990346,0.915982,0.044071812,0.025557043,0.79625326,0.103065506,0.024576688,0.9930455,0.014830346,0.9013182,0.7470199,0.1316162,0.25416532,0.13737531,0.85851777,0.22029199,True
A02_7,CONTROL,A02,27.112448,2,0.9874949,0.66732895,0.9828744,0.84521896,0.7030165,0.9950551,0.986329,0.48293874,0.14230335,0.12137928,0.06911489,0.11583292,0.013658699,0.977751,0.004285859,0.63013256,0.92876774,0.27098936,0.36355793,0.40607142,0.72912854,0.2556633,True
A02_7,BASE,A02,26.247362,1,0.98853,0.63462067,0.9983523,0.8990532,0.7889331,0.9984256,0.91648096,0.75027907,0.10375537,0.052019574,0.21964547,0.15476058,0.20466615,0.99573815,0.0014625145,0.6081401,0.65570253,0.16429769,0.2625232,0.6099857,0.61691576,0.10642186,True
A02_7,AESTHETIC,A02,23.86308,2,0.9821457,0.754298,0.8872027,0.9208705,0.8256603,0.9975183,0.9728925,0.51989555,0.1366257,0.121680655,0.25624084,0.12957238,0.024605142,0.9940665,0.00456826,0.84780395,0.93083614,0.16958925,0.28984317,0.27885857,0.8333618,0.21599522,True
A02_85,AESTHETIC,A02,24.685951,1,0.9831034,0.92136043,0.83911306,0.9542036,0.7056032,0.99843365,0.89193857,0.5483896,0.1527699,0.14297746,0.15484482,0.37076277,0.12702979,0.95683295,0.0017627438,0.37375304,0.9815575,0.25963128,0.3113187,0.16083801,0.69189394,0.612584,False
A02_85,BASE,A02,22.192295,3,0.9916998,0.986815,0.8779969,0.96527106,0.8832873,0.9974685,0.94558233,0.58043194,0.15954067,0.22901313,0.47319555,0.20911254,0.12969857,0.84531945,0.002431409,0.90331507,0.9544518,0.17901587,0.23844524,0.19998184,0.059043396,0.9077372,False
A02_85,CONTROL,A02,23.365772,2,0.93017745,0.6936116,0.5465188,0.92688286,0.8879582,0.97261626,0.9112727,0.3129012,0.3357255,0.45749506,0.21163791,0.30009297,0.03935159,0.91936743,0.006356191,0.4064091,0.9513442,0.2078377,0.45272258,0.23927817,0.65992266,0.30048552,False
A04_25478,BASE,A04,30.126503,1,0.9989938,0.9771295,0.024758337,0.8522888,0.6028208,0.99709356,0.9745482,0.850372,0.14123607,0.07517449,0.5583197,0.8796788,0.0020342728,0.01495373,0.0010922233,0.20534787,0.7919742,0.855679,0.2093617,0.105353914,0.000905347,0.065721914,True
A04_25478,AESTHETIC,A04,31.681139,1,0.99777716,0.75076336,0.023718074,0.79321796,0.85508686,0.998429,0.97681606,0.5047382,0.03965852,0.0041157515,0.091180705,0.7741895,0.00064257864,0.009999683,0.0004797694,0.8428541,0.783465,0.6906573,0.14195313,0.089504965,0.0012416273,0.06781261,True
A04_25478,CONTROL,A04,29.139498,1,0.9995839,0.6292234,0.03398264,0.5389771,0.78598315,0.9973322,0.9965461,0.6296794,0.010802295,0.0012628441,0.8347676,0.81711715,9.02284e-05,0.0024003752,0.00037778518,0.97326046,0.8748901,0.5027919,0.1457008,0.14929843,0.0055034044,0.29283342,True
A04_6127,CONTROL,A04,29.542654,1,0.9992494,0.64144033,0.005544756,0.5567451,0.23370226,0.99531096,0.94261616,0.5651914,0.004722536,0.0006597923,0.77473456,0.77577007,0.0013969471,0.03080355,0.00067043706,0.85982084,0.74486804,0.84784526,0.1496879,0.081503764,0.0088927895,0.1322902,True
A04_6127,BASE,A04,30.139648,1,0.9990717,0.36292288,0.007315895,0.2965249,0.46568546,0.99656254,0.95349646,0.6823923,0.0073370007,0.00049300777,0.52938414,0.74824417,0.004305708,0.019798683,0.00084171223,0.79779875,0.55503017,0.92781407,0.31090888,0.13871887,0.0014435358,0.24905412,True
A04_6127,AESTHETIC,A04,31.58707,1,0.9982851,0.41497013,0.015084808,0.7815892,0.54010814,0.9951828,0.95855016,0.83237773,0.006121966,0.0027175765,0.24116515,0.8469165,0.00097193674,0.02957845,0.00089386624,0.8989519,0.6277524,0.7553435,0.13287851,0.1115688,0.0043871365,0.05277844,True
A04_7,CONTROL,A04,32.424397,1,0.9996747,0.7523112,0.05944134,0.7764717,0.41473866,0.99841595,0.971067,0.8066796,0.030365294,0.008852659,0.34967175,0.89800155,0.0035456694,0.018834203,0.00046622657,0.46629778,0.79489696,0.9036849,0.21947339,0.09183414,0.003379277,0.051455088,True
A04_7,AESTHETIC,A04,31.470554,1,0.9996487,0.7567875,0.12703201,0.63764626,0.5335062,0.9982545,0.9799575,0.70896053,0.008112713,0.0031497472,0.29054645,0.690795,0.0002586648,0.052790646,7.29267e-05,0.9433671,0.7143779,0.87780553,0.17397813,0.115619764,0.008687526,0.014577523,True
A04_7,BASE,A04,30.57561,1,0.999398,0.92379504,0.044338483,0.69706225,0.6570198,0.99924797,0.93953717,0.8369686,0.06496932,0.0070552947,0.6798252,0.7627687,0.0014336706,0.04759008,4.6183075e-05,0.63804364,0.59900606,0.9354709,0.19114977,0.31961185,0.006069825,0.050542746,True
A04_85,AESTHETIC,A04,29.554707,1,0.9998412,0.9175839,0.17603688,0.71414894,0.51873,0.9987563,0.98930675,0.6614131,0.009916568,0.0031205916,0.45364544,0.6691345,0.0017876269,0.024797307,0.00037963706,0.6905065,0.80151683,0.6607426,0.171095,0.06298592,0.017949777,0.122008726,True
A04_85,BASE,A04,27.371561,1,0.9999112,0.9584526,0.112040035,0.8146097,0.30638638,0.99807787,0.86118674,0.8318795,0.008667992,0.00034883665,0.7285118,0.33896548,0.001391784,0.031164931,0.00035592567,0.9110156,0.8643303,0.78604853,0.16163999,0.10245072,0.0025891196,0.19080882,True
A04_85,CONTROL,A04,25.46323,1,0.99801946,0.5640244,0.0028073832,0.63199055,0.1022161,0.98693407,0.974644,0.47740096,0.00050019514,0.00027246695,0.2923111,0.6520804,0.0036421192,0.24926427,0.0057175844,0.9662276,0.8753256,0.48431247,0.055578154,0.020491848,0.01136638,0.30715543,True
A07_25478,AESTHETIC,A07,25.933346,1,0.99550146,0.82339805,0.74092454,0.9040783,0.18120801,0.99366224,0.10435425,0.45255014,0.2354447,0.026803277,0.34207982,0.36688253,0.23519965,0.9978383,0.0011592248,0.12150403,0.91973656,0.25886026,0.35897824,0.012423387,0.9998184,0.09518754,True
A07_25478,CONTROL,A07,24.797949,2,0.98403937,0.94204813,0.72263676,0.8569561,0.2744615,0.9896656,0.7018546,0.3181826,0.5352906,0.05644504,0.70732695,0.67337626,0.33669177,0.9829758,0.0030921046,0.1522682,0.92104775,0.111320056,0.22045453,0.00970998,0.99972576,0.67675847,True
A07_25478,BASE,A07,23.106943,2,0.9333313,0.9499042,0.32751328,0.8850062,0.31608716,0.9788457,0.19626477,0.18583693,0.3939236,0.122088745,0.6445778,0.30624938,0.8747931,0.9684239,0.0026489166,0.7717343,0.90015227,0.22363989,0.2749928,0.015573533,0.9999192,0.38412312,True
A07_6127,BASE,A07,26.578676,1,0.9928866,0.8348262,0.6172833,0.94204104,0.28680554,0.9750708,0.93599695,0.34533638,0.069303125,0.050630774,0.053253017,0.23421466,0.09019107,0.998083,0.0047703166,0.6233263,0.81061625,0.23503637,0.33396846,0.03422945,0.99938166,0.30045325,True
A07_6127,CONTROL,A07,30.925304,1,0.98528033,0.23931463,0.59769547,0.9664382,0.22105333,0.8922448,0.8467357,0.22268692,0.048565138,0.09584583,0.008883968,0.093982235,0.6239437,0.98711675,0.051977266,0.49706697,0.6849024,0.38134694,0.37609667,0.04240414,0.99975497,0.19279835,True
A07_6127,AESTHETIC,A07,24.593925,1,0.9865441,0.5938766,0.4910674,0.97294194,0.4220128,0.9808462,0.91163605,0.15323633,0.18733092,0.06912968,0.24873035,0.21933946,0.08468771,0.99532473,0.011604754,0.35323384,0.677457,0.089173034,0.35771695,0.025100358,0.9998179,0.22634445,True
A07_7,AESTHETIC,A07,22.947634,1,0.9997296,0.9843999,0.99547714,0.9102932,0.16264066,0.9981225,0.22297695,0.62173516,0.1405474,0.014548193,0.22858909,0.18026248,0.6340535,0.986067,0.00026103546,0.23917298,0.8693262,0.12702821,0.26609233,0.008550829,0.99966586,0.4000254,True
A07_7,BASE,A07,21.06027,2,0.9990109,0.9050282,0.24047211,0.98037064,0.32387236,0.98820204,0.51456755,0.535839,0.12243691,0.019104082,0.5191697,0.096752286,0.42479923,0.8354099,0.00020689321,0.58315283,0.90387195,0.044067476,0.31231755,0.012622192,0.99999034,0.88639504,True
A07_7,CONTROL,A07,22.402788,1,0.99743444,0.9294618,0.49096638,0.9454158,0.60018194,0.9953884,0.89284533,0.45926207,0.11770715,0.07098979,0.43671963,0.010789401,0.35754278,0.53570783,0.0003297004,0.6452448,0.76019824,0.090950355,0.47130212,0.01951426,0.99973255,0.9601797,True
A07_85,CONTROL,A07,21.714346,1,0.9923022,0.9672985,0.6707881,0.9166638,0.66667485,0.99690384,0.011045699,0.39681572,0.6132332,0.051549237,0.3522351,0.37809956,0.43136826,0.92707473,0.0011553989,0.29270938,0.93765306,0.07581948,0.44393355,0.022709977,0.99977046,0.91145116,False
A07_85,BASE,A07,24.471872,1,0.994477,0.97327256,0.4885012,0.9464203,0.78121,0.99851614,0.93171155,0.52244776,0.18614258,0.008943042,0.049658734,0.06981233,0.41211602,0.2989109,0.0006693511,0.55241305,0.97119147,0.13991821,0.44164902,0.026015047,0.9972332,0.9922316,False
A07_85,AESTHETIC,A07,25.475555,1,0.9981224,0.9766765,0.99756914,0.9163096,0.1562087,0.9971917,0.070190795,0.71249247,0.13126683,0.0076098978,0.5632977,0.7002154,0.69986737,0.8158417,0.00086620415,0.091516174,0.87163544,0.25384802,0.4689616,0.01067088,0.9871976,0.0622942,False
A08_25478,CONTROL,A08,26.924252,1,0.99093443,0.84280074,0.9407572,0.5285909,0.50304747,0.99494606,0.81435615,0.9080705,0.023387773,0.0038293593,0.93135333,0.17049856,0.037037164,0.1395824,0.0052364287,0.93276507,0.26340172,0.43869597,0.21075393,0.027503947,0.5156857,0.02067563,True
A08_25478,AESTHETIC,A08,26.622845,1,0.99356383,0.9191698,0.9194318,0.4644224,0.38715798,0.99711263,0.8891425,0.90303457,0.078221895,0.017844977,0.9646788,0.20239669,0.028247416,0.4361461,0.0024470962,0.95016384,0.51609296,0.60026026,0.2536869,0.027082754,0.5370632,0.0156117985,True
A08_25478,BASE,A08,24.49521,1,0.9915735,0.97998524,0.9631243,0.554036,0.82264537,0.9970931,0.96301115,0.89242077,0.032272477,0.0029685702,0.9354735,0.21867588,0.016477423,0.37959513,0.0154360775,0.91063607,0.57771504,0.24892302,0.26629207,0.006738431,0.7675408,0.024457313,True
A08_6127,CONTROL,A08,22.56917,1,0.7679843,0.3421932,0.38517812,0.68069625,0.606264,0.9117073,0.9630149,0.5521195,0.09845284,0.05311663,0.72672343,0.20585689,0.0070934785,0.9380477,0.023148363,0.8884174,0.28738603,0.40894184,0.2997918,0.12190261,0.55986917,0.019706175,True
A08_6127,AESTHETIC,A08,24.855562,1,0.98273057,0.86807895,0.9819375,0.63839555,0.5249631,0.9942002,0.9596978,0.9192584,0.0484274,0.008130989,0.9341324,0.05667822,0.020438222,0.9085574,0.017119117,0.9341479,0.5329028,0.5521355,0.27680048,0.033071157,0.297567,0.04578802,True
A08_6127,BASE,A08,22.10474,1,0.9645613,0.61967987,0.14205024,0.49429634,0.26010376,0.99586946,0.92619336,0.7807007,0.001527818,0.00030818174,0.21311413,0.05141893,0.026830882,0.9658878,0.010673326,0.8870346,0.78194755,0.64192146,0.17252907,0.0075455946,0.19754118,0.11645357,True
A08_7,AESTHETIC,A08,21.130787,1,0.99210584,0.9173996,0.49286604,0.8000731,0.39923418,0.9871012,0.93197435,0.96834105,0.1499148,0.03667302,0.8974213,0.14669456,0.038418636,0.94589335,0.06253451,0.783855,0.5473223,0.5829688,0.2681917,0.027564669,0.36050376,0.10478726,True
A08_7,CONTROL,A08,19.761482,2,0.6367582,0.23729967,0.107627854,0.47397968,0.20443526,0.83593005,0.9027646,0.6182638,0.19106075,0.043660033,0.86493737,0.21082942,0.07118797,0.86357874,0.043409973,0.9040986,0.43786576,0.27849817,0.19114183,0.0375099,0.59543836,0.0480167,True
A08_7,BASE,A08,23.180798,1,0.9923482,0.8620548,0.69086504,0.31161135,0.77126426,0.9985279,0.9883454,0.79571325,0.044466507,0.035566833,0.91615766,0.40973088,0.022553392,0.83087105,0.0005049138,0.7709239,0.8721914,0.6734761,0.23712848,0.03432485,0.49238217,0.23663044,True
A08_85,BASE,A08,27.039257,1,0.9939249,0.9553161,0.9743489,0.44549093,0.5017791,0.987069,0.9812176,0.9706104,0.008574242,0.0028921925,0.5594588,0.09500698,0.0070494246,0.9106178,0.010995629,0.8225658,0.64130783,0.37531462,0.3390535,0.018078648,0.89056474,0.07234726,True
A08_85,AESTHETIC,A08,21.144648,4,0.9909786,0.6609464,0.96040976,0.39046177,0.57688653,0.9921886,0.977688,0.89931875,0.00667917,0.002471666,0.80800986,0.028129695,0.0020086505,0.7798202,0.02819503,0.9696676,0.47446567,0.26438433,0.20761828,0.04960332,0.3971543,0.018338572,True
A08_85,CONTROL,A08,22.506428,2,0.99327093,0.8748674,0.99680316,0.45886347,0.5819009,0.99790645,0.9369404,0.94870627,0.012595263,0.0024971173,0.7160282,0.028203784,0.0054798312,0.32169843,0.0026453575,0.9387566,0.37742817,0.37114593,0.29907477,0.030367086,0.19121084,0.05444825,True
A09_25478,CONTROL,A09,26.60773,1,0.47945896,0.3481104,0.0099704405,0.75402105,0.48280534,0.78598183,0.3311679,0.33372498,0.5006337,0.30740064,0.8864532,0.53904814,0.6709347,0.9928596,0.1469477,0.8674563,0.88493335,0.28741336,0.1845794,0.08970661,0.6585642,0.16723646,True
A09_25478,AESTHETIC,A09,19.824844,2,0.94792885,0.75572187,0.035311643,0.9315925,0.6796996,0.98446923,0.2746465,0.37111568,0.2619367,0.11496977,0.9554462,0.6242005,0.46347794,0.9951356,0.0011563149,0.9139742,0.8941699,0.10026166,0.14326191,0.029449683,0.79542756,0.34349957,True
A09_25478,BASE,A09,23.307259,2,0.42247203,0.23109055,0.0029898065,0.8320872,0.63829905,0.2430654,0.5942491,0.27216923,0.13174686,0.032613266,0.5624647,0.5584939,0.7314634,0.6036807,0.5288245,0.99222434,0.6139655,0.18851794,0.1142853,0.039040208,0.084537834,0.3537953,True
A09_6127,BASE,A09,21.549463,1,0.6598471,0.561614,0.0028423571,0.94341516,0.6942885,0.81010973,0.56305933,0.35659108,0.048680373,0.10667387,0.80620337,0.35644707,0.4517136,0.95663667,0.098973796,0.98708504,0.87032354,0.1785264,0.16031508,0.04374712,0.119028606,0.32069206,True
A09_6127,CONTROL,A09,22.565752,1,0.90039766,0.5372771,0.002944254,0.86303437,0.54343927,0.9376926,0.31488606,0.36987594,0.11074472,0.08573903,0.718604,0.36440727,0.48442823,0.91494566,0.03848828,0.9609957,0.6358966,0.24877898,0.13761847,0.028621364,0.18777516,0.11500451,True
A09_6127,AESTHETIC,A09,21.85131,1,0.9478481,0.8076412,0.0067123054,0.90650237,0.5247728,0.93420774,0.49196696,0.2598073,0.09761496,0.04474898,0.9673574,0.7584177,0.5804612,0.98238546,0.023495907,0.9903875,0.86618316,0.20903039,0.13843426,0.034669615,0.586524,0.2816205,True
A09_7,CONTROL,A09,27.87046,1,0.9898984,0.8021251,0.4300431,0.93284637,0.42224124,0.77100134,0.87180346,0.62029237,0.21247704,0.21027495,0.7963367,0.20155804,0.6973992,0.8411172,0.85543936,0.8702735,0.8068226,0.109138496,0.16298229,0.020490391,0.3477335,0.08442962,True
A09_7,BASE,A09,22.16424,2,0.6588493,0.7030133,0.046148207,0.795063,0.49824572,0.80480474,0.85985667,0.7439089,0.11734831,0.08578105,0.5664441,0.05761733,0.225659,0.8431651,0.1933283,0.7469907,0.6945657,0.327129,0.24486345,0.08477218,0.0308492,0.06716137,True
A09_7,AESTHETIC,A09,22.457335,1,0.71692944,0.7910141,0.025050722,0.8946249,0.82078475,0.92558086,0.77019924,0.32793602,0.051805917,0.08452448,0.95439714,0.40855834,0.557375,0.9946461,0.040667307,0.8697496,0.8687607,0.09922753,0.16857821,0.031986084,0.06588907,0.14038895,True
A09_85,CONTROL,A09,27.15948,1,0.95981276,0.84136033,0.08691123,0.861176,0.4659864,0.8201034,0.42010558,0.6350757,0.39165083,0.2441764,0.98472047,0.9067888,0.4529414,0.9852475,0.57797694,0.71301425,0.88066924,0.22809403,0.22081006,0.0572217,0.24713986,0.3379687,False
A09_85,AESTHETIC,A09,22.0289,2,0.803449,0.43295476,0.025120528,0.9193537,0.7292212,0.962574,0.85491395,0.4599989,0.39739472,0.116482824,0.8938341,0.2229449,0.6553675,0.9890588,0.0036993567,0.61052966,0.95777464,0.1173894,0.189716,0.073688716,0.85337234,0.08694741,False
A09_85,BASE,A09,22.226719,1,0.9047009,0.52886844,0.036463864,0.90433735,0.84760994,0.95546925,0.57527065,0.7514718,0.21383277,0.08696877,0.43797237,0.20397529,0.56326115,0.15740809,0.042442843,0.87671316,0.9660746,0.18723834,0.16617875,0.0797368,0.03309611,0.14926356,False
A11_25478,AESTHETIC,A11,28.427845,1,0.9943317,0.07615878,0.0216233,0.8704915,0.70977956,0.97724825,0.98656046,0.94760054,0.0031822065,0.0026268421,0.92005605,0.08456507,0.0007724985,0.92207736,0.0026272521,0.82479954,0.61027634,0.2338724,0.37304527,0.35076097,0.33948305,0.014421234,True
A11_25478,CONTROL,A11,26.080244,1,0.99911433,0.21440825,0.032432083,0.79792213,0.04067561,0.99510217,0.9665903,0.9109836,0.020196635,0.00078323163,0.9981482,0.16445905,0.0011018787,0.2311995,0.0004804461,0.81026995,0.58934015,0.22710891,0.21776056,0.04138752,0.47183233,0.024239214,True
A11_25478,BASE,A11,27.684668,1,0.99855155,0.6712808,0.19992693,0.651893,0.6700561,0.99908435,0.92821574,0.98623383,0.04676049,0.0040976657,0.97843826,0.41897085,0.000286722,0.8802604,0.00038181443,0.15377763,0.77311355,0.15592998,0.28575876,0.04731355,0.04975965,0.05068875,True
A11_6127,BASE,A11,28.774261,1,0.99092627,0.49505818,0.04120967,0.8523255,0.8134634,0.99774677,0.69971067,0.9365734,0.016747255,0.005754613,0.9740945,0.21892661,0.0017240971,0.9856228,0.0023718863,0.6604988,0.9302201,0.178708,0.38914698,0.039717916,0.59771496,0.05143121,True
A11_6127,CONTROL,A11,28.922653,1,0.93911266,0.34110907,0.06422929,0.6595238,0.666871,0.9973259,0.9727667,0.92549735,0.03712543,0.0038225583,0.9757765,0.28655395,0.00025696895,0.9815869,0.0023497182,0.57090753,0.8779924,0.20849633,0.30863777,0.071337186,0.2749107,0.169636,True
A11_6127,AESTHETIC,A11,25.624332,1,0.78229904,0.10493164,0.009053981,0.74601215,0.8910636,0.9844243,0.72650385,0.85763663,0.042786088,0.018597635,0.93878937,0.14281744,0.0040543843,0.8700625,0.009817908,0.56924057,0.39588088,0.12045245,0.38173753,0.05217805,0.9289047,0.1452659,True
A11_7,AESTHETIC,A11,28.46804,1,0.9982285,0.5403587,0.3065327,0.8724904,0.47475487,0.99842286,0.92828816,0.9893846,0.04922051,0.0050009415,0.8679182,0.23716402,0.005048309,0.97296345,0.0036902698,0.30350152,0.77024716,0.1794418,0.30413494,0.023545474,0.62510157,0.014296347,True
A11_7,BASE,A11,25.897562,1,0.9962553,0.39785343,0.11065422,0.33818173,0.85256493,0.9989184,0.837213,0.96653205,0.00940189,0.0014031081,0.9853409,0.47934377,0.002924227,0.933477,0.00074916653,0.6461114,0.81744885,0.19988239,0.4439328,0.108005434,0.15623987,0.100880526,True
A11_7,CONTROL,A11,26.949135,1,0.9992236,0.66236705,0.21742839,0.36277652,0.5486324,0.99927324,0.80651355,0.9496556,0.038657933,0.0053954395,0.96243393,0.09169108,0.002379382,0.96781474,0.0011909425,0.13850117,0.82834244,0.32581294,0.4533422,0.11140443,0.07286515,0.062264625,True
A11_85,CONTROL,A11,28.536325,1,0.95458484,0.07372654,0.13172099,0.87474495,0.6671466,0.9864205,0.991827,0.9240113,0.029100183,0.021321375,0.9660618,0.22933424,0.00011668823,0.10492977,0.0036379101,0.104446806,0.5862258,0.13278183,0.25971085,0.21336755,0.07043985,0.07926543,True
A11_85,BASE,A11,28.612411,1,0.9922667,0.343506,0.24372962,0.5947007,0.86895066,0.99868745,0.99085593,0.9631842,0.052426554,0.008251926,0.9979232,0.5746279,0.00011024336,0.6327867,0.0002669501,0.7107154,0.81013674,0.24122275,0.3722012,0.21056396,0.24975948,0.12730512,True
A11_85,AESTHETIC,A11,27.820297,1,0.97872865,0.14971814,0.13396959,0.8149056,0.5823479,0.9828904,0.9941082,0.9076647,0.018041983,0.019781347,0.9849554,0.31142563,0.0001581321,0.3600035,0.0031420102,0.8859908,0.86523616,0.084649645,0.29462627,0.23882937,0.40203878,0.026827969,True
A13_25478,BASE,A13,24.723854,2,0.9992914,0.991176,0.81796557,0.8866708,0.07862511,0.9990872,0.23842412,0.26213512,0.023839923,0.1314073,0.6143145,0.009671797,0.58341706,0.9565318,0.0022587036,0.5030231,0.76294607,0.3778953,0.2832649,0.044663206,0.14243935,0.058659017,False
A13_25478,AESTHETIC,A13,24.275558,1,0.99984574,0.7238058,0.98491293,0.8958299,0.1081126,0.99886537,0.6165102,0.80193067,0.024668282,0.003577021,0.07369939,0.04260698,0.050189696,0.98600036,0.0014254688,0.82934654,0.42873228,0.16484652,0.13901459,0.05113592,0.5721677,0.21185343,False
A13_25478,CONTROL,A13,28.93806,1,0.9991036,0.81663436,0.9729418,0.9495804,0.24647383,0.99753594,0.69291925,0.32742253,0.07537768,0.02351878,0.0719424,0.15394352,0.06366859,0.99537235,0.0007236758,0.53187144,0.52704126,0.33471557,0.25825912,0.11247799,0.4545731,0.053073626,False
A13_6127,CONTROL,A13,29.001326,1,0.9962644,0.9527679,0.88618183,0.9942788,0.47198567,0.99868673,0.9227616,0.80256486,0.04245203,0.032705914,0.41693017,0.15862797,0.02204924,0.9959376,0.0013533172,0.6937348,0.8564867,0.068800114,0.30343986,0.06754813,0.3211144,0.05105487,True
A13_6127,AESTHETIC,A13,24.48183,3,0.9992797,0.95915484,0.9723548,0.87917227,0.18170607,0.99921894,0.85982525,0.6524546,0.0586269,0.040899325,0.8111717,0.13600527,0.10517265,0.99075633,0.0010216243,0.36651576,0.85876924,0.26021647,0.15290277,0.06920066,0.7688335,0.11129496,True
A13_6127,BASE,A13,26.55716,1,0.9992459,0.9735841,0.9987257,0.9791611,0.56789684,0.997656,0.8939789,0.78480107,0.045187462,0.042869247,0.9100186,0.05840686,0.04472693,0.9623272,0.0033475584,0.8654586,0.36475325,0.16815571,0.352523,0.1403809,0.26522577,0.0788268,True
A13_7,CONTROL,A13,25.911205,1,0.9980787,0.82543087,0.73621804,0.990855,0.4832288,0.9850107,0.9703133,0.4996109,0.029736642,0.029731965,0.15851371,0.06287108,0.014835377,0.99754816,0.008603298,0.97848505,0.8015557,0.12752098,0.24256673,0.08673536,0.79723835,0.10855802,True
A13_7,AESTHETIC,A13,24.502262,1,0.9989567,0.9415525,0.9403584,0.95277494,0.5452744,0.999,0.85369223,0.7707342,0.009865499,0.02658015,0.61776394,0.2681247,0.027226763,0.9954502,0.0016174768,0.7175078,0.9685392,0.1335584,0.29292032,0.09235261,0.9630765,0.05551211,True
A13_7,BASE,A13,25.439697,1,0.9988249,0.9110184,0.98065966,0.91542894,0.42057312,0.9988457,0.9433214,0.6208569,0.029250266,0.004539453,0.43258673,0.056657724,0.013371721,0.9676781,0.0021057182,0.9499534,0.9243686,0.08986529,0.2891235,0.21427462,0.15863025,0.059137944,True
A13_85,BASE,A13,25.844515,1,0.9994966,0.9434611,0.46972266,0.9838541,0.5576435,0.9955259,0.91539514,0.66873616,0.0039070807,0.007157758,0.20160514,0.087304816,0.026528012,0.8722619,0.008093849,0.66505843,0.92738736,0.16318482,0.25227106,0.08253543,0.034199007,0.040311597,True
A13_85,CONTROL,A13,27.78526,1,0.99981076,0.97788894,0.9851806,0.95240575,0.42333415,0.99964964,0.8454952,0.7248193,0.05816732,0.039825935,0.48799697,0.3413796,0.025042407,0.9953139,0.0016606719,0.5907663,0.7422842,0.32918617,0.23961858,0.17430758,0.28115323,0.05342551,True
A13_85,AESTHETIC,A13,25.300568,1,0.9995515,0.7953596,0.9351818,0.8991869,0.50448215,0.99478686,0.37523144,0.596092,0.039128456,0.010890041,0.5994036,0.51808906,0.04827434,0.99883085,0.0017638776,0.32211477,0.8680956,0.19098677,0.26207423,0.08760256,0.8944404,0.1161701,True
A15_25478,AESTHETIC,A15,20.123737,1,0.9632138,0.7241775,0.19635774,0.5875512,0.51694316,0.98318535,0.56581193,0.13650988,0.1787094,0.07002263,0.86429495,0.8376412,0.3839444,0.9775528,0.0024392712,0.8955758,0.83739907,0.30354548,0.34469888,0.16932216,0.6733016,0.22511771,True
A15_25478,BASE,A15,15.699293,15,0.79985756,0.8066126,0.044480123,0.87208146,0.47398058,0.92915106,0.78725314,0.34611943,0.060597107,0.12765156,0.72779167,0.28565326,0.72108734,0.9365732,0.0065722177,0.9304334,0.83147556,0.29154822,0.1546137,0.10792149,0.21736445,0.2997834,True
A15_25478,CONTROL,A15,20.377878,1,0.9918249,0.90268517,0.6681224,0.7792152,0.6474335,0.990312,0.6101958,0.12210081,0.2890388,0.10399843,0.8945144,0.9585895,0.25178206,0.97939956,0.0029018784,0.96256924,0.9075286,0.28325525,0.30338824,0.12351753,0.4860771,0.18329306,True
A15_6127,CONTROL,A15,20.541582,1,0.71059066,0.2710553,0.08769239,0.9509056,0.67853254,0.6327829,0.94700766,0.23615855,0.23502128,0.15188156,0.927287,0.5617422,0.093331955,0.9592182,0.02603487,0.8578879,0.39911708,0.13171346,0.19209126,0.28207645,0.7935236,0.013411487,False
A15_6127,AESTHETIC,A15,21.944513,1,0.9789665,0.84132165,0.02517313,0.8750504,0.697208,0.9739623,0.26202592,0.19407856,0.16210498,0.072183706,0.96605843,0.79936093,0.1629599,0.9159955,0.01024837,0.8814009,0.7095713,0.3377174,0.18999705,0.15995978,0.765037,0.1517983,False
A15_6127,BASE,A15,22.369663,1,0.9088664,0.5051554,0.010010442,0.9565564,0.34626535,0.8286216,0.91986454,0.20990334,0.025011087,0.012552873,0.97888947,0.5861666,0.10739121,0.96710956,0.041346595,0.9193639,0.6164466,0.12867968,0.11276133,0.09012208,0.862411,0.012068928,False
A15_7,CONTROL,A15,22.828966,1,0.95634896,0.6672696,0.03728161,0.90358824,0.7939001,0.9605508,0.93879735,0.24308331,0.26751915,0.4215202,0.8730528,0.8676986,0.18672305,0.96611196,0.017278915,0.8765745,0.6944419,0.36985993,0.22336516,0.17048185,0.40081897,0.03997167,False
A15_7,BASE,A15,19.339315,5,0.93963736,0.76019436,0.1739502,0.85622907,0.55118215,0.9599113,0.12446491,0.589397,0.23580575,0.104318075,0.93452805,0.52351934,0.5910116,0.9765054,0.003885432,0.80091196,0.51835996,0.61162126,0.23278433,0.24111332,0.047793824,0.033901773,False
A15_7,AESTHETIC,A15,19.948513,4,0.97919035,0.92559505,0.029807549,0.91637516,0.03991319,0.95224524,0.35826448,0.2165686,0.0032742473,0.008918774,0.8332569,0.0233279,0.77362347,0.8648985,0.022826321,0.7295518,0.21642561,0.77154404,0.17477667,0.0172693,0.06323702,0.032149635,False
A15_85,AESTHETIC,A15,17.99273,7,0.98690087,0.982288,0.02540803,0.81743103,0.43011507,0.9885361,0.038299203,0.18494773,0.10683046,0.09567044,0.951793,0.6132479,0.53914624,0.9377063,0.0077641495,0.869329,0.8405917,0.35558385,0.14622413,0.015575552,0.65978456,0.2140984,False
A15_85,BASE,A15,21.547987,1,0.95972383,0.5138753,0.018209774,0.93078285,0.53049636,0.98353356,0.9698232,0.40163738,0.02653104,0.007428327,0.70284283,0.5504422,0.075623244,0.7881975,0.0033437933,0.9172248,0.48220435,0.43110698,0.12599793,0.07554709,0.0148382345,0.032048624,False
A15_85,CONTROL,A15,22.351664,1,0.9295108,0.49346292,0.0045055603,0.8300176,0.4266421,0.9585551,0.45156786,0.07905396,0.13474922,0.103723444,0.93540144,0.7371718,0.46995637,0.95326567,0.0063170823,0.5223335,0.64109814,0.59813154,0.33084396,0.08186818,0.05319694,0.11129477,False
A22_25478,CONTROL,A22,22.890295,1,0.7881953,0.32645804,0.06511013,0.835601,0.035285726,0.6199127,0.9008846,0.6956369,0.03885686,0.07317261,0.7845761,0.0790484,0.14095221,0.5465784,0.15748286,0.82136,0.24079204,0.3097336,0.101618,0.05412203,0.003802315,0.006486161,True
A22_25478,BASE,A22,22.31943,1,0.95343804,0.7635347,0.0039900606,0.97665125,0.10382296,0.95014805,0.98482656,0.8669678,0.00227956,0.0009060709,0.83072495,0.06702938,0.015221722,0.07525833,0.048103876,0.97110546,0.47970554,0.33089674,0.049465206,0.014870724,0.00028011913,0.029358584,True
A22_25478,AESTHETIC,A22,22.115438,3,0.98110276,0.37874675,0.018202733,0.9352416,0.27930143,0.93807983,0.9498143,0.91193765,0.005997333,0.010162633,0.703966,0.14562817,0.021321671,0.95712847,0.03279627,0.948292,0.5238081,0.37138906,0.13006988,0.036289033,0.0036047488,0.020466654,True
A22_6127,BASE,A22,16.099812,12,0.8922431,0.19742331,0.00040753096,0.8819396,0.06355679,0.87834805,0.98581576,0.33827603,0.0017863237,0.0005557428,0.51035255,0.0859763,0.1280002,0.87453145,0.119796455,0.99046224,0.7955387,0.29194352,0.06662278,0.009103347,0.019963423,0.053112026,True
A22_6127,CONTROL,A22,20.844273,6,0.8209653,0.12565178,0.02245136,0.88625956,0.11892065,0.5527515,0.95799243,0.63482636,0.16907549,0.06736875,0.6176518,0.2089134,0.08402886,0.92195046,0.41094002,0.96886796,0.4774537,0.39772183,0.16758022,0.057015996,0.12097478,0.0092182495,True
A22_6127,AESTHETIC,A22,18.733559,13,0.9809981,0.506436,0.25051147,0.9667558,0.13306388,0.9302774,0.8722273,0.66052914,0.009064768,0.0026938936,0.49777368,0.11349512,0.092841074,0.97696054,0.012694229,0.38850296,0.57744044,0.43074122,0.15077095,0.01407053,0.039210793,0.012101662,True
A22_7,CONTROL,A22,22.33118,2,0.82452786,0.15725689,0.11503596,0.8494287,0.2503117,0.4740262,0.97255975,0.9125289,0.16172852,0.16323523,0.92943156,0.33499044,0.23103395,0.8642474,0.08819449,0.8656548,0.371863,0.22844853,0.1770598,0.14179407,0.08439602,0.005361554,True
A22_7,AESTHETIC,A22,20.684889,3,0.9930345,0.6414509,0.090425655,0.974256,0.25412953,0.7010231,0.9536212,0.97219163,0.010436061,0.03522961,0.764835,0.0670007,0.6750063,0.68294513,0.086515546,0.9437708,0.31639072,0.13606243,0.07364953,0.010324586,0.00086692214,0.041466482,True
A22_7,BASE,A22,20.934153,2,0.99176556,0.7213102,0.012416112,0.9584711,0.296704,0.8634728,0.9949993,0.9644377,0.0025914253,0.0015915078,0.94090116,0.2800584,0.030034699,0.3405413,0.11210497,0.9767702,0.684748,0.36584115,0.07656869,0.023011994,0.01419318,0.03585148,True
A22_85,AESTHETIC,A22,21.805426,2,0.9978053,0.41062516,0.10476677,0.98787236,0.32115677,0.9900538,0.97707695,0.92942655,0.0037906617,0.003484066,0.6603994,0.06608132,0.013164836,0.94241315,0.006655781,0.75815684,0.4262316,0.18095204,0.075955376,0.02247142,0.033525143,0.03849343,True
A22_85,BASE,A22,22.303358,1,0.96768504,0.5243614,0.01054041,0.9646946,0.031765625,0.85675776,0.94878185,0.9678602,0.00048500512,0.0015707698,0.3156894,0.0313175,0.03896257,0.082793474,0.10701433,0.9646572,0.3381877,0.29678044,0.06492982,0.029411001,0.0075151897,0.023307703,True
A22_85,CONTROL,A22,25.392172,1,0.9589863,0.5824794,0.01004457,0.9639231,0.032584757,0.7984156,0.9441725,0.7960383,0.044107024,0.017038226,0.631229,0.06109378,0.1314257,0.5668577,0.43097672,0.9156501,0.3590792,0.38569367,0.061899737,0.014963044,0.010968151,0.004894971,True
A25_25478,CONTROL,A25,24.39385,1,0.9941275,0.8037686,0.33896443,0.29137513,0.9607238,0.9904026,0.95170146,0.36902678,0.016940907,0.06268334,0.993948,0.9364651,0.0012241966,0.983352,0.00020743858,0.27573267,0.7932552,0.29627973,0.31414258,0.6422493,0.1287843,0.50471795,True
A25_25478,AESTHETIC,A25,26.895565,1,0.99252844,0.78389895,0.1265865,0.750203,0.9666991,0.99791616,0.93401235,0.5153422,0.041753963,0.016978113,0.96647334,0.9706297,0.001104747,0.9851423,0.00016300056,0.82420444,0.8668844,0.42162904,0.24666233,0.6805142,0.28663117,0.14040369,True
A25_25478,BASE,A25,28.198608,1,0.9939184,0.75599885,0.082249485,0.5228689,0.9809348,0.9962954,0.9464114,0.48513806,0.019708088,0.008770823,0.99004793,0.9687507,0.0046017943,0.9666949,0.0001671375,0.7428249,0.83727217,0.38631657,0.20673321,0.6474526,0.07380363,0.38982165,True
A25_6127,AESTHETIC,A25,26.300344,1,0.99593794,0.8533918,0.106101416,0.7883255,0.97524023,0.99880075,0.9134351,0.51646876,0.07623396,0.014367033,0.9781352,0.9781461,0.0018309436,0.9507137,0.0001666728,0.49560794,0.8318062,0.46627215,0.20102689,0.7157493,0.23694031,0.3834882,True
A25_6127,CONTROL,A25,26.961876,1,0.99453616,0.83645767,0.118861705,0.777406,0.97838897,0.9965587,0.9497483,0.5880896,0.048885703,0.021555154,0.995194,0.96167696,0.0036527556,0.9890377,0.00026179614,0.75107324,0.78705996,0.3548434,0.26797742,0.72596747,0.4029314,0.3336368,True
A25_6127,BASE,A25,27.13125,1,0.98664135,0.8140952,0.1288698,0.7786613,0.9823508,0.9962864,0.9394927,0.48685494,0.06902524,0.04989655,0.9972492,0.96830654,0.0014640026,0.98863006,0.00024435346,0.36514094,0.6991136,0.37719694,0.2325839,0.74351007,0.16586845,0.1693973,True
A25_7,CONTROL,A25,28.33973,1,0.956305,0.91836894,0.055920836,0.80586135,0.98633456,0.9938788,0.97829974,0.4191138,0.10162714,0.05740864,0.97789305,0.9650624,0.02712435,0.94971967,0.0002912167,0.72565055,0.8285333,0.44806492,0.24298085,0.7479527,0.061184652,0.24819236,True
A25_7,AESTHETIC,A25,27.99936,1,0.9679492,0.87893015,0.12023963,0.7064674,0.982066,0.99739325,0.97835183,0.5442219,0.107507184,0.060826063,0.99244666,0.94755954,0.00913701,0.9907079,0.00050957256,0.8781777,0.8834448,0.46891126,0.27946904,0.7266041,0.18836056,0.18066052,True
A25_7,BASE,A25,26.626253,1,0.9502003,0.9276407,0.08106705,0.7360963,0.99003184,0.9948933,0.9672608,0.48470357,0.09508565,0.06763426,0.98482656,0.9418766,0.008740734,0.9678789,0.00057543494,0.8093787,0.80949694,0.39472032,0.20377313,0.66541183,0.079522505,0.2393436,True
A25_85,BASE,A25,28.58439,1,0.9903044,0.8148689,0.028299635,0.7156697,0.97142303,0.9966294,0.965709,0.4511848,0.03369191,0.008104521,0.98113877,0.9669047,0.010005661,0.9698659,0.00031781525,0.73418444,0.8799509,0.53231543,0.18042345,0.53809965,0.07984925,0.25395006,True
A25_85,AESTHETIC,A25,24.831242,1,0.98649627,0.72918206,0.040089816,0.6046791,0.9774022,0.99549,0.9265351,0.59191865,0.018329252,0.011673057,0.9805108,0.93532354,0.0018789424,0.9757833,0.00033582555,0.75023836,0.73699313,0.31577903,0.134297,0.63018453,0.05235393,0.40784878,True
A25_85,CONTROL,A25,23.563122,1,0.9941393,0.90803343,0.1440263,0.5550252,0.9825617,0.9846689,0.9532193,0.43965477,0.006355402,0.029740218,0.9825287,0.6485431,0.013063737,0.9604153,0.00094480946,0.867482,0.82189476,0.41142628,0.20840916,0.46808776,0.015464737,0.8867457,True
A26_25478,BASE,A26,20.583088,6,0.99799407,0.9781447,0.5058296,0.9230301,0.15185602,0.997416,0.77529955,0.80150557,0.05881677,0.25100243,0.23989028,0.06166904,0.40796968,0.99487597,0.0049079526,0.712231,0.7667811,0.438788,0.14028011,0.07033802,0.13275976,0.40857285,True
A26_25478,CONTROL,A26,23.523117,1,0.99972886,0.9899447,0.85468763,0.80739653,0.45891845,0.995529,0.39547977,0.79221785,0.03701765,0.026217634,0.7683581,0.06644496,0.29310802,0.8273334,0.0012277091,0.50561404,0.78035206,0.1155521,0.29940915,0.14823301,0.34307173,0.11336967,True
A26_25478,AESTHETIC,A26,20.775747,6,0.9988661,0.8514512,0.495227,0.8859451,0.19236626,0.99915326,0.80363417,0.86504495,0.19445324,0.027383652,0.26850495,0.4269832,0.08465179,0.9985261,0.0013744909,0.66347265,0.8660412,0.19540238,0.088683315,0.030462427,0.86892796,0.13133417,True
A26_6127,AESTHETIC,A26,21.60004,6,0.99966145,0.8760637,0.98638076,0.97998995,0.38963363,0.9937761,0.89677393,0.9188683,0.016340006,0.016822549,0.40056136,0.05423482,0.018275173,0.99362224,0.009093421,0.9138609,0.62560654,0.1526475,0.21779825,0.06823674,0.8185329,0.11995755,True
A26_6127,BASE,A26,23.026505,3,0.9989562,0.9612398,0.88695794,0.9618256,0.5983131,0.9991647,0.88122034,0.88239956,0.06600172,0.054388825,0.6496865,0.17072095,0.04163789,0.9854596,0.0016821857,0.5982948,0.5015664,0.24707547,0.2047354,0.14047945,0.564347,0.29496488,True
A26_6127,CONTROL,A26,21.012981,11,0.999602,0.93576413,0.8510784,0.9426235,0.5452947,0.9946583,0.9125251,0.91335905,0.06878827,0.14482717,0.55083203,0.08364708,0.055014163,0.99351877,0.026394315,0.73852247,0.5541849,0.21238515,0.16691928,0.30508718,0.6767772,0.18291591,True
A26_7,CONTROL,A26,21.632708,5,0.9938399,0.6812457,0.95895153,0.92437285,0.43736818,0.99304867,0.9336902,0.73774683,0.022026572,0.010369341,0.59001213,0.09256066,0.06586599,0.998184,0.0048794425,0.9703699,0.7079283,0.0551869,0.1572148,0.2483757,0.8704552,0.10644207,True
A26_7,AESTHETIC,A26,20.762686,4,0.9983941,0.86883724,0.929771,0.984894,0.425084,0.9900753,0.96875393,0.8796921,0.03338474,0.014393134,0.23424083,0.09440504,0.011225598,0.9993024,0.009371239,0.96251655,0.8154347,0.14012124,0.24410303,0.12996502,0.91657037,0.19617647,True
A26_7,BASE,A26,22.658209,6,0.99463284,0.89596456,0.93051255,0.96677077,0.548143,0.99398804,0.89540845,0.86215544,0.06631494,0.040377025,0.08817125,0.046914693,0.013429721,0.99217457,0.0054083513,0.8214101,0.5966269,0.28534395,0.3253091,0.26045704,0.20624599,0.15331407,True
A26_85,AESTHETIC,A26,23.191334,1,0.9951015,0.9672665,0.8509304,0.9783412,0.65352046,0.9981194,0.92172974,0.4736173,0.089884244,0.11309255,0.49353325,0.09200569,0.05147771,0.9671259,0.0010202004,0.7212519,0.63505226,0.20704307,0.26885986,0.14701334,0.57193565,0.05911778,False
A26_85,CONTROL,A26,25.413582,1,0.99946505,0.9163693,0.9284606,0.92261255,0.5532517,0.99456245,0.4480027,0.74241483,0.024707315,0.022623505,0.7568649,0.02686973,0.13260195,0.9643289,0.002228731,0.33940798,0.53041464,0.20539145,0.35653046,0.25440478,0.33833176,0.1528661,False
A26_85,BASE,A26,20.60346,1,0.9992693,0.99522924,0.6375219,0.97056544,0.94757515,0.99919087,0.6365369,0.9132802,0.032828905,0.00614441,0.46565893,0.007250034,0.06504074,0.3979416,0.00030506842,0.9003015,0.8345342,0.08120485,0.34848422,0.29542738,0.030459324,0.8819935,False
A27_25478,AESTHETIC,A27,28.172064,1,0.9992944,0.9197542,0.90904844,0.8931251,0.53639495,0.99932265,0.84431374,0.5549689,0.14023528,0.045171745,0.08614207,0.2842313,0.033858914,0.9870025,0.0010556615,0.7720953,0.880889,0.29956242,0.19192687,0.051553342,0.15648948,0.13674839,True
A27_25478,BASE,A27,24.554085,1,0.9928262,0.8466924,0.6142132,0.9568231,0.5342979,0.9989299,0.96438175,0.617388,0.03747129,0.09137189,0.0347011,0.14346874,0.01189447,0.90973735,0.0015662273,0.5862485,0.89725333,0.39505646,0.37029633,0.1274583,0.4312696,0.27063552,True
A27_25478,CONTROL,A27,24.61999,1,0.9861837,0.5429338,0.51347786,0.95681995,0.7164763,0.9971065,0.9931786,0.8030204,0.16983882,0.8997401,0.026205461,0.17337348,0.028484156,0.37303013,0.0027703727,0.19678701,0.7146967,0.25853762,0.34146968,0.26207256,0.1806622,0.31328723,True
A27_6127,AESTHETIC,A27,26.918089,1,0.99424535,0.8594952,0.9242032,0.95018256,0.5140749,0.9966317,0.86929363,0.751808,0.042040307,0.03405491,0.3846241,0.16831292,0.05564567,0.99800926,0.010315965,0.9334308,0.8605839,0.25363022,0.33490926,0.059236176,0.84445345,0.28190458,True
A27_6127,BASE,A27,24.770731,1,0.9951407,0.96060103,0.63641095,0.9558706,0.83568555,0.99910444,0.97774476,0.76453334,0.117969476,0.10298671,0.19705516,0.36547038,0.06518628,0.8698206,0.0004907224,0.87016565,0.95738035,0.23627901,0.14580387,0.08062781,0.37587917,0.55021656,True
A27_6127,CONTROL,A27,26.542122,1,0.99829406,0.8525739,0.9839166,0.9568596,0.56490356,0.99828523,0.9835243,0.69949704,0.09423901,0.02811192,0.4988916,0.16108243,0.005324954,0.9985936,0.003906402,0.9065054,0.70231575,0.16164823,0.2806853,0.12020302,0.83623797,0.26043242,True
A27_7,CONTROL,A27,27.884405,1,0.99832004,0.8120475,0.8548797,0.9427729,0.7526992,0.9989311,0.7718909,0.8247463,0.2602095,0.085761376,0.7085044,0.28204897,0.017209291,0.9992404,0.0021977632,0.36778548,0.66861826,0.20544125,0.4391168,0.21755563,0.43830827,0.23008363,True
A27_7,AESTHETIC,A27,27.446138,1,0.99892455,0.9558672,0.9937675,0.94593537,0.50718594,0.99949324,0.8501201,0.7871001,0.11317447,0.029866267,0.5373487,0.1567815,0.0049659433,0.99580514,0.000989328,0.8611847,0.7099202,0.26085806,0.20850372,0.20265885,0.29782224,0.08278601,True
A27_7,BASE,A27,25.0644,1,0.9991147,0.99419844,0.97967654,0.9613819,0.46185577,0.9995813,0.97492665,0.8626046,0.020996641,0.087587915,0.28429106,0.35863116,0.006587331,0.8504338,0.002268929,0.9078986,0.78114086,0.2555675,0.14438337,0.110717304,0.12234031,0.10942758,True
A27_85,AESTHETIC,A27,26.40293,1,0.99776757,0.98850167,0.95507324,0.9736439,0.70947224,0.99835557,0.9615872,0.7375792,0.23346393,0.12324924,0.73307157,0.593063,0.016347824,0.98120123,0.0027389862,0.6144473,0.98247683,0.16141368,0.22815566,0.11570013,0.4364747,0.3695995,True
A27_85,BASE,A27,25.326406,1,0.995031,0.9953263,0.92233986,0.9533043,0.7859995,0.99957126,0.9606445,0.6086931,0.056539483,0.091055445,0.12898484,0.28932226,0.031033173,0.93588376,0.0018772816,0.5849261,0.8821074,0.31280732,0.15208572,0.073443286,0.0024512282,0.84845614,True
A27_85,CONTROL,A27,25.728958,1,0.9467144,0.7042992,0.5504578,0.865855,0.630545,0.992937,0.98230594,0.32671097,0.6230266,0.40928122,0.06986523,0.43342587,0.041141074,0.9173551,0.0073067364,0.7267746,0.7779826,0.36176035,0.30990654,0.3490381,0.10833534,0.59098023,True
B01_25478,BASE,B01,29.23311,1,0.9992387,0.827136,0.9915753,0.8711871,0.68610394,0.9906026,0.8849995,0.77590007,0.0030948576,0.002326317,0.75081956,0.28013918,0.009314767,0.968269,0.009779747,0.8509546,0.6227533,0.35772702,0.34385258,0.34466138,0.05402584,0.105108865,True
B01_25478,AESTHETIC,B01,32.496147,1,0.9987459,0.67246616,0.97438294,0.86663115,0.8119296,0.94572264,0.8911835,0.50580376,0.0064713736,0.0034097328,0.62241495,0.4449345,0.012180356,0.9585034,0.005873401,0.95175004,0.56142193,0.19555807,0.32553625,0.3828226,0.089328915,0.039096884,True
B01_25478,CONTROL,B01,30.561808,1,0.9979469,0.44288495,0.9323167,0.8969659,0.55286837,0.9265925,0.89762384,0.29764694,0.018818261,0.0040762504,0.73970807,0.18283807,0.0297018,0.8755425,0.011775934,0.91031104,0.6340487,0.12915367,0.290675,0.26735696,0.081894495,0.063249566,True
B01_6127,AESTHETIC,B01,28.876839,1,0.9929797,0.7794478,0.59565747,0.8779656,0.78807044,0.9704066,0.9055229,0.39548114,0.033935647,0.027030438,0.776773,0.70853335,0.1371088,0.95043904,0.001094274,0.79164183,0.6985697,0.23486975,0.20643076,0.26072866,0.40170154,0.03235054,True
B01_6127,BASE,B01,30.52322,1,0.99898297,0.8882405,0.67514783,0.90974563,0.69471705,0.97595596,0.937135,0.47427925,0.016590796,0.0068020145,0.8086776,0.6910117,0.013450257,0.8708578,0.0037673481,0.7792014,0.73108596,0.2909915,0.29559022,0.39172173,0.043936696,0.05264111,True
B01_6127,CONTROL,B01,29.019636,1,0.99701405,0.8570342,0.9552237,0.9003468,0.7110811,0.99122834,0.78316396,0.3963675,0.019964654,0.010100285,0.7052078,0.6946867,0.08901297,0.9455815,0.0016475744,0.834149,0.67267823,0.22757861,0.30800727,0.24973373,0.2215962,0.088205844,True
B01_7,BASE,B01,30.63807,1,0.9976775,0.8935549,0.7006345,0.9076563,0.93129706,0.9774507,0.8916473,0.5131858,0.027421368,0.01011242,0.7444198,0.8216827,0.18321669,0.91817755,0.0020058758,0.9613117,0.7639919,0.24787006,0.3311259,0.38050035,0.02796391,0.05886129,True
B01_7,AESTHETIC,B01,28.018034,1,0.99758124,0.8997287,0.899962,0.70199966,0.44008666,0.9785196,0.5984415,0.44569588,0.0085837655,0.020697538,0.5621995,0.09882711,0.1314257,0.9124372,0.0024836182,0.9426925,0.55167234,0.42987856,0.32172486,0.34850308,0.1107869,0.04021806,True
B01_7,CONTROL,B01,33.91003,1,0.99193656,0.6951962,0.9442597,0.8661033,0.4604296,0.831059,0.8835696,0.23993982,0.060202233,0.027167771,0.489656,0.78421485,0.015567714,0.84703845,0.010643429,0.935763,0.26864302,0.11255875,0.3478598,0.38981828,0.101884894,0.028983448,True
B01_85,CONTROL,B01,27.325989,1,0.9899719,0.8599222,0.2726868,0.83247775,0.39019167,0.97577536,0.9378736,0.21107009,0.03243603,0.02011273,0.82657087,0.7451424,0.0047096666,0.88548785,0.00611605,0.70291656,0.7737584,0.35275683,0.18145493,0.28663704,0.05455105,0.03973013,True
B01_85,BASE,B01,32.35376,1,0.9921489,0.93372875,0.812473,0.63195455,0.67202866,0.9557501,0.9682349,0.60289896,0.109093085,0.015687516,0.31003487,0.5987604,0.003977044,0.19303742,0.06579626,0.8197454,0.8143857,0.2160306,0.44303274,0.43323433,0.005211224,0.048619412,True
B01_85,AESTHETIC,B01,21.71666,1,0.9976242,0.8419775,0.7619709,0.87348294,0.61161125,0.9952415,0.9944537,0.3439905,0.030792052,0.0059824847,0.9097627,0.62990004,0.040700402,0.9521977,0.0054647685,0.64748436,0.8859625,0.2014724,0.24111696,0.52768403,0.12585193,0.136039,True
B02_25478,AESTHETIC,B02,21.581789,2,0.96815854,0.9900282,0.012066507,0.35092518,0.7042666,0.99933296,0.023430636,0.52866554,0.08384298,0.028018998,0.703365,0.08231848,0.7360161,0.85876894,0.00043630667,0.8913945,0.58523077,0.3745744,0.2674717,0.005027796,0.027385352,0.040949225,True
B02_25478,CONTROL,B02,23.290113,1,0.7296868,0.9034419,0.039998315,0.6773927,0.5247253,0.9527691,0.18176533,0.18159463,0.22449912,0.08803633,0.7338435,0.122585565,0.7880371,0.9565843,0.0074370583,0.90672314,0.43330458,0.3219611,0.26584437,0.011386588,0.21970905,0.062497504,True
B02_25478,BASE,B02,19.719585,1,0.9888332,0.9924534,0.009907433,0.21472615,0.6120996,0.9990802,0.06563325,0.32164744,0.09065794,0.062075574,0.84703153,0.0871893,0.74930173,0.92272854,0.001160731,0.5861474,0.69912523,0.57772243,0.22344293,0.0065700104,0.0039084395,0.31925774,True
B02_6127,BASE,B02,19.732574,1,0.9601061,0.9794799,0.0067270724,0.31580523,0.78580403,0.99775773,0.011676732,0.29249027,0.2804616,0.0935804,0.948304,0.16523999,0.91910946,0.9511164,0.00087709585,0.8719423,0.72285765,0.45065966,0.35997427,0.0028300365,0.59743035,0.39021757,True
B02_6127,AESTHETIC,B02,20.494902,1,0.94906723,0.9491862,0.010062244,0.30892882,0.69232196,0.9985071,0.04573272,0.20279326,0.14186695,0.08614719,0.98572874,0.32437837,0.80490047,0.9564753,0.001143943,0.58253556,0.669579,0.38861167,0.39423057,0.009568957,0.2926938,0.30512846,True
B02_6127,CONTROL,B02,21.0379,1,0.9106827,0.9595473,0.018989902,0.58665353,0.6880604,0.9958333,0.059482142,0.2705167,0.0764932,0.10042868,0.91310817,0.063212104,0.8313152,0.89376193,0.002477168,0.7391962,0.6030332,0.32672694,0.2616628,0.0038898867,0.04227962,0.29104736,True
B02_7,BASE,B02,21.394781,1,0.99810493,0.99493873,0.418075,0.50085926,0.55506176,0.999385,0.000606388,0.5076951,0.18222433,0.0610491,0.788639,0.09179311,0.9335677,0.9269183,0.00027288677,0.17103875,0.59053016,0.35220918,0.37937748,0.0038551693,0.1822465,0.060938384,False
B02_7,AESTHETIC,B02,22.658241,1,0.9712912,0.9505544,0.028260587,0.4860676,0.45265645,0.99677175,0.023600876,0.2944768,0.4583823,0.11642042,0.9798076,0.23939832,0.93063015,0.69602513,0.0013883355,0.7171578,0.6532838,0.46176472,0.38902777,0.006724225,0.50469196,0.30991757,False
B02_7,CONTROL,B02,24.432018,1,0.9875167,0.9882024,0.040742498,0.66745085,0.56581753,0.9980185,0.044532727,0.37060127,0.2685823,0.16926637,0.94169176,0.018880574,0.85318637,0.97087705,0.00045182006,0.157774,0.44846117,0.3351621,0.38159442,0.008727219,0.12612885,0.041367736,False
B02_85,AESTHETIC,B02,21.389816,1,0.9960945,0.9704066,0.04531605,0.5136961,0.3556617,0.98651403,0.0004245844,0.24538493,0.20309068,0.03955075,0.49097162,0.012181171,0.8805535,0.3877449,0.0019438937,0.55464995,0.23032819,0.52768636,0.35420573,0.0033522646,0.42899528,0.13925137,True
B02_85,CONTROL,B02,24.056767,1,0.9918656,0.9910813,0.14278242,0.64070696,0.27724743,0.99877876,0.0006982929,0.41223478,0.30187312,0.03827824,0.89177155,0.029634291,0.86347014,0.27236462,0.00034529416,0.28221706,0.24889237,0.48350316,0.34899953,0.0063568414,0.71393317,0.02627786,True
B02_85,BASE,B02,22.532278,3,0.99818283,0.9574042,0.8070363,0.60226995,0.2445423,0.9889559,0.0024547218,0.44228128,0.38832033,0.21080564,0.89408654,0.050710324,0.7563321,0.82481664,0.011855897,0.27462295,0.35362437,0.69236255,0.5845491,0.0128693795,0.41262305,0.14610343,True
B04_25478,AESTHETIC,B04,26.006422,1,0.93016887,0.5280866,0.00028956943,0.17491895,0.4553902,0.9888677,0.26019517,0.0371624,0.11565547,0.008160262,0.4956566,0.24661946,0.8446547,0.94127256,6.3715655e-05,0.9505094,0.8205737,0.37837654,0.19728494,0.0123959435,0.99998343,0.6868978,True
B04_25478,CONTROL,B04,25.382843,1,0.8467724,0.79503495,0.0009916249,0.64249337,0.5184262,0.98502827,0.475611,0.11090542,0.06918235,0.010367434,0.4484711,0.1432083,0.89830965,0.8358255,0.00012915247,0.965041,0.36684087,0.2799569,0.15277854,0.0034685917,0.9998982,0.15249091,True
B04_25478,BASE,B04,25.500702,1,0.82547,0.7428508,0.0004939284,0.19735985,0.54737145,0.98461574,0.70205826,0.24594283,0.012677866,0.008239136,0.55662745,0.21689239,0.51552176,0.96500325,0.0003137211,0.9422673,0.63538015,0.23413427,0.19452435,0.011387662,0.9998728,0.19503829,True
B04_6127,AESTHETIC,B04,28.703836,1,0.97012424,0.8038784,0.00027858285,0.7214666,0.5625947,0.9961851,0.13587487,0.102943555,0.0864207,0.009330604,0.5606541,0.17858513,0.71114343,0.90174615,0.0001758931,0.92904437,0.67869395,0.16035283,0.17289671,0.007756858,0.9999807,0.2620241,False
B04_6127,CONTROL,B04,27.869213,1,0.87932116,0.46916398,0.00081497803,0.5054457,0.62059736,0.96784043,0.6413087,0.25735405,0.040554617,0.02673004,0.18904604,0.4038924,0.29260397,0.96393526,0.0024302353,0.9391051,0.4633992,0.3005443,0.17861229,0.015537316,0.9999714,0.1139001,False
B04_6127,BASE,B04,25.732702,1,0.89452016,0.1520679,0.0006491254,0.26164216,0.6359227,0.9945734,0.4531262,0.35273635,0.021461943,0.0015214565,0.6690623,0.13547786,0.39898443,0.9414995,0.00015521693,0.9370243,0.51969415,0.17608364,0.22360744,0.010937788,0.99997056,0.20847274,False
B04_7,AESTHETIC,B04,26.995647,1,0.97086763,0.47248286,0.00076058763,0.46857688,0.31229666,0.9958365,0.79405886,0.25170627,0.15629998,0.017349012,0.36349663,0.28097305,0.8570995,0.9630629,0.0001052588,0.8528031,0.8877824,0.19490658,0.11857255,0.0070435796,0.99997234,0.38726345,True
B04_7,BASE,B04,26.716137,1,0.961347,0.612947,0.0016271244,0.2384875,0.46924475,0.9956052,0.59809035,0.38867238,0.09617211,0.010943029,0.8096058,0.30065134,0.7028492,0.93234,3.7783677e-05,0.7730685,0.8180988,0.3039081,0.24301699,0.00818554,0.99997866,0.35701826,True
B04_7,CONTROL,B04,26.63554,1,0.8088452,0.063581765,0.00019600094,0.4707689,0.48901978,0.96502566,0.8823291,0.37835145,0.17254433,0.014025963,0.50468695,0.23290084,0.81033826,0.9251534,0.00034345454,0.8181118,0.68872243,0.23042761,0.19935884,0.008611337,0.999985,0.12945302,True
B04_85,BASE,B04,25.784567,1,0.76080686,0.30614445,0.0004977125,0.35147884,0.5424623,0.9890722,0.24594426,0.26300114,0.12967113,0.022473557,0.32250077,0.3024772,0.57398623,0.9302317,0.00025075607,0.83099335,0.6936785,0.36054534,0.24585232,0.015501732,0.9998734,0.13719821,True
B04_85,AESTHETIC,B04,23.932594,1,0.98432434,0.5806934,0.0004191933,0.3826608,0.3655717,0.98728883,0.3533419,0.11411645,0.12002765,0.0023745154,0.82672465,0.15295961,0.9277099,0.7980901,0.0002907368,0.9890647,0.76813924,0.1991461,0.14582476,0.003259243,0.99994755,0.55550396,True
B04_85,CONTROL,B04,24.993694,1,0.9716457,0.33728328,0.0006805235,0.6510217,0.3403751,0.97713053,0.5084964,0.33789104,0.23485465,0.015921537,0.6612475,0.20654719,0.74083704,0.75396484,0.0011042756,0.86296815,0.6352114,0.16986045,0.20359245,0.004537742,0.9999447,0.15584324,True
B06_25478,BASE,B06,24.357527,2,0.88859034,0.95350194,0.011266743,0.93301487,0.10331298,0.813321,0.9678449,0.53745157,0.012384718,0.009922336,0.71719843,0.049959704,0.30545327,0.3569169,0.05642681,0.98572636,0.41793254,0.46250007,0.14028908,0.013141366,0.008009054,0.024351751,False
B06_25478,CONTROL,B06,21.987938,1,0.5880674,0.60047394,0.041659202,0.8496837,0.13375936,0.640458,0.9302121,0.519996,0.1421035,0.1768931,0.9264726,0.21082327,0.17635803,0.86097425,0.106666155,0.96163386,0.38773334,0.20054913,0.1700803,0.0351518,0.50935614,0.10786374,False
B06_25478,AESTHETIC,B06,22.145159,2,0.983959,0.9532234,0.050034348,0.85088146,0.3392938,0.9986811,0.64858806,0.71159494,0.13605951,0.0106664505,0.48016778,0.17727306,0.02607044,0.908671,0.000556694,0.9438136,0.31293154,0.37012842,0.16753845,0.008125524,0.27542233,0.019943634,False
B06_6127,CONTROL,B06,22.457684,1,0.14556147,0.25020757,0.015715344,0.39354023,0.18705203,0.50603884,0.88985145,0.16710183,0.5157414,0.56285006,0.70408547,0.12760994,0.23094752,0.95444995,0.01307364,0.7938826,0.27126792,0.5210613,0.3563128,0.2315657,0.2252788,0.11110589,True
B06_6127,AESTHETIC,B06,23.61279,1,0.97800523,0.19641523,0.008451331,0.8094376,0.03523823,0.9835971,0.9610807,0.46682948,0.0018850653,0.0014047474,0.38414747,0.010309649,0.064095065,0.9861567,0.12967308,0.93575525,0.5472958,0.6069618,0.1102195,0.010723987,0.23537637,0.07778664,True
B06_6127,BASE,B06,23.79924,1,0.9272186,0.21069461,0.004746966,0.7026859,0.05796265,0.9383564,0.89638907,0.2610442,0.010828843,0.0073802317,0.7662844,0.027050108,0.083879754,0.97600365,0.058209497,0.9611375,0.521791,0.47298917,0.20061791,0.017868575,0.30978563,0.05116291,True
B06_7,AESTHETIC,B06,21.941263,1,0.9222816,0.7025145,0.017707486,0.93362653,0.2563994,0.9634031,0.92835987,0.7196346,0.1079652,0.019070033,0.83911926,0.15033115,0.06645958,0.98829985,0.037142035,0.9287042,0.68048644,0.20266873,0.121962965,0.027432054,0.6202405,0.16851793,True
B06_7,CONTROL,B06,24.247122,1,0.8055933,0.692311,0.071045846,0.8754172,0.14172396,0.7241462,0.93027645,0.53975046,0.57649446,0.17379375,0.9106724,0.23776981,0.07557766,0.9117337,0.114050336,0.90613544,0.35636616,0.41436416,0.21489152,0.16906129,0.42269686,0.21887574,True
B06_7,BASE,B06,24.418848,1,0.6726157,0.7387999,0.051683966,0.75909775,0.2088989,0.75681317,0.9410314,0.40552968,0.0996092,0.04910647,0.86796004,0.2938909,0.305534,0.9642773,0.02609646,0.90435714,0.34236753,0.31257203,0.16368513,0.040426344,0.519084,0.26772177,True
B06_85,BASE,B06,20.610905,2,0.14312616,0.6064488,0.049169473,0.523319,0.23896898,0.49661925,0.94465667,0.21091925,0.06539923,0.06028505,0.76387274,0.19552387,0.096531495,0.50272965,0.08922215,0.92733353,0.7065888,0.5302698,0.19600825,0.185276,0.040995054,0.6496811,True
B06_85,CONTROL,B06,22.778082,1,0.5102997,0.7741581,0.0349577,0.78649116,0.05888576,0.7108004,0.96487015,0.2855198,0.54718953,0.10911013,0.53045315,0.27209482,0.108264886,0.3006026,0.2660214,0.97996646,0.3655704,0.62223524,0.09979462,0.052884575,0.07728319,0.4602481,True
B06_85,AESTHETIC,B06,20.035835,2,0.2089774,0.24815997,0.016054979,0.6521825,0.4372827,0.87747,0.92433375,0.176877,0.19121528,0.09397298,0.36781254,0.2579494,0.03337252,0.7839953,0.015168648,0.91333306,0.57191974,0.3890006,0.20386349,0.12682424,0.2830613,0.636797,True
B08_25478,CONTROL,B08,25.315172,1,0.995235,0.81126696,0.01906124,0.7698959,0.7151886,0.9957296,0.9398809,0.3802612,0.04270387,0.008121651,0.9351932,0.31208128,0.06045865,0.6592177,0.009893205,0.888154,0.8413924,0.70774174,0.08404957,0.046075717,0.24140905,0.036674973,False
B08_25478,AESTHETIC,B08,25.3892,2,0.9867415,0.82274276,0.0028229374,0.26177815,0.59763265,0.99757797,0.30366606,0.45440742,0.017593294,0.0057363356,0.7381302,0.3341607,0.22575347,0.97012234,0.0005736363,0.9387149,0.55766463,0.80556136,0.10176401,0.09668863,0.052009795,0.07343097,False
B08_25478,BASE,B08,21.567945,2,0.9642822,0.6820921,0.0031685415,0.2655619,0.5340791,0.9944745,0.9721972,0.33370462,0.004328961,0.0035424798,0.8434352,0.29094583,0.045215037,0.33567297,0.007804597,0.9009508,0.92779857,0.63792604,0.113841794,0.14420557,0.006907743,0.17562477,False
B08_6127,AESTHETIC,B08,23.607037,1,0.8851329,0.37591854,0.0014256475,0.65705293,0.7788774,0.9871673,0.8969467,0.39390856,0.0120496685,0.006220178,0.48005638,0.20843184,0.13454145,0.98606175,0.0014424435,0.7708619,0.9291776,0.57404035,0.09344231,0.07036047,0.38161156,0.24191132,False
B08_6127,BASE,B08,23.841127,1,0.96262556,0.7866763,0.015190731,0.88590705,0.8516757,0.99855715,0.9591691,0.6322473,0.09420563,0.038877316,0.35038275,0.24435666,0.014362429,0.99277496,0.0029781202,0.56994426,0.90408987,0.5687747,0.17718852,0.07368599,0.3617927,0.034598578,False
B08_6127,CONTROL,B08,25.107592,1,0.96861714,0.7136039,0.013720699,0.66391325,0.6657969,0.99626166,0.8766651,0.37516528,0.049440462,0.016754668,0.46096084,0.24409929,0.04069377,0.99603856,0.001609096,0.5491179,0.804381,0.7519528,0.09651935,0.1044097,0.14819522,0.108343266,False
B08_7,BASE,B08,24.545889,1,0.9727065,0.8702576,0.10125135,0.44832057,0.8921868,0.9963988,0.8860934,0.503766,0.082681,0.049315386,0.38636363,0.45692325,0.028194688,0.88778615,0.0010428822,0.41968742,0.96852,0.6920497,0.21648867,0.09074588,0.0340476,0.20747586,True
B08_7,AESTHETIC,B08,26.68917,1,0.9947865,0.81346655,0.06658424,0.6743911,0.624836,0.99491274,0.91573244,0.6768511,0.017712664,0.021580428,0.14636584,0.25593778,0.06706261,0.9872399,0.0011377274,0.4709319,0.8683792,0.7128514,0.14443311,0.045604452,0.31179428,0.12709887,True
B08_7,CONTROL,B08,27.188522,1,0.9764672,0.85656524,0.048596963,0.47673193,0.6892958,0.99523467,0.9260917,0.48800695,0.018616652,0.012559685,0.55788857,0.37499005,0.06776494,0.9883299,0.0036368074,0.8375258,0.93156815,0.7621884,0.14609535,0.07274792,0.1257396,0.117604196,True
B08_85,BASE,B08,23.688566,1,0.9817508,0.88827586,0.024409823,0.58267516,0.5056803,0.9911123,0.9918234,0.6852834,0.004257392,0.007268625,0.07607213,0.11452026,0.05475292,0.20577411,0.017405618,0.9351101,0.9729329,0.6020781,0.08375431,0.03050397,0.027174199,0.21637611,False
B08_85,CONTROL,B08,27.533102,1,0.9637203,0.9237499,0.040064465,0.5155075,0.7182653,0.9905065,0.5243419,0.3683338,0.093382396,0.12719327,0.56710845,0.6131637,0.09597335,0.9048164,0.0018548135,0.6212214,0.9545718,0.8004222,0.23720025,0.060421124,0.23942402,0.029350515,False
B08_85,AESTHETIC,B08,25.306114,2,0.90889466,0.78270984,0.22944313,0.5471839,0.4877091,0.9905515,0.9609653,0.516846,0.006201577,0.053907324,0.07589777,0.23598143,0.018616337,0.94628817,0.00085733476,0.6876906,0.9297731,0.7466993,0.14150812,0.11770697,0.005243279,0.15103783,False
B09_25478,CONTROL,B09,28.57256,1,0.9907458,0.837615,0.042915132,0.7365583,0.48260817,0.9978143,0.6652084,0.39945602,0.06827603,0.011703505,0.7445882,0.3064249,0.6072311,0.97672653,0.000412356,0.8528213,0.32232222,0.5127379,0.09430479,0.22834364,0.14217873,0.058561143,True
B09_25478,AESTHETIC,B09,25.872114,1,0.8439376,0.051108167,0.0003172174,0.38746083,0.6895845,0.98602146,0.7054082,0.1476267,0.0003912958,0.00017773818,0.4358546,0.04266802,0.73307806,0.9481904,0.0024458775,0.9989348,0.1947501,0.57150644,0.052434422,0.22067751,0.07516241,0.04646441,True
B09_25478,BASE,B09,26.285591,1,0.9738719,0.86151385,0.003128225,0.3108974,0.20052893,0.9972312,0.10229245,0.3525465,0.0568414,0.041157026,0.70305675,0.15461022,0.673931,0.9128959,0.00027006146,0.86523634,0.5439456,0.73426396,0.12811658,0.093991995,0.058419134,0.018824602,True
B09_6127,BASE,B09,25.274975,1,0.91232705,0.47279996,0.0010164629,0.2408904,0.3522327,0.98329884,0.8937672,0.18091898,0.01495144,0.010802519,0.50449836,0.0748033,0.48278823,0.93842506,0.0035000688,0.9363894,0.74243957,0.776829,0.10590168,0.30099112,0.065596074,0.09892601,True
B09_6127,CONTROL,B09,25.476006,1,0.9766127,0.38128528,0.0059699984,0.81084424,0.3392844,0.9712685,0.9683242,0.10294796,0.014710495,0.022284772,0.70495445,0.0475705,0.34924874,0.9915837,0.0069855954,0.8265418,0.44195947,0.51146734,0.17996195,0.35756445,0.3542103,0.033449613,True
B09_6127,AESTHETIC,B09,27.40257,1,0.95694023,0.4137057,0.0075806407,0.53969455,0.21210068,0.98921496,0.7487451,0.18644978,0.009437039,0.003384684,0.63477945,0.11029398,0.42484167,0.9916786,0.0036012975,0.9328972,0.82614,0.62688786,0.14092152,0.21395272,0.56080097,0.06314912,True
B09_7,CONTROL,B09,29.107761,1,0.989354,0.5963335,0.04950719,0.67182434,0.017818872,0.98568684,0.33001512,0.4544811,0.008359239,0.004204581,0.50403297,0.00602678,0.94658244,0.99375194,0.00022295969,0.86621124,0.35971767,0.60578763,0.15013391,0.21008846,0.18856113,0.07805332,False
B09_7,BASE,B09,27.561346,1,0.98803383,0.7868875,0.0004514666,0.7734641,0.20668225,0.99227625,0.15562482,0.27083036,0.008925858,0.010196149,0.6917097,0.038292393,0.85919756,0.96639377,0.0013490275,0.7470808,0.4902513,0.610775,0.19039099,0.027837504,0.10322342,0.22439817,False
B09_7,AESTHETIC,B09,28.245968,1,0.9475921,0.5536674,0.00023137032,0.7547388,0.51888806,0.9920195,0.6520623,0.25468707,0.010048954,0.026493778,0.77770454,0.05247623,0.9706271,0.97340953,0.0055962102,0.9664324,0.639795,0.2898858,0.112180345,0.037292223,0.14039586,0.22321364,False
B09_85,BASE,B09,29.822306,1,0.99390113,0.9447488,0.019770702,0.47855887,0.0729605,0.9977539,0.42033884,0.28342876,0.013942515,0.013656065,0.61226124,0.019995766,0.9721711,0.37042043,0.000340104,0.7014903,0.9003793,0.7769854,0.115474544,0.037580203,0.0133462045,0.14184813,False
B09_85,CONTROL,B09,26.287865,1,0.97657144,0.8241475,0.002812546,0.79918534,0.21825384,0.99860245,0.62625813,0.36060867,0.02424932,0.0043257806,0.89377993,0.029209401,0.9263037,0.25867313,0.00019196924,0.90110487,0.40422076,0.5464796,0.21354882,0.13042165,0.015521133,0.0746722,False
B09_85,AESTHETIC,B09,29.618916,1,0.9929836,0.65666777,0.007963954,0.8021599,0.37566084,0.9973239,0.466574,0.1987546,0.031841267,0.008693565,0.9027143,0.018940361,0.87809664,0.87227,0.0008147579,0.9386412,0.15237658,0.50245523,0.17457458,0.07823208,0.15133315,0.08988026,False
B12_25478,CONTROL,B12,18.102606,9,0.76193553,0.563019,0.0003426813,0.7101209,0.28410095,0.6768677,0.52425814,0.051666774,0.0024493143,0.017322466,0.24179433,0.03925163,0.7829945,0.39680317,0.0037551923,0.989739,0.46462023,0.6895715,0.18527628,0.04837838,0.007152047,0.2688469,True
B12_25478,BASE,B12,20.322754,5,0.779453,0.57106733,0.002408182,0.93604815,0.8930973,0.95823354,0.43984464,0.4767947,0.0026146525,0.017759549,0.17484711,0.044635948,0.37933484,0.59582007,0.010618273,0.9609407,0.60964763,0.6728752,0.18439744,0.045675155,0.0010966125,0.19545488,True
B12_25478,AESTHETIC,B12,19.843096,5,0.81310946,0.42820585,0.008151528,0.8698661,0.7851603,0.9635028,0.46308288,0.23244351,0.005515391,0.025598068,0.58632094,0.1306406,0.3491367,0.97096306,0.004543294,0.96206945,0.3898976,0.5403057,0.17310466,0.101939015,0.03953905,0.07321219,True
B12_6127,BASE,B12,18.106396,10,0.8177417,0.5392088,0.0019608971,0.68465084,0.392516,0.82720476,0.5338095,0.47782636,0.0024490675,0.0034581772,0.35865945,0.04052653,0.44044667,0.8557004,0.18285419,0.9979923,0.82114244,0.33551326,0.09073266,0.025786182,0.004535124,0.23309377,True
B12_6127,AESTHETIC,B12,19.74769,8,0.87774456,0.49965143,0.0028931224,0.8186204,0.6417482,0.8870923,0.5390865,0.514336,0.0060924557,0.004358542,0.67172694,0.08866512,0.4127155,0.98157686,0.19579612,0.98334044,0.90367293,0.29513308,0.13505732,0.04406073,0.012760629,0.18599397,True
B12_6127,CONTROL,B12,22.392786,2,0.9032232,0.6991337,0.0041088657,0.93947333,0.7610022,0.8548011,0.25797644,0.35281083,0.042069204,0.069215275,0.25013566,0.23765196,0.35830984,0.9123504,0.08397992,0.95201105,0.60804504,0.4323634,0.16981582,0.056709435,0.004903958,0.06499447,True
B12_7,CONTROL,B12,20.480452,4,0.4925414,0.3039573,0.07448132,0.8780106,0.71956956,0.113431625,0.60395557,0.44036207,0.3123143,0.4976578,0.3412544,0.23081715,0.49666646,0.98151726,0.01370102,0.83177197,0.27999574,0.31725064,0.32759306,0.21518771,0.09465702,0.062354006,True
B12_7,BASE,B12,19.696651,6,0.5070672,0.4772896,0.024800742,0.79609966,0.94284636,0.9748583,0.48305494,0.60842276,0.18164565,0.12164111,0.42382267,0.07707825,0.48836634,0.9883958,0.0021813917,0.44810268,0.5987953,0.4988842,0.38507476,0.109679885,0.056589257,0.030970776,True
B12_7,AESTHETIC,B12,17.887608,6,0.5654267,0.5483509,0.063797876,0.9012081,0.87394005,0.95510596,0.7830948,0.5049242,0.19587542,0.11057447,0.42600837,0.096193746,0.3776998,0.9881457,0.007716222,0.66354674,0.70796263,0.23099703,0.22989261,0.0894588,0.05608348,0.065035395,True
B12_85,BASE,B12,25.620348,1,0.6402019,0.59636843,0.00705084,0.93922067,0.7658691,0.8697273,0.9389653,0.7237936,0.012032493,0.0028465467,0.57558334,0.076613545,0.27401713,0.21513249,0.026755111,0.91175485,0.64276844,0.380214,0.13645142,0.07334147,0.0013572287,0.06997122,False
B12_85,AESTHETIC,B12,15.487398,15,0.8780733,0.5542198,0.025658939,0.97330225,0.83526397,0.9333105,0.6101777,0.75561374,0.038139142,0.014426168,0.8857577,0.0522573,0.34942195,0.9545575,0.020367201,0.98016423,0.7492794,0.15420677,0.14281172,0.09919377,0.14872389,0.13870257,False
B12_85,CONTROL,B12,17.467302,8,0.7375722,0.40492147,0.004682112,0.95836246,0.79841065,0.77807283,0.20411777,0.31389567,0.018317536,0.006271397,0.70446676,0.088141665,0.40411606,0.96790063,0.024932671,0.95814484,0.57470804,0.27579513,0.1949332,0.05343149,0.19820115,0.18032561,False
B14_25478,AESTHETIC,B14,29.076624,1,0.92109275,0.8071063,0.001531111,0.4261252,0.21742514,0.7779172,0.39459732,0.23430261,0.12019757,0.013756379,0.94443226,0.29808694,0.368356,0.9653913,0.0008958597,0.9933466,0.11597509,0.15610188,0.15818198,0.0059350915,0.9992341,0.18492673,True
B14_25478,BASE,B14,29.125082,1,0.91353697,0.8519297,0.002301612,0.18010272,0.21024929,0.62849915,0.56512576,0.20321542,0.04664211,0.004707463,0.96856916,0.40086937,0.50597733,0.93219167,0.0008065723,0.99631125,0.14001004,0.17814434,0.19123267,0.0074365097,0.998431,0.092771545,True
B14_25478,CONTROL,B14,27.640491,1,0.9049063,0.541003,0.0072451485,0.6045517,0.09394651,0.6110235,0.7452047,0.3156198,0.3472837,0.08174304,0.94636184,0.2919601,0.5160658,0.9053084,0.0037075733,0.9916152,0.1447799,0.24430136,0.1594522,0.016373578,0.99941015,0.18203242,True
B14_6127,AESTHETIC,B14,26.881031,1,0.8408081,0.3170718,0.00065123464,0.4338789,0.23588276,0.80255735,0.35433796,0.23969327,0.030959446,0.009226643,0.8451779,0.1473243,0.52057916,0.9879704,0.001252932,0.993339,0.21564643,0.272037,0.18043388,0.007554556,0.99993634,0.27747032,True
B14_6127,BASE,B14,28.979143,1,0.8882386,0.14805959,0.00029044566,0.4907061,0.08681728,0.6123043,0.5186833,0.25938717,0.102606036,0.024074472,0.5804972,0.20614892,0.48995817,0.7780369,0.00923027,0.99001783,0.14182864,0.3402548,0.19061747,0.01063895,0.9998354,0.23305254,True
B14_6127,CONTROL,B14,29.107151,1,0.7893025,0.24401397,0.008497568,0.7084715,0.07655169,0.45674533,0.61527973,0.18165047,0.15456833,0.03783788,0.9059593,0.11787246,0.47273955,0.3610182,0.0636828,0.9851077,0.1723032,0.29721728,0.21990368,0.017623682,0.9961563,0.27822348,True
B14_7,CONTROL,B14,28.731152,1,0.7322401,0.4064091,0.0070630554,0.509323,0.15638073,0.07970573,0.6268865,0.21953255,0.080146424,0.051235966,0.9106798,0.18096817,0.544458,0.9819062,0.010879404,0.98716867,0.2344799,0.25946963,0.23294276,0.018639352,0.99317414,0.040577106,True
B14_7,BASE,B14,25.736183,1,0.93090814,0.43899658,0.001598888,0.30966714,0.03615486,0.6457245,0.788137,0.18390113,0.012310889,0.0073158597,0.53338844,0.033456706,0.6428171,0.99195766,0.002085732,0.9802281,0.18789111,0.44179624,0.21172576,0.008262392,0.99963045,0.13121389,True
B14_7,AESTHETIC,B14,26.303995,1,0.92205495,0.35527712,0.0075562573,0.46763945,0.32261768,0.17010589,0.08648413,0.21565676,0.11162307,0.05780392,0.66298234,0.20136885,0.6073648,0.93850416,0.0028265046,0.9767115,0.10251071,0.15081468,0.22098929,0.015033406,0.99713254,0.11910902,True
B14_85,CONTROL,B14,28.929197,1,0.8638225,0.46106702,0.022629075,0.4112277,0.08713172,0.26177633,0.12429436,0.2037982,0.41555834,0.022875339,0.9123941,0.28316346,0.74575,0.34392312,0.001776547,0.99314123,0.1460223,0.20370227,0.19305645,0.029059367,0.99293786,0.2246499,True
B14_85,BASE,B14,24.571007,1,0.8601082,0.32124826,0.0024690717,0.49564418,0.48737794,0.5863732,0.21523102,0.13094276,0.12926367,0.062481027,0.8953519,0.1488158,0.93532705,0.85802156,0.009127363,0.99939716,0.2579969,0.21279892,0.14893408,0.009551186,0.99924856,0.5548907,True
B14_85,AESTHETIC,B14,25.643349,1,0.95810527,0.44103462,0.004807445,0.5746354,0.34617424,0.6939212,0.11717862,0.18577863,0.26768926,0.051316783,0.8914946,0.34439865,0.89568275,0.77174187,0.011355154,0.9982895,0.32254598,0.16623266,0.1186952,0.00880762,0.9988432,0.5052107,True
B15_25478,AESTHETIC,B15,27.358276,2,0.9992111,0.8699347,0.9965738,0.91984445,0.28274938,0.98497957,0.8910813,0.82225573,0.016293136,0.0397519,0.7492811,0.21849866,0.20066902,0.9851029,0.014788756,0.9755729,0.21784441,0.25461215,0.18560733,0.14555295,0.19418716,0.009274951,True
B15_25478,BASE,B15,24.021862,3,0.99971503,0.98526776,0.9988788,0.67075574,0.46038842,0.99679774,0.45840883,0.74712586,0.06323075,0.06583731,0.16788055,0.11924658,0.56294763,0.82842183,0.0009025309,0.48164287,0.4659062,0.5261321,0.26630324,0.31472436,0.18146881,0.11387796,True
B15_25478,CONTROL,B15,27.675571,1,0.9974354,0.6615634,0.9956477,0.5828157,0.3790488,0.8777857,0.62949795,0.71501803,0.022732954,0.015650067,0.34832036,0.13724224,0.6059093,0.9255286,0.048897903,0.88613623,0.24417605,0.18912122,0.2667891,0.33077765,0.07929745,0.009842665,True
B15_6127,AESTHETIC,B15,23.14318,3,0.9265039,0.45939347,0.94833124,0.8934357,0.30344832,0.9733993,0.9248297,0.7160736,0.007038139,0.011965742,0.4491038,0.084033705,0.211524,0.9814057,0.028344199,0.81860715,0.59965545,0.32198194,0.13412777,0.2111025,0.43968534,0.029901242,True
B15_6127,BASE,B15,25.813562,1,0.94474465,0.14254494,0.24475978,0.5722485,0.16909237,0.9275676,0.92891717,0.17011584,0.0017396449,0.0061244033,0.05697018,0.0052451747,0.2530335,0.984171,0.018413419,0.9910734,0.7990313,0.40606314,0.10835967,0.16757916,0.03992766,0.19713455,True
B15_6127,CONTROL,B15,27.2719,1,0.9823773,0.793197,0.98536706,0.810834,0.46398592,0.7928627,0.7354213,0.79221946,0.1593515,0.055495314,0.37583977,0.18930382,0.4071948,0.9021982,0.23880407,0.7157353,0.35463864,0.22909163,0.23098093,0.3082716,0.3940165,0.02592608,True
B15_7,BASE,B15,27.632315,1,0.99563354,0.7651203,0.9992737,0.4667141,0.39487344,0.9881412,0.7894852,0.832814,0.0071851765,0.0064439126,0.4697495,0.023857193,0.78556186,0.96854746,0.0032423893,0.64490896,0.7473636,0.28943053,0.19702166,0.30120867,0.08697255,0.16971044,True
B15_7,AESTHETIC,B15,25.177294,2,0.99898785,0.91046447,0.99687093,0.85939175,0.2663174,0.9990637,0.7665944,0.9221924,0.024269003,0.028882995,0.72129214,0.058176413,0.358618,0.9873865,0.0017786641,0.5965406,0.2587867,0.33745083,0.18752441,0.26220965,0.28790307,0.028524803,True
B15_7,CONTROL,B15,28.62651,1,0.99981004,0.9361151,0.9995764,0.7149489,0.63830477,0.99643916,0.7887412,0.8155202,0.019712862,0.20317033,0.47693175,0.04152797,0.43592167,0.9163036,0.0067594126,0.8679765,0.18720579,0.24655211,0.29280064,0.3367791,0.5418577,0.054084834,True
B15_85,CONTROL,B15,29.031023,1,0.99969244,0.76065654,0.99651814,0.7725672,0.52522564,0.97320956,0.88422394,0.6004872,0.015441912,0.03762369,0.81748503,0.19727826,0.30753303,0.8346955,0.09332621,0.96761984,0.34162155,0.113000184,0.19727826,0.13951677,0.17655705,0.0061674225,True
B15_85,AESTHETIC,B15,25.393673,1,0.98830277,0.86958987,0.8711302,0.9022722,0.07678718,0.9893985,0.87986255,0.8838489,0.005465468,0.005494001,0.44400486,0.07395788,0.28455466,0.9489248,0.010174124,0.8824647,0.31732625,0.48255196,0.0735216,0.049891755,0.07426034,0.03268251,True
B15_85,BASE,B15,30.07588,1,0.9957833,0.9595698,0.96930784,0.49695158,0.30929217,0.9618739,0.8750698,0.8551766,0.17050639,0.059106,0.23532078,0.059768915,0.36494198,0.30191332,0.26659703,0.7834718,0.5617004,0.58508587,0.36916006,0.27672186,0.012328806,0.009037781,True
B19_25478,AESTHETIC,B19,23.151777,1,0.97385263,0.74189323,0.70851594,0.97014934,0.33268335,0.99592173,0.7728991,0.35454044,0.17103875,0.28986025,0.97146803,0.5943664,0.18183741,0.9915876,0.00080342346,0.91473556,0.749065,0.21874106,0.082357034,0.104270495,0.5516096,0.11920222,True
B19_25478,CONTROL,B19,21.206675,1,0.9724922,0.32694304,0.16370353,0.87467563,0.7453502,0.98811173,0.7942006,0.27797955,0.6272745,0.07338996,0.90185606,0.5696161,0.0840224,0.98754835,0.009815108,0.8874452,0.7920621,0.0817847,0.15446068,0.26258618,0.4664312,0.118273854,True
B19_25478,BASE,B19,21.9899,1,0.98522425,0.8829109,0.72362274,0.94106054,0.67880994,0.9963084,0.8625705,0.23165564,0.49004355,0.27744812,0.9506563,0.65221244,0.43221548,0.94190526,0.0009177812,0.8903332,0.8765335,0.1079652,0.10609699,0.13629779,0.37719268,0.19659863,True
B19_6127,BASE,B19,21.485554,1,0.9974349,0.7326258,0.8734075,0.9892491,0.40095454,0.9985285,0.90242773,0.7945609,0.02990871,0.011731491,0.6506825,0.15178332,0.17253208,0.585979,0.004130891,0.95102704,0.86200196,0.049572483,0.06064892,0.033318695,0.40664288,0.03429521,True
B19_6127,AESTHETIC,B19,21.324572,2,0.99933165,0.8788857,0.97913444,0.9909661,0.35106117,0.99958485,0.6102466,0.92182404,0.04384905,0.005566105,0.67787606,0.22483802,0.17997153,0.99003476,0.005610574,0.15929711,0.62583476,0.17331827,0.0566245,0.024453558,0.6367284,0.0381091,True
B19_6127,CONTROL,B19,23.219687,1,0.9761875,0.47155735,0.5000787,0.96007264,0.30569047,0.9968844,0.9511158,0.23305081,0.10980884,0.008206891,0.70987743,0.13094385,0.06539749,0.90244925,0.0012389041,0.8568499,0.7073893,0.06857477,0.07444071,0.1120355,0.42323264,0.03927962,True
B19_7,BASE,B19,21.602396,2,0.9959288,0.82670087,0.8546296,0.9650356,0.42970654,0.99907744,0.78706807,0.6805358,0.28788078,0.10437529,0.37147924,0.113755226,0.20841075,0.95301026,0.0026131633,0.68405837,0.92021596,0.09782418,0.046685047,0.014479038,0.54958254,0.20189004,True
B19_7,AESTHETIC,B19,22.088549,1,0.9794484,0.3715975,0.48488268,0.9845697,0.7044441,0.994941,0.83582383,0.760031,0.17234808,0.0427066,0.7674477,0.27640852,0.15538888,0.99171597,0.0052073696,0.69854516,0.7296703,0.03971573,0.057062775,0.049186956,0.760452,0.10919693,True
B19_7,CONTROL,B19,21.308401,1,0.99539787,0.72631264,0.49408317,0.9238362,0.5923673,0.99741155,0.9068278,0.4543081,0.44788283,0.3562424,0.6146012,0.20395486,0.09935238,0.9843956,0.0017317052,0.7548843,0.8982407,0.07214948,0.06948876,0.06685443,0.65885836,0.2761105,True
B19_85,CONTROL,B19,21.138906,2,0.9937925,0.27006906,0.37410626,0.9694028,0.4929204,0.991034,0.85665596,0.5530263,0.03261784,0.0064653796,0.4603429,0.21435107,0.033576503,0.9948171,0.0052216416,0.8478108,0.8860679,0.021039026,0.061333824,0.024575567,0.9714045,0.042358775,True
B19_85,AESTHETIC,B19,21.494652,1,0.99525636,0.44706845,0.48517612,0.9881408,0.39272615,0.99706465,0.8910555,0.69930416,0.01766378,0.0010529878,0.85834515,0.18332961,0.209404,0.9960983,0.0017084911,0.67523867,0.9313885,0.042230833,0.047438543,0.021838589,0.9085424,0.07685298,True
B19_85,BASE,B19,17.62647,4,0.9710037,0.5828588,0.18380672,0.9930977,0.30733973,0.99521106,0.86076903,0.2722059,0.0045113517,0.00081757124,0.26851654,0.081285134,0.1095988,0.4679308,0.0006588813,0.9687155,0.8011023,0.0365043,0.04026034,0.02182421,0.16046044,0.086746834,True
B20_25478,BASE,B20,21.269339,2,0.7425534,0.68545496,0.013230016,0.82185763,0.63596946,0.908991,0.5658377,0.4787235,0.061012864,0.019722832,0.69921494,0.27227655,0.56130475,0.5783545,0.26506203,0.95440793,0.8380499,0.20047359,0.12306622,0.024622135,0.005967848,0.2941508,True
B20_25478,CONTROL,B20,23.230127,1,0.71579784,0.3747925,0.047748055,0.79637164,0.29523903,0.8218303,0.44022766,0.2614145,0.16699196,0.047237437,0.68263924,0.32635406,0.55507255,0.9388148,0.11377485,0.93525416,0.6233021,0.13216239,0.124278374,0.008657329,0.06655496,0.2019008,True
B20_25478,AESTHETIC,B20,23.084345,1,0.97317344,0.9575475,0.04423595,0.7497362,0.7281892,0.9919926,0.17891441,0.68883854,0.20474038,0.04509107,0.5610772,0.49359116,0.57590854,0.92117983,0.011094362,0.87113565,0.648625,0.38050804,0.12117684,0.0068714367,0.02575764,0.09699502,True
B20_6127,BASE,B20,23.056093,1,0.9823646,0.78387153,0.008346428,0.7748527,0.3228599,0.97457653,0.7761361,0.59701747,0.003045354,0.0007988818,0.9043977,0.0803617,0.5876797,0.94476646,0.21588476,0.9773825,0.6696111,0.26038247,0.07372193,0.0020313533,0.029769706,0.0562489,True
B20_6127,CONTROL,B20,24.78689,1,0.991542,0.9507083,0.0030979102,0.9386477,0.45422536,0.95360893,0.27455345,0.5133001,0.10285342,0.03315726,0.8207265,0.2005479,0.5325655,0.92793083,0.21196127,0.9418404,0.52245444,0.19910261,0.07743191,0.0006181349,0.041903336,0.16482776,True
B20_6127,AESTHETIC,B20,23.073849,2,0.9672669,0.8601899,0.00465698,0.6182088,0.66172093,0.99242425,0.19165753,0.28978682,0.23511867,0.01692189,0.77723795,0.35038358,0.49140874,0.97110826,0.004740284,0.96148604,0.81753975,0.3238151,0.122716926,0.0036489745,0.5065781,0.3510334,True
B20_7,AESTHETIC,B20,20.782963,2,0.98786086,0.9791388,0.010100045,0.89082146,0.32736707,0.9962185,0.8246471,0.5991018,0.004585594,0.0026534102,0.7844169,0.01435915,0.5787783,0.9841876,0.07850533,0.93098193,0.7123178,0.41809863,0.10227247,0.0016673013,0.016148925,0.09174137,True
B20_7,CONTROL,B20,27.574673,1,0.9937767,0.6902081,0.0120095685,0.63641137,0.19277936,0.961479,0.90724504,0.6962896,0.049587857,0.033489164,0.70367837,0.08426214,0.77480274,0.9554885,0.7981934,0.9234537,0.6368857,0.19322914,0.062411457,0.0020098188,0.31320432,0.024555229,True
B20_7,BASE,B20,21.585571,3,0.9807066,0.92044973,0.02217739,0.7731956,0.7942441,0.99729115,0.70461965,0.7324614,0.08671708,0.023250498,0.7606166,0.08770093,0.28411528,0.87427175,0.0337948,0.4742464,0.63495725,0.6716241,0.15331876,0.013970797,0.04267289,0.04849389,True
B20_85,BASE,B20,20.259457,5,0.98346263,0.98367417,0.005224248,0.54664034,0.65798885,0.9947266,0.015276343,0.21860453,0.23295878,0.1438397,0.92282504,0.22962967,0.7513992,0.59191626,0.005099131,0.7786569,0.7772787,0.53967226,0.25586915,0.0035635927,0.0043267705,0.18169357,True
B20_85,AESTHETIC,B20,20.197851,3,0.9867884,0.98040205,0.0033444036,0.77965266,0.64004546,0.99680835,0.14984867,0.3203917,0.15111783,0.051698644,0.63915384,0.2722864,0.6768819,0.90566474,0.008909682,0.9295328,0.76931286,0.502409,0.12404898,0.0013267776,0.023844318,0.07383701,True
B20_85,CONTROL,B20,24.762266,1,0.77460104,0.5770164,0.025705714,0.81313676,0.2611778,0.947797,0.49134487,0.35201773,0.51964414,0.14315845,0.83894336,0.25318745,0.7403999,0.36405018,0.07500685,0.397445,0.74132705,0.4516841,0.20292251,0.04146955,0.07768313,0.07362404,True
B23_25478,CONTROL,B23,28.07371,1,0.9746003,0.030673819,0.0007298663,0.5869414,0.7998271,0.98423094,0.7649153,0.64019966,0.0004997234,0.00011813529,0.6495039,0.06355804,0.17111799,0.73674273,0.00073051755,0.8698805,0.4240672,0.21786033,0.072713315,0.2845702,0.17811683,0.05791246,True
B23_25478,BASE,B23,19.841694,3,0.99585235,0.6896678,0.02009152,0.36290964,0.65662557,0.9987055,0.40657526,0.35943487,0.007238984,0.00066978094,0.9193647,0.38843632,0.15235095,0.8477332,0.00018416365,0.809444,0.682589,0.7429688,0.21852276,0.3756465,0.0077482597,0.09102498,True
B23_25478,AESTHETIC,B23,25.487604,1,0.89905816,0.15825896,0.004261947,0.8377444,0.83987737,0.98453736,0.8751915,0.6414904,0.0062389346,0.004396515,0.80109906,0.07348017,0.063980915,0.89556235,0.0022755824,0.64179647,0.6919529,0.4274415,0.16350712,0.49739698,0.091862224,0.027932124,True
B23_6127,CONTROL,B23,28.097862,1,0.96622264,0.13792343,0.007728905,0.7292254,0.86347353,0.9925364,0.8760984,0.84249526,0.0029622938,0.0007665397,0.61972487,0.19590637,0.3708206,0.9876023,0.00079666206,0.8654334,0.6308666,0.31402385,0.098149285,0.38051525,0.45316777,0.112548076,True
B23_6127,BASE,B23,26.650911,1,0.99204344,0.15389705,0.0036597946,0.6660405,0.546904,0.9930441,0.8733227,0.42599416,0.0027316033,8.65206e-05,0.5933067,0.1519403,0.063918404,0.8208449,0.00044293777,0.9372277,0.4894096,0.47540557,0.18459462,0.44815737,0.041384153,0.09448056,True
B23_6127,AESTHETIC,B23,26.984076,1,0.963646,0.35928246,0.0013906418,0.89768744,0.7897995,0.9913577,0.9606256,0.9072785,0.0025664796,0.0005205622,0.6976405,0.14550479,0.10152489,0.9698646,0.004126782,0.9716832,0.91365486,0.13622797,0.081882514,0.1401948,0.39784494,0.2762632,True
B23_7,CONTROL,B23,26.537954,1,0.97855526,0.32126158,0.0019283291,0.90603626,0.9199723,0.9932166,0.88304174,0.8226109,0.001727388,0.00048981694,0.75193894,0.17412621,0.062065143,0.8243732,0.001096765,0.8783833,0.56304437,0.21070667,0.10562451,0.39154452,0.16178258,0.12935215,True
B23_7,BASE,B23,23.451918,1,0.9929223,0.6075395,0.0008612863,0.61819893,0.34398276,0.99403244,0.101342954,0.51191103,0.0046450375,0.00046900826,0.41890627,0.0760318,0.28977862,0.80291754,0.00024820995,0.5076951,0.23426874,0.632606,0.18554823,0.27118686,0.008203655,0.51485956,True
B23_7,AESTHETIC,B23,25.68733,1,0.98954505,0.42532268,0.0016331854,0.8721916,0.50106287,0.9900607,0.5257412,0.7011898,0.0029875252,0.00025376317,0.7638214,0.060628384,0.36583668,0.92199546,0.0011516436,0.7266242,0.31352854,0.56574535,0.14295784,0.2523333,0.021591688,0.15966986,True
B23_85,BASE,B23,23.896505,1,0.9962335,0.29608348,0.005416987,0.3486343,0.15682259,0.99714065,0.45567355,0.535626,0.007230915,0.004776501,0.30342674,0.044266284,0.016857475,0.8536444,0.0007124107,0.42901862,0.19386266,0.8410041,0.15786958,0.49927807,0.008527737,0.15769316,True
B23_85,CONTROL,B23,25.86333,1,0.99539363,0.14222118,0.008561127,0.77366555,0.29026443,0.99485224,0.2737065,0.5327221,0.0008871631,0.00029223415,0.4009713,0.037059244,0.43597892,0.23099716,0.00039841645,0.4985857,0.6283923,0.3742027,0.15069635,0.28532138,0.13372679,0.5872692,True
B23_85,AESTHETIC,B23,26.202944,1,0.9757568,0.28207603,0.0015426633,0.8822326,0.7268927,0.98214585,0.54890776,0.67452633,0.0036937795,0.0009536698,0.74630064,0.06537547,0.33933824,0.9753294,0.0025024272,0.68405384,0.38403693,0.62591606,0.14250366,0.42851594,0.022284484,0.040580563,True
B25_25478,CONTROL,B25,21.839052,3,0.98220533,0.9718553,0.007232038,0.44325113,0.86658984,0.99793315,0.8072901,0.16908327,0.090734385,0.021710407,0.84349716,0.8498714,0.084836416,0.8181257,0.0048889588,0.91554934,0.88025194,0.7374212,0.124846615,0.08534767,0.014192086,0.1614772,True
B25_25478,BASE,B25,20.407513,4,0.6434986,0.6489093,0.0003786307,0.2220036,0.4515627,0.8499554,0.6297301,0.15361686,0.00559221,0.0071584224,0.42327833,0.2921632,0.37794238,0.66302234,0.010870458,0.98044074,0.8126894,0.6893518,0.06777771,0.080059715,0.008972428,0.43620968,True
B25_25478,AESTHETIC,B25,23.52757,1,0.9346375,0.9689405,0.002311068,0.2408147,0.7454024,0.9931572,0.6192595,0.069026284,0.08998469,0.022578886,0.98367035,0.7473078,0.28335166,0.94783276,0.0008194065,0.8282372,0.9385371,0.66670746,0.14019272,0.054058596,0.0320373,0.07854086,True
B25_6127,AESTHETIC,B25,21.17863,1,0.40288848,0.20441572,0.0009959138,0.74944335,0.8285726,0.933246,0.92249745,0.20974775,0.046001498,0.06287816,0.46544206,0.2827668,0.26028296,0.98921853,0.010571027,0.9805973,0.8612446,0.26133424,0.10178859,0.13508204,0.1566557,0.26131657,True
B25_6127,CONTROL,B25,22.71976,1,0.8691583,0.27928337,0.0004073923,0.5546118,0.7203433,0.9134913,0.5788737,0.10831691,0.029155688,0.013163325,0.5023551,0.53980684,0.37482333,0.98486334,0.026639385,0.98977715,0.8749442,0.3966112,0.08841761,0.1589296,0.13636583,0.09340727,True
B25_6127,BASE,B25,19.128307,7,0.7782013,0.36442184,0.001591705,0.57462555,0.2037985,0.846305,0.72562015,0.24738182,0.006524394,0.00801724,0.19294578,0.023007192,0.16327496,0.9573959,0.06155568,0.9904649,0.81239593,0.31088355,0.08226921,0.123046674,0.014494708,0.13479795,True
B25_7,CONTROL,B25,25.60278,1,0.82197016,0.40318814,0.0382582,0.62249345,0.4476079,0.48736033,0.94810945,0.3272407,0.35813248,0.31602782,0.85620844,0.84227765,0.12833513,0.9959409,0.38375023,0.6271818,0.82200944,0.31967905,0.22230946,0.26640537,0.37552443,0.17320298,False
B25_7,AESTHETIC,B25,22.827843,3,0.97827905,0.8611076,0.038128715,0.72692525,0.7760036,0.9858516,0.8371603,0.47685748,0.18122357,0.04121446,0.8661971,0.93579954,0.017423129,0.9607553,0.006841053,0.8788965,0.879523,0.75219434,0.28023842,0.4299257,0.03639203,0.08390901,False
B25_7,BASE,B25,24.076319,1,0.8272849,0.85060656,0.02082984,0.62320846,0.6765506,0.5070715,0.97829515,0.5200093,0.110187136,0.19010332,0.5825797,0.6800405,0.19438036,0.51179284,0.25205126,0.8397203,0.945664,0.38263735,0.18747063,0.13179639,0.031235123,0.21519382,False
B25_85,CONTROL,B25,23.3967,2,0.8644723,0.9243964,0.069647096,0.5660832,0.47293928,0.85906506,0.8805096,0.20758907,0.44374216,0.3679376,0.6113262,0.77822983,0.13891977,0.5387996,0.18314335,0.5409187,0.66933846,0.62652457,0.17561923,0.19710103,0.017259851,0.08479763,False
B25_85,BASE,B25,18.891497,3,0.54415685,0.9164192,0.018869149,0.34903657,0.54372275,0.97780013,0.98368365,0.10304998,0.0052023963,0.022570131,0.37723055,0.83331585,0.020782663,0.6359547,0.025808424,0.9880257,0.93274266,0.5575861,0.07279715,0.070871696,0.00028846174,0.98443896,False
B25_85,AESTHETIC,B25,23.229084,1,0.9801588,0.77626437,0.009463285,0.64865637,0.3279852,0.8661126,0.677201,0.017877314,0.030918898,0.015174049,0.95567507,0.70276195,0.10836188,0.21463564,0.006608001,0.98192763,0.89251554,0.7348196,0.11910604,0.023331596,0.56229174,0.1761412,False
B26_25478,BASE,B26,24.014713,2,0.78753334,0.31632575,0.002786447,0.23064043,0.36430034,0.7258204,0.5987517,0.19961348,0.11887308,0.028328653,0.80391085,0.39557192,0.5591095,0.945346,0.0036632803,0.9785212,0.39613754,0.27920967,0.15149085,0.046228953,0.9353866,0.28394538,True
B26_25478,AESTHETIC,B26,24.203554,2,0.75254875,0.2300953,0.002516967,0.5021272,0.6442911,0.34921753,0.23831917,0.22147565,0.11993702,0.035559442,0.64086485,0.4225205,0.56218916,0.9539628,0.0023851297,0.95512134,0.28683853,0.15025395,0.26830608,0.04800611,0.8217736,0.10737027,True
B26_25478,CONTROL,B26,23.326452,2,0.87197345,0.16218089,0.01028431,0.5099846,0.524212,0.55402094,0.55618775,0.3244206,0.12449361,0.11227195,0.885582,0.45352516,0.38506928,0.8875412,0.028919853,0.90166306,0.22115579,0.18290107,0.25154677,0.072426915,0.92655957,0.08308442,True
B26_6127,AESTHETIC,B26,20.069172,2,0.4175326,0.124612555,0.004359833,0.59068054,0.7546421,0.947529,0.8398417,0.29773426,0.09713902,0.03737232,0.7597463,0.33140665,0.64504266,0.9742581,0.0023786451,0.8379217,0.47606248,0.28393263,0.21468402,0.08411361,0.7163236,0.15753603,True
B26_6127,CONTROL,B26,22.867409,1,0.43523777,0.13202396,0.0059040287,0.523752,0.8392974,0.7984938,0.37909415,0.26895154,0.39254147,0.16858812,0.93231493,0.24120213,0.8447478,0.9610434,0.016995903,0.95729494,0.2147083,0.111884356,0.27018657,0.11219574,0.8141671,0.12480254,True
B26_6127,BASE,B26,22.057575,2,0.8550687,0.5526934,0.004074849,0.60590065,0.6845297,0.9000897,0.7630225,0.2596093,0.104206204,0.069487095,0.8989119,0.655808,0.57953054,0.9800521,0.012917567,0.7795681,0.6413715,0.46284953,0.25398564,0.04060258,0.9687196,0.120045565,True
B26_7,CONTROL,B26,23.370079,2,0.84847486,0.19328132,0.003546579,0.3735062,0.68369055,0.44693595,0.27389786,0.27954146,0.15550832,0.0672903,0.8155426,0.59076077,0.8329969,0.972327,0.004608453,0.96422523,0.18549146,0.12959258,0.2349472,0.019293752,0.99007577,0.12641,True
B26_7,BASE,B26,23.344536,2,0.8241882,0.23607258,0.0030071493,0.55800617,0.7605996,0.33477718,0.42259818,0.15942383,0.0915406,0.09782181,0.67163193,0.607423,0.75102806,0.97658175,0.011137153,0.93863183,0.32883582,0.25965953,0.23852976,0.05593423,0.9745506,0.11190179,True
B26_7,AESTHETIC,B26,25.150898,2,0.79688096,0.16200447,0.0065872995,0.64070743,0.74793786,0.56272286,0.44125208,0.23439328,0.18129945,0.09826491,0.6489945,0.5384126,0.72187454,0.9891768,0.007938686,0.9501773,0.38805944,0.11880737,0.27493617,0.029016128,0.9902507,0.078630775,True
B26_85,CONTROL,B26,19.92004,3,0.6614455,0.42520472,0.038725086,0.51594913,0.6613289,0.8889152,0.43764186,0.24720216,0.27295014,0.21348444,0.9293772,0.48441198,0.5372913,0.91924876,0.010347199,0.9572913,0.47155404,0.24279915,0.29575285,0.15312228,0.15372105,0.26206464,True
B26_85,AESTHETIC,B26,20.978811,3,0.6741502,0.2564972,0.013797323,0.6496155,0.68586034,0.7467794,0.80903494,0.18695346,0.27934098,0.11469387,0.94138885,0.5972528,0.43030283,0.8347357,0.038695026,0.9722516,0.60304797,0.18305334,0.22311345,0.14311168,0.25743878,0.18477325,True
B26_85,BASE,B26,20.616514,2,0.4980109,0.52950764,0.044933937,0.60190916,0.8738213,0.82100254,0.7752398,0.28125215,0.26070035,0.24038011,0.8670021,0.5600609,0.7590882,0.96690226,0.01422722,0.9901314,0.48847023,0.15138692,0.24744181,0.12985033,0.6942478,0.7251969,True
B27_25478,BASE,B27,25.541786,1,0.9692472,0.9099123,0.11609688,0.8669542,0.98465204,0.9991036,0.9537856,0.7116251,0.17577712,0.10805524,0.9969297,0.9345594,0.0040035606,0.8155846,9.307188e-05,0.7008958,0.9680273,0.44403172,0.49077713,0.1527726,0.053608403,0.057257615,True
B27_25478,AESTHETIC,B27,26.623323,1,0.9704321,0.9221552,0.067030996,0.6996409,0.9641235,0.99896955,0.9557319,0.33923757,0.058847293,0.01727126,0.9938886,0.8934059,0.0016373815,0.78857,0.00018978727,0.5923148,0.9826727,0.48420045,0.46432889,0.13749662,0.038734313,0.0657153,True
B27_25478,CONTROL,B27,25.27842,1,0.96389437,0.8508188,0.13236597,0.8615861,0.9280137,0.99395627,0.9443746,0.23316827,0.20143574,0.06633609,0.9880656,0.9352306,0.0031290222,0.8559396,0.00043588248,0.48144242,0.96155643,0.43668446,0.5398907,0.16464733,0.046848938,0.10967001,True
B27_6127,AESTHETIC,B27,26.12542,1,0.91141707,0.90515393,0.08045435,0.67031246,0.9253,0.99609524,0.9128141,0.41711888,0.10697952,0.033269893,0.9986733,0.8790512,0.0027485471,0.99528307,0.00021584568,0.5669099,0.90987235,0.48624578,0.48936862,0.2583238,0.25850472,0.10288307,True
B27_6127,BASE,B27,27.300253,1,0.9943697,0.9291108,0.081852265,0.8259243,0.7996395,0.99883837,0.8535457,0.5624417,0.05570594,0.0106335115,0.99714667,0.64317566,0.0043347566,0.9888022,0.00024767997,0.3860141,0.93763995,0.6110076,0.48215243,0.13962212,0.11576836,0.1122904,True
B27_6127,CONTROL,B27,25.657013,1,0.9470485,0.84418476,0.06628047,0.82421654,0.96711296,0.99486107,0.86984193,0.40109912,0.20615593,0.07677467,0.99833506,0.8195931,0.0030670597,0.9910789,0.00093706284,0.5872334,0.8664883,0.39947417,0.54947346,0.4743287,0.083137386,0.11951769,True
B27_7,CONTROL,B27,27.449053,1,0.96903396,0.7128979,0.06601091,0.6586221,0.81867313,0.9809656,0.9341248,0.40171897,0.15291426,0.03337163,0.9861114,0.91613847,0.00074087613,0.97858,0.00013990555,0.70816976,0.92158383,0.50477827,0.5254226,0.32300794,0.36036462,0.065460764,True
B27_7,AESTHETIC,B27,27.678513,1,0.92518294,0.8178611,0.048885796,0.6616369,0.865857,0.9855414,0.9605014,0.20600396,0.24138705,0.036449865,0.9968952,0.9604225,0.0013331007,0.966388,0.00025287268,0.5536792,0.9447243,0.41742316,0.5546674,0.3511033,0.3834379,0.025702845,True
B27_7,BASE,B27,26.101505,1,0.9885845,0.9327337,0.035948653,0.76445264,0.87980765,0.9992487,0.96516764,0.46549782,0.04459473,0.012110912,0.9951218,0.8907784,0.001902973,0.984426,4.401709e-05,0.34121305,0.9228734,0.5024767,0.33511326,0.05829844,0.33860466,0.044784132,True
B27_85,BASE,B27,26.373333,1,0.9897305,0.92648315,0.17413497,0.8470908,0.87736696,0.99567235,0.9846207,0.5490881,0.06012382,0.01902577,0.9946548,0.85492665,0.00028591917,0.10478252,0.001023623,0.5791796,0.9490332,0.34979424,0.35498616,0.23433119,0.06901409,0.053541668,True
B27_85,AESTHETIC,B27,26.414856,1,0.9426324,0.7883567,0.047475483,0.74295896,0.9562033,0.998637,0.9341627,0.47348508,0.050978594,0.01143652,0.99564976,0.7627668,0.00080372434,0.82740176,0.00024337228,0.84220064,0.9456333,0.40797222,0.45224065,0.14729507,0.051448148,0.035746273,True
B27_85,CONTROL,B27,26.965628,1,0.9159525,0.2915435,0.14365377,0.5955582,0.8841428,0.8639353,0.93597776,0.23933703,0.35586146,0.032282095,0.99256814,0.92427,0.00077659555,0.8985974,0.0052947984,0.7617305,0.73586434,0.3358148,0.5520044,0.43007115,0.27482554,0.039968338,True
B29_25478,AESTHETIC,B29,23.546705,3,0.9892378,0.833331,0.446696,0.9484202,0.36989143,0.9946483,0.96825635,0.7491969,0.050064277,0.24029446,0.08349414,0.3505751,0.16318794,0.9988526,0.0035358642,0.90054226,0.5577498,0.35688257,0.113798305,0.0479534,0.12259541,0.13147502,True
B29_25478,CONTROL,B29,26.543068,1,0.9889071,0.61987406,0.5839093,0.9770806,0.5974313,0.87850696,0.9919704,0.4174431,0.22190678,0.33824274,0.20079477,0.704406,0.0021351003,0.9919403,0.33674136,0.4850389,0.26293424,0.24902967,0.304143,0.34312376,0.745569,0.09402764,True
B29_25478,BASE,B29,19.284445,8,0.91238844,0.9701396,0.013316223,0.7366127,0.3869675,0.83480364,0.6386504,0.37986085,0.012110833,0.1497401,0.0672126,0.23513003,0.23472,0.99199694,0.017364759,0.98137915,0.73531544,0.43588787,0.09932679,0.05190945,0.035705995,0.12861468,True
B29_6127,AESTHETIC,B29,21.89898,7,0.99501437,0.8602692,0.7689647,0.95768434,0.36709344,0.92268074,0.8478384,0.8768837,0.07947379,0.07860978,0.23526827,0.1989284,0.045699306,0.9973773,0.04717833,0.9339008,0.49717385,0.4718877,0.18789402,0.21741346,0.26252064,0.054672178,False
B29_6127,BASE,B29,18.900196,8,0.9916882,0.96076363,0.47301677,0.82574517,0.135921,0.9627113,0.9130167,0.91826624,0.005114093,0.020081233,0.03601789,0.021081928,0.090375304,0.9372052,0.021649465,0.9824385,0.4020429,0.5066443,0.07736272,0.041856337,0.02167748,0.541692,False
B29_6127,CONTROL,B29,22.537426,1,0.9940148,0.87774634,0.22885084,0.94799685,0.076807864,0.8779186,0.8337097,0.8408977,0.10678334,0.08575279,0.30048573,0.07733305,0.04386764,0.98177254,0.4055308,0.83795017,0.34166273,0.6049834,0.14940335,0.07041426,0.44516885,0.08302275,False
B29_7,CONTROL,B29,23.950974,1,0.9986412,0.79601854,0.7880475,0.94904727,0.047535595,0.6178626,0.9412677,0.8197578,0.044983648,0.19802994,0.1148844,0.10699036,0.1992558,0.9605041,0.48010468,0.9690591,0.4462496,0.20459071,0.22195847,0.12748344,0.49892926,0.12158814,True
B29_7,BASE,B29,22.0173,4,0.9904619,0.9701882,0.44918215,0.5520737,0.057483457,0.87058824,0.60278976,0.82815796,0.038723167,0.018062912,0.03530664,0.03701031,0.2260006,0.44598475,0.31798235,0.92165166,0.3340792,0.48371887,0.21419597,0.10283087,0.003052694,0.13859381,True
B29_7,AESTHETIC,B29,21.537336,10,0.99343276,0.6876001,0.22172041,0.9440206,0.052600417,0.8373931,0.87970036,0.87619704,0.013177629,0.016168969,0.062548384,0.10335715,0.11729458,0.98046345,0.21990483,0.85111266,0.81904966,0.34731483,0.23719475,0.10594846,0.38599896,0.119116634,True
B29_85,CONTROL,B29,22.779158,1,0.94616574,0.17918004,0.07769222,0.94767773,0.20044884,0.15370233,0.9981458,0.25692192,0.18915412,0.3892563,0.009668373,0.24341092,0.026118431,0.9519776,0.99135524,0.9877423,0.16399138,0.12960356,0.22104067,0.58776104,0.510369,0.31620613,False
B29_85,BASE,B29,21.761318,2,0.9889826,0.9200447,0.16711485,0.68540436,0.08691411,0.91252035,0.92249495,0.9126726,0.016122097,0.33007336,0.058926567,0.033697654,0.090185285,0.27897695,0.5091614,0.89766407,0.47568002,0.46134,0.1417966,0.042502496,0.004919821,0.11120642,False
B29_85,AESTHETIC,B29,18.418789,23,0.9569373,0.77344036,0.1040635,0.83844846,0.64434445,0.98873246,0.9397205,0.3366794,0.14286415,0.35061288,0.11287846,0.41511834,0.058563877,0.9566213,0.0192143,0.68189853,0.90667796,0.7118458,0.22622722,0.14278008,0.12715073,0.20455284,False
C01_25478,AESTHETIC,C01,25.704607,1,0.995675,0.96949244,0.22627766,0.93927664,0.26604322,0.99854016,0.73411095,0.4047482,0.09095494,0.058941595,0.86710894,0.5185433,0.1344089,0.9857115,0.0008860796,0.6806838,0.9454756,0.23348543,0.06903167,0.03603528,0.75673854,0.054801807,True
C01_25478,CONTROL,C01,28.42129,1,0.9948242,0.96749777,0.13888143,0.8937322,0.04834388,0.99862444,0.85726076,0.7311279,0.03420115,0.028082129,0.93703675,0.101058,0.17393649,0.9780166,0.0007523316,0.8606827,0.90828925,0.28666392,0.078986086,0.015300031,0.15068182,0.027233785,True
C01_25478,BASE,C01,24.741312,2,0.9974752,0.9826204,0.09658706,0.7112997,0.18016638,0.9997085,0.95017517,0.7858942,0.014933472,0.0071207276,0.92713016,0.32253644,0.11805167,0.41791,0.0020915035,0.90553236,0.8972379,0.5756383,0.04768999,0.008738819,0.007536409,0.11721208,True
C01_6127,BASE,C01,21.628847,4,0.9508873,0.8660967,0.030923588,0.58406734,0.6754406,0.9949007,0.9723221,0.5268506,0.06428123,0.062386908,0.8274987,0.18192908,0.15355885,0.97032756,0.00050689053,0.41128775,0.9389505,0.7359368,0.1358995,0.07948648,0.06944911,0.16390784,True
C01_6127,CONTROL,C01,25.094711,1,0.99256706,0.84454626,0.0656391,0.8586482,0.51364225,0.9958669,0.97668546,0.6342965,0.06142096,0.028544098,0.89289737,0.16103993,0.12353343,0.9648778,0.0010153706,0.8484592,0.9323055,0.3336389,0.09445462,0.05470151,0.41266513,0.16033278,True
C01_6127,AESTHETIC,C01,24.554249,2,0.99003905,0.93622303,0.046998087,0.7850924,0.53688633,0.99891937,0.94839096,0.70430434,0.067546934,0.107978046,0.692893,0.314587,0.23566726,0.8869779,0.0013061676,0.94899637,0.9201844,0.38969082,0.059373125,0.054487888,0.28481236,0.11941195,True
C01_7,BASE,C01,23.999735,2,0.9882407,0.967905,0.08228794,0.61282253,0.34274942,0.99892247,0.774851,0.70838636,0.090903215,0.061463308,0.7787624,0.35938257,0.18586549,0.9327966,0.00070912135,0.61901885,0.91854495,0.58360946,0.13914032,0.021790277,0.09096337,0.10122307,False
C01_7,AESTHETIC,C01,27.616661,1,0.9939103,0.87749344,0.11845858,0.7750609,0.24675342,0.9986468,0.89367753,0.6865548,0.030998554,0.010147525,0.68729043,0.80331814,0.17795229,0.96452147,0.0013986857,0.91133845,0.9526569,0.3941882,0.097088344,0.016142137,0.6621571,0.029120618,False
C01_7,CONTROL,C01,26.15429,1,0.99088293,0.9648953,0.083422795,0.7818373,0.20916507,0.9982766,0.83476865,0.63310194,0.059572317,0.03653114,0.90539485,0.37112638,0.46651188,0.97336394,0.00082864234,0.76506853,0.958764,0.30531126,0.08635598,0.021754853,0.45394918,0.1083101,False
C01_85,CONTROL,C01,27.483612,1,0.99800557,0.94793826,0.14125249,0.9219005,0.2146017,0.99930334,0.75858146,0.47683325,0.11118087,0.09218886,0.9392335,0.6370674,0.13247499,0.1647061,0.0008906747,0.8780375,0.8458574,0.24448736,0.07747457,0.041125655,0.28471193,0.039113797,True
C01_85,BASE,C01,25.274702,1,0.99731296,0.99157083,0.11345848,0.92173904,0.15806872,0.9984732,0.9365889,0.9432467,0.020028757,0.031375736,0.69569737,0.15137123,0.13064374,0.19476387,0.0018398926,0.6796378,0.8482265,0.39475772,0.059688363,0.013645253,0.074460745,0.08861051,True
C01_85,AESTHETIC,C01,28.056305,1,0.9979188,0.96566343,0.06517901,0.9540672,0.061598778,0.9981652,0.85032576,0.6989547,0.012754852,0.004534461,0.897948,0.28095108,0.14566968,0.9474071,0.0012212197,0.93743783,0.95217925,0.22394507,0.058099438,0.023473311,0.31699663,0.028002692,True
C02_25478,BASE,C02,27.090591,1,0.9979938,0.98032355,0.767582,0.97484905,0.04359736,0.998293,0.6749207,0.7597563,0.05161502,0.020147776,0.31303492,0.028863315,0.11226112,0.8861624,0.0036411572,0.8309695,0.53926706,0.63130003,0.15358488,0.034124937,0.07292922,0.03627269,True
C02_25478,AESTHETIC,C02,26.593464,1,0.99412113,0.95668495,0.38659427,0.9497058,0.16346736,0.99765176,0.64766943,0.7262421,0.12422006,0.035679337,0.54088694,0.13331866,0.12528804,0.9959079,0.0007683256,0.8947589,0.75288975,0.41824898,0.11028854,0.062816605,0.20982713,0.025782732,True
C02_25478,CONTROL,C02,26.088467,2,0.9975695,0.9528165,0.27430278,0.95893544,0.043484643,0.99367297,0.4795765,0.7120081,0.20425321,0.08067759,0.4944782,0.017719569,0.22523683,0.98088443,0.0033608754,0.8041483,0.67911595,0.5135346,0.12511006,0.02576008,0.012454937,0.03366866,True
C02_6127,CONTROL,C02,25.42928,1,0.98639023,0.716176,0.10606542,0.97796553,0.15315418,0.972961,0.8712923,0.9012571,0.024346177,0.016987205,0.6105977,0.09732821,0.25532264,0.9852326,0.024869014,0.9769184,0.7075594,0.46470326,0.10091098,0.026959745,0.099164724,0.049431495,True
C02_6127,BASE,C02,23.895247,1,0.971046,0.8775688,0.04687215,0.92310643,0.60129684,0.99072015,0.8696177,0.71160823,0.031827338,0.043192923,0.37006822,0.18970719,0.07583177,0.98761266,0.006697361,0.83384615,0.7764644,0.79546076,0.15074237,0.1226695,0.08400942,0.1525809,True
C02_6127,AESTHETIC,C02,25.03046,2,0.9916146,0.8748607,0.53565925,0.9658688,0.40804824,0.9932284,0.50872,0.9009333,0.04326763,0.060101733,0.16633329,0.11739731,0.15839443,0.9951879,0.0041739377,0.8575073,0.4546419,0.5308113,0.12755263,0.13443486,0.051108442,0.031198177,True
C02_7,AESTHETIC,C02,25.446856,1,0.9981231,0.9382296,0.65336925,0.9784495,0.17735235,0.993881,0.5643977,0.9569885,0.0063496353,0.007865469,0.72998756,0.19584149,0.06963708,0.96851337,0.00041086384,0.6973481,0.91355604,0.31266218,0.14234479,0.042144284,0.43281096,0.08875811,False
C02_7,BASE,C02,24.728485,1,0.99667585,0.96438617,0.048106894,0.800946,0.028296148,0.9944207,0.8456362,0.7893009,0.029964989,0.007375049,0.16116817,0.078740835,0.23115358,0.95333976,0.009089206,0.8516528,0.8522821,0.7606805,0.10048297,0.030458935,0.020041058,0.15107405,False
C02_7,CONTROL,C02,24.905214,1,0.99077296,0.94928324,0.13500273,0.88500077,0.025327157,0.9851715,0.8485844,0.8819833,0.013138175,0.006711059,0.5952867,0.009949412,0.69969463,0.9779587,0.02994839,0.901581,0.83296907,0.54939604,0.08335865,0.008094531,0.062021296,0.06942496,False
C02_85,CONTROL,C02,24.322056,1,0.9857394,0.92253834,0.30720615,0.9701582,0.009061273,0.9844989,0.5253284,0.95596594,0.0043359133,0.0056659067,0.5879842,0.006873982,0.40649563,0.947621,0.019707518,0.9859287,0.4795251,0.50004244,0.0672215,0.028088478,0.007713569,0.09104328,True
C02_85,AESTHETIC,C02,26.369572,1,0.9962024,0.8660383,0.56504184,0.9346003,0.018222155,0.9974927,0.5835098,0.95413816,0.031674296,0.005000704,0.6608449,0.027730135,0.62468576,0.984939,0.0017586079,0.9467093,0.89245456,0.33818728,0.105569474,0.03186827,0.5185962,0.08927332,True
C02_85,BASE,C02,26.601177,1,0.9977551,0.99359596,0.09823753,0.9699526,0.042717047,0.9962627,0.87729007,0.72324264,0.04291482,0.016641583,0.27211446,0.040899105,0.13052899,0.81776357,0.0030100842,0.81316596,0.8987188,0.7281356,0.051522017,0.042682588,0.014149414,0.09645916,True
C04_25478,CONTROL,C04,28.036076,1,0.9998988,0.97279674,0.9998423,0.8980079,0.6178275,0.99781513,0.5821816,0.922848,0.013241138,0.044548757,0.18460755,0.038968854,0.05411788,0.98057747,0.0026408487,0.9135258,0.08975506,0.2819413,0.26453272,0.3199919,0.19263856,0.04568459,True
C04_25478,BASE,C04,26.029972,2,0.9998708,0.97834754,0.9990208,0.86220783,0.7996178,0.9976272,0.7798423,0.6594604,0.0143633615,0.05254436,0.35856798,0.46060926,0.009169341,0.9695553,0.0012768485,0.95442814,0.53862584,0.46379954,0.20969908,0.30040315,0.1645689,0.09080979,True
C04_25478,AESTHETIC,C04,27.074633,1,0.99993443,0.934207,0.9994973,0.9311045,0.7913809,0.99687344,0.7445704,0.8918957,0.015791317,0.01000415,0.29965708,0.014872542,0.01515821,0.99390584,0.0028195868,0.98489976,0.2065697,0.113682956,0.36605796,0.61759824,0.5482146,0.058007136,True
C04_6127,AESTHETIC,C04,26.728498,1,0.99993265,0.98885185,0.9986234,0.9841463,0.7792067,0.9936382,0.68931425,0.9307712,0.09753754,0.05774407,0.45291942,0.056940567,0.003226285,0.9798972,0.012890272,0.8480052,0.22576582,0.19942215,0.19195527,0.5423899,0.39595845,0.030602215,True
C04_6127,CONTROL,C04,25.80859,1,0.9998696,0.9703298,0.99937636,0.9321036,0.7848568,0.9890224,0.534944,0.95263636,0.016322434,0.03012691,0.41770476,0.026055966,0.016195219,0.9771968,0.006834596,0.873121,0.122317486,0.16475071,0.3138661,0.20003036,0.38078728,0.1037692,True
C04_6127,BASE,C04,24.87168,1,0.99988234,0.82522804,0.9914682,0.94376874,0.80488235,0.9750211,0.9381682,0.8721984,0.018930085,0.013731106,0.21038154,0.021029757,0.01573031,0.96979195,0.08911983,0.98022586,0.18438686,0.12012538,0.22512668,0.16853945,0.24688676,0.17122436,True
C04_7,BASE,C04,26.10692,1,0.99956256,0.9583427,0.99897015,0.8483156,0.879261,0.9891235,0.86804456,0.86936253,0.04248166,0.07843698,0.20551506,0.20876718,0.008693104,0.98376274,0.008820892,0.8871597,0.85794485,0.2987654,0.3935557,0.40496007,0.25145057,0.08724952,True
C04_7,AESTHETIC,C04,28.331257,1,0.99831676,0.97448367,0.99160576,0.94465053,0.7506003,0.9930247,0.8721019,0.86270565,0.053677436,0.11313236,0.15533292,0.06027749,0.011800853,0.99009025,0.0038994728,0.77345276,0.63307095,0.282367,0.19989002,0.4073891,0.3152738,0.02634701,True
C04_7,CONTROL,C04,27.191942,1,0.9998259,0.945259,0.99792516,0.94139814,0.7012306,0.98766345,0.9271487,0.8022207,0.03683471,0.026394244,0.53240895,0.051222805,0.015979195,0.9653076,0.029134048,0.8179968,0.43594372,0.20067453,0.262857,0.33765852,0.28875002,0.0556118,True
C04_85,BASE,C04,24.686756,1,0.99960905,0.90301543,0.99717134,0.65662295,0.94612414,0.99783343,0.87557507,0.9483463,0.0131150605,0.0019105759,0.21437307,0.050217703,0.0052459408,0.94596857,0.00034068275,0.85687757,0.50021434,0.23625183,0.3085637,0.49057737,0.044968653,0.3535609,True
C04_85,CONTROL,C04,25.187624,1,0.9998301,0.872002,0.998985,0.84838855,0.6133397,0.9852954,0.90604144,0.903377,0.009629923,0.027974721,0.05368727,0.010881866,0.015345643,0.9541309,0.027064592,0.9020293,0.45141014,0.098697744,0.3460422,0.22460936,0.199245,0.14435522,True
C04_85,AESTHETIC,C04,28.025501,1,0.99984944,0.8957605,0.9990596,0.93865556,0.6581914,0.98895824,0.90551865,0.94980097,0.020478796,0.020057173,0.011005788,0.008928439,0.0029808031,0.99306667,0.018481197,0.9754058,0.36578095,0.21033734,0.23247857,0.4115182,0.6923268,0.0195193,True
C05_25478,CONTROL,C05,26.610842,1,0.9989066,0.9672551,0.99928826,0.87007916,0.75118643,0.9973942,0.52373725,0.8012821,0.011452715,0.06780074,0.5254459,0.14127956,0.30567268,0.9824051,0.000746984,0.8372913,0.208915,0.35647202,0.26909894,0.26438728,0.13385998,0.03816718,True
C05_25478,BASE,C05,25.02988,1,0.9997416,0.9881726,0.9984767,0.8368155,0.9179724,0.9990288,0.30090627,0.9311349,0.023383483,0.03591208,0.78145117,0.5296174,0.04039812,0.8686831,6.727092e-05,0.7391975,0.64194375,0.41556618,0.33245343,0.21900259,0.16238081,0.055577047,True
C05_25478,AESTHETIC,C05,27.610046,1,0.9988462,0.98704094,0.9992778,0.9007686,0.7143148,0.99859995,0.41765463,0.75471306,0.04087195,0.47377375,0.29708883,0.4400063,0.032910272,0.9846198,0.0003085663,0.9135306,0.37492657,0.32066008,0.30502653,0.45653993,0.117581435,0.014232251,True
C05_6127,CONTROL,C05,25.05331,1,0.99935156,0.9812758,0.9954704,0.962058,0.7203471,0.99853337,0.656365,0.72361165,0.012072965,0.049618877,0.91244036,0.113133125,0.111269124,0.9523274,0.000492005,0.60775733,0.4267746,0.24292156,0.24587744,0.11435829,0.38444623,0.09998635,True
C05_6127,BASE,C05,26.095661,1,0.99933076,0.9886296,0.9970066,0.89828277,0.7725639,0.998765,0.4088561,0.80166,0.016419997,0.0644571,0.91049737,0.17932022,0.13005066,0.97631365,0.0003091325,0.61052513,0.46253943,0.3285875,0.27230716,0.14738517,0.40417668,0.059929676,True
C05_6127,AESTHETIC,C05,25.290272,1,0.99971503,0.98917574,0.9994271,0.9131375,0.8770649,0.99874085,0.52672935,0.80428976,0.04414363,0.14168592,0.6620829,0.20881476,0.05550761,0.9677721,0.00046776436,0.7861393,0.45485663,0.37957603,0.36910406,0.28021923,0.38718966,0.11316432,True
C05_7,CONTROL,C05,26.819662,2,0.9985605,0.94403857,0.9992061,0.92184025,0.5072388,0.99790585,0.9186201,0.8987085,0.038222846,0.035035253,0.95419174,0.041621983,0.1514803,0.8696174,0.0009022605,0.3175143,0.8083718,0.35381886,0.2411004,0.1857948,0.68407524,0.1336615,True
C05_7,BASE,C05,26.422659,1,0.99874496,0.98668855,0.9999373,0.65301543,0.8453167,0.9996598,0.8424507,0.8542964,0.01653503,0.014357099,0.94867337,0.12508126,0.28759113,0.9732416,4.7390255e-05,0.80025667,0.6749487,0.34030703,0.25786725,0.41300818,0.25527093,0.269484,True
C05_7,AESTHETIC,C05,26.229685,1,0.9982522,0.97816086,0.99684,0.9490829,0.7145059,0.9988242,0.6913809,0.7988119,0.044945806,0.031524383,0.89150363,0.3831007,0.079448394,0.9960402,0.00017596727,0.4842229,0.78306806,0.14316057,0.1555449,0.18155096,0.5325581,0.05371373,True
C05_85,CONTROL,C05,24.489584,1,0.99919707,0.9793209,0.99577314,0.93871343,0.9037892,0.9969982,0.48874903,0.78890795,0.02028401,0.09270013,0.7639971,0.43385732,0.32330456,0.9513551,0.00025758366,0.5616248,0.5545011,0.34362,0.39709243,0.27052465,0.41599476,0.07472651,True
C05_85,BASE,C05,23.395887,1,0.9997346,0.9869959,0.99948895,0.94607246,0.9229262,0.99892277,0.9654387,0.8743289,0.00937049,0.005704701,0.8099083,0.1608685,0.14624554,0.8921964,0.00094039267,0.9348902,0.7932352,0.12833491,0.28632745,0.35233453,0.06413781,0.9754799,True
C05_85,AESTHETIC,C05,25.515497,1,0.9989135,0.9976775,0.96302915,0.92385304,0.68709433,0.9990005,0.4518967,0.7468461,0.059428543,0.16111931,0.8174626,0.5836975,0.105862044,0.97014576,0.0012944032,0.621023,0.7166999,0.30904773,0.17320979,0.07281408,0.17334765,0.07312994,True
C06_25478,AESTHETIC,C06,26.081026,1,0.87849903,0.68213266,0.0172274,0.68563586,0.09088761,0.42462447,0.51058704,0.33643836,0.11075092,0.1343073,0.6465082,0.084922045,0.717403,0.2195626,0.01741766,0.9881698,0.22670706,0.5160615,0.17390771,0.07011534,0.0073555335,0.06797103,True
C06_25478,CONTROL,C06,25.25945,2,0.8402935,0.54259914,0.02928977,0.6199617,0.18582308,0.3175821,0.32024968,0.4418988,0.40270498,0.121504635,0.580202,0.064736694,0.48137382,0.38055298,0.0848225,0.9959143,0.15797228,0.38519758,0.26933986,0.0701885,0.019173097,0.10232502,True
C06_25478,BASE,C06,26.14913,1,0.93019783,0.83824503,0.030405864,0.34792647,0.12718417,0.463642,0.24393922,0.35963246,0.65094286,0.17837903,0.5975946,0.21768065,0.59036136,0.14592862,0.06900067,0.98940456,0.20050876,0.5015569,0.29069054,0.105206415,0.009527821,0.071178764,True
C06_6127,BASE,C06,26.40614,1,0.78404886,0.6366523,0.0018937087,0.81490874,0.11821538,0.2089591,0.94376296,0.5683985,0.052728027,0.095986255,0.48998776,0.027465763,0.6526778,0.025244772,0.21329811,0.9996356,0.34552008,0.31951854,0.11700499,0.010666793,0.0020280948,0.16718042,False
C06_6127,CONTROL,C06,23.483324,2,0.83787847,0.6308435,0.033155363,0.7032841,0.076183066,0.44308075,0.49798676,0.22604202,0.39849102,0.24583569,0.8631282,0.07113388,0.49900532,0.19236578,0.106817365,0.9922219,0.19166565,0.37423664,0.25913405,0.0808804,0.06394551,0.14444536,False
C06_6127,AESTHETIC,C06,25.206661,1,0.5722238,0.65831494,0.0014688231,0.76087314,0.12497171,0.3821725,0.8757235,0.61001253,0.001599983,0.013128361,0.429664,0.019641299,0.602539,0.017908854,0.098489836,0.99899787,0.28785148,0.37002218,0.08896179,0.0040403493,0.0014819793,0.20326945,False
C06_7,CONTROL,C06,25.484848,1,0.86467665,0.6723653,0.05049206,0.56059754,0.19833696,0.4172144,0.24512418,0.26354498,0.52256244,0.22595291,0.79365,0.2625507,0.7610234,0.7303699,0.21741134,0.99536234,0.22096498,0.41521746,0.27958718,0.12751444,0.026580593,0.30812517,False
C06_7,BASE,C06,25.449282,1,0.81032914,0.8897423,0.16143148,0.8347161,0.33227357,0.5370869,0.36578628,0.6236097,0.41070503,0.15720129,0.7077181,0.1546516,0.8540119,0.12479412,0.036026105,0.99381495,0.27853802,0.36725566,0.24643947,0.09008846,0.012253262,0.04411893,False
C06_7,AESTHETIC,C06,27.243608,1,0.88649756,0.8363631,0.03425342,0.9376805,0.16498287,0.4688595,0.68751407,0.44337022,0.27573153,0.14169103,0.6432663,0.14810735,0.84648305,0.08912571,0.02016047,0.9846554,0.28584558,0.46039838,0.2683126,0.099857695,0.023582645,0.049666658,False
C06_85,AESTHETIC,C06,25.363111,1,0.93981624,0.9357462,0.15090092,0.7745448,0.35751364,0.6556457,0.36530098,0.5175766,0.3726367,0.3769541,0.55994815,0.11426753,0.8173169,0.13519661,0.054062255,0.9885493,0.19126688,0.4921452,0.24550836,0.048657764,0.0026114339,0.09812202,True
C06_85,CONTROL,C06,25.106865,1,0.8270831,0.8479444,0.031016547,0.8217881,0.1321847,0.58350426,0.65393454,0.3439277,0.14048427,0.15202758,0.8642824,0.15966949,0.5735562,0.1491034,0.042605188,0.98962665,0.30559817,0.3529524,0.3271584,0.029142762,0.015213091,0.12699142,True
C06_85,BASE,C06,26.162506,1,0.7964864,0.8961332,0.04580711,0.8427671,0.1746334,0.45920965,0.56371623,0.3947267,0.158699,0.2519129,0.84741735,0.150764,0.7775507,0.036380995,0.012732906,0.990063,0.2728253,0.3811359,0.32091022,0.051609226,0.0071930657,0.08619359,True
C07_25478,AESTHETIC,C07,26.868729,1,0.9632187,0.8234704,0.0026502474,0.95446277,0.5421797,0.98394924,0.7872439,0.56499267,0.003513386,0.019345466,0.04056909,0.20234591,0.17856136,0.51547176,0.06000193,0.99855226,0.32561395,0.5897159,0.09409103,0.019361429,0.004615102,0.029939385,True
C07_25478,CONTROL,C07,26.513716,1,0.930316,0.6793096,0.013478606,0.95526946,0.15744048,0.91682744,0.8025132,0.6760721,0.022404566,0.051219374,0.08682711,0.15519284,0.33593395,0.66863227,0.09220394,0.9948608,0.3286422,0.5819306,0.13945085,0.0676188,0.012505677,0.017868828,True
C07_25478,BASE,C07,26.084822,1,0.94458276,0.9549896,0.0050319103,0.9144727,0.42826796,0.95412046,0.66703415,0.43200958,0.0044111665,0.14923957,0.020779734,0.1071346,0.42292538,0.22658351,0.013380467,0.997866,0.28584906,0.72459704,0.13154866,0.025826845,0.00050148653,0.2670078,True
C07_6127,CONTROL,C07,25.427553,1,0.9049033,0.8388108,0.002630873,0.96675473,0.13998273,0.7123541,0.9146377,0.590502,0.011172625,0.045466095,0.224146,0.015131978,0.14911248,0.7939397,0.1097272,0.9989371,0.72396326,0.4847574,0.1741509,0.013856688,0.011923064,0.03490488,True
C07_6127,AESTHETIC,C07,23.736868,1,0.830018,0.68573695,0.0026887741,0.9102803,0.37612572,0.75016797,0.84387296,0.3674161,0.01003064,0.03576876,0.10116122,0.038947683,0.21630706,0.94384986,0.13899872,0.9954627,0.63754797,0.60134345,0.1023692,0.027790934,0.0034887383,0.14803998,True
C07_6127,BASE,C07,23.25491,1,0.8932847,0.78640443,0.0010255969,0.942222,0.3719383,0.9471223,0.91952765,0.6930438,0.0024188268,0.004936357,0.12271507,0.058238886,0.017250812,0.7782595,0.0748723,0.9990351,0.76604897,0.5866454,0.093981996,0.022655033,0.0011445987,0.13644402,True
C07_7,BASE,C07,24.667536,1,0.97968495,0.89641094,0.020367147,0.7640526,0.10760568,0.9113846,0.90005344,0.80838436,0.009856225,0.082715146,0.037671506,0.03181758,0.28480053,0.65612614,0.07172093,0.9766842,0.40582582,0.7131968,0.17773002,0.05561541,0.003658553,0.041362558,False
C07_7,AESTHETIC,C07,25.874746,1,0.8434179,0.75563806,0.004717644,0.8503048,0.46884903,0.85890913,0.8333919,0.48477834,0.008494483,0.17310384,0.11527014,0.075554945,0.7274826,0.67811304,0.032684773,0.9347413,0.2186368,0.66775477,0.17178047,0.020163147,0.0013048173,0.12848198,False
C07_7,CONTROL,C07,24.524937,1,0.8675045,0.7450374,0.030501487,0.9229383,0.09534996,0.6254153,0.95894134,0.64585143,0.014014257,0.09158041,0.53676724,0.03891874,0.73147726,0.40080845,0.17669559,0.98355985,0.2029481,0.4954077,0.1300099,0.009968914,0.0051419474,0.07101941,False
C07_85,BASE,C07,26.39007,1,0.9408883,0.8836357,0.016125122,0.80983293,0.5647878,0.97056735,0.8307001,0.8003853,0.012151451,0.017111497,0.100767694,0.11740185,0.051687337,0.09977457,0.01526487,0.9917385,0.45179182,0.7559954,0.10542405,0.06983729,6.9695685e-05,0.069966376,True
C07_85,AESTHETIC,C07,23.395733,1,0.52328664,0.34703776,0.027099898,0.5982778,0.3689717,0.63075465,0.9612196,0.32722095,0.005595446,0.08603957,0.014587348,0.03973043,0.2362439,0.16327195,0.35705614,0.9820549,0.4700486,0.70466846,0.14248969,0.10856735,0.007270903,0.4625755,True
C07_85,CONTROL,C07,19.570324,1,0.15840407,0.4632012,0.027046144,0.59187025,0.047308482,0.6358328,0.9740844,0.4485277,0.001426226,0.036485985,0.022449475,0.017300308,0.6343126,0.06630071,0.15664789,0.9901031,0.6090908,0.47114244,0.09703218,0.035410274,0.0037230384,0.6398526,True
C08_25478,BASE,C08,23.443634,1,0.8344641,0.92064744,0.026536608,0.6592106,0.5908889,0.99022317,0.8535102,0.25415233,0.08180713,0.056150664,0.5422969,0.5829395,0.46280167,0.9866108,0.0033991942,0.79731005,0.9578371,0.26427528,0.12632851,0.023900766,0.8426994,0.47723913,True
C08_25478,AESTHETIC,C08,24.789772,1,0.95067686,0.95983756,0.1326014,0.9402211,0.65251786,0.9966012,0.7698861,0.56156516,0.06913176,0.034467384,0.8482109,0.41415823,0.2801178,0.99003005,0.0007046497,0.6466045,0.92156386,0.10960671,0.10025856,0.013605956,0.9875919,0.22091806,True
C08_25478,CONTROL,C08,26.578266,1,0.9723308,0.9611814,0.9122896,0.72869587,0.34486565,0.9903156,0.6031336,0.39454445,0.6718761,0.3725208,0.7854739,0.3221739,0.66502404,0.9833099,0.0003545514,0.6488302,0.9021432,0.07430571,0.35008934,0.035360146,0.9998723,0.23541139,True
C08_6127,CONTROL,C08,24.302465,1,0.9987255,0.9869174,0.80576473,0.88908315,0.036467485,0.98868316,0.53002125,0.58902764,0.06687419,0.00633305,0.5507317,0.055622272,0.24555749,0.91526043,0.00042367264,0.7956959,0.66096014,0.035332307,0.30360577,0.0026753484,0.99999416,0.26402315,True
C08_6127,AESTHETIC,C08,26.781637,1,0.8899749,0.64463156,0.00819693,0.8460265,0.7294938,0.991046,0.9558015,0.2631557,0.1225669,0.11589914,0.6386975,0.5972808,0.18204264,0.97809017,0.001570576,0.6964392,0.8953314,0.2159198,0.1525269,0.05994,0.9999418,0.43958995,True
C08_6127,BASE,C08,25.550783,1,0.9707217,0.83475924,0.01011898,0.85104144,0.5197294,0.99684286,0.8312707,0.54818225,0.025159234,0.043630697,0.6084657,0.21515067,0.48372316,0.91980827,0.00028798936,0.17359391,0.86770236,0.22285636,0.14098848,0.008506475,0.9999031,0.15208092,True
C08_7,BASE,C08,27.989594,1,0.99482405,0.98869437,0.057550047,0.8185559,0.5568369,0.9975331,0.5939088,0.50482213,0.14710711,0.08311806,0.8977011,0.4777721,0.43604878,0.9098784,0.00042984885,0.4703916,0.960899,0.27039707,0.2227107,0.00866533,0.9999697,0.38589478,True
C08_7,AESTHETIC,C08,26.588558,1,0.997009,0.95864385,0.053823434,0.9151362,0.6912096,0.9989177,0.8558005,0.5357252,0.09738101,0.035482466,0.89686835,0.5990262,0.49563512,0.94664997,0.00041610317,0.41385883,0.9914936,0.13943529,0.13274978,0.009360394,0.99958044,0.2794339,True
C08_7,CONTROL,C08,26.552715,1,0.98159915,0.9336579,0.47894818,0.95012987,0.48749992,0.98356944,0.96769845,0.43300062,0.40996107,0.3295573,0.28316036,0.17856891,0.32788432,0.9939634,0.00093378965,0.6821351,0.87440646,0.32044196,0.25109676,0.051779877,0.99906737,0.47678187,True
C08_85,AESTHETIC,C08,25.198395,1,0.997638,0.99360526,0.9189019,0.95337796,0.4214151,0.9966703,0.28093973,0.5083224,0.52852815,0.66605103,0.7053111,0.40154296,0.6727994,0.9582223,0.0012979636,0.8400064,0.9208821,0.17554332,0.2339329,0.03117916,0.97253644,0.7771777,True
C08_85,BASE,C08,24.67141,1,0.9926307,0.9785606,0.06454054,0.91678005,0.7660907,0.99269485,0.65195477,0.5093812,0.33923313,0.017080009,0.84483856,0.2248704,0.521874,0.75812995,0.0002665394,0.810487,0.9668363,0.13457042,0.19661959,0.02008741,0.9969578,0.99669635,True
C08_85,CONTROL,C08,24.054205,1,0.9952342,0.76258606,0.075523175,0.91826975,0.16851005,0.93584126,0.52088046,0.33757812,0.3899151,0.17806476,0.5493115,0.061301988,0.45177713,0.8978497,0.0016260466,0.90822953,0.6499797,0.048463933,0.19013725,0.024601504,0.99998045,0.6736355,True
C09_25478,AESTHETIC,C09,17.062157,9,0.9723421,0.75346345,0.90262437,0.7467267,0.3878316,0.98805165,0.7092454,0.60845,0.05767701,0.07694418,0.8343746,0.2564914,0.7803058,0.9429564,0.0048089083,0.8675994,0.7810939,0.16583519,0.1903954,0.017617142,0.62273943,0.08381968,True
C09_25478,BASE,C09,18.319311,2,0.660181,0.61692905,0.02623305,0.78554803,0.5523959,0.85457134,0.8502178,0.4877325,0.0591112,0.05245916,0.8108552,0.42993182,0.94200337,0.641655,0.15581967,0.9700529,0.44928077,0.41810188,0.21499738,0.024409367,0.6646413,0.05396781,True
C09_25478,CONTROL,C09,16.5137,6,0.9468,0.7110039,0.77223456,0.50567985,0.16982819,0.99339986,0.85016805,0.5781691,0.037630074,0.05001881,0.6220325,0.112350576,0.8762902,0.46878135,0.006738737,0.8900206,0.3498433,0.33905482,0.18409073,0.00784621,0.24176307,0.025605207,True
C09_6127,BASE,C09,20.260355,1,0.45751968,0.40438065,0.017564338,0.6505492,0.526756,0.9542747,0.8517105,0.43183547,0.06452972,0.08661683,0.28890145,0.022266557,0.5900133,0.9637224,0.012369156,0.75178236,0.8047694,0.23542307,0.26831284,0.13305354,0.09306928,0.025747254,True
C09_6127,AESTHETIC,C09,20.902151,3,0.9317571,0.51475954,0.21781059,0.8072026,0.29580212,0.9812273,0.85270923,0.77970475,0.03037877,0.021604726,0.55779827,0.046381537,0.40601808,0.9822697,0.009392542,0.74962384,0.72106206,0.27009127,0.22138192,0.028453587,0.22205333,0.030193973,True
C09_6127,CONTROL,C09,18.296974,2,0.45873892,0.3152594,0.027590118,0.5015311,0.3143111,0.94841605,0.47156733,0.15265466,0.08147935,0.09555928,0.41316637,0.23243111,0.77296305,0.92823756,0.009670418,0.92637885,0.5117037,0.23085473,0.19059923,0.04715244,0.057814367,0.0566353,True
C09_7,BASE,C09,19.296894,12,0.83909196,0.9191464,0.029933902,0.58529055,0.6151398,0.9673756,0.9101331,0.8112144,0.5403611,0.3035088,0.45580035,0.26477996,0.5167331,0.45548812,0.6336047,0.81281275,0.6054601,0.41928056,0.2180089,0.07614026,0.0309199,0.015550364,True
C09_7,CONTROL,C09,17.725489,3,0.5699097,0.41735402,0.21623805,0.44898114,0.16257262,0.9872957,0.94378823,0.3242446,0.055849485,0.2210451,0.16533013,0.07429824,0.88245577,0.85934407,0.008490669,0.85490453,0.50706196,0.47405905,0.1821148,0.067580566,0.09655428,0.09731137,True
C09_7,AESTHETIC,C09,18.873861,2,0.19152194,0.473758,0.35800886,0.48900828,0.312957,0.9862613,0.8503728,0.50007534,0.18787277,0.27511832,0.38408905,0.1301721,0.7422588,0.9192819,0.0026751014,0.7795009,0.32170674,0.25756443,0.24494141,0.098128766,0.06854535,0.020795945,True
C09_85,BASE,C09,21.621502,1,0.8661847,0.67797935,0.20210004,0.5402309,0.42226875,0.9837262,0.85826814,0.8378401,0.05109485,0.03414638,0.27770746,0.08839033,0.7970519,0.12170338,0.00870507,0.8256891,0.62248933,0.2998767,0.29933235,0.056667008,0.0025211244,0.04122731,False
C09_85,AESTHETIC,C09,19.9555,1,0.4270266,0.58093816,0.094764546,0.6434173,0.33729306,0.6563585,0.79780984,0.49179584,0.18100491,0.116964996,0.41176048,0.051633462,0.7068687,0.613384,0.041477896,0.9393881,0.6464358,0.25529397,0.1637683,0.13238655,0.09123144,0.09753628,False
C09_85,CONTROL,C09,18.916414,2,0.06680175,0.14420182,0.023927277,0.19753213,0.16912535,0.8717231,0.64758277,0.23851728,0.10251194,0.07014233,0.09821185,0.077495016,0.8278784,0.45958772,0.013679322,0.94044334,0.39916188,0.35150367,0.21381609,0.076366775,0.10688762,0.07458684,False
C10_25478,CONTROL,C10,23.535479,1,0.96192,0.5554988,0.0046298103,0.4216774,0.44138515,0.8889621,0.9641961,0.16449025,0.024488548,0.014379477,0.98900104,0.33919632,0.014487803,0.6576838,0.020871175,0.9485208,0.58113086,0.32885012,0.16710633,0.13688286,0.5634838,0.0651617,False
C10_25478,BASE,C10,24.612978,1,0.8499831,0.7670579,0.018519884,0.5196751,0.8822762,0.9948354,0.9831215,0.43586025,0.060030553,0.022753451,0.8878409,0.6076741,0.020457476,0.24857782,0.00045520198,0.5407524,0.9038894,0.43499887,0.19584239,0.33906847,0.047305383,0.15891674,False
C10_25478,AESTHETIC,C10,25.354776,1,0.78998023,0.53950405,0.0013013781,0.51552606,0.509671,0.9521335,0.7791364,0.18635666,0.10970465,0.089167766,0.87156653,0.29986268,0.06521796,0.9294963,0.0013388724,0.7395808,0.72433513,0.5160172,0.22663282,0.24859367,0.3812362,0.037630454,False
C10_6127,BASE,C10,24.05009,1,0.71323466,0.5701668,0.013015784,0.33700702,0.86565876,0.9844678,0.75402635,0.30933046,0.06367973,0.020932827,0.8582793,0.5319536,0.08755911,0.9913469,0.00032652233,0.73228085,0.82921505,0.524339,0.28980884,0.33355832,0.27068123,0.12727354,True
C10_6127,AESTHETIC,C10,26.83613,1,0.9865339,0.7141365,0.0042093354,0.6248812,0.85414577,0.97004247,0.67901736,0.33509073,0.042560086,0.009360872,0.84201527,0.6956539,0.019973293,0.9620198,0.00042139532,0.806406,0.8695472,0.365669,0.25404674,0.25057703,0.4230776,0.03265614,True
C10_6127,CONTROL,C10,25.333817,1,0.8292415,0.7364084,0.013379774,0.4285599,0.8087927,0.99031466,0.65640366,0.31623107,0.070950486,0.01936927,0.71616083,0.58824575,0.07327396,0.98017615,0.0001717452,0.7465733,0.87227577,0.42174998,0.28167528,0.20800573,0.2014948,0.069579214,True
C10_7,BASE,C10,25.348717,1,0.95247424,0.8531155,0.010166779,0.613933,0.825239,0.9989159,0.9426205,0.3487075,0.270772,0.02458007,0.8353581,0.30370557,0.05583068,0.8154242,0.00021422147,0.5438869,0.89214736,0.47100985,0.20971552,0.058132537,0.9133021,0.42030352,True
C10_7,CONTROL,C10,27.90139,1,0.90480477,0.7740594,0.008866914,0.66041535,0.8479435,0.99221754,0.8621956,0.44503015,0.16473235,0.039355695,0.88792694,0.61206424,0.108065166,0.8692722,0.0002644498,0.28921756,0.9374728,0.32279152,0.22273943,0.1432338,0.82230294,0.19054304,True
C10_7,AESTHETIC,C10,25.6928,1,0.5336856,0.49387822,0.010941048,0.6835722,0.7573092,0.927503,0.9548349,0.4750036,0.2926391,0.22700912,0.4238194,0.5393467,0.06482614,0.90806717,0.005635861,0.8098867,0.81758755,0.37384593,0.19783115,0.19470434,0.41766205,0.101830624,True
C10_85,BASE,C10,24.399618,1,0.93206567,0.7967944,0.019150103,0.626072,0.77849215,0.99374145,0.9984841,0.43795827,0.09412591,0.01923408,0.83934057,0.6506789,0.0014222615,0.061530784,0.0011054708,0.8628391,0.85080326,0.37949336,0.15025419,0.2605559,0.24707226,0.038729418,False
C10_85,CONTROL,C10,28.771877,1,0.89024043,0.72690254,0.0038939347,0.6981398,0.39745685,0.9528882,0.9567486,0.27143422,0.15594214,0.026435692,0.91850483,0.59778625,0.083271824,0.6280987,0.004952653,0.80275464,0.7229383,0.37653357,0.18622942,0.13580054,0.7038501,0.019542675,False
C10_85,AESTHETIC,C10,27.005383,1,0.91388065,0.5008507,0.00083381333,0.79122746,0.245061,0.6266982,0.9185419,0.17386113,0.22167598,0.024059417,0.7297143,0.88331246,0.035430145,0.6449371,0.019294962,0.97040427,0.6868412,0.36300758,0.16141316,0.23029336,0.40902898,0.02747101,False
C11_25478,BASE,C11,29.233652,1,0.8854683,0.37467852,0.7438838,0.9311749,0.70942587,0.383985,0.3372334,0.7661881,0.06769545,0.015791854,0.27818328,0.040152695,0.54616946,0.8655493,0.22225538,0.90433836,0.1845794,0.081453934,0.32181704,0.14855239,0.060343858,0.031553365,True
C11_25478,CONTROL,C11,28.210703,1,0.86250013,0.39229316,0.184458,0.93662184,0.8408324,0.18314521,0.74244183,0.69600195,0.33230066,0.4602567,0.36517587,0.07051964,0.8422148,0.88683313,0.45196632,0.8879033,0.14728093,0.09175178,0.29136842,0.23996697,0.21570969,0.039042532,True
C11_25478,AESTHETIC,C11,27.529102,1,0.49071705,0.4548902,0.32277232,0.95422,0.659385,0.3407919,0.3916209,0.74464947,0.075779736,0.045008477,0.23068003,0.09417535,0.46201602,0.88964486,0.24275269,0.9214931,0.204243,0.09874118,0.3432196,0.21520832,0.096658826,0.032855585,True
C11_6127,BASE,C11,28.100336,1,0.96486783,0.40624905,0.152449,0.9676064,0.8391187,0.43056113,0.53942776,0.72120166,0.092831925,0.010212544,0.32323802,0.10937545,0.4519642,0.67115617,0.63987803,0.7795533,0.4171959,0.055412497,0.33946785,0.07853492,0.26713288,0.099625625,True
C11_6127,CONTROL,C11,28.10183,1,0.9714086,0.47408614,0.29294875,0.9295365,0.69129795,0.40004185,0.14752904,0.5880716,0.14283377,0.041044045,0.18589668,0.03738759,0.92856234,0.33161375,0.25962025,0.89156127,0.44652206,0.066090204,0.35365883,0.04002414,0.19063719,0.022558691,True
C11_6127,AESTHETIC,C11,29.271381,1,0.71408975,0.21786812,0.19886215,0.9504324,0.8492786,0.5355335,0.5153817,0.72407454,0.13893686,0.027432969,0.15570842,0.17850052,0.53744966,0.93354493,0.16293195,0.8161421,0.59776247,0.06855101,0.4001884,0.08616911,0.19239646,0.052226983,True
C11_7,AESTHETIC,C11,27.92619,1,0.70591015,0.28181,0.19396761,0.96553135,0.8334202,0.25348073,0.7905471,0.8446457,0.3071453,0.13954906,0.35581514,0.10892968,0.26082462,0.92730767,0.12967987,0.8967282,0.2254989,0.09705826,0.3163936,0.27456218,0.22743079,0.017160505,True
C11_7,BASE,C11,29.158867,1,0.8632302,0.33647454,0.6561752,0.975089,0.9333505,0.3515141,0.8050186,0.7698121,0.51620346,0.41194785,0.22216606,0.3168882,0.30291763,0.81891674,0.17388895,0.888921,0.20851712,0.06897654,0.4065831,0.3536793,0.38922587,0.014494449,True
C11_7,CONTROL,C11,26.983128,1,0.9464342,0.4810691,0.25807244,0.9773548,0.6830876,0.105320655,0.49509397,0.7015813,0.5620108,0.16647124,0.42388463,0.08651103,0.39137527,0.7998509,0.33339384,0.8703459,0.16172387,0.04866328,0.37641317,0.10332781,0.4264704,0.02116467,True
C11_85,CONTROL,C11,28.501999,1,0.9595041,0.645642,0.16707341,0.98222405,0.830805,0.56020474,0.65971184,0.88170767,0.0834279,0.028712876,0.56519747,0.063161805,0.7263896,0.4021573,0.15743138,0.9362398,0.24124493,0.05575984,0.17459244,0.047962803,0.09596971,0.018035274,True
C11_85,BASE,C11,25.366169,1,0.92903787,0.7845825,0.104913376,0.96106404,0.87669384,0.19397865,0.8606158,0.50883627,0.28146037,0.38091725,0.21199009,0.09405991,0.43342167,0.016543048,0.10034625,0.9770637,0.44885612,0.08732519,0.32817063,0.18757842,0.0050825686,0.016709074,True
C11_85,AESTHETIC,C11,28.514973,1,0.8541025,0.39823595,0.22410919,0.9447252,0.7379169,0.47290596,0.77376074,0.82997966,0.07425208,0.024939815,0.49401763,0.053824116,0.596379,0.8003679,0.11872363,0.899647,0.33284935,0.10504259,0.23865797,0.1822822,0.060551412,0.020494565,True
C12_25478,BASE,C12,25.561445,1,0.9391106,0.6715779,0.58606297,0.80134594,0.116253555,0.8719916,0.3001787,0.28974602,0.004400683,0.023502056,0.2790838,0.06808155,0.29269063,0.47528163,0.06056758,0.99160975,0.56629914,0.2779807,0.15817195,0.024404556,0.09059255,0.30724192,True
C12_25478,CONTROL,C12,22.449055,1,0.98670655,0.7677385,0.7148346,0.76452816,0.14697146,0.9041785,0.7225951,0.31137162,0.01858201,0.02082486,0.6229108,0.10909512,0.5533653,0.40800792,0.041357446,0.96400726,0.24907069,0.19720972,0.31257427,0.022308182,0.44564077,0.20257412,True
C12_25478,AESTHETIC,C12,24.532087,1,0.99667114,0.7176879,0.99681723,0.6856733,0.049622476,0.93379706,0.70082164,0.41549626,0.000518136,0.002244365,0.15598947,0.011754224,0.6466646,0.42500547,0.0771263,0.9913946,0.3582899,0.16169243,0.23545843,0.012104239,0.6415781,0.31642455,True
C12_6127,CONTROL,C12,23.19628,1,0.9980083,0.64588416,0.9973477,0.9102144,0.025101338,0.97767264,0.600062,0.8086717,0.029673778,0.004781572,0.40775433,0.012604542,0.2268905,0.9844087,0.31926438,0.97994995,0.1684411,0.23270771,0.15080918,0.013110828,0.46271345,0.07602877,True
C12_6127,BASE,C12,23.221895,1,0.99211484,0.6785475,0.98688984,0.84257036,0.045442432,0.98336077,0.7772916,0.42346826,0.0060928944,0.0032992128,0.39637983,0.0107750995,0.3603092,0.91130686,0.12726359,0.9875749,0.19646734,0.31312025,0.15111071,0.012696357,0.39013815,0.48605514,True
C12_6127,AESTHETIC,C12,20.770845,2,0.9878628,0.17839329,0.9959919,0.96363187,0.047090948,0.9455393,0.74565583,0.9386192,0.005342085,0.00026413408,0.22036603,0.0057715583,0.13084619,0.99642307,0.11553778,0.9806455,0.07498752,0.09043239,0.114485756,0.010923373,0.9669088,0.24933226,True
C12_7,BASE,C12,25.155384,1,0.9751159,0.52629715,0.97129256,0.9327463,0.054069813,0.92779857,0.6910923,0.8862148,0.0448994,0.0046619726,0.27822268,0.017220797,0.032555483,0.9377755,0.65092677,0.9619757,0.0784578,0.2542597,0.20085785,0.026962249,0.13968885,0.22124222,True
C12_7,AESTHETIC,C12,24.747395,1,0.99526167,0.8722935,0.9793544,0.98372895,0.053836353,0.9853175,0.5516308,0.9380645,0.20030244,0.074502565,0.46494073,0.022127071,0.07726537,0.79135853,0.03269759,0.713077,0.114773504,0.2691841,0.18044518,0.0515373,0.14149027,0.16798343,True
C12_7,CONTROL,C12,20.660587,1,0.9742245,0.6806378,0.92272484,0.9781041,0.35005197,0.97879237,0.83324414,0.72037786,0.1446338,0.018989261,0.6772625,0.006802047,0.20644325,0.9826324,0.19418254,0.9584782,0.033204988,0.31360123,0.18602602,0.20334114,0.72251207,0.3854623,True
C12_85,BASE,C12,23.91638,1,0.7076841,0.27097976,0.11769022,0.8490198,0.8778188,0.8396326,0.81870455,0.5850539,0.059489015,0.003105955,0.55250573,0.11300038,0.30428693,0.02848788,0.14434722,0.99557,0.40591046,0.20831856,0.2652237,0.13821602,0.059479684,0.81262636,True
C12_85,CONTROL,C12,26.256443,1,0.98900837,0.81575227,0.96142656,0.8801966,0.02103129,0.9310376,0.6906842,0.90513086,0.011334745,0.021124287,0.37619337,0.07084219,0.3032097,0.41336128,0.39077026,0.89516,0.21913867,0.19422895,0.20273773,0.044013917,0.07391055,0.18514705,True
C12_85,AESTHETIC,C12,25.597023,1,0.99280775,0.9102186,0.9039145,0.97844577,0.047266718,0.9549416,0.8308342,0.73503846,0.003119838,0.0046568606,0.061132472,0.019960903,0.109695524,0.49833012,0.08251327,0.997614,0.66801244,0.049889587,0.16121265,0.010979814,0.48802102,0.23891935,True
C13_25478,CONTROL,C13,31.875896,1,0.98201364,0.550664,0.18845813,0.1246084,0.86876434,0.9883356,0.95798707,0.19463691,0.06557106,0.05432235,0.99719894,0.9747599,0.006948903,0.85754204,0.0022196549,0.6957771,0.832128,0.3708019,0.44096103,0.14514376,0.23175411,0.13355343,False
C13_25478,AESTHETIC,C13,28.122307,1,0.9856375,0.9346633,0.019446531,0.19918017,0.90755403,0.9976179,0.79331416,0.40978163,0.011622532,0.0052834884,0.98975664,0.8856865,0.022363033,0.8826912,0.0042811893,0.9241992,0.8249547,0.33069155,0.29838833,0.024824789,0.0030241264,0.42723802,False
C13_25478,BASE,C13,33.57547,1,0.98484033,0.6046292,0.12758106,0.1043769,0.94842255,0.9937091,0.98814887,0.23232785,0.018282961,0.004387366,0.9970592,0.9924279,0.0009423444,0.22136188,0.00055386504,0.69675964,0.83359575,0.45423096,0.37661776,0.23432623,0.11892604,0.12897798,False
C13_6127,CONTROL,C13,33.538143,1,0.887001,0.7292849,0.06378296,0.31918192,0.92339516,0.97408324,0.645064,0.25249672,0.033181485,0.0111509515,0.9992248,0.9744983,0.017201567,0.0839233,0.024041733,0.811417,0.74104756,0.33668324,0.40071684,0.033008695,0.07926042,0.42389533,True
C13_6127,BASE,C13,32.755695,1,0.9672267,0.8976755,0.028095875,0.370878,0.9596052,0.9898379,0.85019344,0.2922855,0.049408782,0.014623159,0.9967423,0.99433196,0.02645951,0.3094925,0.0018953264,0.7870402,0.80647665,0.46235543,0.3692467,0.046395462,0.01568513,0.7894342,True
C13_6127,AESTHETIC,C13,30.062181,1,0.94498616,0.86255395,0.07683695,0.32785153,0.93326056,0.9964191,0.08267115,0.4340677,0.0524842,0.010019595,0.9986848,0.96336967,0.13161208,0.4157031,0.0005119206,0.92570376,0.80467737,0.28290066,0.32905936,0.05419834,0.04061451,0.25281507,True
C13_7,BASE,C13,28.034962,1,0.99326104,0.99259114,0.057204824,0.30939567,0.90037304,0.9980003,0.8782492,0.6208708,0.07389834,0.09284397,0.9934443,0.9366173,0.040910177,0.4753463,0.00031270765,0.6712088,0.90983945,0.7204747,0.38834113,0.032895707,0.008119952,0.4073953,True
C13_7,AESTHETIC,C13,31.319344,1,0.9979919,0.953191,0.01765842,0.21149856,0.88301545,0.9989359,0.26182696,0.40140596,0.13093472,0.006758106,0.999361,0.93959296,0.050100848,0.6435612,0.00052397867,0.94948864,0.9241756,0.28063408,0.36962166,0.024141312,0.028637651,0.101219244,True
C13_7,CONTROL,C13,32.784256,1,0.99086225,0.7949928,0.04333934,0.11511772,0.97674316,0.9970022,0.88885176,0.15642677,0.062228885,0.0029644717,0.99922085,0.9920723,0.039402813,0.8358981,0.0005655109,0.96848124,0.8945783,0.21764964,0.43860766,0.05333294,0.16731511,0.26340634,True
C13_85,AESTHETIC,C13,30.26076,1,0.9884155,0.98434794,0.1388901,0.25543287,0.87468565,0.9954852,0.9162275,0.52468294,0.16041626,0.02657635,0.99627715,0.9421042,0.013860846,0.9670957,0.0009795692,0.6213617,0.9077004,0.4519878,0.49129242,0.049945578,0.100779444,0.72799736,False
C13_85,CONTROL,C13,31.421787,1,0.8282486,0.5545826,0.6453319,0.23361449,0.8360122,0.7769811,0.9870384,0.13806637,0.040942375,0.032406893,0.9954112,0.9916175,0.0040577934,0.0905832,0.0019491165,0.8629832,0.81210303,0.20738536,0.47072327,0.12759382,0.08172521,0.6722241,False
C13_85,BASE,C13,34.20397,1,0.9966851,0.9236083,0.091870815,0.14305484,0.93134254,0.9955994,0.98406255,0.47297493,0.028631017,0.021744018,0.9881616,0.98003334,0.00094824994,0.84107554,0.0007170502,0.5961457,0.87342167,0.48205003,0.40177354,0.13384782,0.107611164,0.3899968,False
C14_25478,BASE,C14,28.691217,1,0.9930529,0.96199864,0.9618428,0.54327035,0.31332046,0.8605738,0.241062,0.2891623,0.31462568,0.3291996,0.7036091,0.014662222,0.69942766,0.10602536,0.02439132,0.94413966,0.26542875,0.7009344,0.49504772,0.08483286,0.006686336,0.027918452,True
C14_25478,CONTROL,C14,28.167183,1,0.99327445,0.9803623,0.9407703,0.5100866,0.19119874,0.9464776,0.233148,0.09915033,0.44997793,0.1565144,0.95888656,0.032180272,0.8548468,0.28465194,0.027085396,0.96841025,0.5104531,0.42964432,0.5403488,0.18967173,0.08070504,0.15708558,True
C14_25478,AESTHETIC,C14,29.045862,1,0.9968143,0.9543259,0.7068011,0.69409984,0.12712744,0.81368065,0.27575213,0.09783815,0.2067958,0.17663722,0.5197387,0.011295367,0.7916125,0.1254855,0.006508594,0.9650524,0.41039765,0.77300894,0.5013995,0.038016185,0.029359834,0.041822042,True
C14_6127,BASE,C14,26.704437,1,0.9985349,0.9762967,0.8760666,0.82746416,0.2873138,0.8945551,0.6431297,0.52087426,0.74067986,0.6964602,0.77272534,0.061322078,0.7278126,0.6614622,0.032491595,0.958649,0.39366585,0.57525903,0.5169527,0.0619909,0.020646684,0.14142077,True
C14_6127,AESTHETIC,C14,25.385702,1,0.998616,0.9873031,0.9971027,0.8304454,0.3374423,0.9826387,0.7891027,0.5101605,0.55868816,0.47568715,0.9183582,0.036746908,0.85181236,0.8106764,0.0016697937,0.93881136,0.5530513,0.25059494,0.38512126,0.020956455,0.6412947,0.1233584,True
C14_6127,CONTROL,C14,28.573822,1,0.9951485,0.9563357,0.7725525,0.5755545,0.19970216,0.82363087,0.2171656,0.09556405,0.62857085,0.21956784,0.9087197,0.0402557,0.89593774,0.56868505,0.1726819,0.99523646,0.34596017,0.5169584,0.47587362,0.15380567,0.8034493,0.110902414,True
C14_7,BASE,C14,29.574234,1,0.99806076,0.9663364,0.84981155,0.6943488,0.095975004,0.8707602,0.3398118,0.1613592,0.32289243,0.5276978,0.5381874,0.025162416,0.8398949,0.45713082,0.016195431,0.9881616,0.46851993,0.65068835,0.49673322,0.097016305,0.022657692,0.08026956,True
C14_7,CONTROL,C14,29.826307,1,0.99142414,0.93603706,0.6874849,0.5620685,0.04069444,0.90161794,0.36406764,0.07664465,0.33208656,0.14769152,0.8127267,0.043125574,0.85479563,0.83360153,0.058846816,0.9716655,0.40900132,0.49956656,0.4359878,0.16029504,0.61453277,0.0778674,True
C14_7,AESTHETIC,C14,28.019651,1,0.99953806,0.9903708,0.97414964,0.73977655,0.3460422,0.97536874,0.17752218,0.16653822,0.40805653,0.39560974,0.6156443,0.040975038,0.8574215,0.3726916,0.005179113,0.9925845,0.4558614,0.26525104,0.4575334,0.11082871,0.6937267,0.10833608,True
C14_85,AESTHETIC,C14,27.460888,1,0.98902404,0.98182225,0.85655254,0.52049965,0.21428168,0.93751967,0.12733777,0.06539097,0.34057942,0.20776673,0.988724,0.014900959,0.9885953,0.55299145,0.011960941,0.99733514,0.2664818,0.4609201,0.44849986,0.019490225,0.10459177,0.4433961,True
C14_85,CONTROL,C14,29.336655,1,0.9900377,0.967233,0.38030708,0.81534654,0.15949617,0.85693693,0.20803466,0.1449822,0.5791666,0.49427012,0.8802199,0.04218099,0.931944,0.12771986,0.008254698,0.9724502,0.38951796,0.6523275,0.36689004,0.06618999,0.088434525,0.17052795,True
C14_85,BASE,C14,29.543245,1,0.99752516,0.9884143,0.9373533,0.8345355,0.23217274,0.833248,0.44342107,0.5242287,0.42785192,0.18533531,0.9760252,0.039274547,0.8630089,0.02149686,0.017100837,0.99844724,0.5382073,0.4443844,0.46952787,0.04065812,0.017424237,0.25411615,True
C15_25478,BASE,C15,28.37691,1,0.94809306,0.9785041,0.013492969,0.41288382,0.6884639,0.9989542,0.78024155,0.70372367,0.15131047,0.02111141,0.68377346,0.023183282,0.0067367847,0.8910739,0.001961388,0.91424626,0.2659687,0.4992857,0.11671052,0.03461065,0.0024126056,0.44637617,True
C15_25478,CONTROL,C15,25.697231,1,0.7136464,0.74881786,0.0020369678,0.5778313,0.15299568,0.9774171,0.9318777,0.63350546,0.008283517,0.0050928066,0.06281913,0.002151685,0.010332853,0.8905018,0.017602228,0.9915964,0.31907538,0.38031608,0.112496644,0.023381086,0.014168063,0.62738824,True
C15_25478,AESTHETIC,C15,26.452631,1,0.9845167,0.9377027,0.019140609,0.40252975,0.51316816,0.998434,0.29108715,0.6766729,0.013204592,0.010006276,0.17093275,0.042501524,0.013283134,0.9770899,0.00072035217,0.8407468,0.5302926,0.34331465,0.103616394,0.010532077,0.023858506,0.3477313,True
C15_6127,BASE,C15,23.626093,1,0.98031074,0.94210106,0.519397,0.7200208,0.9012627,0.99838555,0.8157343,0.7903626,0.091195874,0.035144266,0.41436577,0.10073167,0.0017559346,0.9608518,0.001550393,0.93542117,0.6616727,0.5024104,0.12848285,0.06363727,0.016104529,0.60773206,True
C15_6127,CONTROL,C15,26.350857,1,0.9911385,0.3920909,0.013917703,0.6593135,0.4661497,0.9964232,0.6785812,0.54435813,0.006970014,0.003958121,0.56959176,0.02551722,0.010270672,0.9612223,0.00092229433,0.66476476,0.31790543,0.74577534,0.22840886,0.05349935,0.123801,0.10727581,True
C15_6127,AESTHETIC,C15,23.843348,1,0.71302,0.3468774,0.029951017,0.7384422,0.60054535,0.98102015,0.8794381,0.79727143,0.019394921,0.034339268,0.17415418,0.018741518,0.063744865,0.9880427,0.019375885,0.9217402,0.4951255,0.50458986,0.1546329,0.07729604,0.029991668,0.1223568,True
C15_7,CONTROL,C15,25.370152,1,0.9794484,0.4600515,0.16336147,0.7103576,0.41028547,0.9948769,0.9114266,0.92579323,0.00526221,0.0036188513,0.47504404,0.004676413,0.016776916,0.8876932,0.0018278786,0.88082814,0.20808165,0.44971785,0.12528051,0.03815167,0.0010901671,0.06840306,True
C15_7,AESTHETIC,C15,20.831425,1,0.23421466,0.28008458,0.0255098,0.4437195,0.52889365,0.98258555,0.95544344,0.63312894,0.022421028,0.11164236,0.041754264,0.005953896,0.04565512,0.8335793,0.0029870337,0.7956097,0.41368854,0.50694704,0.13549249,0.16261236,0.0068311067,0.08926184,True
C15_7,BASE,C15,25.309855,1,0.9490156,0.8352031,0.0886266,0.76195353,0.75559646,0.999134,0.5608949,0.8109891,0.044710435,0.00858581,0.28491455,0.015514561,0.00736729,0.9699959,0.0002264158,0.7123807,0.23975015,0.6637213,0.14546862,0.038201258,0.0020536499,0.36243132,True
C15_85,AESTHETIC,C15,25.271973,1,0.41143876,0.46328774,0.022213425,0.63863945,0.4585997,0.98223454,0.9609485,0.65633696,0.012639127,0.03961387,0.11346932,0.016002124,0.0028546115,0.8832413,0.004085653,0.6819986,0.31320718,0.4698723,0.1236428,0.03975179,0.018511755,0.42683855,True
C15_85,CONTROL,C15,24.248112,1,0.30040357,0.4530638,0.008449829,0.6441209,0.6763181,0.98507166,0.9673301,0.59210056,0.0071474104,0.032925934,0.17736112,0.028985111,0.0014091193,0.84979373,0.0012546541,0.832782,0.50979966,0.5164759,0.109040625,0.039124046,0.022371523,0.7376124,True
C15_85,BASE,C15,26.22083,1,0.54453367,0.65119976,0.014574824,0.6649684,0.64475954,0.97425497,0.96466684,0.7755379,0.011456387,0.01973045,0.24978754,0.048186824,0.00091464765,0.9056674,0.004158859,0.8753861,0.461696,0.41190398,0.095147945,0.03668491,0.024021717,0.6182134,True
C16_25478,AESTHETIC,C16,29.740126,1,0.9534014,0.8484756,0.018299315,0.07564798,0.8167646,0.9989281,0.04027077,0.22511703,0.07548623,0.0033947485,0.99917394,0.16312023,0.9856924,0.6400031,0.00018936265,0.9443575,0.5970803,0.32523835,0.37743804,0.00435783,0.2609048,0.08743988,True
C16_25478,BASE,C16,30.252562,1,0.95512927,0.87535644,0.015381076,0.06169764,0.49818087,0.998898,0.095469065,0.26528114,0.039362837,0.0029965204,0.9973339,0.17457154,0.89745873,0.6788948,0.00015679358,0.93575174,0.5219718,0.45036456,0.3767472,0.0039764014,0.027927099,0.15062705,True
C16_25478,CONTROL,C16,32.21297,1,0.9782048,0.8459499,0.051413346,0.056936372,0.7995138,0.99852484,0.054290514,0.2559694,0.10648989,0.0067229895,0.99953485,0.10084611,0.9784107,0.51762205,0.0001476446,0.96588826,0.4684178,0.25172386,0.49100643,0.0036585878,0.4120259,0.05667139,True
C16_6127,BASE,C16,30.24869,1,0.9591188,0.8996244,0.052392926,0.5378579,0.8310214,0.999303,0.5397888,0.40690476,0.10571076,0.01004166,0.9994036,0.33883813,0.5062143,0.32314873,0.00028116794,0.9008832,0.6464127,0.30518708,0.31260604,0.008441219,0.102453865,0.06377356,True
C16_6127,CONTROL,C16,27.7851,1,0.86789125,0.7124491,0.010391012,0.50028753,0.7535407,0.9980647,0.3405721,0.39381203,0.3545902,0.018872045,0.99749714,0.1749462,0.8727581,0.8768439,0.00086432893,0.852384,0.73192024,0.27422723,0.35563633,0.011662642,0.32803965,0.08643781,True
C16_6127,AESTHETIC,C16,28.855568,1,0.8787271,0.8037105,0.007504669,0.19980551,0.7824726,0.9985936,0.081668764,0.4134901,0.0787771,0.0062232567,0.9900939,0.16888104,0.84903187,0.6664182,0.000694455,0.90161717,0.5204054,0.41943055,0.3465979,0.0052785636,0.10254265,0.082946256,True
C16_7,CONTROL,C16,31.146313,1,0.87187403,0.49127716,0.05171445,0.21294306,0.87268794,0.9983228,0.49401554,0.34786242,0.025609726,0.0031932343,0.9969965,0.21740341,0.90193474,0.7114865,8.559256e-05,0.90866536,0.83366126,0.15119588,0.38344648,0.0058241324,0.4442092,0.13780576,True
C16_7,BASE,C16,30.159315,1,0.96913356,0.93313515,0.023792474,0.10115923,0.92632556,0.9991684,0.38877255,0.61642766,0.10199262,0.002637706,0.9995921,0.37615708,0.7671571,0.5990583,0.0001469306,0.92120874,0.7687027,0.42009118,0.38850835,0.011434137,0.049246844,0.11642915,True
C16_7,AESTHETIC,C16,28.52113,1,0.825253,0.43676093,0.0301655,0.24613677,0.9481912,0.9967528,0.2982047,0.5081608,0.063022286,0.012967957,0.9962154,0.25314453,0.9618727,0.5999641,0.0004951469,0.9354458,0.7802742,0.1271175,0.43754515,0.017254774,0.55642736,0.09813485,True
C16_85,CONTROL,C16,30.808243,1,0.9476413,0.8379994,0.030314846,0.17525917,0.57475424,0.99474984,0.09638703,0.24285175,0.218834,0.023717059,0.9964916,0.3307747,0.89306104,0.66779643,0.0009838308,0.9727576,0.6317155,0.28757748,0.41460115,0.005098299,0.6782862,0.16769733,True
C16_85,AESTHETIC,C16,29.735985,1,0.90884453,0.8750385,0.011373883,0.21677999,0.5963583,0.99753976,0.02235895,0.3627126,0.13835579,0.009228482,0.9956169,0.16074716,0.96231204,0.5354023,0.0005137672,0.98155034,0.6153728,0.24886845,0.4399555,0.00316455,0.46817273,0.09103966,True
C16_85,BASE,C16,30.647999,1,0.9300389,0.8073928,0.017462991,0.1019949,0.61322254,0.99411607,0.12012297,0.17177232,0.23771934,0.0057710987,0.99665475,0.29898006,0.97381943,0.5667254,0.0016096829,0.99002224,0.5258059,0.21621284,0.40370739,0.002944321,0.28202277,0.1825715,True
C17_25478,BASE,C17,25.08896,1,0.9996321,0.9605554,0.9822934,0.8216137,0.70328283,0.98622376,0.9568481,0.9040624,0.05287861,0.030826792,0.89448756,0.5791545,0.0016616691,0.9595564,0.080773905,0.8070337,0.70071286,0.186278,0.12798615,0.2925278,0.045993507,0.10883382,True
C17_25478,CONTROL,C17,26.99924,1,0.99983525,0.6089847,0.9554245,0.88505745,0.48627385,0.9720314,0.9981281,0.9075882,0.014411003,0.033064537,0.7476555,0.66196173,0.0017070245,0.52701914,0.08004405,0.90235764,0.4284508,0.1271069,0.14772536,0.055148926,0.07430435,0.06446551,True
C17_25478,AESTHETIC,C17,27.814686,1,0.99973565,0.57150364,0.9996489,0.9314105,0.57866395,0.96602046,0.98923385,0.9116864,0.006702419,0.0034084856,0.52106375,0.077331014,0.026274618,0.9841653,0.048267417,0.9773005,0.35797814,0.073270075,0.26521125,0.13317658,0.61542517,0.08739993,True
C17_6127,CONTROL,C17,27.056694,1,0.99921215,0.969146,0.99933714,0.91944724,0.4246827,0.97617847,0.96827817,0.88095075,0.0343375,0.045870513,0.8189868,0.2411346,0.11686328,0.8416108,0.43224102,0.78697574,0.5651614,0.12944378,0.17627466,0.18413743,0.078525335,0.059448957,True
C17_6127,BASE,C17,24.498398,1,0.9996817,0.9576028,0.9994355,0.9592329,0.446448,0.91146004,0.95257,0.85736996,0.0139729,0.0043469863,0.13922463,0.010417523,0.008469355,0.8678344,0.17924726,0.98673135,0.6384726,0.12005041,0.30487636,0.08354626,0.1449971,0.07646848,True
C17_6127,AESTHETIC,C17,24.148317,3,0.9996401,0.97216886,0.99673456,0.95921844,0.27148625,0.9786966,0.9524716,0.9050932,0.03167485,0.08268071,0.18015778,0.042113267,0.013646742,0.9641668,0.18110757,0.9467701,0.5281199,0.29101905,0.15991749,0.10624404,0.28953096,0.045847356,True
C17_7,BASE,C17,27.066225,1,0.998355,0.94158244,0.9972971,0.9540436,0.6508479,0.92499197,0.9297017,0.7753268,0.01202141,0.03110058,0.6187539,0.25558817,0.047732707,0.8925274,0.18649466,0.9406123,0.6520558,0.2984826,0.329318,0.13691644,0.16731271,0.078777514,True
C17_7,CONTROL,C17,26.822523,1,0.9999143,0.96655786,0.99673456,0.92423123,0.4358157,0.9832843,0.97561806,0.82683057,0.10677534,0.011586697,0.7675851,0.3267177,0.011108264,0.9171493,0.03868758,0.79687536,0.6194929,0.20698515,0.24059123,0.15977661,0.020183504,0.04785236,True
C17_7,AESTHETIC,C17,26.39587,2,0.9949437,0.85076576,0.99577624,0.97356594,0.62315875,0.9112033,0.96080756,0.78335303,0.056425236,0.08158476,0.7573009,0.64815676,0.022677997,0.99561983,0.07406906,0.9433088,0.7276853,0.20315674,0.22692746,0.13081975,0.70631605,0.08888894,True
C17_85,BASE,C17,23.508041,2,0.9998357,0.99252325,0.9581103,0.8140831,0.7433846,0.99394727,0.97274405,0.88708615,0.33216864,0.233044,0.17994224,0.70733047,0.003755521,0.4911365,0.035344437,0.6791803,0.76668423,0.29640597,0.3527847,0.09996816,0.09515075,0.06968634,True
C17_85,CONTROL,C17,26.743519,1,0.9995778,0.913093,0.98506516,0.8822441,0.76940054,0.9635745,0.9944458,0.73781914,0.03668161,0.088658035,0.15863037,0.45769054,0.00461029,0.35919198,0.09779195,0.8759088,0.73704284,0.10473564,0.17564437,0.059068676,0.0158209,0.038036663,True
C17_85,AESTHETIC,C17,26.756304,1,0.99939024,0.7788294,0.98653954,0.8688859,0.74776345,0.9848632,0.99788827,0.6668384,0.067556426,0.106496416,0.05239757,0.42864162,0.0042747385,0.8479498,0.05368848,0.9719258,0.6176113,0.11009872,0.14870276,0.09876665,0.02553627,0.12933818,True
C18_25478,BASE,C18,24.421225,1,0.9819449,0.9497159,0.051958848,0.6116357,0.95636374,0.9920144,0.8882967,0.36982703,0.09016776,0.07546314,0.9992987,0.8374253,0.13077508,0.92897004,0.0017771941,0.6714918,0.8012071,0.60716105,0.39020622,0.3271399,0.06651185,0.34361097,True
C18_25478,CONTROL,C18,24.56778,1,0.97794956,0.8869769,0.012244459,0.46685416,0.876393,0.82927555,0.82002515,0.26184118,0.13630766,0.03798167,0.992812,0.5857215,0.07042456,0.71699566,0.059673697,0.94259846,0.6460957,0.37660834,0.35341772,0.25991148,0.018195238,0.22251828,True
C18_25478,AESTHETIC,C18,26.47741,1,0.99008006,0.95722514,0.0007600971,0.54315627,0.80132806,0.911666,0.678897,0.13392887,0.05577159,0.015858974,0.99845886,0.6827578,0.10527115,0.8694382,0.008048267,0.8584794,0.76042694,0.4985056,0.21656018,0.10508652,0.017163305,0.09767295,True
C18_6127,AESTHETIC,C18,26.845964,1,0.9943557,0.8752247,0.0011056019,0.7455232,0.9089955,0.7828464,0.7489665,0.24769728,0.04184391,0.013230477,0.97009474,0.38648754,0.09369226,0.83977556,0.007073993,0.9499201,0.84069806,0.40608156,0.34923682,0.18867058,0.027327955,0.25840822,True
C18_6127,BASE,C18,25.913393,1,0.98811126,0.9279379,0.0062551396,0.60076445,0.71008044,0.86606926,0.43119308,0.39813903,0.107115254,0.028183011,0.9452184,0.20532483,0.14520033,0.75432074,0.04665085,0.8092059,0.56345725,0.6663526,0.4780819,0.501204,0.13974363,0.06189215,True
C18_6127,CONTROL,C18,25.151005,1,0.98618025,0.84169173,0.0059353495,0.44986132,0.6024084,0.64313185,0.7086304,0.2488444,0.07870957,0.053061306,0.8984923,0.25802955,0.1698614,0.8409644,0.48713472,0.98519856,0.8068606,0.44748247,0.281069,0.14983241,0.018769197,0.15549177,True
C18_7,CONTROL,C18,24.759886,1,0.96465164,0.8113405,0.029612139,0.6051899,0.81516385,0.7904608,0.91819507,0.28591177,0.46661916,0.095623,0.9944876,0.64156497,0.056387268,0.80175465,0.061793935,0.9371307,0.45605633,0.28168494,0.44784608,0.3746571,0.31370366,0.13582425,True
C18_7,AESTHETIC,C18,26.738226,1,0.97066677,0.95560133,0.039821126,0.7706991,0.8239581,0.93414396,0.97648174,0.50280946,0.5912108,0.015959756,0.99991345,0.71891284,0.38045073,0.52410805,0.01696381,0.86259216,0.76959455,0.5460479,0.37813812,0.27371085,0.1353346,0.76447636,True
C18_7,BASE,C18,27.425606,1,0.9649805,0.9312792,0.12504514,0.7937347,0.9425897,0.97368556,0.9735184,0.5957397,0.3752614,0.021090727,0.9989587,0.48224714,0.1551346,0.95398873,0.0069931545,0.9085045,0.7035856,0.54190654,0.46734598,0.15131782,0.5730495,0.5687251,True
C18_85,BASE,C18,27.090055,1,0.982847,0.9532102,0.0606868,0.80496407,0.89050716,0.93649197,0.98843527,0.51661783,0.07984912,0.009080775,0.99985325,0.8424927,0.14303145,0.7843332,0.03823287,0.9234616,0.7871359,0.4933566,0.40017605,0.12346343,0.31152463,0.31702018,True
C18_85,AESTHETIC,C18,26.32931,1,0.95850635,0.80269814,0.014733859,0.7379767,0.59207845,0.6984327,0.9907278,0.24078749,0.055911675,0.021935811,0.99692243,0.6661351,0.12911507,0.5837589,0.08385756,0.9307453,0.81264377,0.60631996,0.3048543,0.12941991,0.0231527,0.2958848,True
C18_85,CONTROL,C18,25.104527,1,0.9136364,0.7445105,0.072260134,0.43094048,0.798341,0.5859186,0.9663175,0.16956615,0.2062585,0.05473787,0.99674654,0.66189665,0.05353027,0.65014017,0.04070781,0.9168083,0.6840266,0.5197927,0.45189428,0.33775923,0.17367835,0.30033702,True
C19_25478,BASE,C19,28.60615,1,0.98386836,0.8269955,0.060433038,0.3894454,0.8031361,0.9960075,0.6910327,0.8304158,0.025658127,0.012180379,0.99647313,0.752768,0.03778625,0.51741725,0.0003200617,0.75660247,0.93544096,0.19490539,0.43488267,0.029435946,0.074013956,0.15707774,True
C19_25478,CONTROL,C19,28.310266,1,0.98654026,0.81930447,0.01367568,0.15571082,0.84389734,0.9963347,0.6291498,0.88594747,0.024005756,0.0021752084,0.99499065,0.77383685,0.021061666,0.35451096,0.00020970985,0.81071585,0.93500286,0.16799782,0.31185976,0.020049732,0.04572061,0.12886745,True
C19_25478,AESTHETIC,C19,27.256287,1,0.98836666,0.5184157,0.018702568,0.20047635,0.49471352,0.980874,0.65244144,0.7192319,0.052654907,0.008172335,0.9923327,0.7875191,0.006112005,0.38521767,0.00042294007,0.7364587,0.9680052,0.19964273,0.38588122,0.06116691,0.05189795,0.105419904,True
C19_6127,AESTHETIC,C19,29.078564,1,0.99475276,0.46776623,0.028591685,0.3143732,0.502193,0.95971996,0.7352418,0.86405075,0.040282276,0.003698654,0.992347,0.5435022,0.028407225,0.40908754,0.005993463,0.86431307,0.9664451,0.22193573,0.47658724,0.060107775,0.02584588,0.136846,True
C19_6127,BASE,C19,28.339567,1,0.9839304,0.18829104,0.012310981,0.15840407,0.8558403,0.9880762,0.8001443,0.8819505,0.019824961,0.0008889637,0.95839435,0.61785406,0.025849171,0.40283388,0.00062761473,0.9264514,0.9613428,0.21350077,0.4321673,0.09408136,0.18745725,0.29885456,True
C19_6127,CONTROL,C19,28.370167,1,0.99369365,0.37675118,0.025010435,0.41377136,0.6389761,0.9798275,0.8333087,0.8920937,0.048561264,0.0028057655,0.99672735,0.58847576,0.018591058,0.26706532,0.0025131365,0.8397627,0.95840853,0.21793087,0.42417252,0.14998238,0.089429274,0.21454304,True
C19_7,CONTROL,C19,31.13449,1,0.98803353,0.27994266,0.022407614,0.23905812,0.80444735,0.9940526,0.841519,0.9372266,0.057943333,0.003960648,0.998483,0.6068676,0.016769726,0.3326876,0.0011161036,0.82334286,0.90266925,0.32848525,0.39555135,0.15267217,0.083212726,0.13685344,True
C19_7,AESTHETIC,C19,27.665869,1,0.9953354,0.22720599,0.02030919,0.20238438,0.7605312,0.9984641,0.5648949,0.9646836,0.027751971,0.0038304105,0.99318284,0.345637,0.07126525,0.8373939,0.000443479,0.8343995,0.88012403,0.23414592,0.3083269,0.08387925,0.21860273,0.067341015,True
C19_7,BASE,C19,30.01044,1,0.9899685,0.32200024,0.058215823,0.22918764,0.9580426,0.99431914,0.8445366,0.9118158,0.049299028,0.008100153,0.994521,0.8464357,0.016409036,0.17863916,0.0007150014,0.89375335,0.9388247,0.34774905,0.42051408,0.12994175,0.04820529,0.18010257,True
C19_85,CONTROL,C19,27.278074,1,0.9960355,0.11243077,0.008758137,0.114951134,0.6546171,0.99866426,0.93784434,0.9585525,0.036874253,0.0005865348,0.98126745,0.27174437,0.008859633,0.26633027,0.00021134946,0.3312925,0.8239183,0.35757673,0.27590337,0.032740716,0.17477721,0.059072327,True
C19_85,BASE,C19,28.384071,1,0.978791,0.37939233,0.06584564,0.107953995,0.8956354,0.99333197,0.8882865,0.8952182,0.055090215,0.002993061,0.9915412,0.6373029,0.04066828,0.6445459,0.00034350328,0.7992934,0.9454813,0.35169193,0.5265781,0.19348824,0.14602408,0.18470632,True
C19_85,AESTHETIC,C19,24.358232,1,0.9981856,0.36065087,0.041403033,0.14199471,0.3099767,0.9994184,0.9448431,0.9465925,0.10868794,0.0042290324,0.99561137,0.072860196,0.032999497,0.11302781,9.2950635e-05,0.57268685,0.89793795,0.37834382,0.28277683,0.08750343,0.070884004,0.025349176,True
C20_25478,BASE,C20,23.56684,4,0.9989949,0.94780856,0.9988418,0.9068591,0.35428602,0.98957926,0.89655024,0.9238385,0.017473994,0.02985817,0.66611063,0.1838276,0.003262113,0.8280322,0.0074674827,0.88461447,0.40508094,0.44405103,0.32144794,0.41154915,0.16562302,0.024417294,True
C20_25478,CONTROL,C20,23.997244,1,0.9929644,0.9460793,0.99410266,0.9779081,0.12843587,0.93475443,0.94830763,0.41649532,0.005065145,0.016009485,0.88409305,0.034020226,0.044896133,0.9240416,0.017573722,0.9946674,0.20816195,0.32830098,0.23243976,0.24308822,0.09482936,0.022156058,True
C20_25478,AESTHETIC,C20,24.782265,3,0.9995148,0.95093375,0.99952173,0.93908495,0.42537534,0.98712814,0.5525619,0.97828466,0.019484868,0.034000926,0.64301896,0.024334628,0.015762383,0.960463,0.0029347928,0.75902975,0.36695164,0.3664591,0.41551203,0.4298846,0.06453219,0.012408807,True
C20_6127,CONTROL,C20,25.192066,1,0.98661196,0.8060121,0.98899055,0.905259,0.3747594,0.9765013,0.9722005,0.8318507,0.008393317,0.0039406237,0.849865,0.08766752,0.011433468,0.9769915,0.0013453631,0.95647424,0.47169277,0.23889233,0.36036658,0.49022084,0.7206383,0.062443502,True
C20_6127,AESTHETIC,C20,24.868998,1,0.99647886,0.8936447,0.9932064,0.78042436,0.3263746,0.98842025,0.7904068,0.89446276,0.029984178,0.011798795,0.96990025,0.093901075,0.012576453,0.9944887,0.00072691694,0.92914367,0.2129651,0.27011454,0.4807558,0.44763196,0.64581436,0.026309388,True
C20_6127,BASE,C20,24.481256,1,0.9963626,0.7712736,0.9930963,0.85135496,0.5639226,0.9892173,0.8798384,0.9352412,0.0016475149,0.0020535716,0.5275628,0.13254482,0.005183729,0.9295326,0.0004888544,0.92499065,0.2855774,0.25868136,0.2259309,0.46940196,0.48713633,0.1269487,True
C20_7,CONTROL,C20,25.419361,1,0.99682826,0.6851925,0.991771,0.88560617,0.05420274,0.92738634,0.7147953,0.73176265,0.042398483,0.004196208,0.9499785,0.070005484,0.04425438,0.9827413,0.004259329,0.89337194,0.11525964,0.2697293,0.2770323,0.109651566,0.9927521,0.053937245,True
C20_7,AESTHETIC,C20,26.330221,1,0.99872977,0.8136,0.99746907,0.9596438,0.5862439,0.94029206,0.90163535,0.9760349,0.009267488,0.015086821,0.810279,0.07023469,0.01730994,0.9736129,0.0022782418,0.86620873,0.3699586,0.21603319,0.3843072,0.43407655,0.47975194,0.016942052,True
C20_7,BASE,C20,26.913548,1,0.9940508,0.7842613,0.99666864,0.8585936,0.218526,0.954794,0.6418364,0.8044701,0.009034809,0.0031793823,0.7255211,0.029289933,0.0044904645,0.9689614,0.003992104,0.9022793,0.17968766,0.5087362,0.4163567,0.3691223,0.60479516,0.107861824,True
C20_85,AESTHETIC,C20,24.876118,1,0.9998128,0.9282774,0.98850095,0.99071914,0.5731036,0.9635704,0.97961843,0.9717542,0.14989072,0.013815386,0.94114554,0.2593282,0.002129346,0.9850891,0.007933415,0.75216514,0.6491413,0.14207327,0.25290048,0.17658062,0.47208115,0.045398604,True
C20_85,CONTROL,C20,25.15926,1,0.9930681,0.9042886,0.99512285,0.9176563,0.1262239,0.86798453,0.53057617,0.9207965,0.012791735,0.013358719,0.9385158,0.111999445,0.1024074,0.86534184,0.015723296,0.9507616,0.13778153,0.24941365,0.34111252,0.23913309,0.89972496,0.031480186,True
C20_85,BASE,C20,24.422207,1,0.99685955,0.71728694,0.9093295,0.81628424,0.14263494,0.9275396,0.9468719,0.8013735,0.009125543,0.009492131,0.489952,0.09337787,0.0012250715,0.91656166,0.022620808,0.87450784,0.54511166,0.3040352,0.27115443,0.32218516,0.57769734,0.04565321,True
