brightness,contrast,saturation,colorfulness,warmth,sharpness,detail,sky_brightness,dark_share,bright_share,triplet,condition,active
133.58421041452624,58.425197942787264,22.13093439430567,31.63536439091243,4.94527325913242,412.98891316162917,12.342679794520548,149.99574867936644,10.717037671232877,0.05957477168949772,A01_25478,BASE,False
146.25488549300798,55.37152792344166,17.806800631211388,30.347017720476625,-9.06179723173516,266.8641545220819,7.3448202054794525,170.87089358732877,6.290311073059361,0.08204908675799086,A01_25478,CONTROL,False
121.6146954830194,53.583536661091436,28.525826226609368,55.64560108901517,-28.11357377283105,792.2506228038873,15.652111872146119,142.3107896682363,12.467537100456621,0.06314212328767123,A01_25478,AESTHETIC,False
145.21428991367006,58.00230301086731,32.51972535589579,62.840906508077765,-19.281674514840184,333.6961622430998,8.51027397260274,141.04368307363012,7.005208333333333,0.0574343607305936,A01_6127,CONTROL,True
133.757853918379,57.66899203378186,29.344158496732025,49.07872534662701,-15.424871575342467,332.32913573942596,7.039454908675799,117.12981747431506,8.553082191780822,0.07990867579908677,A01_6127,BASE,True
132.52918917451484,52.4256072395523,35.884426201987644,64.53207785411192,-18.42638056506849,493.7485047012074,11.936715182648403,124.32075577268834,9.574058219178081,0.050299657534246575,A01_6127,AESTHETIC,True
139.18707534603308,54.04981448102296,28.289457706598622,53.84807188114725,-16.654869434931506,383.7180032384584,9.986087328767123,151.54895913099313,4.772759703196347,0.07313070776255708,A01_7,CONTROL,True
130.2786385402397,45.14916107612689,28.763816142895514,60.634264419271126,-24.35796946347032,889.5244058325338,16.810074200913242,134.39134115368148,4.280108447488584,0.07990867579908677,A01_7,AESTHETIC,True
130.25203216466892,55.84761050753568,24.81455227639001,37.77992484213127,-4.321639554794521,818.5257487452446,15.654252283105022,121.79458999571918,6.82113299086758,0.4933647260273973,A01_7,BASE,True
127.39490518336186,53.79096309798376,14.972688076372101,19.07543643997646,7.193432505707762,322.076130406052,9.347531392694064,163.14135428510272,5.383133561643835,3.3233447488584478,A01_85,BASE,False
126.66685668878426,51.96336633866735,9.79580619348196,15.821658395457677,-2.3319313641552513,504.91904857927324,11.908889840182649,134.83198032962326,10.606806506849315,0.08169235159817352,A01_85,AESTHETIC,False
142.64672353952628,53.20723108189672,17.253433051302714,27.711421726787222,-5.476744434931507,222.08450641718858,6.496860730593608,164.22705120291096,6.372003424657533,0.07277397260273973,A01_85,CONTROL,False
142.27059923444634,57.98378117178658,22.135611122302805,31.62575719831532,-25.057273829908677,958.3501097285895,15.200485159817351,169.61363685145548,4.568350456621005,1.3427511415525113,A02_25478,CONTROL,True
130.18264465396686,61.62845326808669,17.041724024084523,23.46503207406751,-12.91148330479452,1087.930869259015,20.66103025114155,145.26617708047942,8.00906107305936,1.2963755707762556,A02_25478,BASE,True
122.29514616295663,56.65802935448379,37.326015366192145,49.185955820643485,-49.25276113013699,874.255027424168,15.859018264840183,147.5444755115582,6.969534817351598,0.16302796803652966,A02_25478,AESTHETIC,True
136.81194696775114,54.67232831613485,22.434320160712687,40.39852684911522,-25.081728025114156,631.8991564373954,10.898972602739725,126.79011879494861,6.320633561643836,0.11094463470319635,A02_6127,BASE,True
131.90587868150686,61.38625920712764,38.91028040782523,59.274733395155316,-47.019149543378994,1156.0783561564297,15.82976598173516,119.88799846318494,8.53988299086758,1.8653681506849313,A02_6127,CONTROL,True
127.23831526398399,57.1909198715488,37.7089614670069,61.17211072540378,-49.24743864155251,614.0709025948797,11.350599315068493,109.88667708261984,11.40625,0.6478310502283104,A02_6127,AESTHETIC,True
125.42437470390982,58.07129314337709,30.737195306204676,50.07926240430111,-34.33793164954338,1032.9946958487508,14.59581906392694,134.8945521489726,6.504352168949771,5.740938926940639,A02_7,CONTROL,True
122.91899217109017,60.57333962258117,23.8415844077357,39.66393783030106,-22.83040453767123,881.3861062757284,12.761843607305936,129.08138198416094,7.1878567351598175,3.5866152968036533,A02_7,BASE,True
108.50109253995434,58.45900210447247,39.368034571134395,56.45414415364807,-45.23330479452055,977.3665152577887,14.536244292237443,111.01542915025685,9.621147260273972,1.5171946347031964,A02_7,AESTHETIC,True
134.42412030465184,54.131008303433205,19.5675516496553,29.081634354480748,-22.942761843607308,1016.4842650493675,17.22424372146119,152.19675026327053,5.059931506849315,0.14483447488584475,A02_85,AESTHETIC,False
138.82563180650683,63.48470837713465,9.38257817396365,16.04120578207071,-3.953553082191781,1114.1531692496164,14.698202054794521,154.24642960616436,5.9603310502283104,4.41138698630137,A02_85,BASE,False
145.65528913027967,58.36272625207475,14.14672027486794,21.299911187669206,-10.514487014840183,877.2811546017365,14.91937785388128,160.55328002568493,6.85466609589041,1.1865011415525115,A02_85,CONTROL,False
128.00229069063926,53.902373792330515,14.37295891530128,17.63539927988565,1.6457762557077626,364.2033332624241,7.59168093607306,163.42131147474316,5.887557077625571,0.2746860730593607,A04_25478,BASE,True
144.62657613655819,49.248037581339304,15.534562740621364,25.806585063035826,-17.949290097031962,333.35639752025844,5.7380850456621,174.16324524400684,4.371075913242009,3.8427511415525113,A04_25478,AESTHETIC,True
136.28532296803652,47.24812345400928,17.072822936252127,21.921833497780966,-15.85185502283105,313.2692104021402,5.582905251141552,168.6682425984589,3.9330051369863015,0.05136986301369863,A04_25478,CONTROL,True
134.6051256920662,52.401962732026234,15.628058129644552,22.311544316316994,-8.832198915525113,350.4165096046462,6.611015981735161,128.57363153467466,6.4840182648401825,0.4398544520547945,A04_6127,CONTROL,True
130.66220534960047,57.10604942161104,14.172332460381416,18.128030706800768,-7.764162385844749,611.7974583920968,9.445276826484019,126.6264869541952,9.988941210045663,1.5539383561643836,A04_6127,BASE,True
127.03981279323631,49.73178648206501,20.487774476228847,31.22987785683857,-18.493618007990868,749.5047849178156,8.416809360730594,114.62316026113012,4.43421803652968,1.0380993150684932,A04_6127,AESTHETIC,True
132.5807943728596,52.25611253899098,15.361995254722894,19.2832847462541,-7.174718179223745,380.1797643780559,7.954837328767124,136.8629248672945,6.862157534246576,0.1805079908675799,A04_7,CONTROL,True
138.0116420647831,52.19146616244876,14.641457382039576,20.890093219426795,-14.722196061643835,541.3051241698985,10.446989155251142,142.94889880136986,5.982448630136986,0.9371432648401826,A04_7,AESTHETIC,True
128.8914501655251,61.13639974441965,10.681543222311758,12.328692852321218,-3.7908390410958903,675.3982544280769,12.001997716894977,137.47873591181505,11.978809931506849,0.7673373287671234,A04_7,BASE,True
129.62649431292806,42.11538114701306,19.21116762915212,27.923319619857068,-12.25398473173516,929.9425663208611,15.459831621004566,144.18468171875,4.326840753424658,0.05351027397260274,A04_85,AESTHETIC,True
128.71161939783104,59.9109563454264,10.864100691646522,12.160393371309944,-10.828981164383562,459.71744242636595,8.094677511415526,150.4619950813356,12.572417237442924,0.228310502283105,A04_85,BASE,True
139.60428617722602,48.180337448525684,14.070654546065004,19.63455962667089,-15.007798230593608,276.10213740089137,5.920733447488584,162.36592806506852,4.920091324200913,0.08240582191780822,A04_85,CONTROL,True
102.2465461586758,57.92285764499583,37.95787727191334,60.19444109815718,-28.65719178082192,2291.634584695473,26.629922945205482,119.60736678296233,14.389269406392694,0.4441352739726028,A07_25478,AESTHETIC,True
115.57796625142693,59.856727311127145,28.468775181305404,54.22646672892358,-8.080543664383562,2349.0862180646695,26.419449200913242,128.15529159032533,12.932006278538813,0.8761415525114156,A07_25478,CONTROL,True
106.52654946917808,58.25572963583142,34.52532120153998,61.33308057306791,-8.45174086757991,2891.5649629696763,27.164312214611876,117.05162125642121,14.033604452054796,0.557933789954338,A07_25478,BASE,True
122.06194779180936,59.993165548475844,34.71355985316501,67.85643190004414,-22.48073986872146,1659.2500285363187,18.37007705479452,107.16175840967465,10.43093607305936,0.08525970319634704,A07_6127,BASE,True
124.32915277611299,60.979646220879864,26.395336702032417,53.616550646395055,-17.99744220890411,1793.3005599111045,21.586044520547944,115.92394386986301,11.827197488584474,0.2490011415525114,A07_6127,CONTROL,True
120.4402732762557,59.32256015715228,35.55489524576954,64.52850570837222,-29.480279680365296,1833.7084465966955,18.885202625570777,107.72234455693493,14.782391552511415,0.097388698630137,A07_6127,AESTHETIC,True
104.92785088256278,56.15178431401196,41.1966282232071,62.33715284379926,-28.459036101598173,3154.552116123189,31.03988299086758,114.5150324379281,16.23251997716895,0.4619720319634703,A07_7,AESTHETIC,True
112.30642217822489,66.18160655075441,38.112209295818786,77.962467636286,8.589223030821918,2762.715663055772,28.23915525114155,119.32030798159245,18.320847602739725,1.5689212328767121,A07_7,BASE,True
119.38850604023972,51.67378720079816,24.843397461724418,55.445450002153855,6.31591752283105,2559.5130588206903,24.98787100456621,121.07205185145547,6.5079195205479445,2.309146689497717,A07_7,CONTROL,True
119.99445166523971,56.708178859773184,25.44974930611514,53.245102087196464,-15.560352454337899,3365.5183041052805,26.13049372146119,121.39656532106164,12.284888698630137,0.918236301369863,A07_85,CONTROL,False
110.06502213398971,52.33940898082631,28.706662973408545,50.65990085831609,5.158165667808219,2764.9150098736936,27.95733447488584,104.0037894327911,8.415382420091325,0.7666238584474886,A07_85,BASE,False
118.19862409317922,58.234490517550505,30.066559786014867,47.54325160931838,-34.26527183219178,2453.1598039332557,27.45790525114155,120.95735170804794,14.632562785388128,0.0684931506849315,A07_85,AESTHETIC,False
125.96507777040524,67.24983800315145,36.37434248813681,47.185023359770426,40.74573701484018,2115.2304701292433,18.665810502283104,140.54519076840754,4.834118150684931,15.828695776255708,A08_25478,CONTROL,True
106.6324324707477,69.86499766303082,44.840382699883605,49.61791051456431,38.53427868150685,2399.5440845857015,21.668093607305934,120.32124746361302,10.850099885844749,11.684860159817353,A08_25478,AESTHETIC,True
123.24478865938926,72.75546086921408,39.00641004118543,46.119091772902856,40.26126926369863,2194.7564861537385,23.31085901826484,137.4190450813356,13.208476027397259,5.528681506849315,A08_25478,BASE,True
123.70560907605594,59.3727957975555,33.77761829617692,54.04453432787358,33.91686287100457,1498.5880426491415,16.810074200913242,119.38760857876711,7.165739155251141,0.2725456621004566,A08_6127,CONTROL,True
101.78303614726028,53.52368569877998,51.10654769898828,78.12045615382195,29.059560502283105,1297.5185475222415,18.019406392694066,108.57061259417807,19.829837328767123,0.15054223744292236,A08_6127,AESTHETIC,True
109.89906645690638,51.00196085741032,49.3318602269675,72.49879850592251,38.06466181506849,727.1211688679485,15.721318493150685,117.077551213613,11.889626141552512,0.05493721461187214,A08_6127,BASE,True
92.39799244363584,60.47125009691223,52.07632453666399,62.05469810728448,31.38156035958904,1932.3345903940094,21.241081621004565,102.35652882491436,26.598886986301366,0.4023972602739726,A08_7,AESTHETIC,True
116.43852109018263,62.319353098578645,39.12351989882711,52.94597553972097,32.60687785388128,1523.4333421026147,17.935930365296805,127.86186707619864,8.641909246575343,2.0540810502283104,A08_7,CONTROL,True
105.3747032255993,57.503835053339955,44.298676862297434,55.29334722727864,36.85524757420092,1079.4616117164207,18.00121289954338,122.39568590111301,13.559503424657535,0.27218892694063923,A08_7,BASE,True
108.01421363299087,61.34671477410895,48.72374429223744,59.67751771101562,53.630607876712325,1705.1465348994495,23.779252283105023,130.9115089918664,7.813926940639269,3.6347745433789957,A08_85,BASE,True
94.74074627425799,52.635133918883504,54.38931137523503,56.76285490702,51.23943350456621,1989.3809025283485,22.81749429223744,110.4643504302226,12.713327625570775,3.6144406392694064,A08_85,AESTHETIC,True
117.91682288027968,52.17369952647709,35.26912520145045,49.433610781934334,37.699268692922374,1380.7776711300505,16.311001712328768,132.15495389340754,5.314640410958904,5.800513698630137,A08_85,CONTROL,True
105.35943155821917,61.960084063913925,22.84581766496553,31.56072629532165,-15.16244292237443,1994.8988292840713,21.624215182648403,125.71430555864724,19.660031392694062,0.2828909817351598,A09_25478,CONTROL,True
95.92125142408676,61.7459177555917,34.78074777285343,43.294007588696346,-26.637057648401825,2361.0050988983967,25.357448630136986,117.16038020976026,21.419805936073057,0.9360730593607305,A09_25478,AESTHETIC,True
108.72841641909247,65.41112700029348,17.28401294878682,20.041735684112364,3.8837721175799085,1400.1863189387516,15.921446917808218,135.07847463827054,21.076626712328768,0.2689783105022831,A09_25478,BASE,True
128.72962851241437,74.62613693797829,27.427160276210945,38.56727950156551,-7.6037492865296805,1795.2682089058605,18.778182077625573,121.28473505565067,17.136130136986303,0.24507705479452055,A09_6127,BASE,True
115.6705122452911,84.45578556201914,22.666606511325995,21.772937243150864,1.324818065068493,1730.9330951795775,16.213969748858446,120.54740100385274,31.650613584474886,1.0423801369863013,A09_6127,CONTROL,True
113.53051223530251,67.85917585870578,35.134889258214706,41.79644983358697,-12.204812357305936,2392.716825411318,22.9255850456621,100.64821046232876,20.094178082191778,0.4241581050228311,A09_6127,AESTHETIC,True
106.72615089683217,58.618253880964964,27.497392335929806,35.0219608602223,1.3987407248858448,1775.4569740898971,24.26155821917808,118.67052221532533,14.523401826484017,0.2975171232876712,A09_7,CONTROL,True
103.21117945633561,60.003593074959,16.908007095532277,18.165073227479827,1.548009417808219,1965.0418432131053,22.697274543378995,112.1479570098459,18.846318493150687,2.2902397260273974,A09_7,BASE,True
100.46179265696347,58.37936434603054,31.605771275405143,52.211147928504275,-19.898644406392695,2954.543735147794,26.62171803652968,105.69764209974315,17.877425799086758,1.2671232876712328,A09_7,AESTHETIC,True
105.58372192137556,68.94407620197617,20.032173314531292,22.05762228978167,-2.035463042237443,2012.2311899701338,25.485516552511417,115.5945740817637,20.76234303652968,1.7397973744292237,A09_85,CONTROL,False
100.57501387057648,60.0123518566396,37.512453554481155,40.16547105382388,-36.39546589611872,3414.825823984905,25.46910673515982,118.47464790239725,17.825699200913242,0.545804794520548,A09_85,AESTHETIC,False
139.60548475099884,65.4523924841253,1.0518469088548663,1.591438009287873,1.2061822203196346,2030.2622689320795,16.37200342465753,153.3005204880137,12.87171803652968,1.2043378995433789,A09_85,BASE,False
115.2621871275685,56.19438551649617,45.376349997761665,49.60945217645417,-10.611750856164383,653.7803098342471,12.277397260273974,162.90904970676368,9.704266552511417,0.194777397260274,A11_25478,AESTHETIC,True
141.87664731093037,69.19235168479968,24.802669498164562,46.61432671183946,16.356938498858447,1516.8352846404373,14.894049657534246,137.7988441973459,12.161101598173515,4.275114155251142,A11_25478,CONTROL,True
124.00498569777398,53.285999559314604,31.240461881099474,39.60566965126819,12.09203053652968,434.54402013310573,7.903824200913243,172.88661700984588,5.709546232876712,0.05886130136986301,A11_25478,BASE,True
117.44565440496575,61.13494492750406,44.655139224639626,59.17845674937071,6.530857591324201,920.3518441316044,16.552154680365298,110.48934127568492,10.399900114155251,2.8767123287671232,A11_6127,BASE,True
135.89444744791666,55.63375381629159,40.541213403169486,66.01776121772104,15.442954480593608,917.895817414014,15.160530821917808,123.89827964469175,5.7027682648401825,1.080550799086758,A11_6127,CONTROL,True
101.44752397260274,56.02402240988639,49.71275125346943,66.7434322869693,5.6711472602739725,1357.820228602895,21.409460616438356,96.3276914233733,12.46361301369863,0.2975171232876712,A11_6127,AESTHETIC,True
103.42484175799086,53.31255021266556,46.511579203599254,63.77989396315046,-0.07017694063926941,1490.7132007035482,22.589183789954337,111.63046865154108,13.216680936073057,0.4077482876712329,A11_7,AESTHETIC,True
142.97749559218036,63.736655081817915,20.667339567105383,28.60225728219012,-6.043428938356165,853.1164689148475,11.641695205479452,144.04220597388698,8.957263127853881,3.5448772831050226,A11_7,BASE,True
142.2678649129566,71.21153327290263,33.608984689766324,55.62482749111296,-13.331014554794521,1227.690092063734,17.41688070776256,127.70282133347602,7.9691067351598175,8.89412100456621,A11_7,CONTROL,True
156.05698698915523,42.96865537235452,27.800722143880385,50.58397608380736,18.676555365296803,410.08515821080897,7.7311643835616435,167.6193385916096,2.8667237442922375,0.5404537671232876,A11_85,CONTROL,True
122.95646098458903,54.44722376186548,28.790592264302983,37.42336661349873,15.16414098173516,522.8622038536193,9.333618721461187,163.74105020333903,6.755493721461186,2.150042808219178,A11_85,BASE,True
115.80831884703196,47.60100302847084,37.105978321693975,43.96506522150271,10.205308219178082,893.6022142578731,13.673658675799086,152.78250440282534,8.076127283105022,0.08276255707762557,A11_85,AESTHETIC,True
135.93968137913814,64.57457310477459,17.210971774554572,32.75860297925459,-20.22986943493151,844.3405988052015,10.88077910958904,164.34983736301368,11.239654680365296,1.6259988584474885,A13_25478,BASE,False
120.38234380707762,48.873339120950554,35.74533446369416,48.55273666700036,-52.68781392694064,316.97504509908964,6.63384703196347,133.85472375642124,6.670590753424658,0.6217893835616438,A13_25478,AESTHETIC,False
138.97548702839612,57.061349239445995,21.662199782881192,39.77701402964979,-30.507487871004567,862.0402131319507,15.133775684931509,178.06529126070205,7.305222602739726,2.092251712328767,A13_25478,CONTROL,False
131.49698787385844,56.1933949684673,32.703025673739816,59.059925255879776,-40.59744577625571,947.2133905815764,12.50249714611872,122.40841532962328,9.466324200913242,4.611158675799087,A13_6127,CONTROL,True
124.9454004901541,59.35121760252535,43.05512887232519,68.58105009190282,-55.20287885273972,599.4525007605056,10.727739726027398,114.69060908176368,10.875071347031962,1.0955336757990868,A13_6127,AESTHETIC,True
137.76966916452625,57.68934100508465,30.384128223207092,50.818199755007825,-37.988516695205476,433.3503525447433,8.601241438356166,120.99713619434931,7.311287100456621,6.48722888127854,A13_6127,BASE,True
131.23384367722602,63.555147453416915,38.67167494851822,61.47032889633682,-45.42126855022831,1187.857411813712,15.032462899543377,139.70394199914384,7.086900684931507,3.11964897260274,A13_7,CONTROL,True
120.85200109232305,58.44729166602263,52.05172659817352,65.7545360573396,-68.76710545091325,601.4430156679529,12.102240296803652,127.23442908818492,7.118293378995435,1.1793664383561644,A13_7,AESTHETIC,True
133.89857313070775,63.749564970749844,30.522654781090523,42.584096848111926,-28.41853595890411,861.4213842129374,14.260131278538813,135.71663836472604,8.446061643835616,3.0871860730593608,A13_7,BASE,True
144.6306450742009,54.491112221168734,16.817631390455727,28.021735110562894,-4.964754566210046,747.5551378781392,12.71154394977169,165.94891174871574,4.471318493150685,2.6901398401826486,A13_85,BASE,True
142.0518540168379,52.50427124360541,22.143715305757006,34.232812496308526,-26.54054651826484,1045.0984922189382,15.248287671232877,173.82013132491437,3.45498002283105,2.3908390410958904,A13_85,CONTROL,True
129.71761290953197,43.40466840264396,39.08227292058376,43.43527967624171,-55.93800656392694,847.3994746178353,13.882348744292235,155.71343023330476,4.559432077625571,0.34960045662100453,A13_85,AESTHETIC,True
104.72708377069064,54.34369262070643,38.95659582326081,55.059425712912315,-40.39810573630137,706.6201384913161,14.323273401826484,116.62878267979453,8.54523401826484,0.3567351598173516,A15_25478,AESTHETIC,True
106.9952217686929,62.445820386964975,28.284533362431734,38.15204401901749,-1.925881135844749,1497.26153556577,17.22210331050228,122.21685870291094,16.016338470319635,0.4009703196347032,A15_25478,BASE,True
123.07774382277398,59.0819158993191,19.307100008953352,26.272452288096698,-2.7279894406392695,888.3540370324795,16.340967465753426,135.50166290453765,8.623002283105023,0.32926655251141557,A15_25478,CONTROL,True
133.92731774900116,60.87509262997181,29.874040312472022,44.02768278817075,-10.78460687785388,1283.6024817313598,15.968179223744292,142.48195731378425,8.9412100456621,0.6824343607305936,A15_6127,CONTROL,False
119.04166278538811,66.6491225737338,33.533464555913696,38.10576927842271,-21.08002283105023,3309.2210439286237,33.8548801369863,118.0427225214041,11.95597888127854,2.8613727168949774,A15_6127,AESTHETIC,False
138.3445111394121,58.81451681452555,29.954987017638103,46.687142463302564,-26.521393407534248,1046.7294305870423,11.762271689497716,135.0073166031678,9.812000570776256,0.3770690639269406,A15_6127,BASE,False
127.30531319277966,60.93078850453095,25.110460594054974,40.215151018295586,-7.658030108447488,1823.7278348714892,21.57855308219178,142.08637852953765,9.715682077625571,3.3344035388127855,A15_7,CONTROL,False
127.50099920947487,74.46638513778291,14.406377305488407,27.474480439119613,-10.351669520547945,1241.4643312547275,14.422089041095889,117.81230508347603,19.366438356164384,4.168807077625571,A15_7,BASE,False
125.01658574914386,64.49799368166556,27.026420785209062,49.87911938954981,-25.83471033105023,3027.8507297472647,27.858518835616437,121.72658944777396,13.605522260273972,3.114654680365297,A15_7,AESTHETIC,False
113.5568513869863,62.836021159590935,30.69285102739726,29.808566888202204,-28.116552511415524,2726.5082953859237,29.173087899543376,111.8147146896404,15.634988584474884,2.4689640410958904,A15_85,AESTHETIC,False
138.58571261272832,52.10640736748533,16.534509580087743,24.166025356561498,-15.873137842465754,1457.9988617605238,14.505565068493151,143.10091330479452,5.032106164383562,0.3075057077625571,A15_85,BASE,False
127.77431512414383,62.60220577161097,15.00563081967947,17.725176918836897,4.56353453196347,1368.1052955746145,24.273687214611872,140.33904047945205,7.711900684931507,0.49372146118721466,A15_85,CONTROL,False
145.4851793956906,65.82101366132292,14.473503670874742,23.148541073142848,-7.145494434931507,701.441334193112,10.56827910958904,160.647061645976,9.332191780821917,0.1016695205479452,A22_25478,CONTROL,True
140.5014809175228,64.40910640590336,12.606641429402812,21.360658374114024,6.8634203767123285,1323.2647448393611,14.154894406392692,160.13880103381848,6.08304794520548,0.10488013698630137,A22_25478,BASE,True
122.21612074200912,60.98552296948656,26.18836595711344,44.759159626464566,-32.829880136986304,537.2820792661937,9.297231735159817,143.8070325214041,8.478881278538813,0.08383276255707763,A22_25478,AESTHETIC,True
137.67496597745432,56.408674718865385,25.720091603993197,40.041298762004466,-18.892786815068494,391.6817483683337,8.078624429223744,127.8535146061644,7.76398401826484,0.05565068493150685,A22_6127,BASE,True
142.3623582113299,60.13780251650172,31.713214309696486,56.68273165886734,-36.31554295091324,351.85385433758955,7.454694634703197,137.26958946703766,8.087542808219178,0.09988584474885845,A22_6127,CONTROL,True
120.57026633490297,54.595468955634296,41.30023670427075,58.24797924179664,-58.06443707191781,397.8711517705711,6.975599315068493,109.02263441352737,8.701484018264841,0.3242722602739726,A22_6127,AESTHETIC,True
148.27837741937788,56.066724437907205,22.91943241337631,46.618804823767576,-22.169145976027398,443.503111533235,8.989012557077626,140.25285191780821,7.828909817351598,0.19335045662100456,A22_7,CONTROL,True
118.30092668878423,61.34552909594685,33.28749496373892,59.90265890868176,-42.45168022260274,797.5203768263538,11.496147260273974,103.37999002140411,16.29958618721461,1.0776969178082192,A22_7,AESTHETIC,True
135.57634108447488,59.18473221167302,13.259546512668997,20.753643705689004,-5.048487442922374,884.6037856376287,10.400256849315069,139.83504258561643,7.9452054794520555,0.06242865296803653,A22_7,BASE,True
124.04808220319634,48.36223128088657,37.61984482720029,55.36379501681157,-55.76783675799087,364.0266532770721,6.979880136986301,120.35162260702054,6.461187214611871,0.0574343607305936,A22_85,AESTHETIC,True
158.8422046247146,53.78813485674988,6.487367378458233,12.875618745892528,1.754216609589041,432.2786899395916,6.813641552511415,174.07658757491438,2.950913242009132,0.08561643835616438,A22_85,BASE,True
144.06035462114727,55.41289663833899,28.344986681887367,48.88070812492259,-40.38737514269406,266.0913630182596,6.157248858447488,146.77024350385273,6.084831621004566,0.2914526255707762,A22_85,CONTROL,True
150.1071822674087,56.94530112366053,19.073961690840722,36.599200281301925,-7.640189783105023,473.28800920477505,8.541309931506849,175.9383981464041,4.234446347031963,3.078624429223744,A25_25478,CONTROL,True
122.04186772617007,63.87933613141873,30.656578755931594,40.998838696249386,-27.29148473173516,333.9190562202802,5.76234303652968,166.36086458261985,13.24914383561644,1.3695062785388128,A25_25478,AESTHETIC,True
137.01277511058788,59.42129664308894,20.359982149252396,29.534862596396227,4.192997288812785,357.6970976371381,7.354808789954339,166.53518991652396,9.408533105022832,1.9513413242009132,A25_25478,BASE,True
124.39812364226599,59.47465742003161,32.9874009535321,48.336321615321964,-16.22660174086758,562.2342824002978,9.044663242009133,131.56809857020545,12.170733447488583,3.6608162100456623,A25_6127,AESTHETIC,True
146.0492264733162,55.031499876476076,29.038311957202975,55.10547155514798,-14.70074557648402,744.4755373504563,12.062642694063927,135.26622148116437,4.967180365296803,3.0522260273972606,A25_6127,CONTROL,True
130.70169615510844,60.779033956807744,28.016777744202702,40.94708369276554,-2.1058326198630137,674.5788937487946,11.679865867579908,128.46807384631848,9.644691780821917,5.13734303652968,A25_6127,BASE,True
144.68912211401255,58.7701967843696,21.779988136807237,35.58095720913605,-3.1836865011415525,662.6304064381717,9.877283105022832,174.88613753638697,6.791880707762557,0.7327340182648402,A25_7,CONTROL,True
127.31188776755137,59.05714137404293,28.069745221147823,41.589377893702945,-13.163152825342467,569.6656225959954,10.072417237442922,156.0825631656678,8.558433219178083,0.19121004566210045,A25_7,AESTHETIC,True
131.53769162100457,62.991586770274125,26.927066545796404,35.87705812281226,8.339954337899544,738.6380781357508,12.000570776255708,158.10324317636986,13.159246575342465,0.5236872146118722,A25_7,BASE,True
138.63838995362443,69.87309899088433,23.414496877518133,30.636843645266577,19.47999785958904,593.7101426178607,11.85751997716895,173.14436833690067,11.640981735159817,3.369720319634703,A25_85,BASE,True
129.37807744292238,62.706114226616414,25.146451674277017,32.815210428386315,-2.9793664383561644,325.58730742276225,7.43792808219178,164.57510407748288,11.137628424657533,0.08133561643835617,A25_85,AESTHETIC,True
152.0107141010274,56.40575909804191,21.723727504700513,39.46254690433758,16.97589897260274,580.6749807068661,11.273544520547945,167.92270131635274,3.013341894977169,5.381706621004566,A25_85,CONTROL,True
123.32727877853883,60.76969144367162,16.787117244157937,26.67554812457328,-10.515011415525114,1400.5277650853643,21.56107305936073,137.5484161943493,13.286957762557078,2.3790667808219177,A26_25478,BASE,True
141.0094777504281,65.69054782413221,18.458600534962844,31.937098302075718,-19.718717893835617,946.344654114402,14.53517408675799,175.788525901113,11.25392408675799,3.7371575342465753,A26_25478,CONTROL,True
119.87844660887556,60.12096258030128,30.06270704628884,47.34324938964618,-35.69408889840182,1121.334042855425,18.224172374429223,140.13527082191783,12.024472031963471,1.6317066210045663,A26_25478,AESTHETIC,True
118.22373012628424,63.96126808698932,38.83951814173158,65.57859806507113,-44.006282106164385,693.6099302576526,12.160031392694064,100.37719682363013,15.676726598173515,2.1882134703196345,A26_6127,AESTHETIC,True
120.6793584974315,56.93261201915727,29.794091066792014,51.724728184463686,-36.85221889269406,732.8314045779058,11.138341894977168,106.57558662029109,8.196347031963471,4.081763698630137,A26_6127,BASE,True
125.6699825263984,57.65014422320138,28.309513217387416,56.29368048136701,-37.961262128995436,597.7036883014631,9.382848173515981,116.89301776113012,9.637200342465754,2.8531678082191783,A26_6127,CONTROL,True
123.15601257634133,69.65818995002509,30.251752898648043,46.854416401041014,-32.24861230022831,1162.6852295862454,14.449557648401825,133.09219118578764,12.856378424657533,6.05593607305936,A26_7,CONTROL,True
114.51687825770549,67.58153048775375,37.39938529635599,55.42704000809976,-39.36018122146119,1254.4247111780928,16.06271404109589,111.5684169927226,15.075984589041097,0.2646974885844749,A26_7,AESTHETIC,True
127.15237040453766,67.76162840396816,22.599012892828366,35.76930759552575,-21.690378852739727,1040.8426189637312,13.95084189497717,129.02993950128422,10.958547374429225,0.7794663242009132,A26_7,BASE,True
119.36974056578195,70.14503353588081,25.65076327334587,25.038815055253956,-19.368696489726027,2900.5619450503546,24.746361301369863,136.89802751284248,19.392836757990867,0.2918093607305936,A26_85,AESTHETIC,False
125.21595634203766,68.21290463517201,16.73562707046289,21.7874138963461,-9.733850599315069,1347.6091035306008,19.21875,140.85079866866437,17.053724315068493,1.3256278538812787,A26_85,CONTROL,False
138.99433498073628,67.52891300201108,7.302095923986033,8.922411473247791,-3.8194527682648403,2123.874410789119,24.11351312785388,156.16251991010273,10.330336757990867,3.600171232876712,A26_85,BASE,False
101.06340432006277,61.681986528372406,36.52807016071269,36.71863574968148,-31.91746218607306,2859.9712046017853,22.643764269406393,93.72153095034244,16.723744292237445,0.9389269406392694,A27_25478,AESTHETIC,True
120.65244213184931,54.07049911266603,18.237796859611425,25.769594372095007,-9.048216324200913,1451.8182203515084,18.731449771689498,110.27728729023971,8.594820205479452,1.013484589041096,A27_25478,BASE,True
131.30902144763127,60.40432859346654,15.684769227325635,24.397536816158965,-7.664144549086758,1678.166811967015,19.60794805936073,147.07385973244862,7.0576484018264845,9.275470890410958,A27_25478,CONTROL,True
114.7044812664098,64.96416685254772,38.68012467544096,55.83021520432738,-39.55481949200913,1541.5758964522317,19.699985730593607,98.6231630458048,15.74093892694064,0.7766124429223744,A27_6127,AESTHETIC,True
124.43983907034816,57.726003496801944,22.411749317306832,42.625699919005804,-15.79577982305936,1009.0595867522491,15.930008561643834,103.06742514126712,7.391909246575342,0.8069349315068494,A27_6127,BASE,True
129.42113607377283,61.93523833305534,28.76167852985943,53.14274875821469,-31.487132562785387,938.7590566687953,13.610516552511415,124.71143077696918,9.125998858447488,1.8646546803652968,A27_6127,CONTROL,True
131.4932636829338,48.38790288200055,23.422882252215956,38.561457728604836,-22.49170234018265,1032.547813005324,16.58675799086758,148.15207252996578,5.28289098173516,1.1636700913242009,A27_7,CONTROL,True
122.67260140339609,46.8071240708913,31.188717096427613,55.23980260962203,-42.119773829908674,643.8889501037871,11.049158105022832,119.57751222388697,6.610302511415525,0.2286672374429224,A27_7,AESTHETIC,True
130.78861728453197,57.20855653167148,17.746045136090967,24.26408815196748,-10.155629280821918,797.6200789832412,10.529038242009133,136.23424582191782,6.198630136986302,0.2461472602739726,A27_7,BASE,True
130.56953508204907,55.63266608474456,19.075539719312385,29.94005601271807,-18.537967323059362,1149.0132146061785,16.219320776255707,126.0232133197774,9.274400684931507,2.8010844748858448,A27_85,AESTHETIC,True
143.7820119092466,58.512643989984845,9.709234264482049,13.103334805629858,-2.4826341324200913,1302.6546917490066,15.74343607305936,150.56803758133563,5.820847602739726,3.6094463470319638,A27_85,BASE,True
145.0435782648402,62.04648523474945,11.727815269943594,18.097887421898275,-5.990211187214612,1327.491495871106,16.86822203196347,159.3551278339041,4.436715182648402,6.554651826484019,A27_85,CONTROL,True
138.8417244449201,56.02048672725657,22.069519988360643,38.038997352192766,-9.834125285388128,832.8260321687458,11.787956621004566,155.2274152547089,6.120505136986301,2.0184075342465753,B01_25478,BASE,True
131.6453515603596,54.52434119785449,31.10967297878056,56.32833105462153,-43.534485587899546,717.6095490524996,8.821347031963471,141.91758181292806,6.727668378995435,2.535673515981735,B01_25478,AESTHETIC,True
132.07847922517124,55.55984716076782,24.454981421792464,45.249039031698004,-22.33148544520548,828.6974592420789,10.45662100456621,146.12300706549658,6.298159246575342,3.0807648401826486,B01_25478,CONTROL,True
129.78586866723742,67.15890294772274,36.27790928015042,69.79077830656796,-40.402782534246576,898.2404814873873,11.01705194063927,100.96860086044519,9.330764840182649,1.4408533105022832,B01_6127,AESTHETIC,True
140.89333830265412,61.943356195668805,26.1935393164115,51.05508643339012,-18.270480165525115,876.7898438762419,12.02875285388128,125.99724578553082,7.332691210045662,3.025827625570776,B01_6127,BASE,True
131.62376674158105,66.41378709010147,35.23638950443191,68.31257955625911,-33.536276398401824,951.8793930504402,11.83611586757991,106.18339989726027,9.125998858447488,2.4486301369863015,B01_6127,CONTROL,True
139.24469636058788,66.56545816628282,25.164944545169668,44.3718625757479,-20.492219606164383,1007.3526861621896,11.908889840182649,124.77236191994864,8.032248858447488,5.988869863013699,B01_7,BASE,True
147.13813671090182,68.82825503761109,29.674906549377745,58.28355282907535,-34.2679723173516,988.2983873234156,12.015196917808218,132.50809010702054,6.152254566210045,5.544021118721462,B01_7,AESTHETIC,True
140.15110460473744,74.19912234834173,33.069443045483034,59.4534552932121,-25.9916024543379,1221.6658481365698,13.50206906392694,133.68606859803083,9.996789383561644,5.497645547945205,B01_7,CONTROL,True
141.28525042594177,62.283929920703564,16.183858503447045,31.318909904299133,-8.008636558219179,901.1533933744747,13.493150684931507,135.51812282748287,5.8822060502283104,7.073344748858447,B01_85,CONTROL,True
146.90388748644406,61.084877185208676,0.7536149162861493,1.4376583378888588,0.737396546803653,958.5081342955647,13.95084189497717,156.94524373287672,6.136558219178082,4.341466894977168,B01_85,BASE,True
144.05266559218035,62.2613017120041,14.203996552959085,19.14911498176351,-16.168286244292236,854.2618619614393,13.800299657534246,152.3860394178082,5.825128424657534,4.499857305936073,B01_85,AESTHETIC,True
99.1311079038242,53.08241029929598,43.51851385531382,55.52659983562721,19.063991152968036,2653.7858942302723,27.83675799086758,103.59589555650685,15.57113299086758,0.7491438356164383,B02_25478,AESTHETIC,True
118.02702286815067,62.68081236188493,31.412781750828188,52.81232685448707,26.485145547945205,1918.7069143744397,22.944492009132418,134.87366933219178,15.359232305936073,1.126212899543379,B02_25478,CONTROL,True
100.0791782091895,59.87671041382429,38.70594950308891,47.33365875831061,23.442886700913242,3042.1173825049254,24.765625,94.81824253638698,20.929295091324203,0.23116438356164384,B02_25478,BASE,True
102.42106758775684,51.57865682172885,40.43554285298595,53.97920909077023,39.350388841324204,3550.2946442291654,34.50699200913242,99.61081442636986,12.937357305936073,0.46161529680365293,B02_6127,BASE,True
87.53956150827625,51.45115477727415,43.52615078565673,59.44734460468709,23.77816067351598,3004.7810768441745,29.732448630136986,84.84788866224315,22.20498002283105,1.4661815068493151,B02_6127,AESTHETIC,True
99.9065236586758,57.2518425012509,35.91590842958188,52.175324521106035,32.97582762557077,2653.3602289742903,27.21603881278539,105.09608703553083,19.387842465753423,0.874714611872146,B02_6127,CONTROL,True
102.78643150399543,63.42534547811551,47.218766787536936,56.113875654884964,48.69624714611872,3292.18327454513,34.01291381278539,98.7655816973459,25.279323630136986,0.07919520547945205,B02_7,BASE,False
91.9627696275685,55.40723732711169,41.3921694533978,51.12329618452329,35.66915667808219,2760.5917838977275,28.177083333333336,94.3401980479452,24.13134988584475,0.08276255707762557,B02_7,AESTHETIC,False
108.7438099907249,57.2723524785267,44.25099745948608,67.81457419965541,45.49756349885845,3143.4386755077,28.673301940639266,120.06429131849315,18.51277111872146,0.22652682648401828,B02_7,CONTROL,False
85.39728371789384,50.166864061720304,62.50779501298236,45.88961325067894,68.25095961757991,4695.7697918375,36.38734303652968,86.88480452482877,28.420376712328764,0.11807933789954339,B02_85,AESTHETIC,True
109.56360447274542,57.55716241870862,49.910031392694066,60.260531428546756,62.330461615296805,5231.746043762473,37.070490867579906,116.64386443707191,15.830836187214611,1.0759132420091324,B02_85,CONTROL,True
103.07218184788813,54.57274893018372,48.10255506312114,56.265792829607555,62.27837471461187,2634.9080163802014,23.063284817351597,104.7894675791952,21.93421803652968,0.24686073059360733,B02_85,BASE,True
134.32523864726025,62.09826997357489,42.06744253066524,84.76650641017005,-17.807905251141552,1475.0339292575725,13.839183789954337,143.48250041952056,6.867151826484018,0.8076484018264839,B04_25478,AESTHETIC,True
144.7852289369292,53.46282879278041,34.07528650729698,72.72374579363981,-1.4790168378995434,1001.4084943503392,14.149900114155251,160.18966202268837,4.753852739726028,0.15981735159817353,B04_25478,CONTROL,True
132.83820140696346,51.281478847777436,38.26342583266183,73.64650393423716,7.132662671232877,860.9647165995203,13.962970890410958,149.54496091181505,3.962970890410959,0.5993150684931506,B04_25478,BASE,True
125.32712970390979,67.82033660880418,44.870671613394215,81.63383277261488,-25.38544877283105,1762.4978674437302,16.481164383561644,112.94795327482878,8.67579908675799,2.160388127853881,B04_6127,AESTHETIC,False
140.79501124143837,49.61948819546029,40.04884473766676,80.85175675818412,-6.754266552511416,751.5205206219291,11.348458904109588,139.72213925941782,2.7358019406392695,0.6663812785388128,B04_6127,CONTROL,False
128.93363275613584,52.89611137203223,45.27905502954607,80.40957491195827,-1.0764519121004565,657.0814239035036,10.302868150684931,115.60433257063356,2.9716038812785386,0.3135702054794521,B04_6127,BASE,False
124.80843484589042,58.680879697689655,42.06761040603456,83.62927558891222,-24.254309360730595,1300.6809272342816,14.125998858447488,120.4413512906678,7.9605450913242,0.7074058219178082,B04_7,AESTHETIC,True
124.06308450984591,56.625593536830415,39.019910018802044,71.94230363119016,-4.362503567351598,1224.3298809432547,16.546090182648403,132.0080924058219,8.38220605022831,0.3153538812785388,B04_7,BASE,True
137.51783254851597,48.721393976845796,34.674076965260994,77.9936224499974,-9.269820205479451,878.1017287788496,11.360944634703197,139.2591081035959,4.3782106164383565,0.9895833333333333,B04_7,CONTROL,True
145.08036419021116,57.08837910101742,31.148035298594326,78.07418712285603,19.06138341894977,815.2019295376691,11.290667808219178,152.29729043878424,3.8548801369863015,0.0684931506849315,B04_85,BASE,True
124.08482926797943,50.478467098402255,38.91132263407646,78.34030064801831,-2.4028752853881277,1970.586298789591,20.534032534246574,136.7198138655822,3.9929366438356166,0.48301940639269403,B04_85,AESTHETIC,True
136.8866485523687,49.56561324095333,30.579223184707672,64.03530875943642,6.431867151826484,1210.0616198109187,15.23972602739726,159.72326588827053,2.0201912100456623,2.415810502283105,B04_85,CONTROL,True
121.83132147046231,68.20543020142159,26.871138866505508,27.219549103879906,21.861340610730593,1749.8753645857769,17.10830479452055,140.70004665881848,11.144763127853881,9.464897260273974,B06_25478,BASE,False
121.12663671732307,73.89362119583747,23.340031560569436,30.339534921605036,11.108879138127854,1822.6947496626158,17.856021689497716,131.38245264982876,15.508347602739725,12.125071347031964,B06_25478,CONTROL,False
110.96521351312786,54.417517131656005,29.171291633091595,49.07279886222029,-12.068621575342465,485.24683278628845,13.591252853881278,123.67154461044521,14.988584474885844,0.1016695205479452,B06_25478,AESTHETIC,False
134.16341671803653,61.25028470625886,29.630807088817264,46.27499749219149,19.074828767123286,734.1880948966021,12.491081621004566,129.33550578981163,11.56785102739726,0.21261415525114152,B06_6127,CONTROL,True
113.23100241937784,51.98045520684456,41.433207986390904,68.66226666725129,-8.248426797945205,530.4768412405631,9.883704337899543,111.1068905244007,14.191638127853881,0.07990867579908677,B06_6127,AESTHETIC,True
117.97099672731163,55.53637118751839,38.32316708075925,58.95139790964509,5.047185359589041,551.7189005077117,10.096318493150685,111.26722007063357,13.664026826484019,0.05136986301369863,B06_6127,BASE,True
117.95962280393836,55.27533462104364,34.310530262333245,54.04940464408153,11.770027111872146,791.7932493490297,16.86822203196347,117.97742452696919,9.72388698630137,0.677796803652968,B06_7,AESTHETIC,True
138.7435362164669,58.67367991314043,31.40465518399141,50.266653295289004,12.288723601598173,676.8860425656311,13.578767123287673,136.6608359803082,7.914526255707763,0.22081906392694065,B06_7,CONTROL,True
111.18562605950342,59.52124384561759,36.71194405273525,50.788100197855684,27.516591752283105,1252.9554351378922,19.3728595890411,110.31749326412671,16.194706050228312,0.050656392694063926,B06_7,BASE,True
119.08742304223743,51.86914126263205,23.757592163577762,37.33691797488629,21.243150684931507,482.90139693211376,9.32791095890411,131.6779466994863,9.030393835616438,0.05422374429223745,B06_85,BASE,True
140.7313820241153,52.19269746371331,17.49682855448115,32.647503975980754,6.661683076484018,206.96166109663758,6.072345890410959,143.90161198202054,6.590325342465754,0.12485730593607305,B06_85,CONTROL,True
117.28942210830479,48.56794193598517,19.273260531381503,30.044156211379907,11.56574272260274,332.2147350617865,7.8078624429223735,118.99316239083903,13.657962328767123,0.051013127853881284,B06_85,AESTHETIC,True
154.01336255279676,54.13633556180187,16.92668742725401,26.049984856923647,-19.249093892694063,2335.378007811686,19.948273401826484,176.94408969606164,3.036529680365297,11.277468607305936,B08_25478,CONTROL,False
126.1832487692637,35.73322746733792,36.34510559360731,46.576158454168706,-57.6908212043379,507.7662584671151,11.20968892694064,127.98533936001712,3.3426084474885847,0.1737300228310502,B08_25478,AESTHETIC,False
137.84948457049086,58.57673177586837,14.004879577401738,22.270958230636207,-0.27162528538812786,1827.6203650582547,19.854095319634705,160.43272625856164,3.650114155251141,0.5126284246575342,B08_25478,BASE,False
118.85569925156963,51.63524642249491,48.82322303921569,67.62988353978876,-70.35068136415525,914.7366431929535,9.889768835616438,101.15803776113013,5.69099600456621,0.22367294520547945,B08_6127,AESTHETIC,False
139.6416350306792,56.92535323163604,30.217454561733373,53.58395119900598,-36.17960545091324,535.0322053465316,9.230878995433791,118.89424336900684,7.0583618721461185,0.4095319634703196,B08_6127,BASE,False
147.98887197916665,51.73255120056137,32.77693979989256,60.4672764089494,-47.82191067351598,601.2844050475562,9.911172945205479,124.78930721532534,4.252639840182648,1.0919663242009132,B08_6127,CONTROL,False
140.08970535887556,48.57810678906147,22.403187673471216,38.009138561233726,-27.145772688356164,548.7508925378803,12.388341894977168,135.1368272260274,2.72902397260274,1.9270833333333335,B08_7,BASE,True
124.53163280679226,41.61636627849618,31.36477219312383,58.42091601967139,-45.344228025114155,705.1452803372177,10.815853310502282,116.7442653745719,2.8567351598173514,0.2814640410958904,B08_7,AESTHETIC,True
144.90953642622716,41.18424451481401,28.290667808219183,50.7533560583197,-44.491805793378994,713.5335011341485,13.569135273972602,139.000801875,3.0525827625570776,1.5036386986301369,B08_7,CONTROL,True
154.07212719178082,51.307253445951574,15.271622347569167,24.868014235490616,-4.1549942922374425,510.486778198479,8.951912100456621,182.383376994863,2.9098886986301373,3.308718607305936,B08_85,BASE,False
150.82090668164955,50.36510952213186,16.40580932715552,26.97050014030649,-17.581439069634705,1066.6811942588586,18.071132990867582,158.4513627718322,3.5495148401826486,0.2803938356164384,B08_85,CONTROL,False
131.50714461972032,45.477637004221826,23.8037117244158,40.86515670194508,-33.42252782534246,948.6834798779787,14.952197488584476,135.00395984803083,7.355522260273972,0.1673087899543379,B08_85,AESTHETIC,False
156.48692212756848,58.67596663411886,14.621169643656552,28.605138582558038,-19.179587614155253,686.3488361059183,8.746432648401827,177.10334319349315,4.52982305936073,0.2511415525114155,B09_25478,CONTROL,True
138.89798885131276,40.59631988739309,32.312700051481784,39.41683680463309,-54.93657962328767,416.996699474848,6.766909246575342,148.83592491438355,5.148758561643835,0.1494720319634703,B09_25478,AESTHETIC,True
155.13284751783678,52.53215915800801,12.79141625257409,27.61326665008096,-10.711904252283105,472.12611098929784,8.698273401826484,172.9290933240582,3.5969606164383565,0.052440068493150686,B09_25478,BASE,True
144.78398363299084,62.651107471020595,25.100677656907514,47.37558450533501,-29.828125,831.8577842563794,9.923301940639268,130.53325636344175,7.385131278538813,0.22010559360730592,B09_6127,BASE,True
153.25807762128997,59.636449632129015,22.364763799355362,48.89747383224187,-30.034539098173514,612.5494638475055,9.877639840182649,147.23343348886985,4.5836900684931505,0.5679223744292238,B09_6127,CONTROL,True
140.25125836829338,65.22408904957712,37.26452681529233,70.24847615402658,-53.727058361872146,836.376609751934,9.794163812785389,119.07698959546234,6.6409817351598175,0.10523687214611871,B09_6127,AESTHETIC,True
146.54968512200344,66.17628002568726,21.268249451607126,42.959708849622906,-24.329691067351597,1171.1137734442907,17.5431649543379,139.6974571917808,8.252354452054794,13.153538812785387,B09_7,CONTROL,False
140.11171266837903,68.80732406881773,17.83045706867222,36.44180663235391,-18.590596461187214,1549.3840477045387,16.527896689497716,120.29928164597604,8.73644406392694,4.505565068493151,B09_7,BASE,False
136.84373609446345,69.43092267715825,31.046269249709017,53.53632972975428,-39.392059075342466,2095.1227517073885,21.811857876712327,120.41835537243149,8.532748287671232,15.01748002283105,B09_7,AESTHETIC,False
161.17969922017696,56.9556313909379,10.462148301101264,20.89250386678743,-12.112995861872147,1212.6924498078008,15.897902397260275,173.8836518150685,4.094606164383562,0.5069206621004566,B09_85,BASE,False
165.7321771318493,58.44037554142277,11.838530474975379,22.38274391295781,-11.011943493150685,950.7488833709855,14.139911529680365,191.6030633026541,4.498787100456621,0.7484303652968036,B09_85,CONTROL,False
152.49402125142691,52.010788205972524,29.31130528695497,42.34885756549683,-48.13556649543379,784.6488361148394,13.486729452054794,169.67602720462327,3.38363299086758,0.2411529680365297,B09_85,AESTHETIC,False
153.3058537549943,57.1297270702652,15.470437147461727,26.835941624183867,-2.331103738584475,508.9831198198064,10.384560502283104,177.10050810573628,7.073701484018264,0.05422374429223745,B12_25478,CONTROL,True
151.37591657106165,61.60518639063349,19.067722322947443,27.754272047977846,10.25669948630137,636.9890123111987,12.090111301369863,170.2537338120719,7.863156392694064,0.21404109589041095,B12_25478,BASE,True
130.10571381492582,50.51279129156471,20.802456856030087,44.89876738948541,-23.59353239155251,422.28002966521626,9.331121575342467,145.22129915025684,4.655750570776256,0.2054794520547945,B12_25478,AESTHETIC,True
140.31615109517693,64.6977046939722,24.264497437102698,39.464988497497984,-3.3103845605022832,825.0563445332775,11.520048515981735,124.95180947559932,12.507491438356164,0.2322345890410959,B12_6127,BASE,True
135.7074040097032,65.30237708658652,29.135037548124274,58.64073702515968,-22.08628710045662,1162.643536552941,14.089255136986301,125.2670363891267,14.45562214611872,0.18443207762557076,B12_6127,AESTHETIC,True
139.99056461686644,72.89913488087501,29.290630036261085,45.74612891313309,-4.722142551369863,1230.79451433001,13.643336187214611,130.70105846318492,15.018193493150687,1.000285388127854,B12_6127,CONTROL,True
134.6726142208904,62.630750475701575,27.29630002686006,44.14198532052245,1.577839611872146,1419.1594409305292,17.21603881278539,127.51195667380136,8.184574771689498,0.5108447488584476,B12_7,CONTROL,True
127.78781943350457,60.39137663387521,23.413219625749843,32.43029232521853,0.04461329908675799,727.6314575770527,11.294948630136986,114.69554545804795,7.324843036529681,0.2575627853881279,B12_7,BASE,True
125.16240386486872,60.86583460596228,27.70425815874295,55.82593031580812,-23.342726170091325,1290.7538938167513,17.394406392694066,111.7778700406678,7.437214611872147,0.10559360730593607,B12_7,AESTHETIC,True
162.04244795876141,51.98025573971966,11.26302293177545,18.118784566112417,11.382124001141552,628.2637151474127,10.49978595890411,181.43281128638696,3.363655821917808,1.8011558219178083,B12_85,BASE,False
146.12663388984015,54.45968541306079,14.452983704897484,22.70028674071196,2.807034817351598,1029.1487440692651,14.799514840182649,146.31009238013698,6.004922945205479,0.08240582191780822,B12_85,AESTHETIC,False
148.60951913313355,58.465445530133216,14.209648357059718,23.146609691229532,11.631274971461186,1489.1326587755377,15.470176940639268,158.35178663099316,5.648901255707763,0.05636415525114156,B12_85,CONTROL,False
128.1508195162671,50.354684429796514,45.57890282254455,76.6387047738413,-29.158911244292238,771.3956425525101,12.0476598173516,135.9827515839041,3.8951912100456623,0.1608875570776256,B14_25478,AESTHETIC,True
126.0062380479452,49.40237340230286,42.93765388575522,65.51327941856347,-3.0982591324200914,632.4562883082556,11.812928082191782,133.82390544520547,4.465967465753424,0.13662956621004568,B14_25478,BASE,True
135.454130612871,67.18868459331864,25.901342443370048,48.28955039910376,-1.506745861872146,835.6241203576784,13.046518264840183,144.10227012628425,13.176369863013699,0.24472031963470323,B14_25478,CONTROL,True
131.57445598744292,57.90870699765198,36.66810899588146,68.63187416487996,-10.78961187214612,874.3675014196104,14.037528538812785,131.17845847174655,6.929580479452055,0.272902397260274,B14_6127,AESTHETIC,True
128.61894491937784,59.0295024122669,31.624748186946015,54.20109241148799,-2.8604987157534247,708.2928305486076,10.937856735159817,121.03117273544521,9.707120433789955,0.774115296803653,B14_6127,BASE,True
131.8504354473459,61.08378279279358,22.73586769182559,35.628369069427485,4.862289526255708,889.0024840739615,13.483162100456623,139.87544600813354,9.502354452054794,3.0072773972602738,B14_6127,CONTROL,True
135.16651227811073,58.367797815611354,26.725894495926227,50.85091568240439,-7.475602882420091,1462.5541452006578,16.524329337899545,133.99591152183217,11.450841894977168,1.5671375570776258,B14_7,CONTROL,True
120.56418742223171,55.08126764597821,37.017868934103326,60.00542244328717,-4.828178510273973,935.733606301384,13.575556506849315,115.58350064854451,6.5621432648401825,0.3560216894977169,B14_7,BASE,True
135.59673152896687,59.928510322330865,31.347048751007254,64.03345814349628,-14.292405108447488,1047.157119430167,13.410744863013699,130.3093408754281,11.4494149543379,0.8668664383561644,B14_7,AESTHETIC,True
135.9319199079623,56.00816722415684,22.59425922195362,42.12636034165947,-0.977507848173516,786.0936370157442,15.187999429223744,136.68825167594179,8.22310216894977,0.24864440639269406,B14_85,CONTROL,True
130.32553277254567,58.57177167237169,25.661293255886832,41.8057637270005,10.093785673515981,1477.6833185996315,16.25249714611872,130.78224883775684,9.184860159817351,0.09453481735159817,B14_85,BASE,True
134.02583183076484,62.760602606023006,19.264701685468708,39.64293654042749,0.655201198630137,2075.1867473498974,17.044092465753423,135.49233737799656,12.927725456621006,0.9246575342465754,B14_85,AESTHETIC,True
122.06705319277967,52.43119543073966,32.11040883248277,50.29061178872865,-49.68462828196347,461.2425147449387,6.59068207762557,137.13774028253425,10.768407534246576,0.1113013698630137,B15_25478,AESTHETIC,True
142.37738533961186,61.54804088547728,16.610193392425465,27.016163796771806,-8.516481164383562,498.52044222473273,8.906606735159817,162.10422783818493,8.157106164383562,0.4384275114155251,B15_25478,BASE,True
144.30278572417237,63.452110062025426,18.990587787626467,33.423684013035476,-20.203506706621006,582.2982737402235,7.44470605022831,163.10448849957191,10.372788242009133,0.9913670091324202,B15_25478,CONTROL,True
122.50131864369293,62.94465677778449,44.79909655072075,72.71485128231596,-59.01687714041096,710.0414631455803,9.000071347031964,110.03316311857877,12.947345890410958,0.8554509132420091,B15_6127,AESTHETIC,True
136.96436874001142,59.69917817272179,24.99919699615006,43.35291642387139,-29.42326626712329,550.737188864176,7.78966894977169,113.97778610659246,11.01954908675799,1.1397688356164384,B15_6127,BASE,True
134.62206107234587,67.0204320977425,37.98909089891664,67.34954098210216,-40.92102953767123,694.3804738467111,8.541309931506849,127.7330706464041,11.9613299086758,0.9870861872146119,B15_6127,CONTROL,True
117.48261560145548,68.27013603052477,24.59776781717253,39.945412386578425,-18.662453624429222,1111.866693895007,12.894549086757992,122.22160755136987,12.873144977168948,5.0010702054794525,B15_7,BASE,True
128.85657780465183,66.00344279359199,36.68404176739189,63.91097892309365,-46.165307505707766,921.3313360847551,12.263127853881278,109.15440318279111,8.340824771689498,0.9135987442922374,B15_7,AESTHETIC,True
132.64504559788813,70.73131227909474,33.22165564285075,57.40004432750354,-34.19217323059361,939.5414023240807,10.769477739726026,141.24752095248286,14.216252853881278,8.06970605022831,B15_7,CONTROL,True
136.0709091894977,68.08238849656573,22.29866986749038,35.838025978825016,-23.525599315068494,680.8536811401369,9.852668378995434,150.37123585402395,8.915168378995434,5.819777397260275,B15_85,CONTROL,True
120.34212713256278,57.35557047132605,40.21687958859343,62.38945789295831,-59.20075984589041,924.3880551841601,13.11144406392694,123.25208656678083,13.157462899543379,1.5225456621004565,B15_85,AESTHETIC,True
143.50082683219176,63.50441695190934,0.49707197376667567,1.27281620281256,0.7125,1585.1792930388629,18.31513984018265,148.77132387628424,9.457762557077626,2.994791666666667,B15_85,BASE,True
115.39367055151254,67.3241245810117,44.820134132420094,42.896586836514274,-47.12458975456621,1408.7228197336478,19.042166095890412,137.94337055650686,17.357662671232877,0.3171375570776256,B19_25478,AESTHETIC,True
132.3284553966895,66.12751812902822,31.74969222848957,34.89825472414107,-25.482063356164385,1476.8957520263123,19.48558789954338,160.05815277397258,9.697845319634704,0.753781392694064,B19_25478,CONTROL,True
113.65881505779109,66.31291284039284,33.56779926582505,32.69937875554531,-27.21744078196347,1589.4871908767543,18.08968321917808,135.57273134845892,18.03724315068493,0.18764269406392695,B19_25478,BASE,True
145.02361182291668,57.75426511827183,21.34694942474707,32.742230282534685,-14.832830336757992,503.0169463601525,10.44449200913242,137.44301902825342,6.997003424657534,4.158105022831051,B19_6127,BASE,True
146.63425799443496,62.38109238973763,36.10368122705704,47.778889383952304,-51.18141053082192,668.9948445723921,12.903824200913242,145.79964074058216,7.070490867579908,3.3129994292237446,B19_6127,AESTHETIC,True
159.12730523544522,57.86833793976895,26.765026244516076,45.203800728089675,-28.11687357305936,523.673097483123,11.302440068493151,159.61643002996576,5.066352739726027,0.4837328767123288,B19_6127,CONTROL,True
130.56569981378425,59.44191177391602,25.92390908989167,29.26660671166294,-27.292333761415524,1042.4260984070534,13.989012557077626,136.93245798801368,10.423801369863012,0.17515696347031964,B19_7,BASE,True
122.53805247645548,55.80476293134117,48.00629392738831,53.701804109670945,-62.94705693493151,1556.034540819492,15.76769406392694,132.417433197774,12.002711187214613,0.6538955479452054,B19_7,AESTHETIC,True
138.04617659960044,52.27729784844716,32.44139330960695,40.61671733821386,-40.64290097031964,1235.618679453128,13.600171232876711,152.99117028681505,6.107305936073059,0.4805222602739726,B19_7,CONTROL,True
152.05967542808222,47.96888911998279,30.96832051884681,42.43131206140774,-43.49149543378996,848.780674520712,11.266766552511417,163.84846578767122,3.3126426940639266,0.09096746575342465,B19_85,CONTROL,True
144.26374808219177,57.615820132471306,41.42127764347748,49.74581652484398,-61.96304223744292,1138.4304726843568,14.902968036529678,160.04222425299656,5.620719178082192,0.1023829908675799,B19_85,AESTHETIC,True
152.53861514483447,56.479502413877626,13.594371138866506,18.500500253015733,-12.931489012557078,750.8362037136003,12.791452625570777,158.77313627996577,5.326412671232877,0.352097602739726,B19_85,BASE,True
103.79306734232307,62.22231267394527,17.431166901692187,17.879076308756343,6.654612585616438,1177.2836326291947,12.787171803652969,134.70210145333903,17.54673230593607,0.06528253424657535,B20_25478,BASE,True
110.85682785031392,58.39293478475023,17.48308935446325,27.836950553308345,-6.7100563641552515,900.8649033834004,19.386772260273975,133.26143026113013,14.554794520547945,0.6606735159817352,B20_25478,CONTROL,True
93.54765964968608,58.41891199002252,34.887161171546246,40.75244521890982,-10.91208975456621,988.1043057460257,13.077197488584474,111.50836166738013,14.328267694063927,0.1394834474885845,B20_25478,AESTHETIC,True
113.3607244998573,56.49583191666161,37.221234555466026,54.99739250498227,-8.419131706621005,863.6455797178342,13.344748858447488,111.338411911387,16.49793093607306,0.07277397260273973,B20_6127,BASE,True
100.66115542451483,54.74608288307346,29.473561028292597,36.51720045368409,8.247449343607306,935.8962328962594,13.837043378995434,107.60347024828766,18.923016552511417,0.6581763698630138,B20_6127,CONTROL,True
87.96164749215183,56.44865262571953,37.893533440773574,43.22303077884373,-6.554498430365297,1683.4348312054244,16.538955479452056,85.33416464469178,27.422588470319635,0.586472602739726,B20_6127,AESTHETIC,True
98.44863594534817,58.47050305920653,30.8640601217656,48.47059197044899,-9.948391124429223,2421.3461631092187,28.407534246575345,112.56128580051369,21.223601598173516,0.8436786529680366,B20_7,AESTHETIC,True
98.8217929159532,59.08788183530952,25.688475076103504,31.797795540612473,4.52808575913242,919.1815921313015,19.164169520547944,110.3617496746575,14.609731735159817,0.5507990867579909,B20_7,CONTROL,True
98.80029490867578,56.39349625030377,24.19868329751992,29.826919785480936,-4.164783105022831,1522.6561992604811,19.841966324200914,112.62733083476029,20.234731735159816,2.197845319634703,B20_7,BASE,True
96.94266297445775,60.87027387223812,16.921558834721104,17.746312936300882,11.169431364155251,2037.6721484613104,20.50549372146119,113.65647943279109,28.959046803652967,0.2261700913242009,B20_85,BASE,True
86.17877998430366,52.70436523962873,18.31990050586445,18.846299382283398,2.7727097602739725,4113.125511379127,29.987157534246577,97.27279297731164,27.898116438356162,0.11272831050228312,B20_85,AESTHETIC,True
105.54288074628994,56.75345570827368,15.363181573999464,18.58111692351873,-0.260238299086758,911.2565523157406,18.508490296803654,126.05818358732874,14.771332762557076,0.697060502283105,B20_85,CONTROL,True
168.92259442708334,60.978572942095944,16.138277542752263,25.86937798687465,-19.1019584760274,356.219328839435,6.334546232876713,180.00260555864725,5.01070205479452,0.22153253424657535,B23_25478,CONTROL,True
152.43465064212327,61.05219568214768,11.196051851105741,17.904178016502726,-8.93474600456621,923.2689072942317,12.003781392694064,170.7741859396404,7.700841894977168,0.09346461187214612,B23_25478,BASE,True
130.5988280165525,61.13026970204057,37.74629135329931,43.83209217724362,-55.28677226027397,464.44649604443424,7.844249429223744,151.02024290667808,8.369720319634704,0.3089326484018265,B23_25478,AESTHETIC,True
148.5918516274258,62.8588416524361,30.46399493016385,52.86290628559355,-38.58230950342466,613.7753349789982,9.457405821917808,106.91119695847603,9.658961187214613,2.976598173515982,B23_6127,CONTROL,True
151.35656088541666,55.35069881688481,21.39386499462799,37.15761008255898,-27.137446489726027,299.2460642040517,5.064925799086758,130.96487327482876,4.9468464611872145,2.326626712328767,B23_6127,BASE,True
147.52401505136987,66.87546193694762,39.636877182379806,73.68772256239043,-59.40082762557078,522.7209733396539,8.670804794520548,123.27950022046232,8.06043093607306,2.4140268264840183,B23_6127,AESTHETIC,True
146.39429441852167,64.97466805129024,28.974415793714748,58.384432826715006,-36.69535174086758,965.7554401865497,9.932577054794521,133.09222962756849,6.83718607305936,1.852525684931507,B23_7,CONTROL,True
145.62007362871003,66.90415588284111,14.801346080669713,28.826800302802646,-15.950335331050228,409.45272788698105,5.714897260273973,119.34630337542809,6.0427368721461185,4.687856735159817,B23_7,BASE,True
134.07447280465183,68.40521152291407,31.916368687886116,52.15487970294495,-42.71096960616438,625.410180595902,7.801441210045662,108.19473128424657,6.879280821917807,1.3673658675799087,B23_7,AESTHETIC,True
178.37854098173514,50.069780587231556,8.059584564419376,14.276210222829077,-5.13675799086758,254.76459320971273,4.367151826484019,183.2998547324486,1.7233875570776256,4.810216894977169,B23_85,BASE,True
179.16554309931507,58.624624978683364,13.21408026680992,21.07653587692118,-12.610445205479452,386.6717182594764,6.162243150684931,189.05282453981164,5.343535958904109,1.980593607305936,B23_85,CONTROL,True
148.08081520476597,53.07438995077878,32.98824172934014,48.48188553244943,-54.38615510844749,420.252658860713,7.315567922374429,150.93946175513696,3.5263270547945202,0.23758561643835618,B23_85,AESTHETIC,True
138.8654085844749,57.04825039081983,13.896850378279167,21.891232535633137,-9.004680365296803,1139.4550641946014,16.136201484018265,176.50719796018834,6.637771118721461,2.0012842465753424,B25_25478,CONTROL,True
133.03967721532536,59.9772158980412,13.538097916107082,19.564430169057953,-5.170580051369863,856.2249913442347,12.153610159817351,167.17167372003425,4.777397260273973,0.10202625570776257,B25_25478,BASE,True
123.66667094891551,57.12716404280983,28.510432055242187,36.19510672305679,-32.247980878995435,2209.8262266231445,21.541452625570777,151.57629923159246,5.049229452054795,1.115867579908676,B25_25478,AESTHETIC,True
136.81589713042237,70.04249608646765,34.018670538991856,53.81485352024183,-36.7148473173516,1274.0026723028786,12.68585901826484,137.50368084332192,14.23373287671233,0.43057933789954334,B25_6127,AESTHETIC,True
150.9537283868436,69.1682678223733,27.307302858357957,47.64927138166873,-27.658857734018266,1184.1929014140876,12.516409817351597,149.0389750984589,8.972959474885844,0.389554794520548,B25_6127,CONTROL,True
142.37553445490866,68.68665793417401,27.24243861357328,45.192708546307884,-23.628752853881277,1119.6876444133973,10.055650684931507,132.750182932363,12.946632420091325,0.12128995433789953,B25_6127,BASE,True
137.30806068136414,55.79821018744048,23.683901871250786,40.87909370331971,-23.153092893835616,995.768302478478,13.36508276255708,148.17991061215753,4.2472888127853885,4.639697488584475,B25_7,CONTROL,False
139.16368845961756,59.33662490672268,28.263053708926492,49.75312358428424,-32.272806078767125,1265.881207887524,14.04751712328767,143.54577327268836,7.194277968036529,0.09631849315068493,B25_7,AESTHETIC,False
132.93818623644404,63.52955321145424,15.142541577133136,17.4107344094184,-9.33449272260274,1474.158208738641,17.596318493150683,136.30715989297943,11.047731164383562,4.398187785388128,B25_7,BASE,False
142.70968874001142,57.57287243369621,8.253847143880384,11.0250603774051,-2.960252568493151,812.3318975077971,13.019049657534246,166.71233876070204,5.331763698630136,0.2639840182648402,B25_85,CONTROL,False
139.91430218250574,63.66072998473764,8.191870355448115,11.054826674157542,0.43686144406392696,681.3672416501245,11.908889840182649,144.90668827482875,7.158247716894977,5.122716894977168,B25_85,BASE,False
134.57310415739155,65.37961504799765,17.61739524576954,24.23159970444237,-13.515107734018265,1913.5149460883868,23.815282534246577,144.70641950128424,11.05593607305936,0.058504566210045655,B25_85,AESTHETIC,False
140.86632224315065,50.25632475826362,18.85583842555287,31.338867149074467,-0.31070205479452057,830.6617846986511,14.515196917808218,159.65065895333905,3.7161101598173514,0.3360445205479452,B26_25478,BASE,True
148.06750384774543,53.1168322291055,22.652107675261885,45.081872016053694,-22.067526398401828,642.9658353402613,10.902183219178083,166.37712977953768,4.240510844748859,0.9592608447488585,B26_25478,AESTHETIC,True
142.55758340111302,62.75829203089909,21.25501527665861,32.99390519588669,-2.25755921803653,786.1606777917133,13.021903538812785,169.1571563677226,6.679509132420092,3.172802511415525,B26_25478,CONTROL,True
145.16263647117577,61.840207791717425,25.596515746709645,55.62391594622343,-23.625934646118722,1177.294904945351,15.096318493150685,132.26857818921232,6.098387557077626,7.759346461187215,B26_6127,AESTHETIC,True
130.85172928296234,66.9352414456136,26.363479552780017,45.16352183444338,-5.029976455479452,1667.3796638184458,19.213042237442924,133.35742588398972,9.221247146118722,10.831192922374429,B26_6127,CONTROL,True
143.4858656970605,62.48724707209778,23.110848106365836,44.92966751855549,-9.557737585616438,934.303721815428,14.246218607305936,135.56146870291096,6.375927511415524,6.841466894977169,B26_6127,BASE,True
142.12787236444063,63.68857946076488,24.26011029411765,42.257606091122526,-12.184596175799086,1435.232439853271,15.903610159817353,132.4855476177226,7.611658105022831,5.320704908675799,B26_7,CONTROL,True
139.82370081835046,59.6120427628943,19.25321481332259,34.59355560502783,-8.964936501141553,947.6974950055042,11.835759132420092,132.20469180650684,5.2340182648401825,2.5371004566210047,B26_7,BASE,True
152.32608905821917,64.54337411164605,24.49383197913869,49.601680444610125,-25.823344748858446,1431.6799434045242,15.357805365296803,138.19940315710616,4.685716324200913,3.635131278538813,B26_7,AESTHETIC,True
145.45205486872143,67.0890627843112,13.96379487868207,19.35597705021592,3.9751997716894976,1511.398422212463,16.137271689497716,155.63434559503423,7.717251712328767,1.1326341324200913,B26_85,CONTROL,True
157.79672335117007,66.60638923887312,10.473430924881368,18.118345806234696,0.8640660673515982,1914.2619826423404,18.367936643835616,167.98059796446918,5.445205479452055,1.690211187214612,B26_85,AESTHETIC,True
148.10228953695778,59.540066615219295,13.481609253290356,24.043439746691718,8.364073202054794,1135.7768591887625,17.862799657534246,159.57200212756848,6.420162671232877,8.157106164383562,B26_85,BASE,True
119.76072831906394,65.95573622776028,32.15052265198317,44.4692926509326,19.96382705479452,846.2440068532727,12.770405251141554,151.37465399400685,16.934574771689498,1.0059931506849316,B27_25478,BASE,True
107.5958900577911,68.94712049622525,36.67913840764617,43.76143114342115,13.681617437214612,1835.4327314392144,19.64469178082192,108.67887544092464,22.3869149543379,7.892051940639269,B27_25478,AESTHETIC,True
131.37653293164956,70.04214769824995,26.298788779210312,43.96787651882529,12.48865225456621,1365.550421852956,16.681649543378995,139.55152336472602,14.868721461187215,8.726455479452056,B27_25478,CONTROL,True
98.21285561215753,56.704343515831866,48.56489502193572,57.72735541590757,14.092144691780822,2270.974711210468,27.989440639269407,75.29913589255136,18.00014269406393,0.94962899543379,B27_6127,AESTHETIC,True
104.943291262129,52.189923432126825,45.33972938490465,57.1487939782422,10.20570419520548,694.9134438933247,14.826626712328766,92.24183393407534,12.765767694063927,0.13377568493150685,B27_6127,BASE,True
127.84430086615295,62.091491541778865,36.340862543647596,51.97812409316866,9.743100742009132,1118.7467978152476,20.67458618721461,102.50856888484589,10.023187785388128,4.058575913242009,B27_6127,CONTROL,True
135.6482664519121,62.91816868706278,33.20814167562002,50.62129822746614,16.849332905251142,920.6005694125251,17.57776826484018,106.40584457619863,11.086258561643836,2.599172374429224,B27_7,CONTROL,True
97.85678728952625,60.90727226984848,50.51202267436655,52.43208343983414,29.909927939497717,2592.361354866889,29.00221175799087,63.613774741010275,24.284032534246574,0.6506849315068494,B27_7,AESTHETIC,True
101.66461488156392,50.45891100941228,39.8441934707673,49.10363717024379,17.723822773972604,758.4324237099744,17.160031392694066,93.21551427654109,14.259774543378995,0.07027682648401827,B27_7,BASE,True
114.95536759489154,52.30898734234792,31.320630763721013,40.55941880975956,20.594845176940638,443.9303309228538,8.874500570776256,145.03845573202054,7.898116438356165,0.5500856164383562,B27_85,BASE,True
102.68134819634703,52.18092093728274,43.78287279523682,44.60031707823108,30.313527397260273,1797.8523979279307,23.537742579908677,77.584480973887,17.258490296803654,0.40810502283105027,B27_85,AESTHETIC,True
139.09440184075342,50.02828251802771,28.73169458993643,45.5381728119179,17.540396689497715,553.6469087994219,11.26997716894977,119.47861104666097,4.8216324200913245,1.319206621004566,B27_85,CONTROL,True
109.63390193207763,60.987344848367464,29.853482574536663,46.383779678074006,-21.51000285388128,1470.7707594463832,15.325699200913242,113.01057522474315,15.558290525114154,0.08954052511415525,B29_25478,AESTHETIC,True
137.00785258490296,61.40872275834123,23.73125111916913,35.09369092136676,-4.0640660673515985,697.5111610167589,12.79359303652968,163.83868264982877,9.144192351598173,3.961187214611872,B29_25478,CONTROL,True
110.02628848030821,60.56488398790942,19.849909627092845,31.441385953358708,0.5106235730593607,1755.2771664898871,20.624643264840184,107.86724214255136,13.736800799086756,0.2746860730593607,B29_25478,BASE,True
118.10227706906392,57.73658929975295,35.60794106455368,66.2087711057354,-38.123901255707764,568.2999455365997,8.471389840182649,93.267712151113,9.643978310502282,0.3253424657534247,B29_6127,AESTHETIC,False
122.667248269121,61.05407435347303,26.19389325364849,45.09167021388503,-15.067858162100457,409.7070550238812,7.466466894977169,109.13670238227738,9.313998287671232,0.2661244292237443,B29_6127,BASE,False
133.20420987656962,57.54176343033302,31.984513497179694,58.012400143002075,-27.26619220890411,545.4026747671917,9.636130136986301,118.42390780179792,9.12171803652968,0.2661244292237443,B29_6127,CONTROL,False
136.5840837328767,68.35712660176394,27.234263083087118,45.9944238881497,-20.711130136986302,918.3728894013572,13.585188356164386,135.69263877782532,10.152682648401827,3.6023116438356166,B29_7,CONTROL,True
121.90715106307076,70.71780857056719,9.309801403438088,8.993796131811827,-3.5431007420091323,859.3405723558575,11.346675228310502,121.92353073202052,17.081906392694062,2.153610159817352,B29_7,BASE,True
124.33717112228881,61.50210730024222,31.63869863013699,52.81484985651457,-33.15275756278539,602.7605550541385,11.779038242009133,106.93493167594177,11.05486586757991,0.052083333333333336,B29_7,AESTHETIC,True
126.45283007776825,67.66734643895568,21.118080736860957,29.642344312622892,-4.473248430365297,831.2235819247487,11.739440639269407,147.62683184931507,13.896974885844749,2.400470890410959,B29_85,CONTROL,False
144.5392042972317,55.350480886963226,1.2357054123019073,1.7033591308726133,1.4512878139269407,726.0440125635932,10.615724885844749,172.61531752354452,7.119363584474886,2.119720319634703,B29_85,BASE,False
126.98588441495433,57.8068079032472,10.909635486614738,21.437360140178114,-7.173216324200913,1609.9094058142214,19.067494292237445,133.47847371789382,10.890767694063927,0.10452340182648401,B29_85,AESTHETIC,False
120.84214598601599,62.3691391940751,39.68868771823798,54.70854894401919,-56.48600884703196,687.9525126890284,12.529965753424657,135.01855159888697,13.396832191780822,2.3754994292237446,C01_25478,AESTHETIC,True
139.15346287457191,62.745281582179985,26.659287145223388,43.08634305346262,-37.27153610159817,688.2803159473073,11.950627853881278,159.99677542166094,7.934860159817352,4.622930936073059,C01_25478,CONTROL,True
123.61416496789383,61.1369345891519,22.059142492613486,32.545097647494536,-12.858772117579909,1283.1835163138326,17.523901255707763,146.44226292594178,8.376498287671232,2.9255850456621006,C01_25478,BASE,True
130.95410967822485,62.57086497963718,30.230800653594777,49.45856163094954,-29.08666167237443,665.7182531301779,11.40232591324201,122.9572086494007,11.259988584474886,2.2435074200913245,C01_6127,BASE,True
137.99497796946346,59.38350284972807,33.04837188870982,54.563551996976926,-41.041702340182646,649.4930420191666,10.50513698630137,134.69135153467465,8.840253995433791,1.7069777397260275,C01_6127,CONTROL,True
127.10679369934358,61.498902092705094,42.19009787134032,65.23503878983966,-59.02939854452055,811.4313353032643,12.409032534246576,116.7435366588185,10.957120433789955,3.0411672374429224,C01_6127,AESTHETIC,True
123.85863242793948,58.92142667102771,25.02844228444803,37.536061364290056,-22.960113441780823,1130.4974835286398,16.522902397260275,125.68833761986302,8.98294805936073,4.530179794520548,C01_7,BASE,False
122.97541801512558,56.95166871394596,36.07345106992569,58.18631406763422,-49.01673087899543,994.7950339655345,16.78082191780822,118.21013423587328,6.72552796803653,3.468179223744292,C01_7,AESTHETIC,False
128.79466477026253,56.13545028108254,31.420291375682698,54.17160862129595,-38.271511130136986,1123.102986094402,16.068421803652967,136.8312892401541,7.309503424657534,2.6091609589041096,C01_7,CONTROL,False
146.39041264554794,63.89383522843635,20.56283155385442,30.359634197986523,-18.41710901826484,945.9016536343798,14.763127853881278,177.7042266053082,8.834189497716896,0.2643407534246575,C01_85,CONTROL,True
142.17021098672944,62.07583233325926,14.014032981914228,20.554860093125036,-7.592833190639269,894.5135888653423,13.59624714611872,168.60847591609587,8.302654109589042,2.7243864155251143,C01_85,BASE,True
118.8039906464041,57.56443651945928,47.345230101172895,52.17921547548473,-67.83111444063927,948.2181551257446,16.68129280821918,143.55687995719177,9.72781107305936,0.2832477168949772,C01_85,AESTHETIC,True
129.25011794805934,65.75213594985853,20.372653941713672,33.478718683984994,-8.98369006849315,611.308406111989,9.337542808219178,151.15578333690067,11.611015981735159,0.18407534246575344,C02_25478,BASE,True
114.59994113655821,62.20826174623155,39.47683599695586,58.216845370343826,-54.90308575913242,545.1029340611199,8.981164383561643,132.9852786579623,12.14576198630137,0.429152397260274,C02_25478,AESTHETIC,True
143.99791908390412,66.97858225975757,21.194389884949416,36.6816126810646,-15.38363299086758,619.6562411524285,10.472317351598173,169.23046310573628,9.849814497716896,1.318136415525114,C02_25478,CONTROL,True
145.4684470626427,62.5195911877449,27.465333736234218,59.67554429654909,-29.013452482876712,443.93684444701813,8.24771689497717,136.18995105094177,9.142765410958905,0.09524828767123288,C02_6127,CONTROL,True
131.76335170305364,63.041958840245215,27.60186117826126,49.57667675280068,-22.843931934931508,414.11614927178334,7.5545804794520555,114.4287696703767,10.466966324200913,0.0802654109589041,C02_6127,BASE,True
134.51840715896117,59.149188918209546,33.372635755215335,65.05427403095395,-45.294213755707766,376.8171608156705,7.136843607305936,119.53369458904109,8.349743150684931,0.05422374429223745,C02_6127,AESTHETIC,True
130.2829060652112,57.95715530197581,34.805237991315245,64.76151035329754,-47.13751783675799,609.2551542792902,9.968250570776256,122.4700014854452,7.095819063926941,0.0663527397260274,C02_7,AESTHETIC,False
123.64880779965753,66.26438913069367,26.230892985047902,37.8791098764852,-16.084888698630138,671.229693461061,10.989583333333334,117.93231300727739,12.335545091324201,2.571703767123288,C02_7,BASE,False
136.56618345390982,65.55015909081543,29.550024062136274,54.86265564497394,-24.320694206621006,1101.2159246176257,14.105664954337898,145.33428491438355,10.227240296803652,3.2113299086757987,C02_7,CONTROL,False
145.05861624928653,64.65324842009669,16.24100467812696,25.896958702658676,-5.777993007990868,701.8249315348338,11.537171803652967,167.07054994434932,6.3827054794520555,0.3891980593607306,C02_85,CONTROL,True
114.13970697274544,51.699513066060064,47.30379146521623,51.15259103862576,-64.01708404680365,597.9361443833714,10.022117579908677,137.86579639982875,6.683433219178083,0.11379851598173517,C02_85,AESTHETIC,True
147.22216486586757,60.654162560996646,11.950890858626558,17.041889395011747,-4.123901255707763,566.178087151242,8.952625570776256,166.16040059289384,6.751926369863013,1.5610730593607305,C02_85,BASE,True
143.38434496718034,54.281078134946625,23.78018958725043,47.21406415855056,-30.78599457762557,281.5491744701337,5.227953767123288,158.91105424443492,6.489726027397261,1.5410958904109588,C04_25478,CONTROL,True
140.70016409531965,57.46700083615139,23.392428261258843,47.93259322664992,-18.09624714611872,364.1586896239868,7.006635273972603,151.51902395761985,5.545091324200913,2.9580479452054798,C04_25478,BASE,True
126.54474550156961,52.88399348926873,33.81640170337541,57.616851387647216,-50.09134917237443,273.4296107729126,5.301084474885845,133.7351023458904,7.383347602739726,0.3249857305936073,C04_25478,AESTHETIC,True
127.40480453125,63.23102551825035,36.84765590025965,66.77362847521178,-52.34748501712329,321.2329119924078,5.8336900684931505,94.01566533604452,8.319420662100455,2.0187642694063928,C04_6127,AESTHETIC,True
133.17424500642124,60.01843178608103,33.21861430074313,63.77274414264269,-40.58336543949772,411.5693165763584,6.139768835616438,112.76229751284245,8.191709474885844,7.740439497716895,C04_6127,CONTROL,True
132.4604336658105,63.02293752090098,33.28603864491002,56.57234828486857,-33.258311929223744,406.62656440176033,6.440496575342467,103.5383377525685,6.637057648401827,6.414811643835616,C04_6127,BASE,True
142.389998942637,65.73899892890608,24.766703599247922,46.40246167361421,-27.348822773972604,568.1861711079658,8.27982305936073,128.04406885702053,5.4213042237442925,5.1566067351598175,C04_7,BASE,True
133.05844433504566,59.70310869738047,32.64584312606321,58.12915441600917,-45.10212614155251,421.6653937370663,6.715896118721461,108.60567348244864,6.976669520547945,1.7669092465753427,C04_7,AESTHETIC,True
138.73945627996576,60.73279789243317,25.179085247112546,52.5796833034524,-29.154972888127855,542.8217406653765,7.856021689497716,123.38958270761985,6.211472602739726,3.2084760273972606,C04_7,CONTROL,True
149.8517955557934,56.00837653685588,15.576770805354105,32.94264870413436,1.4372895262557077,384.6514499471556,5.6253567351598175,162.81978559931508,4.186287100456621,2.985516552511416,C04_85,BASE,True
136.66331445062787,60.781813360917546,19.45700851687707,40.32936350520571,-15.717201769406392,298.6118115792792,4.869434931506849,150.75927072988014,4.491295662100456,2.185359589041096,C04_85,CONTROL,True
140.8037902333048,42.28648255742884,31.073186666218998,64.55299718725823,-57.834442779680366,228.43713129119098,4.973601598173516,134.71761872431506,4.131349885844749,0.9153824200913242,C04_85,AESTHETIC,True
158.09950148116437,65.7925967995463,20.015592823887545,35.01535982613456,-21.192280251141554,602.6579832584006,8.89554794520548,181.7631160851884,7.937000570776255,7.583119292237443,C05_25478,CONTROL,True
141.83156427796803,62.27901528735339,21.73875095129376,34.29482963291312,-12.413655821917809,589.7855158365468,9.977525684931507,160.1470944777397,7.220676369863013,0.9410673515981735,C05_25478,BASE,True
130.22887469534817,55.529227605915665,35.871143063389745,51.28509870720394,-55.086262128995436,453.57390050512845,8.372574200913242,141.37110591609587,11.848244863013699,1.1811501141552512,C05_25478,AESTHETIC,True
139.0613297424372,66.16327792428585,37.083487219088546,60.509494635469494,-41.26923159246575,845.3245872643303,11.532177511415526,132.1491252183219,8.631207191780822,8.216324200913242,C05_6127,CONTROL,True
132.00811587614157,65.19255029091273,32.03014202256245,54.366783754155215,-30.526869292237443,534.6354465859956,9.825913242009133,115.37864822559932,9.1755850456621,5.996361301369864,C05_6127,BASE,True
134.44188185787672,63.91949662355377,42.855060603008326,70.54044198558664,-60.23426084474886,548.2723544809555,9.190567922374429,110.02016877568492,10.90789098173516,6.915667808219178,C05_6127,AESTHETIC,True
128.1618351776541,66.52416571347327,30.729019775718513,49.5139484783461,-35.75910744863014,1258.4204712023509,14.469534817351597,126.05369014554795,9.45027111872146,8.710402397260273,C05_7,CONTROL,True
127.25909371503997,66.35579020254562,27.27788549780643,42.36125851077902,-21.71398045091324,989.6930666881435,12.969463470319633,123.3379441973459,6.937428652968036,9.719249429223744,C05_7,BASE,True
130.35638862014838,71.8692888390143,44.00493553585818,63.82785549769325,-53.75953909817352,1116.57024002575,15.296446917808218,114.07625332619861,8.331906392694064,1.8268407534246573,C05_7,AESTHETIC,True
152.13636622716893,68.45910696121999,17.493493430477216,28.41901364821699,-15.562899543378995,863.2443158527709,10.288955479452056,165.71560652825343,7.974457762557077,12.246004566210047,C05_85,CONTROL,True
156.31486671018834,57.468863973870064,8.319532579013341,14.235583153633563,1.1262378710045662,697.517312249784,9.940425228310502,177.28005700342464,4.2126855022831045,8.534175228310502,C05_85,BASE,True
148.1615107355879,70.68804241375243,28.870506535947715,34.45921692576736,-32.67593821347032,897.9630594886905,12.27918093607306,155.16063155179793,11.040953196347033,2.731521118721461,C05_85,AESTHETIC,True
124.00189856378424,61.1971515141563,7.3379792841794265,10.477785076653042,-2.253777825342466,419.3982712514383,8.456050228310502,136.800535744863,15.01498287671233,6.625998858447489,C06_25478,AESTHETIC,True
123.96979284460618,64.72007394452329,11.153456274062137,12.665508626495564,3.0202518550228312,367.28829432946196,8.200984589041097,137.77529574700344,18.63370433789954,6.008133561643836,C06_25478,CONTROL,True
115.75572831335616,63.668083566421636,6.246670471841705,10.093313428245544,2.558861301369863,440.8792590100545,8.091110159817351,133.14473153253425,22.997645547945204,0.9674657534246576,C06_25478,BASE,True
127.42990702696918,64.15270297983479,13.23910908541499,15.973544038190274,6.253107163242009,703.1040245027677,10.770191210045663,132.43301397046233,15.780536529680363,0.06278538812785388,C06_6127,BASE,False
124.78311313356163,65.00499858725223,16.61743301772764,17.334011282695013,1.2240582191780822,546.4977181703766,10.677440068493151,132.91198939854453,17.299871575342465,2.550656392694064,C06_6127,CONTROL,False
129.76464023116438,66.03797458294237,14.78393041006357,16.62857843193237,1.4617437214611873,856.7945324912429,11.952411529680365,137.29981850385275,15.512271689497718,0.051013127853881284,C06_6127,AESTHETIC,False
132.18581593107876,63.513916650774895,7.779662178798461,7.411285236166291,-0.08159603310502284,557.0350434300113,10.20333904109589,138.41999003852737,15.707405821917808,2.9480593607305936,C06_7,CONTROL,False
130.42130438641553,70.55856632343979,4.31678222087922,4.161677346784512,-0.09847317351598174,791.9556648466252,10.844035388127853,143.77182059503426,21.749072488584474,1.3780679223744292,C06_7,BASE,False
141.02152721532534,69.07100163232018,8.670635520189812,10.93480852257166,-4.0767158961187215,657.5813584670357,10.069206621004566,153.13320553296234,15.843678652968038,4.515910388127854,C06_7,AESTHETIC,False
117.06921563641552,64.34909023070082,0.46598705121317935,1.3777123682174237,-0.20512271689497716,1386.7305868144738,15.181934931506849,125.16953913955479,19.075699200913242,1.9791666666666665,C06_85,AESTHETIC,True
129.85789989369292,70.49009988825246,10.562954662458592,12.345220813366153,4.191655964611872,796.3944496551806,12.543878424657533,151.79298419092467,17.940924657534246,2.3309075342465753,C06_85,CONTROL,True
125.77327872645546,70.73433789515346,7.4029148759960615,7.569967023670073,1.1749464897260273,542.1781965302736,10.5900399543379,146.6869281078767,21.25784817351598,1.2878139269406392,C06_85,BASE,True
144.9793926348459,61.570240745708944,8.595911395380071,12.657167619061209,-1.7322666952054795,350.2386120290118,7.490011415525114,170.80625481806507,7.902397260273973,0.35281107305936077,C07_25478,AESTHETIC,True
147.571525564355,58.125164034570446,8.565173415256515,12.010894572663599,2.1323951198630136,260.6787879272265,4.7103310502283104,174.55261716181505,8.656178652968038,0.0995291095890411,C07_25478,CONTROL,True
138.797699326484,66.14398888104031,7.936958601933925,9.55536975749511,2.8174657534246577,322.03706613398236,6.374500570776255,162.95949298159246,12.277397260273974,1.325984589041096,C07_25478,BASE,True
148.32152880850455,57.93195202118391,19.625812796579822,34.02437975869018,-4.754402111872146,509.57929387572426,7.728667237442923,154.26453495719176,7.701555365296804,0.06813641552511415,C07_6127,CONTROL,True
137.57716043593035,61.02256380760857,21.13780609275674,46.34838870059695,-21.664536957762557,779.2024431469628,10.242936643835616,139.4611095697774,12.177868150684931,0.08062214611872145,C07_6127,AESTHETIC,True
132.50022005636413,59.552040904249324,16.918278270212195,32.02988473654998,-8.77037314497717,610.0983195879835,8.541666666666666,126.61667661815068,10.49300799086758,0.05136986301369863,C07_6127,BASE,True
133.461722800371,59.398463389116095,11.06754185692542,14.381142813721906,-1.972905964611872,421.60828686898606,7.869934360730594,131.08426433005135,9.597246004566209,0.4862300228310502,C07_7,BASE,False
140.86690577982307,43.386337679840906,17.6446008483302,46.216345661703656,-24.438060074200912,515.5956225983371,9.721389840182649,126.54291595676368,5.397759703196347,0.0802654109589041,C07_7,AESTHETIC,False
147.6267687571347,51.98413209074877,15.052066545796402,31.45553150507378,-6.346297089041096,334.8702855872515,7.607020547945205,157.89585325770548,5.84867294520548,0.05172659817351598,C07_7,CONTROL,False
138.69234592822488,56.38419856610076,5.692350199212106,7.875411733273253,2.6635951769406394,361.7790530243242,6.60281107305936,152.12134347174657,8.615867579908675,2.9366438356164384,C07_85,BASE,True
142.36847476526825,54.306320233070906,7.599499731399409,9.831606815593169,0.9285709189497717,321.9455161128919,7.942708333333333,148.6333009332192,6.419092465753424,0.0884703196347032,C07_85,AESTHETIC,True
136.94905322203195,53.48295844389403,6.6230120758349,8.280007684725046,2.612086187214612,179.21579305340077,5.317494292237443,142.38842880351027,8.189925799086758,1.9220890410958904,C07_85,CONTROL,True
110.4751546175799,56.64790909391421,33.51970297251321,52.43036720037074,-29.77785388127854,1544.5283891849747,19.14454908675799,117.2378795547945,10.710616438356164,0.5664954337899544,C08_25478,BASE,True
100.92334567779679,53.563886338793104,54.09599952994897,65.95569777970726,-63.3529323630137,1490.7192891868176,22.417237442922374,108.2055995719178,11.071989155251142,0.17872431506849315,C08_25478,AESTHETIC,True
124.20536455622147,61.79493048589601,31.58331934371922,49.93312402806748,-31.78939069634703,1534.0726430250288,23.179580479452056,138.74560264982878,11.203624429223744,0.7780393835616438,C08_25478,CONTROL,True
114.8991250720605,61.64246602512892,45.69011325991584,78.76751630301888,-37.59097103310502,1124.8437008847638,17.243864155251142,107.22239030393835,13.414312214611874,1.078410388127854,C08_6127,CONTROL,True
119.780514975742,59.753026958450555,43.56198238427792,72.7523281208183,-51.407669805936074,996.9102411611,17.20212614155251,107.76005218321916,10.53474600456621,0.267908105022831,C08_6127,AESTHETIC,True
116.96782508490297,57.705962213476894,38.004247246843946,65.30857411868531,-34.434243007990865,863.974026699224,13.055079908675799,108.02638948630137,10.455907534246576,0.3560216894977169,C08_6127,BASE,True
125.97696764269404,61.30910954363218,31.80233514638732,59.03822194637143,-22.517922374429222,1617.4605676250444,22.989083904109588,135.5951821318493,10.129851598173516,0.7309503424657534,C08_7,BASE,True
106.54515208832763,53.192393544378824,53.18079477795685,81.76026883783626,-57.05681720890411,1449.2703129394924,21.189355022831048,113.08240326840753,11.948130707762557,0.21618150684931506,C08_7,AESTHETIC,True
117.99321446989154,57.41494173446582,37.47113802712867,61.89102658266942,-33.73042594178082,1864.469683407612,21.485801940639266,126.77994910102738,8.318707191780822,2.5898972602739727,C08_7,CONTROL,True
113.37772650256846,58.921169648206444,30.047214947622884,38.586186445279495,-28.11584617579909,1731.0929111323342,21.898901255707763,125.118923244863,14.752782534246576,0.278966894977169,C08_85,AESTHETIC,True
118.20163138984019,65.46128777670266,32.31255735741786,50.97666396777854,1.6812642694063926,2226.174991099895,23.86344178082192,129.49109662671233,10.027468607305936,3.331906392694064,C08_85,BASE,True
122.66699715824771,59.9001864897129,23.058110059092133,48.509861767929344,-6.636932791095891,1589.0177559946242,18.98829908675799,135.9153366053082,9.591538242009133,0.7826769406392695,C08_85,CONTROL,True
82.1636970890411,60.24858660284023,36.747118139493246,44.93926237271306,-36.41355593607306,989.3600401127384,17.379780251141554,92.0550519135274,22.52960901826484,0.8187071917808219,C09_25478,AESTHETIC,True
92.46791196632421,64.23585309077218,12.290220140567644,14.954466944477128,0.40991723744292236,1010.9569261657252,16.68771404109589,116.51361833690069,25.407391552511417,0.5750570776255708,C09_25478,BASE,True
92.69834067922373,62.0106077035097,13.409081497895965,18.188207364716593,-9.112442922374429,695.4134581605041,15.491937785388126,107.83756175299656,17.74400684931507,1.0470176940639269,C09_25478,CONTROL,True
98.70137872360161,53.8577162377557,41.2293988942609,60.4190786182628,-21.762339469178084,875.9457534502621,13.393978310502282,100.87446599529109,21.18792808219178,0.09346461187214612,C09_6127,BASE,True
100.85921484089612,53.151512193390865,42.56628419061689,69.02410022898026,-36.28619078196347,951.3251050900651,14.25799086757991,106.43395109803082,18.524186643835616,0.20440924657534246,C09_6127,AESTHETIC,True
95.90109303795661,60.628749144163216,20.751333210224733,27.393441532672856,-1.5729808789954338,868.524333911114,14.703553082191782,101.09803626070206,25.80122716894977,2.651969178082192,C09_6127,CONTROL,True
97.74161942779679,62.20713353389192,1.4891174791834543,1.557627929514534,1.0586258561643835,1502.063113804329,15.526184360730594,111.66555074914382,28.299443493150683,0.4287956621004566,C09_7,BASE,True
100.71269513484589,56.647341019721125,24.276008091592804,34.96433992893751,4.992590610730594,680.5259674950231,13.904466324200913,105.67364389982878,18.622645547945204,0.5368864155251142,C09_7,CONTROL,True
95.49352354238015,59.532201625091304,29.489502193571493,50.273462247184014,-16.063602311643837,1533.7364712331678,21.516124429223744,97.58197909888699,25.674229452054792,1.2007705479452055,C09_7,AESTHETIC,True
106.52511797303082,66.60081935325749,0.7392965462440685,1.1711729327722769,0.3980343892694064,1754.5875652385532,19.24942922374429,133.35516116438356,20.792665525114153,0.22117579908675797,C09_85,BASE,False
89.69639496432649,50.88891607164318,17.838902598710717,20.437694116133446,-12.960238299086758,1351.2234577281129,16.967394406392692,105.0270572431507,12.260987442922374,1.517908105022831,C09_85,AESTHETIC,False
87.12228661601027,50.60673129289862,12.864835146387323,13.836493884294063,-4.56076269977169,677.8907088227854,11.853952625570777,101.08335559075341,12.666595319634702,1.3031535388127853,C09_85,CONTROL,False
138.0843472281678,66.54443909521771,29.658563882173873,41.61485506614753,12.529526969178082,1610.7654869755497,12.949129566210047,146.83340661815066,5.196561073059361,10.87293093607306,C10_25478,CONTROL,False
134.9178000799087,67.32422095912482,34.52207701002776,43.87219233080856,26.484360730593608,1920.579359401185,18.47567066210046,157.3934463099315,5.14412100456621,8.47638413242009,C10_25478,BASE,False
136.02936504922945,64.42298788134374,32.271721673829354,46.007241645806985,-7.194652539954338,669.7743064066194,10.598601598173515,162.0499462756849,6.918521689497717,0.26362728310502287,C10_25478,AESTHETIC,False
142.25617166666666,57.634476765794176,32.81887087026592,54.51714250995313,-5.170034246575343,480.5160030152547,10.274329337899543,129.26533034888698,3.7731877853881275,4.60259703196347,C10_6127,BASE,True
133.05722944991436,62.58658270990491,34.67238981779927,57.112751548689104,-20.800360302511415,689.5993077839287,11.392337328767123,121.32509957833902,6.025613584474885,1.6331335616438358,C10_6127,AESTHETIC,True
150.63883769049656,57.73313264642169,30.688212071358226,53.483193201162756,-8.992704765981735,671.1532911819282,10.522617009132421,140.00178730308218,4.5323202054794525,4.083190639269406,C10_6127,CONTROL,True
133.15432623929794,70.15140272009718,28.38916448428687,44.91768792947519,-14.27660174086758,820.8265036679684,11.141552511415526,128.8636997452911,9.465610730593607,17.009132420091326,C10_7,BASE,True
140.32657476812213,67.20517868638649,28.868878144865253,49.41696899131014,-23.777293807077626,799.7158072219792,10.419163812785389,136.4648831442637,6.988441780821917,4.003638698630136,C10_7,CONTROL,True
124.38134323416095,66.06424119046797,35.21135369101979,58.40978631971978,-31.229441352739727,850.6461874870372,11.471889269406391,117.02368413741439,8.784246575342467,8.473530251141552,C10_7,AESTHETIC,True
146.91655973458904,59.1532287968709,27.188542226251233,42.39349847854841,22.628667237442922,531.718415691051,7.21853595890411,182.20107288527396,7.092965182648402,2.9480593607305936,C10_85,BASE,False
150.64749235302511,67.57284575419928,16.290011695317396,23.931586725434123,-4.303916952054794,672.6347246431652,9.682862442922374,164.8380043000856,5.216538242009133,0.24935787671232879,C10_85,CONTROL,False
147.58100172873856,70.8983225463867,17.015429145402454,23.609467781594432,-3.2400363869863016,803.5268778408498,10.315353881278538,153.2452452011986,6.627069063926941,0.07562785388127855,C10_85,AESTHETIC,False
134.12405215539383,56.42824236007886,24.274465037156418,35.44325232819816,6.082915953196347,700.3460828947751,11.692708333333334,161.76975889768838,8.389697488584474,0.17230308219178084,C11_25478,BASE,True
129.45751634203768,61.50294690836169,22.35596992792551,41.259693218122685,-5.739615439497717,815.6995802665589,12.47716894977169,158.24393665881848,9.821275684931507,0.194777397260274,C11_25478,CONTROL,True
126.49536235373856,51.72335418948387,22.837839388038322,45.87926781399646,-27.530575770547944,756.7741127280739,11.028467465753424,153.76569218321916,8.319777397260273,0.17230308219178084,C11_25478,AESTHETIC,True
118.74077324343607,66.72110521969653,30.85460594054974,47.28302707289944,-15.746725171232876,1103.2064897719936,11.61494006849315,112.34647493364726,17.601669520547944,3.941923515981735,C11_6127,BASE,True
127.04633279394977,67.28140863794634,31.104163868743846,53.03807124496381,-12.102525684931507,764.6527738013617,11.622431506849315,128.9299420954623,14.30900399543379,1.6520405251141554,C11_6127,CONTROL,True
122.20519682577051,61.91969925077355,30.6755724550094,60.22523476421487,-34.711697345890414,1094.0656891069448,12.129708904109588,119.36298963827052,12.662671232876713,1.120148401826484,C11_6127,AESTHETIC,True
122.39800838541666,65.10522009500089,28.651352236099918,54.1953445394119,-25.255654252283104,1443.9169735195308,17.299871575342465,120.42457673159247,12.335188356164384,0.6125142694063928,C11_7,AESTHETIC,True
118.6294500527968,63.105086507333056,25.287369057211926,31.593684188375235,2.5781321347031962,1440.9992509495096,16.707334474885847,121.05190329195204,13.340111301369864,3.355807648401826,C11_7,BASE,True
128.76727218179224,67.62220281586184,30.132172475154448,45.172299518555604,2.0309574771689496,1347.6516790790445,17.53246289954338,135.88077395547947,12.000214041095889,2.213541666666667,C11_7,CONTROL,True
134.3767811750856,66.56868075382454,25.14898659235384,38.02684371589737,9.058393978310502,947.4900993449263,11.804366438356166,155.78168104666094,10.062785388127853,1.277468607305936,C11_85,CONTROL,True
149.85976162813927,58.18001482545543,10.82582790536306,9.30732517228554,12.927903824200913,923.0579987520862,11.957762557077626,164.03876657106164,8.14533390410959,2.661244292237443,C11_85,BASE,True
128.52953223815638,58.33245548638424,25.819075118631932,47.19033368324477,-23.417298087899542,1071.9886750190215,13.514911529680365,134.28335096318492,9.05714897260274,0.23401826484018262,C11_85,AESTHETIC,True
140.56310664597603,62.46952981137561,23.85204724012893,35.475272001714835,24.332437928082193,653.3836266026077,9.370362442922374,168.7576223886986,9.506635273972602,0.5147688356164384,C12_25478,BASE,True
151.2197188035103,61.33109555561926,21.97882532008237,39.274251858269196,22.45355664954338,311.43504846883195,8.392908105022832,183.6928612714041,6.415168378995434,1.4533390410958904,C12_25478,CONTROL,True
136.31068077126142,58.006676735405854,24.073151692183725,39.973052628074754,12.351109446347031,652.1251883924971,11.148687214611872,163.94988403467465,6.752283105022832,1.870719178082192,C12_25478,AESTHETIC,True
139.47686391195774,64.99990855332864,29.60934422284896,51.43953244712547,8.172477882420091,537.113376661066,10.319277968036529,146.13417424657533,12.186786529680365,0.7259560502283104,C12_6127,CONTROL,True
127.55589867722603,65.76467255014056,29.648064676783957,48.19340862855942,10.69753852739726,1026.3854563618015,12.717251712328768,128.4726415625,16.508632990867582,0.09417808219178082,C12_6127,BASE,True
122.9902663891267,64.37298146920118,38.16757179469962,58.620552345275,0.5429972888127854,980.8396734057033,12.724743150684931,122.64244263270547,15.8080051369863,0.3795662100456621,C12_6127,AESTHETIC,True
126.50919579623289,58.82870311332771,32.85116869236279,49.56655962515449,21.593107876712327,950.402138775872,11.992365867579908,141.10664652183218,11.175085616438356,0.0574343607305936,C12_7,BASE,True
119.23109211115867,58.68311730334289,35.28974449368789,54.58197919848886,2.046807220319635,907.5802542583912,12.701912100456623,133.01528950128423,9.76954908675799,0.9706763698630136,C12_7,AESTHETIC,True
135.72228573844177,59.71157778199287,32.14164344390724,53.564973206622156,18.14762057648402,614.8013826128215,10.68172089041096,156.61166293450344,9.924728881278538,1.9948630136986303,C12_7,CONTROL,True
141.2947487178938,53.185170460730866,31.812064923001167,39.401833194193955,48.66023473173516,467.253253149725,7.63591609589041,159.75189492936644,8.090039954337898,0.05351027397260274,C12_85,BASE,True
140.6773458825628,63.23484437057912,21.786561856477753,36.593801234113116,22.3355415239726,434.7190847354609,9.56228595890411,162.8869591994863,10.954623287671234,2.1753710045662102,C12_85,CONTROL,True
123.32677151826483,62.20967237105129,28.22064978959621,43.06032772387311,26.835331050228312,1196.350067769449,13.477097602739727,136.6611785552226,13.188142123287673,0.06171518264840183,C12_85,AESTHETIC,True
134.7363456628139,74.11440307315185,26.957386236458056,33.39232142570973,0.2075021404109589,1128.1367437173378,15.961044520547945,135.04485285530822,12.593821347031964,16.383418949771688,C13_25478,CONTROL,False
75.78921414668949,58.14633525854174,42.48430225400663,35.96104992699895,7.29025399543379,2527.1066081446784,19.68214897260274,75.78733085830478,27.897759703196346,0.2928795662100457,C13_25478,AESTHETIC,False
149.88451833690067,75.23801570772193,14.27716363371833,18.298193920032134,-2.517312357305936,1197.910043201147,14.184503424657535,167.29202356164382,10.896832191780822,13.400042808219178,C13_25478,BASE,False
123.55596237442923,51.71707125842207,26.85918753917092,42.6873933168074,29.111672374429222,1511.1039516721899,24.48951198630137,96.13903198844179,3.8502425799086755,3.0907534246575343,C13_6127,CONTROL,True
99.21390560359588,68.94199346410701,27.929460168770703,30.906819964185093,20.472410102739726,1301.6789011186743,19.405679223744293,85.62929999143834,23.26376997716895,4.284032534246576,C13_6127,BASE,True
82.73705273187785,51.531175697476264,33.42924332975199,34.95486955690561,21.33331549657534,2390.7489872911365,28.39790239726027,65.39986059075342,20.911458333333332,2.804295091324201,C13_6127,AESTHETIC,True
110.84728952340181,67.09980858892476,25.92331593025338,27.175249102160635,9.365767694063926,1556.973209211781,20.07241723744292,139.82540554152396,19.033604452054796,0.4041809360730593,C13_7,BASE,True
77.84916401612442,49.09453109556587,40.492501566836786,30.866649324157834,21.093874857305938,3142.3617904317766,28.36722317351598,53.10193941138699,28.521689497716896,0.0802654109589041,C13_7,AESTHETIC,True
119.44525492936644,49.974934759667164,31.460596852896412,40.475670759557225,15.901009560502283,1385.2572513319233,21.903182077625573,103.50493878210615,4.486658105022831,0.05493721461187214,C13_7,CONTROL,True
75.30063594320777,60.53146524452587,47.94265237487689,37.03053495809724,19.870826198630137,2468.670572492115,25.231164383561644,75.27639049871574,30.070276826484015,3.953695776255708,C13_85,AESTHETIC,False
138.75467237799654,58.10606743955175,20.767404478914855,29.44168537976095,16.54861230022831,383.1647898350266,8.446775114155251,147.27918073202054,3.844178082191781,7.936643835616438,C13_85,CONTROL,False
154.2544064932934,69.47079140573119,13.138006144238519,19.303805117591292,12.624497003424658,562.784695132697,5.443421803652968,194.5690363206336,7.39904394977169,8.744292237442924,C13_85,BASE,False
124.87432034817353,64.40059463892453,16.688282019428776,21.067284440034125,-0.8319634703196347,991.626306329935,17.457548515981735,145.72152576840756,9.494149543378995,0.951769406392694,C14_25478,BASE,True
131.815913545234,70.30533192055503,15.60115610171009,18.96366558945213,5.76238227739726,1061.079756649494,18.23023687214612,153.51306987799657,13.42822488584475,4.830550799086758,C14_25478,CONTROL,True
110.34957255136985,57.96636143483512,25.31873237308622,34.44039962482717,-26.917351598173514,919.4199380914713,14.715325342465754,129.85736511130136,13.528824200913242,0.7519977168949772,C14_25478,AESTHETIC,True
119.26142678438927,64.02750285110548,26.658068649834366,48.168788461291975,-23.28660459474886,947.8187507977163,12.202839611872147,120.86194362371575,14.122788242009133,0.278966894977169,C14_6127,BASE,True
109.6702264133847,61.64208629753053,43.180541565941446,69.21409782353388,-49.07513199200913,1402.2012561652748,15.889340753424658,111.51377318921233,16.739083904109588,2.5816923515981736,C14_6127,AESTHETIC,True
124.03136605236872,71.66403278037924,22.709537839108247,28.556668643287384,-2.697984446347032,1065.6664158580136,18.204908675799086,139.08084562071917,18.184931506849313,0.533675799086758,C14_6127,CONTROL,True
125.90081572060502,65.62395891050024,18.665505528695498,39.11110898731239,-12.524778824200913,1571.5064363024428,18.245219748858446,120.3114370697774,10.517979452054794,0.7291666666666666,C14_7,BASE,True
135.03330256563925,69.3320169625781,23.438184092130005,39.77353906522483,-4.69798801369863,1454.6387987801606,21.4412100456621,141.04686225385274,12.580622146118722,2.4853738584474887,C14_7,CONTROL,True
133.76514832049085,76.04503895729073,27.995380629420723,46.13441661717753,-22.66665953196347,1331.7248241744508,14.712471461187215,126.23700738227738,12.959831621004566,3.3711472602739727,C14_7,AESTHETIC,True
136.87213207477168,64.55963717702981,11.525610786552065,14.172907618293513,-4.769506278538813,1656.6890402926128,18.550228310502284,143.93645160958903,14.315425228310502,1.4972174657534247,C14_85,AESTHETIC,True
131.5393713363299,65.74353761348084,12.466598397349808,13.655902360782836,6.378306934931507,1293.438623373475,17.846746575342465,146.87206092679793,13.68543093607306,1.6195776255707763,C14_85,CONTROL,True
131.0119459781678,69.3243246736343,11.006807346226163,11.768542123512974,5.368368293378995,1424.1674944476856,18.457477168949772,141.11686737585617,17.020904680365298,0.5565068493150684,C14_85,BASE,True
107.33638144263698,62.19563353348076,47.49752803518668,49.57646037363076,40.85140553652968,1675.1625181827908,16.056292808219176,77.32677598886987,16.032748287671232,0.05565068493150685,C15_25478,BASE,True
129.88854501212901,57.33257314622638,35.87163549780643,52.08704528310715,30.628192779680365,1579.374550405986,15.531892123287673,117.71988492722603,4.000428082191781,0.5126284246575342,C15_25478,CONTROL,True
83.50914231877852,51.023759886291344,51.070700711791574,57.430854502889616,16.88201341324201,2646.173071222582,13.89269406392694,69.80571569991439,20.072060502283104,0.05172659817351598,C15_25478,AESTHETIC,True
119.51358589968608,62.72286626955557,37.86323193661026,50.60205982160791,22.491020976027396,789.1115498016435,10.208333333333334,103.30925558861301,9.511629566210047,0.3795662100456621,C15_6127,BASE,True
150.67007748216324,55.656182796584204,37.34138435625392,63.83731929580466,20.40402753995434,311.3011672789297,7.0808361872146115,134.44211469820206,5.691709474885845,0.20833333333333334,C15_6127,CONTROL,True
120.04420028610159,56.54331705886328,38.00107999820933,63.98737790617808,1.2396083047945206,237.49043071310086,5.784817351598173,110.52146125856164,8.768550228310502,0.050656392694063926,C15_6127,AESTHETIC,True
142.91199287956618,61.488118733813714,30.268839813322593,53.824017207511545,17.44068207762557,319.12526620993526,5.120219748858448,140.45532831335615,4.961829337899544,0.0898972602739726,C15_7,CONTROL,True
120.88458135273972,53.90988980708668,27.156290569880927,52.798786504603754,-7.403110730593608,379.9506735039557,6.058433219178083,102.55990081121575,9.622217465753424,0.07990867579908677,C15_7,AESTHETIC,True
126.67147271404107,60.52919045742928,34.66113377428597,45.51594569984874,29.15592180365297,446.56251708337896,7.658390410958904,123.35039601455478,6.442280251141552,0.052440068493150686,C15_7,BASE,True
111.39491614440638,64.09940889991583,32.02702513653863,49.33185996091402,10.704437785388128,427.8439215605839,6.136558219178082,116.8524078724315,8.37685502283105,2.257420091324201,C15_85,AESTHETIC,True
138.86812403182077,63.48895601860414,28.007289987912976,46.27124888749359,23.021907106164385,318.1172855980457,5.269691780821917,146.3287045098459,2.2517123287671232,9.185216894977168,C15_85,CONTROL,True
127.57764419948631,60.85711191191933,34.40828688781449,48.86131977348367,34.906485445205476,457.5121868456674,7.454694634703197,129.35933788955478,5.496932077625571,0.3485302511415525,C15_85,BASE,True
150.15402024543377,59.32766695519171,31.34085275091772,45.774064813846834,36.54078196347032,1432.8837460525865,32.73758561643836,165.83598047303082,8.430365296803654,8.189925799086758,C16_25478,AESTHETIC,True
143.64075037100457,59.207736792395316,28.58910125123109,35.758371689121745,33.20733447488585,1114.4653274027412,28.690781963470318,168.7806625192637,7.978738584474885,0.861515410958904,C16_25478,BASE,True
160.94684129423513,59.35855270374308,30.02590736637121,46.583451342713964,43.9998073630137,877.5491260370237,19.429580479452056,182.62889524186645,2.965539383561644,7.224600456621004,C16_25478,CONTROL,True
131.19970435859017,57.49924532878127,29.371723632375325,36.99080107362366,34.933715039954336,1345.513112939407,32.31485445205479,150.81730581549655,10.053510273972604,0.13377568493150685,C16_6127,BASE,True
142.93587462685502,60.30507625867663,29.18959144730952,44.53193872558539,41.89367508561644,989.6028770490968,20.709189497716896,166.60728606592465,8.802796803652967,2.537457191780822,C16_6127,CONTROL,True
135.7991197666952,62.13803084887703,31.32524174053183,44.594015343318254,33.825538670091326,1564.7040701459703,32.95662100456621,157.46373247217466,12.044449200913242,2.6944206621004567,C16_6127,AESTHETIC,True
150.02781715182647,60.09420067806528,33.07211785970096,45.88470525268286,47.392722602739724,1284.125574122162,20.116652397260275,165.94924438356165,5.1045234018264845,1.4504851598173516,C16_7,CONTROL,True
132.02020064854452,59.327371212800664,31.811502540513924,38.9710065973556,33.19575841894977,2052.862531767704,30.611087328767123,161.19158810145547,9.325770547945206,0.08311929223744292,C16_7,BASE,True
145.39211638341894,58.211249412727426,33.9764736659504,53.16466714511071,34.026245005707764,1615.0145351308693,30.009275114155255,163.75437991224314,9.592965182648403,0.05136986301369863,C16_7,AESTHETIC,True
139.3806642522831,65.86887093709473,32.76165474751544,43.36450624401127,41.28915525114155,1585.1638501966518,29.183789954337904,144.20535235445203,9.506635273972602,0.305365296803653,C16_85,CONTROL,True
133.47233718535958,61.69447023207094,37.39545141686812,40.69485233922803,40.40188712899543,3913.7174550651016,42.52818207762557,138.44564418236303,13.525613584474886,0.13520262557077625,C16_85,AESTHETIC,True
126.02340448986872,63.91938440282579,27.705584374160626,27.027596400147612,30.725438784246574,1859.735357695298,30.93072203196347,137.05226608518836,13.39290810502283,0.05315353881278538,C16_85,BASE,True
120.24187656392694,60.86814298728681,21.785893152923272,29.172593225610335,-1.2698059360730594,883.9691433926371,13.036886415525114,120.3130313869863,8.228453196347033,0.643193493150685,C17_25478,BASE,True
133.1491216795091,73.28055990829034,24.704975825946818,31.533947810129597,2.5229666095890413,1605.4781918505682,15.854737442922373,133.40696599101025,13.320134132420092,9.848030821917808,C17_25478,CONTROL,True
104.42256148116438,60.405987952260645,27.477496306741877,46.19931659040251,-29.191452625570776,606.5156773203422,9.306506849315069,136.21194464041096,16.34275114155251,1.8710759132420092,C17_25478,AESTHETIC,True
131.88838966038813,67.35378001275629,29.013898681618766,41.462524853809384,-10.454751712328767,490.40131871056167,11.029894406392694,129.74953575770547,14.471318493150683,1.3085045662100456,C17_6127,CONTROL,True
119.93261646261416,61.97950021562096,26.644393802041368,46.87243877768189,-13.141787956621005,627.1768906958888,9.398544520547945,110.51852515624999,13.601598173515983,0.20405251141552513,C17_6127,BASE,True
134.88862938284817,62.90725189002383,29.21922984376399,56.659095759331294,-33.831417665525116,432.60892991134523,6.80900399543379,108.67958075770547,12.243507420091323,0.052440068493150686,C17_6127,AESTHETIC,True
131.74850348958333,65.50579571614509,20.411058230369775,28.465300849756154,-11.938167094748858,921.1451474926813,10.284674657534246,135.8705093985445,12.61165810502283,0.09845890410958905,C17_7,BASE,True
135.11700095533675,60.04804699492645,29.321208534783782,46.187999028995584,-24.803977597031963,622.0785678459268,11.916024543378995,151.48199180222602,7.371218607305936,4.9439925799086755,C17_7,CONTROL,True
123.18733196989155,59.15447179957795,33.8761009826305,57.285982429831094,-39.80668164954338,722.2811315280396,9.803082191780822,122.08134450770545,10.527254566210045,0.17444349315068494,C17_7,AESTHETIC,True
139.88307420804796,67.65710959983191,0.6880693772942967,1.4678150823063352,0.9050727739726028,448.7728958260515,6.781535388127854,175.6206305115582,10.299657534246576,5.856521118721461,C17_85,BASE,True
159.80843434931506,59.01847439290939,16.410793826663088,29.231040675274397,-9.365182648401827,511.021448202574,8.525613584474886,193.15082839255135,6.98951198630137,0.9367865296803652,C17_85,CONTROL,True
144.04522132776825,48.98876298359359,23.318547710179963,45.28266447245614,-34.62413313356164,384.75381565300074,6.349885844748858,165.20951057363013,7.244220890410959,0.050656392694063926,C17_85,AESTHETIC,True
105.36293214397831,73.97428024299795,30.940861704270752,31.611820737430488,15.793332619863014,2120.7872177372624,21.00884703196347,123.04874053510274,23.486015981735157,7.534960045662101,C18_25478,BASE,True
110.8748718678653,78.67598684097958,30.09599952994897,30.572813610269698,9.107926655251141,1606.4075356527344,17.826769406392696,126.60785302868152,25.924300799086758,7.056578196347033,C18_25478,CONTROL,True
95.79942843607306,78.34192408776958,36.32777525964724,39.61259394455562,-2.98935502283105,2753.914271071144,19.73458904109589,96.3411438291952,34.64041095890411,1.695562214611872,C18_25478,AESTHETIC,True
101.47430181435502,72.45356064749156,31.584262243710274,52.55116679591946,-9.290093464611871,2109.8501356260963,18.713969748858446,87.05516313356163,29.69677511415525,2.34375,C18_6127,AESTHETIC,True
116.59805417594178,69.04351248763425,31.856017492613482,41.04403064494015,4.786083761415525,976.1019133707022,14.497003424657533,104.86727360445207,24.047160388127853,0.11700913242009131,C18_6127,BASE,True
117.64117377069064,74.03977094039827,37.275259647237895,47.15220670695368,-6.713145690639269,1263.0457803880936,16.13263413242009,103.18243026969178,24.88370433789954,1.897117579908676,C18_6127,CONTROL,True
112.35772697274543,76.87672457597274,40.348485484376404,39.25267843250898,7.381260702054795,1447.3157095237843,20.499429223744293,114.01772729452055,22.8146404109589,6.367009132420091,C18_7,CONTROL,True
97.83692890054223,67.72313737166125,41.883862420538996,42.35711715157665,8.958094320776256,2750.85352101969,22.947702625570777,101.63071471104452,25.51690924657534,3.9547659817351595,C18_7,AESTHETIC,True
110.56930338969748,69.89559860421114,37.842790312472026,40.3733605826793,21.136476170091324,2033.7308346874688,23.01227168949772,120.54730659888699,17.662314497716896,3.1802939497716896,C18_7,BASE,True
103.57228303938356,65.81218545148039,36.75612884994181,37.416763293418704,23.354523401826484,2091.758904412519,24.200199771689498,126.51392901113013,20.41595319634703,0.7766124429223744,C18_85,BASE,True
91.31878997859589,65.93281464870459,35.28075336869908,37.804454905732506,9.802333047945206,2456.34133816851,23.852739726027398,90.60756034246573,26.309574771689498,3.0361729452054793,C18_85,AESTHETIC,True
109.73152185930364,68.47011626055698,37.130709161518496,39.47303314025213,21.569641837899542,1291.4689053568259,19.931506849315067,112.74143307363013,21.195776255707763,2.1097317351598175,C18_85,CONTROL,True
106.62682736230022,74.31094535450562,16.687395077894173,24.55040717605557,5.7771439783105025,1998.0140902048015,21.406963470319635,132.10695978167806,24.88370433789954,6.699129566210045,C19_25478,BASE,True
129.03092234089613,75.36650190101444,16.33746306741875,26.665235055775653,10.595002140410958,2571.4992290351383,24.043949771689498,154.6271973244863,13.724315068493151,13.293022260273974,C19_25478,CONTROL,True
102.13525850099886,78.15586112202823,18.40495036484914,20.317449125774314,3.5915418093607308,2697.351825164383,22.534603310502284,123.82662691138697,29.25799086757991,10.761272831050228,C19_25478,AESTHETIC,True
100.32974047445775,68.39924107975693,24.727430555555557,31.308811326650968,8.337838898401827,2479.9228905284353,24.503424657534246,116.71960405179794,16.249286529680365,7.53103595890411,C19_6127,AESTHETIC,True
111.89586533105023,77.1311185561519,18.870278505237714,25.582417492625055,7.65990296803653,1883.2197740547006,20.34210901826484,120.9786954109589,19.52447203196347,10.06456906392694,C19_6127,BASE,True
123.8450806749429,65.43970095568945,19.755765119974935,29.381088755677922,16.98663670091324,2028.6931073605333,23.7150399543379,141.3078251369863,9.020405251141552,10.578624429223744,C19_6127,CONTROL,True
133.23009326484018,77.04559877162573,16.484127383830245,20.96830366691049,6.543493150684932,2752.4521505003336,24.914383561643834,135.76784252996575,10.539740296803652,15.520476598173516,C19_7,CONTROL,True
109.51019234232305,82.71091917635579,25.602024856746354,24.123047749865254,-8.02646618150685,3073.8100286641893,23.85238299086758,109.96479065068492,25.505850456621005,8.811358447488585,C19_7,AESTHETIC,True
122.79125350313926,78.77643270559537,16.812595129375953,15.966649040105944,-5.165460901826484,2237.0870251243027,21.068778538812786,130.06019206121576,20.814426369863014,4.588684360730594,C19_7,BASE,True
139.2075724686073,73.216014621884,15.147005662995793,15.870407451225201,6.5994720319634705,2854.4844849768483,28.4210901826484,147.45674946275682,10.391695205479452,10.791952054794521,C19_85,CONTROL,True
140.8111046075913,67.43193277094441,11.47012238114424,13.5765958750965,-7.470954623287671,2151.898655645179,20.50228310502283,127.33794276755138,10.474814497716894,3.2027682648401825,C19_85,BASE,True
100.35796797588469,67.03183928312295,18.23363914629779,20.582036624635002,5.989030393835616,2710.9188385814814,28.51027397260274,114.6665080843322,21.490082762557076,5.276469748858448,C19_85,AESTHETIC,True
133.90685019192352,55.8384548658603,31.972986055152656,40.139330900480694,2.8308040810502284,196.42620230437424,4.401041666666667,156.13194028253426,3.091823630136986,1.8846318493150684,C20_25478,BASE,True
136.22134079980023,52.46687693756147,33.59867714208971,58.386043135444126,-37.174661101598176,327.59568840406246,6.520048515981736,146.4218316588185,5.298230593607306,3.3351170091324196,C20_25478,CONTROL,True
115.78345598173516,49.309038692744934,43.53303787268332,67.086607901593,-56.59911529680365,386.96541122430483,7.473958333333333,131.82142914169523,6.119791666666666,0.3003710045662101,C20_25478,AESTHETIC,True
136.92347010273974,58.32505606621092,36.065450409615906,67.96144032302475,-37.50730593607306,317.77275982779656,7.0808361872146115,117.06373396618152,4.22552796803653,10.023901255707763,C20_6127,CONTROL,True
111.61260502925228,60.05825457594321,41.509002316680096,68.16062423037064,-41.016613156392694,370.17515301326983,8.387200342465754,84.06402022474315,2.8706478310502286,0.5953909817351598,C20_6127,AESTHETIC,True
124.27438606663813,60.084303147323304,37.82952536037246,57.73990927417144,-20.69839825913242,286.3659435775164,5.820490867579909,97.22772390625,1.9709617579908676,0.768050799086758,C20_6127,BASE,True
140.96906223173517,64.57883117033654,39.144115408720566,66.09463741463009,-38.91087328767123,329.1335602119573,5.318564497716895,123.63702483518836,4.686786529680365,5.612514269406392,C20_7,CONTROL,True
122.30653938784245,67.11527313823856,38.317853825320086,60.279516063936256,-43.17005565068493,429.18455591419195,7.222103310502283,102.45817347602741,3.917665525114155,3.6847174657534247,C20_7,AESTHETIC,True
131.95311477240298,65.74742221423546,32.22576579147641,48.413176976807165,-17.947006992009133,306.3560100112953,6.139055365296803,115.97335262414383,2.862086187214612,1.7037671232876712,C20_7,BASE,True
114.02024468821345,52.18957527907462,46.438223263049515,69.64045315584688,-60.57258490296804,331.099303550142,6.589968607305936,100.08962558861302,3.1267836757990866,0.3438926940639269,C20_85,AESTHETIC,True
144.75929409460616,57.337823368490604,25.59383673560749,44.603580528110164,-24.970301797945204,248.39880246021374,5.145191210045661,142.98792809289384,2.394406392694064,0.25185502283105027,C20_85,CONTROL,True
124.71528625071348,48.96194066046394,29.755342633628796,39.58633855943489,-11.02443279109589,279.0034020708104,5.382420091324201,127.65555815068493,4.025399543378995,4.803438926940639,C20_85,BASE,True
