anon_id,repeat,opaque_id,condition,prompt_code,seed,triplet,active,sha256
VLM_F00160,False,809286252879455ca378e789a0518cf6,BASE,B25,6127,B25_6127,True,b23d0a0d531263e109c4445194c10b5f57e3981f400fb54b68bba49323148977
VLM_F00591,False,c6cb7e44b0c24f4ca332bbdf29db0eef,CONTROL,B25,6127,B25_6127,True,1290874b446ab5a8b00ca1d915fcbeaf7728eb0903b3d09e1671f5ca3bd47a83
VLM_F00644,False,6aa0cd96c42a45d999c325f23b74120c,AESTHETIC,B25,6127,B25_6127,True,dd7b163a7b9bd43d3cabe18dd82b9c01fc58114c73adac59a92a1ba7a83409e4
VLM_F00110,False,6a3e00c758834cb9adf3f688712f21af,CONTROL,A27,85,A27_85,True,67bbcfddb5dec59ce3d552d43bb8b2371f08ca76e1d617a11ab0ad9b9f35ab01
VLM_F00448,False,13d5156608ba4972b46b3108c6e0cbbd,AESTHETIC,A27,85,A27_85,True,ebdaf051b1d26c9b97544c006790a14d40234559faae55af858632927886346b
VLM_F00020,False,21acac95932a4105a076d20357442bcd,BASE,A27,85,A27_85,True,45c952f98d874af702945d09bf14cd92bca6dbadab3a28d20685ff9c0b40bce6
VLM_F00415,False,a7c95567e6354e3894fa24b757c8640c,AESTHETIC,A25,7,A25_7,True,8569266215e5b48e38fa7ff2476d42cacc36ec744c06453354afae5d91531f85
VLM_F00605,False,0d6056d0fee7464bad7879e6498a8da9,BASE,A25,7,A25_7,True,89c29c323ad193e2b02fd5804b0bf7c7dcf82b047c5804dbb585c65168ee1344
VLM_F00391,False,7347886b2ebe4d3cab28286094495bcf,CONTROL,A25,7,A25_7,True,d01d85f72b9b22ea5fdc1963e9f6f4e80f9933862a0510164b3bd610651f4517
VLM_F00165,False,e33ccb5e057444b78bbf0f18cbcf3c5f,BASE,B06,7,B06_7,True,787e1872df94ce50c131333495f6f455ad67800f2ccbee6d4297db923c660fa1
VLM_F00321,False,c32fe670ee834978b932ccab3ad7c28f,CONTROL,B06,7,B06_7,True,be301e0abbebf71ae4fdd954ad012694e6b662b78e7b85835d43b010dcc45946
VLM_F00403,False,8441e1ee4b9c4d11a78e33d15f30c336,AESTHETIC,B06,7,B06_7,True,508ddd5fd8869c8a056ce994e1b9c2b8226fb8f68679e3a3383365efcba5bbec
VLM_F00368,False,2ec77e6292114870a80b8fdb9d2d41fe,CONTROL,C10,7,C10_7,True,c8088ef7c4d8e655d4b65258f5288db8631b015d20cd8a16ccd049a51ab6225b
VLM_F00452,False,e65cab41c5a54b0bbc0532957660508d,BASE,C10,7,C10_7,True,4c53544f69b3114960e41f6f2a20493ceed401ab0785659c040d5883f1472e97
VLM_F00612,False,1f93ef64da394a2bb4394a0293beb92f,AESTHETIC,C10,7,C10_7,True,4727a14f5de13e567e6dd77e89ef68fd555f5ab31c53116f0daca5360a448bb9
VLM_F00437,False,86d2f66c2f0b4493b958bb56728d5941,AESTHETIC,A04,25478,A04_25478,True,2201053246d15b7738ad854d7266b06abdfc836f8259701effaa2d56913cfb61
VLM_F00216,False,a32e428c32a540db9e2a48c0cede160f,CONTROL,A04,25478,A04_25478,True,a5144c5fa950104f547cc03a85073da3c3df1cd6b9ba7492242e833dc36168cf
VLM_F00101,False,9fd6f06c210845f3be2fd005c37369a2,BASE,A04,25478,A04_25478,True,913df0ca0384b9ee34b3b262d5d6d1ec0956fab1265ac9ce7c2d09247fb0e44d
VLM_F00376,False,780605b222434e9f8e15348bf7e4c592,CONTROL,B20,6127,B20_6127,True,bb167c692fb62569d8a6433618a844b9b214baf84adb8bc7f160eb0c10d3d9a2
VLM_F00383,False,6c4f2c08870b401c97570aff9dc75915,AESTHETIC,B20,6127,B20_6127,True,3b55f94fcba01fc8b2bd3a238be6d18f5df4aa8147fc7dc880cd23454f3af463
VLM_F00342,False,7a154e3e0f6f41868a9b00d3c9aff1c6,BASE,B20,6127,B20_6127,True,4d62f3d24b99cb2cf553b79e881d6cbaa76ae7d729244f7d7e0fa1fca42db876
VLM_F00544,False,d810b50a6d05427eaa6e7894f569cb16,CONTROL,B26,6127,B26_6127,True,02b3bc0f6514d1e6b024dd967cca495c6e81e08e3a47dd4d0967d2409600af82
VLM_F00572,False,f029cb89fc524e11ab453e3059ef3084,AESTHETIC,B26,6127,B26_6127,True,e933a868de998a1cec0357baea5228eb1a8a144dff1a76350caf412daa636d22
VLM_F00065,False,0e412c6b268f4e749a16ced6dee0cf43,BASE,B26,6127,B26_6127,True,36991c51c5091ee303999109d44366224ea9e45263374f7daf5f6e3667b5ea68
VLM_F00295,False,b4038b5ae9984b948d236c9d8c64e7a4,AESTHETIC,C15,6127,C15_6127,True,f36e4b63e9f3b8bb5f98c76d13010f0044cb3cdca941e453b740781900cbb382
VLM_F00103,False,6325d5127e8348f3b876845511936701,BASE,C15,6127,C15_6127,True,27a0793b801654c92f5488d48e28f607c674f875bb1ffeb12ac22c96e8b0de7c
VLM_F00091,False,2ca6abc7f4eb47e2830b2c80faccff35,CONTROL,C15,6127,C15_6127,True,2358b78e4ae03b7345ad7257c9777ccf49685ca4837a0915ba19953b1cbc870a
VLM_F00243,False,6eec8388380b47bd8f45b921ce92affb,CONTROL,B26,7,B26_7,True,9ac8e59406b836cff5faea8874ec394edec99bde0337e1312ec6241e40974d7b
VLM_F00257,False,3c75bd8125b443dfae0bbc7a9d45a601,BASE,B26,7,B26_7,True,3afea2a563b57ffb41ead3ee824ad7e545569b0cc9fe7b081e3d1ca2973a6e75
VLM_F00130,False,7839e195710d4c149f2da0ace6500f6c,AESTHETIC,B26,7,B26_7,True,052cf9adc5dc950cedbd1b00fb045a952487457024c9d24c9709cfe289bac05b
VLM_F00108,False,c5eecb69ca474ed9baae8e184e4ceeba,BASE,A22,7,A22_7,True,9c61f205b851c22196dddfa3ed1057e5b36a9429137209bb0dac3fab7b2d1906
VLM_F00466,False,4e19408dcba04c7ebb3db75e960c3b90,CONTROL,A22,7,A22_7,True,bd3f5fc3587de3e8bf595154fa7a6823b3bdfeb1423946eac47a1248eb9da190
VLM_F00032,False,cc15984de99f443e8523d16a2bf08f9d,AESTHETIC,A22,7,A22_7,True,076c50d07c30cf893ba4a17f09498cfe7857c3b04fbd4c2c115f55eea49597b9
VLM_F00317,False,fde132d1ba204a23af5ce5feea84a280,BASE,C12,25478,C12_25478,True,fb8b48d4bc3717bf5293350e93758c686297871a4f9de407a9f320846186396f
VLM_F00017,False,33a64450e196452cb1853a295f4f257c,CONTROL,C12,25478,C12_25478,True,9e50736d438e9ec69d02fed1818b6ab384ba06752bf35b5042895a261d5b2b36
VLM_F00146,False,f5a751796e134b50be7cfdec2d540ec9,AESTHETIC,C12,25478,C12_25478,True,f8ad48b9d4e108ab90c64908c29756e8148c2742e47e306275469556ac3e0a52
VLM_F00040,False,473592cd07164bc385ebeb7dd8a6bf71,CONTROL,C04,6127,C04_6127,True,f8a4c86e43e7cd8b33512fed8ffae8428ecd6ac59bb63eee46f35cdcbc2d3885
VLM_F00046,False,18b329244d3045a087c139b7a160f451,BASE,C04,6127,C04_6127,True,64cec91e032d141ff328557a40d6ba2bf76aeea4bf375affde193c78bbb34651
VLM_F00579,False,f63826e3869a4c0c93d702c7c710441a,AESTHETIC,C04,6127,C04_6127,True,70a068c43f2d469f7081515fde983ddbdeffb1549f7689d6c6716b7dda022d0a
VLM_F00171,False,8b90cee7896744a69567433976e8f90e,AESTHETIC,C19,7,C19_7,True,2d8b9994bc96ef3412ea9f9a2dc5f4b87287491e12a50e24c9b1b30d588e24d0
VLM_F00208,False,34e3ed289d934defa997acfe2b3cadd5,CONTROL,C19,7,C19_7,True,7c22cd24d170507a2f8180152f4dc58415f0f3e2368b9edd0a27f885b7da9ea0
VLM_F00457,False,b087c223a53443b284f21c4a9c12c609,BASE,C19,7,C19_7,True,b05a2b9d6a955f8f6c93ad9001bd6bb319c1ba4e646ca62acc7f06cfc5972a48
VLM_F00064,False,063f6dc115914a51bdc5eac762e9a5ef,CONTROL,C05,25478,C05_25478,True,bd1f5a3657312343a75c00931e1fa8ab50be3059409268b1e2d7cae4d92edebb
VLM_F00022,False,23fc56a05fb444009f51c2b8e655abfc,AESTHETIC,C05,25478,C05_25478,True,0356198a48e7cb4e5455f6ba6c8007f400cf54928c5b0c096db8c2b35918d437
VLM_F00477,False,cea8289c14a14eb8b5eb96ceed0532af,BASE,C05,25478,C05_25478,True,673398f23443595c9e0cb8acfea9e76a2496400794d00eb79b0c1db8132da1f5
VLM_F00495,False,55c16c013e3546239a79c398a6ca32da,BASE,A27,6127,A27_6127,True,88ab00e844106f74a7e866e7f2a4d42b6c1c63a36af668d150f6c9bcdd555ba5
VLM_F00314,False,fc49391a0f4742db9fd86932ea65e7ba,CONTROL,A27,6127,A27_6127,True,0758c8d569b2b43b5173c85c008ff3a2f10c595735a4acb860cd3b31ebb9c6ac
VLM_F00363,False,ec72e430cb8241ed86e8808416d4eca4,AESTHETIC,A27,6127,A27_6127,True,5eef0797f8c39278fccdfbd0d73184b6ce8c4dd0c13fe754771d8b45cc4d8bb2
VLM_F00237,False,75cdb253de2049f6b5a9f892b8c12675,CONTROL,B19,7,B19_7,True,a2d57c38fcdb63d42527a41bd24ffd6615c544ce7ab52a88a0fe78e2333062b8
VLM_F00220,False,f74096f4cc63478aab05450496ed0ee2,BASE,B19,7,B19_7,True,c92609103aa19ee1dca78a61dcb808a6b5ece56ac4a28668cefd5a96780065c8
VLM_F00587,False,ee91efc469bd4181914a5fcb2ff058c2,AESTHETIC,B19,7,B19_7,True,cb5cb08894ba743dcc497096b07f1866de8056af5733274c660880e1f9d5d2b4
VLM_F00475,False,ac5d7d0296c04bcbbbc63387a28cce26,AESTHETIC,A01,7,A01_7,True,563f56d69ff24ccac0482150f0d73c6e8060ce2699e385897ca381e248afe112
VLM_F00289,False,3e5d517b82614294b125ac4a5c5d0321,CONTROL,A01,7,A01_7,True,f2504edb2bed8cd372d372d8025c97d7d61c1704d52ba413a94c191510acf342
VLM_F00372,False,245230b7d24f4a0182a735c2a56e79a7,BASE,A01,7,A01_7,True,f0b2981140263b944351bc605f5561cb8da6e02194491c64475831352f96ee74
VLM_F00369,False,ec3c8dcbdaa24663acea22cbb2ac7cb9,AESTHETIC,A27,25478,A27_25478,True,5f82e6b8d52f4925f33d2c85e2ce56551454673aebd448b96e3361b28a8206fe
VLM_F00398,False,16250bf57ef3496c9240cb0524cd60e5,CONTROL,A27,25478,A27_25478,True,de8a33dd65d7120e0378bfd368f4d62bec9031f00c27c34035e1dbcb2f6996ee
VLM_F00094,False,7c5c94c801db4582a53875f82dd06372,BASE,A27,25478,A27_25478,True,da38bb48794afacaef588f1e8d35045d587dcef2b7dc7df7a32a388e48bc2291
VLM_F00672,False,d564f264be084e38adaf22b2b1ddebab,BASE,C19,25478,C19_25478,True,604e0cdee87da8728f4dbb71acde9983ff01cd39f5c5e2e8a7d9a34782762d98
VLM_F00343,False,17ae4ab9fe4741ffb31a57cab689a426,AESTHETIC,C19,25478,C19_25478,True,690ffd327c0babf80d70144312e8145f2bce3a336c4b00b2abe2d64a0c87e78d
VLM_F00362,False,8ebae241ce4642cb82ef454d49bce5c5,CONTROL,C19,25478,C19_25478,True,96692270a1a4022142f86c78e95c63ced1614d6de5891fd6c12046273aa306da
VLM_F00684,False,92dd2c9ecc9f411e89e7a3cfb9e07bd6,BASE,C20,7,C20_7,True,fdc6972bff375cd595316af6d45c7d880837b96a6407bb16076026c9fe7ac392
VLM_F00485,False,adfeb135645f42f38548044d8b0e80ba,AESTHETIC,C20,7,C20_7,True,5049a52c3ff6799ad3613ffdfc143becefb16744e1b84a7b517b41b5db9da180
VLM_F00488,False,71bd1807516c47879ffe608a7d7732f1,CONTROL,C20,7,C20_7,True,b18a8daec459ef2e0d44f031d99a7714147553862c8016be12c645e2bc76d3e6
VLM_F00451,False,3a6b9f5a46dc4d5b96f365069339d5ba,AESTHETIC,A22,6127,A22_6127,True,fa8092495a0523023ca1adac953a9f5cd9139172c302055cf5224fa66eb4cee1
VLM_F00131,False,0d65ab697f34441eb9230e59d9d60a17,CONTROL,A22,6127,A22_6127,True,f00f371e42fb7378fa9b90ab44b212e49475e1b603372cd254bcaec889c9d4a1
VLM_F00685,False,e9a809352799486387357fd9c40337d8,BASE,A22,6127,A22_6127,True,1444f59bb4c6ae04317ce07f3e0e6f0571b1abfba8acb202921c223e89fb0a83
VLM_F00367,False,f637c877c2ed46cb83fbf97356e7b11c,BASE,A11,7,A11_7,True,a1fb9626bd98279e8e5c7b2a719c0f6bde574d91cda15649a2d61afc38bf38b0
VLM_F00002,False,f99a30e5aa5b4df7861bfd978376d5b2,AESTHETIC,A11,7,A11_7,True,2c508f9a449653726a392a616a74b8701a134d7d19711154c9ef765cb4687c9b
VLM_F00072,False,37469d66663b4555a2ed34d485eb5534,CONTROL,A11,7,A11_7,True,65bc1ebf2aede619ee2aad12eba6a480ae1d106f787c731ee98d7b11bfaebc84
VLM_F00234,False,66b20c8994c3423f85601552732ff3af,CONTROL,B20,25478,B20_25478,True,763097a75e3dedf17b3c77edbf45640962c1604212515af0f601a6d11c8ee946
VLM_F00516,False,9e8c1ef4c7744726ae837642c0e281f7,AESTHETIC,B20,25478,B20_25478,True,fa014633e4d7a2fd65fcf4dec2a20923b91fa805f6db03c52d1abb64b04d8221
VLM_F00496,False,b0e1134ba36340e2bd2db3d198b1e356,BASE,B20,25478,B20_25478,True,997656c5523c9ffccfe4749b6e813ac120f8e326361169654f33cce19c5503b7
VLM_F00625,False,5f9582cb711e4ff098184e36f528b19b,AESTHETIC,B14,85,B14_85,True,93ea45d31021e9bbce046e03e344ffc7c770f6a9ac6c250bd918afa23ee907f9
VLM_F00210,False,66c57a7504c04a45944f0fd5a4ea5a98,CONTROL,B14,85,B14_85,True,17fb0534b265b8e8e83bacc397c06563c9f2a48850d1e475b20062fda3970600
VLM_F00490,False,a1d546f68c1b4a8b99f02e88389f08aa,BASE,B14,85,B14_85,True,fe1cdedbd957fa7dd27c567c2692b7ae9a953c297e1e9b0809fc0e66301bf049
VLM_F00539,False,6d31c11ca1e548c580392d51400a0a54,AESTHETIC,A07,6127,A07_6127,True,8d0ed42fba6aeac97fc4960a360aea06358fc82d1271cb9c64218adb0572cd7c
VLM_F00377,False,e775e14b032548c2ae9c6b9f43f01a28,CONTROL,A07,6127,A07_6127,True,ab49382dbeb43dcf03f565b71c286dae2d518d5b0b715f8049494024f07f187f
VLM_F00024,False,a1b98d0e6185481797ce8a279ed34f7c,BASE,A07,6127,A07_6127,True,0404645dd39b86aa01e5420d4e14f13a40d806edf3d3a1930394201d318f6773
VLM_F00608,False,73e704f8e784444887a15a7670539316,AESTHETIC,B23,85,B23_85,True,6676b3f31fc5f87387ecac4f473e61e5c31d2bce2023c1f5a5bcfd9505ac7ae9
VLM_F00360,False,9e2f15f6b383485f91155e51148183d8,BASE,B23,85,B23_85,True,7fc95c2ccd3e68e7e9e44f4779492acdb28eb5472833a47f5fa849c8ad6d53cf
VLM_F00044,False,845b94aff72a4f0b8020402b0b1a5377,CONTROL,B23,85,B23_85,True,9681ffc7c9ef3ba87a5cd1efb567cd03ae1320a4bc76481d70842a76c7406bc4
VLM_F00288,False,84b41a4c0a814697962ffda3960017f7,AESTHETIC,A22,25478,A22_25478,True,ead113508ff3fded7b309888bb41c4a9c0ecde20316abce76e21a47f10dee8a1
VLM_F00533,False,ceb1fa855be5435b99dcf90970c1d4c7,BASE,A22,25478,A22_25478,True,b2294c2d59390e4c4b555c529870ac4e6cef4a7de57efd3055e456312adc6bc3
VLM_F00115,False,04c5edbc29b04214a42dd8bc6d8937e3,CONTROL,A22,25478,A22_25478,True,59191f4267691f82b9263471b1742a07220dad1bfeb4fee80397e805730fbb36
VLM_F00592,False,ebb13ac17cc14942919773bf32588c66,CONTROL,C02,25478,C02_25478,True,b56bba242d5ee0bc208a33ea73f92b888eb2369e5d2f384eb94b4947729d4e6a
VLM_F00558,False,b92fb5a81f964b8eb04d36a19475a0ae,AESTHETIC,C02,25478,C02_25478,True,0c84249600849bb17abb4ebf011a1ce3f6712408c651da5ce8b165bda5fad74b
VLM_F00221,False,41e7fc56e8cd49d2971f070a9e092346,BASE,C02,25478,C02_25478,True,a0a3a416f4f9d46bf1a3baf44c3e289862b006ce198304fb3923eccef27e9fda
VLM_F00424,False,b39ca3579a984b9ea4a28039fa01357a,AESTHETIC,C11,85,C11_85,True,19400a8fe0a723926e632da64e3cf77ec578dfb6000f24b5093ad2a547244504
VLM_F00418,False,c9c3753815e747e7926291919da9f596,CONTROL,C11,85,C11_85,True,9f2c32cb1329e9787fab47bf070bec6743c61d3b2ae2cf11efdb2f614cd64b02
VLM_F00665,False,c1a53902d83a4a50bacde1f1f83f2c28,BASE,C11,85,C11_85,True,c585be6c85789fe2723b58ccf1a09a55ad1f51a689789153b323056ec7e71ec4
VLM_F00432,False,279088f0bd8d4041adc5bb1f8248eb1d,BASE,B01,85,B01_85,True,f22f97fc1e846806f8adaccd1fb36c7e2de854d61ff4927e5a317907ef074cf4
VLM_F00643,False,01f106cf016a4ecbb054b35d439bd6bf,AESTHETIC,B01,85,B01_85,True,ab054775d69a32dc6e6ab59027636f20a5b1f3f1bab274e15a3d1020b45a7384
VLM_F00425,False,7744e082f643472499209a5efaac3abe,CONTROL,B01,85,B01_85,True,27dd3c2bc9e2b7be277bd236be24d2b777a38508c8371bf5b44b7f89c8f806a4
VLM_F00214,False,44f25d5e8c3e49df9d798c37fe1d5830,CONTROL,A25,85,A25_85,True,455cda0e626c2faa7e6d49d7fedc7e1cabd1a289afbe4b851d1af36d0e7b6629
VLM_F00088,False,1d6c39383cd94032a22e57bd04e72bd1,BASE,A25,85,A25_85,True,7c26fa2a7982b2453410e3d48151fc778056af5a20cc9712f939d69c6def0957
VLM_F00067,False,529d79d176dd48fe9e291e4cc49d91d8,AESTHETIC,A25,85,A25_85,True,07e6d2057ea5c5bb076271a608420d234d34466c83bcdf997961846b639f51c4
VLM_F00012,False,350683a9691f431e98fef2887d7ee2cb,AESTHETIC,C16,85,C16_85,True,d49576f83f1b78d383a811359d2cafe7508dbf109691c297a2595f257abc6ba6
VLM_F00345,False,197baa6c6a6a42859b5d7e3ed8a60507,BASE,C16,85,C16_85,True,bc82ae88789307db9289fb74ecd909ae93db65c58b61320ac1e0c5f916ec57c0
VLM_F00438,False,840e2b83dd9740598bb6396926385cc1,CONTROL,C16,85,C16_85,True,be5e8d84a1e9fee9eef2d6e30b94ceafb1da21a6270b0e04039a25ef1fb5e8f3
VLM_F00152,False,304687dd7ca34821bdf2b7d7c26d074d,CONTROL,C18,25478,C18_25478,True,d597b9b673b693f8a8460b2e242d0dda73a5b35e1ea6802104d1ea774cd63d62
VLM_F00604,False,7a3c66f0ce2b4990a151fe8d29e7c9a1,AESTHETIC,C18,25478,C18_25478,True,7b6b3bcff061f6901ce9f8835ccd62badd287cc405928a03350e69285a5f8f8a
VLM_F00161,False,3a33f3f3d7964df4b33ffe5fdfb9d906,BASE,C18,25478,C18_25478,True,91bff8f277fc128aaec1cf3429f5b0eff9b897f4f4ccdc49198082eaf711d808
VLM_F00638,False,6af2df8a714c4563a58df8c1694ea237,BASE,B12,6127,B12_6127,True,43388661d7f35f06f49191b9ca04586c68dff531824b6205f6ee6a18e01d024f
VLM_F00007,False,fcdf943da13e48e5a2928dc23dfc6f15,CONTROL,B12,6127,B12_6127,True,f01dea18f61a7e4d0946999b8b43b5bbd8c77a3441670a1825475835e626c80f
VLM_F00633,False,63388b6bd4dd46139bb602ab36d644b7,AESTHETIC,B12,6127,B12_6127,True,d8091c37e1bca789cf69ac4795e03721a23f794605cdd7cfe2c9db9d23804f7f
VLM_F00251,False,f18b47f65165413fa84a12a93ce50147,AESTHETIC,A13,6127,A13_6127,True,53a13ba1a92c306370969ede281ff32f9ab52f276deef716d0f56c73e6cedab5
VLM_F00245,False,c471c5e92f78402b9728a032ebb1ca39,CONTROL,A13,6127,A13_6127,True,1d9e3f118c4896f15959602e415ee827a1698f258e6e2ec12d35cf7561f2785d
VLM_F00001,False,ba1907b8833b4c35a237585a0216e138,BASE,A13,6127,A13_6127,True,83109cd0243b7019fdd90c36efdd4bf8601c75a0ccef2a453b69d97a8d6dac67
VLM_F00011,False,a662eca6d2ed48d4ab9c3164b5c72754,BASE,B09,6127,B09_6127,True,0e1f4caf95325a71649974ce19dcfe61586c507e6172747997e65f06fa50b9df
VLM_F00586,False,a8813bc5d1ec42dbb7c46f8782a7a1cb,CONTROL,B09,6127,B09_6127,True,dd7b8d92ebcb91c0fd395795519319b350b7975f772995698d590a7114599557
VLM_F00627,False,645abde0e9e446e3ab2a71360bf1f507,AESTHETIC,B09,6127,B09_6127,True,45ff98d4279f6b7ca06e02a775e0747f5627391c4bec9e92a5e1b9aec3eba256
VLM_F00027,False,bd14731979294e63b2cae6aca9c681d9,AESTHETIC,A08,6127,A08_6127,True,3bff9491c789af6da1ce1d4434016ac62b0c9b7ec76ad674ca906d9039c9ae5f
VLM_F00542,False,8022adddafa94b7cb594c84523c77cf3,BASE,A08,6127,A08_6127,True,b1b591e4ace5e5eeb469d56cc820b27af7bcfc8e16650b9be5b728ed9173d3b6
VLM_F00341,False,e368c0d6d0dd4342be7fd696c8cf0b61,CONTROL,A08,6127,A08_6127,True,df3949398f509b98141470a305d25dca23640dd90fdebdbdee666ce608f61bcf
VLM_F00356,False,2a2cb61cc2ea4036bc4618754eef1b38,AESTHETIC,C12,85,C12_85,True,183ff37a819c250d10145e4c9b5f39c13b2b41e55894c6d7c6358406b4fbccd6
VLM_F00486,False,2c3ed814addc4bb4b51cf53a5938b018,CONTROL,C12,85,C12_85,True,e18b79abdc963c5ca5bbd4b3086728439678bad665808304f1934882d4ff60d5
VLM_F00563,False,8b078585819b44dd98a55ea5252047c2,BASE,C12,85,C12_85,True,cbc2e09c77b47b7cec12e729b9bb071da9aa4aa1c2d80abdb83d9ea8b6c54570
VLM_F00652,False,d83d8057ed7a4a099dfee97e46c34bf6,AESTHETIC,C12,7,C12_7,True,354454793c8d7e3a930ad8e9c9c00db17ab939186a9bbb5e3675bc68293f2b1b
VLM_F00083,False,979da04dc65d4194bb4449f16e0fb2b1,CONTROL,C12,7,C12_7,True,a9ef3cf66b80b2db5467fbd3fd662018a4cf8fb0634f553b5025f2b0f52af45d
VLM_F00440,False,c8a81b602689495f90b8acd0e429a8f9,BASE,C12,7,C12_7,True,0ca984f4a8725423cde267876ae394848bf641ef1d715c953e938a2d8ac369d6
VLM_F00093,False,d892d8f03f9345b7a4d47dccdf649a57,CONTROL,B08,7,B08_7,True,3564cced4d4db42e7891739d0eadd24ec550f8df3f25eb3cb5f2c3a5d6337546
VLM_F00562,False,6ab6d7fd1d52404c850d677d15ed2a24,BASE,B08,7,B08_7,True,f10cbf107772bef2a8631c8f09fb15201d41fcb55d00462f10181f837d1b4591
VLM_F00287,False,1560f78319464058b9c078723ca17a51,AESTHETIC,B08,7,B08_7,True,9795974faacdb5573ec799e2bf2bef00cea377248e97fbf9a17590187cdcbb37
VLM_F00581,False,67e0dffed7a64c8fb5b71d96e3965d21,AESTHETIC,C02,85,C02_85,True,f09e952f2545d6348b031c0803bd4524b7177508ce34a5d743b75fa979541d89
VLM_F00670,False,560033d28c8e4fb0b19c60446e520ca9,BASE,C02,85,C02_85,True,612e20a8ed292cca708e91b1cbbe55b5a746c419e70a1cbba94faaa251adaf4d
VLM_F00666,False,2bd702ce1f544c3e962d7da1dce357b4,CONTROL,C02,85,C02_85,True,bf197a33fb1daa1b43b1d7a92a52de3dea81c648f7072c7666f665cec98a7241
VLM_F00124,False,d0aea021c3ec421d9f75ea3c97ef53b8,CONTROL,B06,85,B06_85,True,c778b30f7698cc80a199b0030de953a91b3a649ad9fd098a330ae2b88f215aa1
VLM_F00137,False,70210bba4c054c4b96721b505791b89e,BASE,B06,85,B06_85,True,a71de2ad48cc4713db92e3a1f468f26121175a6c026ba9f30d798d5b41c07adc
VLM_F00353,False,93dec85a998c4b53851cf4b11075aab0,AESTHETIC,B06,85,B06_85,True,415c586c3be01d5337d518afea083d43192d949e8664790b3858b46b88e0526e
VLM_F00087,False,5de8f0be5f3843388c68302103c45e6d,CONTROL,C06,85,C06_85,True,b063bbeaa2a08b97d3e6ab284ac60308e90304a4bef960414b4025cdc71418e4
VLM_F00023,False,cf090bb3e683499785e9202835c65bd6,AESTHETIC,C06,85,C06_85,True,47de83b316ce7a40e5388594eff29950bf98e81ffec2da3dec643ae8dd6aa9d6
VLM_F00055,False,68c7b77debd4494b8a3f86b8f6bc6d7f,BASE,C06,85,C06_85,True,ff2afabb12a1d3e921bd1f5aa15fc0dd99624471db865cfdc6e4b4a80f7d5bf2
VLM_F00177,False,83ff7c442ad3464ab4f60ca39d1aa831,CONTROL,B04,85,B04_85,True,54f5e735743a79aed7a18bb17df85d96edfdde016446726736c351e722af3f00
VLM_F00365,False,5ae563c71c6e42ceb722355d7b1e77c0,AESTHETIC,B04,85,B04_85,True,7f200e0fc650c3c675f6c9809eaa3c23d63a513cc7582ca03d9a4b65e5421d6d
VLM_F00505,False,5ec8a84ca433458587e0a26c51d650fa,BASE,B04,85,B04_85,True,a267c6ffef5ad1643bf075999fa3e7c829ec62e247820c8e310a4de0498903e1
VLM_F00453,False,707ae748128a4f0ca26f35c337880322,CONTROL,A22,85,A22_85,True,501469ed224f705dfbd3f7e502e020aa7ffea0397e1747a85e1d1d6f432b70a6
VLM_F00045,False,e9b532f14e9644e1b495481eb467a4aa,AESTHETIC,A22,85,A22_85,True,13eb547e77c5cf0a6ac41301608b89fc3b041914743c26dec6ddcbdfa6f7beb6
VLM_F00646,False,cc11adc2ac404dcb9501ffe554b0af13,BASE,A22,85,A22_85,True,df77117fcd2f9659982ec5ce3b3d020d70a178386557ccf611a50a0f5e1a75b2
VLM_F00460,False,00e8594776da482386141d32808c3b14,CONTROL,B01,7,B01_7,True,b1574f49ed0c6d3cf2afcfb56b6a50b4c82ebc3b51845cde9dd3e4f59f55f3c7
VLM_F00036,False,0da5b71ee61e4af1bc53d15d2d3fde86,BASE,B01,7,B01_7,True,5cdc3440bc7c16aa83a6e0ba0ddcbb92cc465e8c24d6593c2b44708a960b07a5
VLM_F00589,False,dbf5331982214ce9a70e1c9287ff160c,AESTHETIC,B01,7,B01_7,True,d78843900fa277803f1063c74052a61b8a178721c7c2213100fe3d4850a3695f
VLM_F00332,False,8f285db7e9ad49349b86452c6c84d629,CONTROL,C20,85,C20_85,True,61535de1645b972dd9466c49dc589c3122a0f8b4425dfa40d423af13c7adaab1
VLM_F00089,False,2b944ba0e7914da3be076ed3e67fa8e2,BASE,C20,85,C20_85,True,872a5398118c8e32cabfc6930f2e028d1f8606f7541478fa05147bba8876e94a
VLM_F00286,False,42674a028fce42e9a0abcf2851816c2c,AESTHETIC,C20,85,C20_85,True,e120c3f05854199b2e63d884d545e6f1a3296015a7770f3f977aa4c45ee4538c
VLM_F00109,False,416330ffb79d4569b3fd871038017e18,CONTROL,A26,7,A26_7,True,6f33620a635d8a963ab53fb30a38614b9515bc52114e2ae8e4433b44cfee5053
VLM_F00478,False,c64f0574e7504272bdedbc8d0af6967e,BASE,A26,7,A26_7,True,2929fdb425d765579b59e85207f379b447b8846bcbdfc05472698fe13b52bab8
VLM_F00487,False,e711a091669c4dd18f7c0a8c20b1e9f3,AESTHETIC,A26,7,A26_7,True,3d20e4f6484e0887f6a073efb7a51842486da42fe625b81210287f33253c45c8
VLM_F00281,False,67e54a38e05248d4afcd12c91f9d4de9,BASE,C18,85,C18_85,True,a0a6c379d03ca319911aad34772234733fc2f5c51359f33b35dc9d0bc227eea6
VLM_F00132,False,ac6bb8d3e29d47f09532c05ce5f9a36a,AESTHETIC,C18,85,C18_85,True,a251c7bba54e889095e8b5214099437dd24761884397d2c6a3cec0c7f6712676
VLM_F00491,False,e5797b899658411caf0003237d5d2322,CONTROL,C18,85,C18_85,True,b37d358fd0a6a9706c822af754bdc75bbd4c868606b710423c126330fbe55987
VLM_F00304,False,6346c1a796d544199212d74b70260173,BASE,A01,6127,A01_6127,True,8f077dc48b717ac67843cd56e2daf1c4c2b860da020433790cf34c75cdb11a77
VLM_F00246,False,dcdf53d78c6c4f0e8a57b6d9b81fa0de,CONTROL,A01,6127,A01_6127,True,ddc97157d52a839fe56208f8a8c8ba3429dfa2b848fa87d1044fd260ec108b19
VLM_F00653,False,538561646e15429ea7b4ea335aa543a4,AESTHETIC,A01,6127,A01_6127,True,450f3bde55ad8497be5a9ec09769ed43f7aa88081044828faa4177fc1c514a2c
VLM_F00049,False,509255f81448427883ec941da938b625,AESTHETIC,A27,7,A27_7,True,f14c12348d8a55f080f9a3fef26a0bfc6ecb1f211fd997d71c6cf6828e65a7bb
VLM_F00187,False,8e712cbec1d54064ad3992eda77693b7,CONTROL,A27,7,A27_7,True,3f7eeb3cce8f72924713058b57428ef953c376eef5fe46b14b36ce79383ea39d
VLM_F00631,False,122c156e67124d4a873d5346ca183032,BASE,A27,7,A27_7,True,fc7fe9abd41f87c47f67fc19ee18489c01b30102b4d9fc71b665798873c8a53a
VLM_F00585,False,9cb4bced0cb246ffb18a1b3c4348721d,CONTROL,B23,7,B23_7,True,808660a14dfbb5265da204f5192271ee34ef6e183f95342e768f177cb6082334
VLM_F00636,False,2a7512540f5042948e67ccd0a0796dcd,AESTHETIC,B23,7,B23_7,True,db7adc3e1887c305c53af87caf426ed38771e165ea2e8b3db471a62b3fe8fc12
VLM_F00338,False,24188d90543740cfabde76bfdb644efd,BASE,B23,7,B23_7,True,e7ffc98e11580a084bce9b06474d8a33fceca36a610e9e088c6dfcf13cb6ffcf
VLM_F00414,False,ff421c89d8c64df58dffce68c0d1734a,BASE,C09,25478,C09_25478,True,c36fe079387de8814fd7028a2b6d6f947d8ec9085bd68651262b4f41ad412f42
VLM_F00673,False,fec54738bd954235b2d4ada944aaeef2,CONTROL,C09,25478,C09_25478,True,3f4ff59820b75dc656c7b6d5821cdf3ba628acca66aa686a160fa92778358f71
VLM_F00381,False,402c1c7fdbbc4acf8f863fb9b8fdcad1,AESTHETIC,C09,25478,C09_25478,True,7daa1c53e13e8ebc747923ab78367f2078d88ae8f904955585078c83c8d15ad6
VLM_F00420,False,214d8531bbcb498382beb05286dde594,AESTHETIC,C17,25478,C17_25478,True,9d19830a10a50deb555dbd5294f38aac08bf399b6a7fd0fd148fcf2c4a3c9dd8
VLM_F00387,False,9ea819e1b3834c04948a763bedc1c08a,CONTROL,C17,25478,C17_25478,True,f23fd4a2248342e91d3d9933d2d5f61964f2927b0db7b453ca9b8b65e3086fc2
VLM_F00048,False,d94af4336da749619559191674f08554,BASE,C17,25478,C17_25478,True,b9d75a1454546b727ce8b0782e88b1243f60cc1cc3933ca9559bc5e00aeaa69f
VLM_F00678,False,42bf6437c0cb4e2887e468f544d93228,AESTHETIC,C10,6127,C10_6127,True,5c1022994ee8b716db5ffff889e5e947d90995f28d0a5eeed9b314c71a77ffd2
VLM_F00682,False,3b42ae80bc6d42228b29babb7acfd460,BASE,C10,6127,C10_6127,True,40a4f1c4f84bc318d1bed2a8a09aabe0daa2759ab8c9941b96376137587250f4
VLM_F00480,False,6d1c5367137b4bc09b407a82d61b6b9c,CONTROL,C10,6127,C10_6127,True,822dba2a1528f317e01b471e7b8e00a4264801cb068eb0fa87ae0a2c420f0394
VLM_F00514,False,da74b2132fe049929701917ec7419a56,CONTROL,A02,6127,A02_6127,True,463793380e79f14e27c151251811211ff17226b43523dda909c624c9a91ccc7e
VLM_F00217,False,ee178f8e57b1437d8ae8e2f057f8391d,BASE,A02,6127,A02_6127,True,785223c6df865baa0ec1ffd7452717fda4809f4ab9c3b64af08e52f579d925bb
VLM_F00344,False,872c27a28a2d4de3a679a9fb7f58f3be,AESTHETIC,A02,6127,A02_6127,True,818381b7939403180ab1cf0b36114fbbb3d537c6b66bc7e6416b34c6f78b24d9
VLM_F00441,False,46f1d02ff4124e1f90c69f6de021da44,AESTHETIC,A08,7,A08_7,True,8165c1e170d95511f080e69ce4259ee937019053f6c6e1c07477b2de04943b56
VLM_F00641,False,e89c2fce28a2438aa99064b3ffc7aafc,BASE,A08,7,A08_7,True,b237633539b54dca17bac8743472b21b3133433a5aa09555f124d39d90801ac7
VLM_F00060,False,bfeb9aabaa4a4ac18696217edb9049cb,CONTROL,A08,7,A08_7,True,09fc4fc7764990098307947e5399d4c9b3e5a3aa6f7104354d37af15cab77e86
VLM_F00645,False,32768bb4ea4d4754a8b82a5e564e1f0a,CONTROL,B26,85,B26_85,True,f71ce2e9a91ccf2b3e3485ec5eb4f581c0978bb32faed5ca16cd9f193f3fefda
VLM_F00241,False,d0d32104250d4deab0498c1ec6128659,AESTHETIC,B26,85,B26_85,True,5ccd0939ce6c60b681095e73abde137b83aa64126a6375516bffe273e452629d
VLM_F00355,False,4fee7254b4664d80893f029af7160bb1,BASE,B26,85,B26_85,True,3ed3c81f2bb7637d3a95525bcfe768128026cc98d5e01feca096932f6103e902
VLM_F00431,False,ff3a38f585bc406682492f1d372aeeb4,AESTHETIC,C14,6127,C14_6127,True,95da5c4816a76fe44459ee10234b1f23d9d8509abcc96db647218d7032cec91a
VLM_F00005,False,05d162600dca4644bd4bb9b4a50eb6c1,BASE,C14,6127,C14_6127,True,af619787ea627f4563907827a308543717816d37155c33c977d879c6aeb8b689
VLM_F00410,False,68b1547162a04bee91025a807d403da1,CONTROL,C14,6127,C14_6127,True,7832392de5e6be392334b8d6e7451dbcb35ba90072b7a0181866bd3e909703c9
VLM_F00442,False,1b1e550506cd487e8fa39d4226a61a0f,CONTROL,B14,25478,B14_25478,True,6da6893c0780a186303b0423849dd91cdd79e45a81f492e2ffa727b59a4cf5ae
VLM_F00464,False,f40068459be74252adf4785e3afb878a,AESTHETIC,B14,25478,B14_25478,True,818a31cd1d64ce4dabe68382e2c554200d982cb7c41fbf84a5ebfb4ccaf29664
VLM_F00201,False,1e8be423b6684746a09d05e00a7b3039,BASE,B14,25478,B14_25478,True,0fa05076af54d8d0c9cc58281a7f7ff00f43c3d51fcf1c4aec4e1d1afa7a0014
VLM_F00690,False,8210c60e8de4426aac4cc77ef09fa1e9,BASE,C06,25478,C06_25478,True,b70043963105034374e27d4ce2ad1694e64c0f4fc6b2447f1a4e8fdccdab75b2
VLM_F00227,False,ba289c89acbf4b23b51f090597fe8bb9,CONTROL,C06,25478,C06_25478,True,752bec9fd298346b44396608d3da2bd3361d232ebea68d030c0e155cc9ac8583
VLM_F00150,False,9f6040949d7f4b51977ccb8a83614882,AESTHETIC,C06,25478,C06_25478,True,326692fbcc3eccdaa87f4d474a518348a0dd4e601d5fbffc028eefac1e2f9c08
VLM_F00578,False,c3ce97d8c1bd4209a6c80a8abaa87f8c,CONTROL,B02,6127,B02_6127,True,f79e3bc87569c84b2270ec3215505999ea96231991971f1c09ec5c0b19f99e94
VLM_F00647,False,a39a5045d8d54c6da33271b62eb1e72d,AESTHETIC,B02,6127,B02_6127,True,d9416b8fb478ee0b053a78b31ad0e9ce872444a2610c2be622495da36283f4fd
VLM_F00357,False,7b8d9e15a10748f59a49bd1f825e2e48,BASE,B02,6127,B02_6127,True,5a35e8503d7578b2e37043cd3d93f522e1ce250e76e372a6970309f30d7b0b04
VLM_F00106,False,6a1faa42d0664a99b084ddb6ff007473,CONTROL,B06,6127,B06_6127,True,79ba1ec91ac281c1dc289e38fc8271d9e8b0a09c9351078a7b21b010096ee142
VLM_F00469,False,ff4a8417408c4b559bcf745039f789e6,BASE,B06,6127,B06_6127,True,da7a521dbcc7b0184bab05d2dea2866788a81c2160711d9c1a69e9486baf5867
VLM_F00198,False,5e186512e56e48d4ba8cc2d8ebe7fc77,AESTHETIC,B06,6127,B06_6127,True,93319170e5275d2be0e751675cf8658a104da06deeb699a996367c87b0a5d279
VLM_F00029,False,298ff615915c4b0894577ae105f52798,AESTHETIC,B27,6127,B27_6127,True,759e04124965083671cafd96e984b5c93535d4ef2975dbb8a91b182c89839cd2
VLM_F00326,False,908a7f4e4c814683825c98d17879c7ad,CONTROL,B27,6127,B27_6127,True,f3ac22e8323d7e78813627e4fff2c3919cd2b52c62db6179d38581a097cc908f
VLM_F00521,False,a8bc2b45967e4280b7b448434e9a78d8,BASE,B27,6127,B27_6127,True,9f8ff57b0b350a4c756b9f2692ea9c66214b9a0bbea89e28e43a883e03dee187
VLM_F00532,False,f406b020d6b54cbb9fd7c35257dddcbb,AESTHETIC,B23,6127,B23_6127,True,e6909ed6f08d65deb507cd070c3d9aff4b2bf4be5520745b0537ce70547e1480
VLM_F00371,False,17199c9f36834e86bc32102dca4c7e0c,BASE,B23,6127,B23_6127,True,0352d565a865b78580f2c7d64cefc37b335c424097be4d6e4dc6b10b6c8a2ba0
VLM_F00269,False,ee0856e9a6264da49d061736507dd20d,CONTROL,B23,6127,B23_6127,True,0b24ba57cfeeba43cba6737fda518726b3ebb190d6c2bd5a729be9a39a6bff75
VLM_F00660,False,e39dfb7789bf4c28b319ddb6b501f547,CONTROL,C09,6127,C09_6127,True,87e7dcdfd6070e4f16cc195d1480d7ea1ca71be2304d152df39847c68dec1dcd
VLM_F00305,False,ffddd5e40b8e4cab8ab05c2c066a15d8,AESTHETIC,C09,6127,C09_6127,True,6444c4f8b03c87ac0fd5eaf7fa9fb4a585f2a460f4e1773bda3edf0b8101e3a8
VLM_F00454,False,2286609351a446b6bcf2c77f3a57dd83,BASE,C09,6127,C09_6127,True,aa121e18a5decf7b9d1c49d59919deb576d014a2660c31db500846c3c654501f
VLM_F00247,False,b2aa1134eada45618118fb00b9da49dc,BASE,A02,25478,A02_25478,True,717c46af2391559cf445e42db6c5fac2800766de7071cec7b7c3cd54ddf6c7d8
VLM_F00622,False,744e1a0b2c6f41f793a6cbae930af63a,AESTHETIC,A02,25478,A02_25478,True,c8a9c7f6e4486e82e8d5e68e982b5804a0c9dacf7b8c643ddc2e17d90a5192c2
VLM_F00191,False,70e36174863f43bc8cd4c4f39093778e,CONTROL,A02,25478,A02_25478,True,f77d6e405ccc342b707517fadbe8194b5ff4545b0d2cadb0d0809d559d6ad7bc
VLM_F00253,False,6a1e794ddabb4b86a9a3c078574b77b9,AESTHETIC,B02,85,B02_85,True,4293b57b53c45d8f728451bcef84aed6c7f2a381aca88c47a159d02b75af8156
VLM_F00506,False,26e29499301f4d0aa21fb03452fc42c5,BASE,B02,85,B02_85,True,559ae7db0ee2e720ec92b150f6d75b67d51af59602dffd0cda3bf19274999c09
VLM_F00170,False,999e746c27674ed290ac9307b0a309ff,CONTROL,B02,85,B02_85,True,b5e269fbbeb9c4f33c6492237d236e21e06c600e5f97256bbc1689a1bc2a3bdb
VLM_F00120,False,765939f541af47cfac7ff928d4f55b6e,BASE,B15,7,B15_7,True,c716eb85ef481cd780f12dff0e92a49dd470fd1ab1c6d38ff2ed7b8379082c52
VLM_F00609,False,9e30309a077e445c9dc0dae7ce7c43d5,AESTHETIC,B15,7,B15_7,True,3010c40c1f0e0cd75aabe5a34f7585cca2335287c141da57ea6e7a77b5efe2bf
VLM_F00200,False,bbc283672ac64f2ca1336f9244330575,CONTROL,B15,7,B15_7,True,f10be20e15c17fea7b045bdbd290d064b2fcb2a5134a520b65b4b5cc3686f130
VLM_F00284,False,08ceefe89be7410792c6d0ae3dc1eb94,AESTHETIC,B19,6127,B19_6127,True,0f30f2f09fde4ddad51813917c5d3dd8171c1377a64843173df46b10b5023fce
VLM_F00224,False,4015ba2fd16740e1a6940f5b06dbb00c,CONTROL,B19,6127,B19_6127,True,a64eed23013fef221f7e51d37c536636d2ed9f6cfb944ce8f92f76584670f99d
VLM_F00042,False,9a573a13c4884f05a95e7c88eca85974,BASE,B19,6127,B19_6127,True,eab5cee38c2b011340bf1da33cb77a281abc24f7e9682cf9575b1a511d262d1b
VLM_F00203,False,380d82d187df480699cd21e754e66250,CONTROL,C20,6127,C20_6127,True,3a3aca0088dd7681dfb673418c311d4d4f1247251fb7247babf35b85185a178f
VLM_F00300,False,46923906dbaa45ba9594f797c760d9f8,AESTHETIC,C20,6127,C20_6127,True,fa090473ad39af524da898e29a8d179ade0fc3a80afcbc81b350e97b690148b2
VLM_F00228,False,178e8dec92e341b2895a25291fc1bf0c,BASE,C20,6127,C20_6127,True,d56b90694351c591323608b20a7edfcc90df8d6af6e650656413ab684e2b4c46
VLM_F00168,False,d555853209f54a3aa12d4d8ca2ea67da,BASE,C08,25478,C08_25478,True,63b68342bad04e7877b27f2bcc7c58dba06b8edcd917a50316f730d8036b0dfc
VLM_F00628,False,f55b2bedc4714b8b97ef8fbe12e51c29,AESTHETIC,C08,25478,C08_25478,True,88a4a4cd9311991eed7e14731b07dc930dbffe4507dcd3bdeeaca52b908fd731
VLM_F00193,False,8d439999aba14492872df4791e02ac3a,CONTROL,C08,25478,C08_25478,True,7b1208ddebf3af680df68e0defef10c2afd495d6ce74e11793bc4b3da3420aec
VLM_F00186,False,4a5fbbe2444c4bab8bf72d030f607321,BASE,B01,6127,B01_6127,True,796c37b72e6dbd71429f6b47b839a21d292434cc61902d0db7f42825d2bb4567
VLM_F00030,False,42ccf762f7764268bbeb41592d3dec65,CONTROL,B01,6127,B01_6127,True,6642f3e850c5535ccc12490595c227d993c26fb61a2f2f544abd7c8a2096462d
VLM_F00455,False,5142f3ee4e61447c9c7afb4f415023a1,AESTHETIC,B01,6127,B01_6127,True,e95dc1fab89d413bce43c77185b52dae2e95f39404048fe210a54432682f6008
VLM_F00656,False,c0d48f9e1705461c8cdfc7d4c7dbb13c,BASE,B14,7,B14_7,True,0b42282c613848a58f8a32c4c2a7071fa488ba6f48c7c8556205f84645f72aa2
VLM_F00204,False,c9ea88ab24a246e1affe53d24b62d3da,CONTROL,B14,7,B14_7,True,6f14724c4d780cbb0824568492e92e1919df36bd3e163f3e41717be5cc11ce42
VLM_F00166,False,0e90afe38948425a91731e37905d6d63,AESTHETIC,B14,7,B14_7,True,4815863f4819ee81f83019c13ab2a918c941c5d4b6492440c724bfae4b4ad582
VLM_F00268,False,b6ccdb8d0ac34fc7baa2636bfa0285a0,CONTROL,A13,85,A13_85,True,2e70231c39a12fe19a453f3ba68b4b7743c3ca7770d042f4915174c6ec7325ea
VLM_F00561,False,cba3a3e071bb462493afaadb69ea55ac,BASE,A13,85,A13_85,True,92964c5339a182736bfe2af3aec137116ea3d3425a3729652c6c9ea21680b308
VLM_F00043,False,223d7792410b4caea673ee3c3875f1d2,AESTHETIC,A13,85,A13_85,True,92e721e535890d30cd3e420854aac31876a33e7cae0925d65ff122e7c6f1c36e
VLM_F00275,False,2f72c7b2de4f448bab085d4fe020e554,AESTHETIC,C20,25478,C20_25478,True,ea6283fba538c5148e19df82e163e529f9733d1c33a0584d5786e929c54cdb49
VLM_F00528,False,584d1131a4804c18a86c393f70c253f9,CONTROL,C20,25478,C20_25478,True,d4baa8b045d7cdf11cace9009fc71f4322c5762542b642894d9cb6d2254948d0
VLM_F00264,False,b156a0d35d094f3fbead0ebaa5f7dfb1,BASE,C20,25478,C20_25478,True,b8198644c7e44730103593c16acf218c5899c8120a1d09516d5313573c2028e2
VLM_F00370,False,79c77a0c625c476aafcbdb65b8eefe1f,BASE,B04,25478,B04_25478,True,ed13c8ffe5106e754ffe00cae3ad319e2de3ec8fe630a2b90cf0298415cfaae2
VLM_F00102,False,c80689b2a4594845b0d90db6f9f7c791,AESTHETIC,B04,25478,B04_25478,True,b83eb8ecc4ef33b76fab7b9853fcef5c74d4f29ae370a9e1e4c21c484fd33412
VLM_F00223,False,74bbdc60752e417dbbc353aca7f1819a,CONTROL,B04,25478,B04_25478,True,d8e318c3330e87c41d670bdce29507859ca80e1b0e5bd30233a0ace490d0185c
VLM_F00172,False,4bae73a3522342d79df11147bc71d75c,AESTHETIC,C04,7,C04_7,True,fd463043b736895f4c1500d2625a6b2c290a280a6a36fde6e94891afc1e5e00f
VLM_F00382,False,97e3ca31aeea44e0b2a8d2c4705b0eac,CONTROL,C04,7,C04_7,True,f274bff9f7fe59ddb85db5f0f218cabb17ed06467f7d605cea657638dd004021
VLM_F00320,False,409eddf136f54a06bd8ca96352981ddb,BASE,C04,7,C04_7,True,0243d2a05d584e5204105c9a89275c94f1a6b2b9cde5a6519c8904547e288872
VLM_F00575,False,75631a6075404eef8636f1f6965557e7,BASE,C05,85,C05_85,True,b5e64018b10306f9e1cbe3d40f12efe8ec28c715a465b3897a73c7d02fcc1262
VLM_F00584,False,08b6bee12eb347fd93e7bef7c16204b7,AESTHETIC,C05,85,C05_85,True,cb320e5458a39d94ae6880d1b4a3046a255740947b7990605fbfb4c4e7a94a5b
VLM_F00140,False,8161abbc51624293bdc877ea63223f2e,CONTROL,C05,85,C05_85,True,5b967990cdb690dd3a6dcbf4c68b40d2659f30e4498da34aaa05186083749056
VLM_F00169,False,971a7ef74df240c691f6a7a789310853,AESTHETIC,B26,25478,B26_25478,True,2a9d2f06afe2f8a72bc55c9a382f2b88a6a66ccb79e61e41452077d0479b672f
VLM_F00624,False,b75a0a23b1b74fdba7027950a5d86bee,BASE,B26,25478,B26_25478,True,7045b3bb57fec644a24de2bfb5855a89e24b6c73219d34af3d011c6ae5a76332
VLM_F00133,False,9bf969ca539e4909af788e8906f2fe89,CONTROL,B26,25478,B26_25478,True,ae6185c8fff5861761a33f2d850d1cc5078199bd0a8a348312520eb62cf10ed8
VLM_F00443,False,4033c1b3504a4f71b2e1902203cb33c7,CONTROL,A11,85,A11_85,True,a696d95fb155925ff24962fcc8867a75ec741c7ac71b1b5b05d4c3a5ad9d5d31
VLM_F00390,False,8953a13fdf4646c6905a08e91479be0c,BASE,A11,85,A11_85,True,480cfa67f146e2877e899d0a2bf3a6f34b723f98b1c228b8aa72ef580146a7e0
VLM_F00199,False,817e538c65dc417381ea28fc693cb45f,AESTHETIC,A11,85,A11_85,True,23588fdc9bb532d9bfd2a91fc51b9bf9a2ed3405a41385a2ef7e96c754e653c0
VLM_F00180,False,b9323c27b4a142df83a323afca2f5862,BASE,C17,7,C17_7,True,bfeddffae2b0b2f733d2a4afdfe6445fd4f35fe69e10b21f63b7b9a2586d8b34
VLM_F00325,False,5b3e308901d54259a55963d2ad593a20,CONTROL,C17,7,C17_7,True,97372d9c020e56a649c8136d216f1a1e328d03c8f7a781a2dc157bf2a744769a
VLM_F00238,False,db4ffd457f2047dd9428c624ccbb0770,AESTHETIC,C17,7,C17_7,True,d2679f35afcda9976977593316842c4c4adbf9ef73372315a058fe99cd2118a1
VLM_F00262,False,6f62409ef3e349e4a60ff4e4c25d41cd,AESTHETIC,A04,6127,A04_6127,True,f6a480b4d317913da155663b1c679a1214135f51503a5e8a7e87c7a00c9e404b
VLM_F00196,False,47ae8f01966f4bcb918df36f7cbc748b,CONTROL,A04,6127,A04_6127,True,765449a866b7f7d552aa3059f1b9e4bac616cedacb2b3b636b8495278415402d
VLM_F00095,False,0e1b78d7ae454b2c921d229d4b4f6940,BASE,A04,6127,A04_6127,True,4242733939f9fe57acb12482f1d210df793f1d60e9e273ac6b168485253e8222
VLM_F00380,False,cedbde2641ec4c04bf29b95ec848ca89,CONTROL,C05,6127,C05_6127,True,55f138b9703e28a7d66bd7c9855497d840e14441cca19e4c0c1740c181eb5e77
VLM_F00611,False,5efb562e6893427a8bc6047175f4cbcb,BASE,C05,6127,C05_6127,True,0d1b7f92285bc1ce8924a8813288b073692eb53cf489db64ac0dad61dc3968e5
VLM_F00676,False,5a6c7f071c4b4bb5b50e0cf754ae14bb,AESTHETIC,C05,6127,C05_6127,True,32d6f4f4c327f812339357070430dd8e2fbf071f049cbd0361840a6594396d6b
VLM_F00164,False,477d1b12fba143b0987fb8cc2a997969,CONTROL,C16,25478,C16_25478,True,85f0f93d6272a613434f4bdc141a749d8b21c6123d6cf24b3d7d396dfd10302b
VLM_F00190,False,f58f5f4929f94c15b6daa580014b2645,AESTHETIC,C16,25478,C16_25478,True,03919f1c59c87f4e0e87dc89adf525fabacfa361ac8d8cfd9110f4857a8b1039
VLM_F00099,False,691d68c5a38f4b1e8a7350e99414782e,BASE,C16,25478,C16_25478,True,d8e0b7f74faddc151aa6593dfae09eaf344f8e0a0e8923503ab2a0e4d38b4535
VLM_F00615,False,01c7615955b2440384b88de526e401d6,CONTROL,B27,85,B27_85,True,8e944acd257ea62e4367c96c298932b6f532153fd866ec16a821b0cbe8f65bae
VLM_F00417,False,b7602ff5e6af4235ad852f29d2fb6875,AESTHETIC,B27,85,B27_85,True,7c0edc8c8b225b08ba8f494b42dddca90740d90140e7fc203a8c9ceaacb49ef8
VLM_F00658,False,c7953bf1aa6c4c3f9ae073435738aed5,BASE,B27,85,B27_85,True,6187ecd6550727effb64de6656e3acbcdf86a5fb6146b54025499c70903689c9
VLM_F00366,False,d6accf6a6cda43c5a055484fdf781e72,BASE,B27,25478,B27_25478,True,bddd49e8d734c51315068a59cf07efd795df9f15e455a029b22e7f8a6af07f71
VLM_F00267,False,f3c753906cf443f5a34be1f638eb1590,CONTROL,B27,25478,B27_25478,True,97c6881da9278ccbb772638c121b1213556df0023cff5e77a40973b3d29c595e
VLM_F00435,False,b18136759e9e419a88fa359c603442a7,AESTHETIC,B27,25478,B27_25478,True,0196c4328c4d510061e95cd30c8987a5d5b0c85d80c332025d0b6e47d326869d
VLM_F00254,False,a7bfa16e0a20423a8aa0b9c05a1df107,CONTROL,B15,25478,B15_25478,True,63413dbcd1fd1bfad1944d8e30a161e6639ff2d6d8a7e824f8acbdd42850d7d0
VLM_F00358,False,f13ad33341864e9c8829c6de1363e353,BASE,B15,25478,B15_25478,True,7b1a059b54d3ee0a644496ae61325f1dea11d8c17867aecfcd5d139453e1f6df
VLM_F00379,False,00e71b2139ac48369e36f3a75e8e329a,AESTHETIC,B15,25478,B15_25478,True,71428977580587fd0842b45a857f286d4b36a5a5c661226a9835a2aa0c0a1154
VLM_F00461,False,d78fa2ce367141dca1bb8282399127b1,AESTHETIC,C02,6127,C02_6127,True,424659adfea4d83c12101e7865ee9aa6442b879af8065bc890c35ea9096ec366
VLM_F00184,False,c657c1aac2af4f3d922254ab8377e01a,BASE,C02,6127,C02_6127,True,7b2c0f5ab2e4acd072476f587f2446e5bead94ab832ff0097e3f9ada80705735
VLM_F00671,False,83d3a75d52b441f3b5f6d00888da768b,CONTROL,C02,6127,C02_6127,True,15463d1ad34cbdcc4d9d30757dad54b8b9cd8d5b0b2eb2af2289af9929fca33a
VLM_F00123,False,73c02436c24e4ddb9015e47a38d0f4ce,BASE,C01,85,C01_85,True,5086b1537b126f0870c40586588f83c8330a68e759dfb12f7761d2cc23e6a629
VLM_F00427,False,ee53b03d80c4428a9abc2c203f0a4783,CONTROL,C01,85,C01_85,True,fb49a22576d14bafbed00ee2dd09807a76875d0e2c66ff0b9d112134260e2b50
VLM_F00545,False,47f1fdfa40204ea7ae0ef2862a714d2a,AESTHETIC,C01,85,C01_85,True,9188d820e9ea47f16e59f0476d464df00d23879a5e66a553f99b1642149000c5
VLM_F00178,False,5b2a254b284347cbacecac99740377e0,AESTHETIC,A11,25478,A11_25478,True,55aaee868ed5a242d4757227febf15d77733dc6fbc28cedb514c1eaf3ba53cb5
VLM_F00620,False,cbdf1dd0267a426fa6f6afb7d4b98833,CONTROL,A11,25478,A11_25478,True,770295295f0551b94fe9c1b5d4e682840c7ad3a4f64b19fcb3e1f4a5d05c26a3
VLM_F00603,False,884139b76de241afbbfbbb92cdaca301,BASE,A11,25478,A11_25478,True,042c0804b08f64dce78a44e88470978c860ed29f636ce3cca09180924621b646
VLM_F00219,False,ca135b98979d42379933cc012d36fbe2,AESTHETIC,A13,7,A13_7,True,c79f3aea8ee505afe29b7da4cb863245e364ac8f9c5b06fad3ad5c7bcf4ca5a9
VLM_F00541,False,cc39ef6bc8e94d5e9c78944208f406b2,BASE,A13,7,A13_7,True,c00e9dc852110f9b2196d312bdd84581b8a49551336b82c37454645907edba35
VLM_F00588,False,0d75a4abf7274edb9d8d6407d348edcf,CONTROL,A13,7,A13_7,True,923e4913293353e702cf990ecd286c2fc18265e4ae387c48083a30cd37a25f4a
VLM_F00142,False,4da8fcb09c75498eb3fbed24f47e10af,BASE,C11,7,C11_7,True,e231059933a5a51efb274d3af1cfaebae95df415cd22b9bf68d4fa65b491ab6a
VLM_F00648,False,aba44cbc8f1e4fed939744a0179b2fbc,AESTHETIC,C11,7,C11_7,True,1bd1b02fdfdd9ee3290d8a3a4de9e696004194f4a6a133e7a5457077eb0d34a5
VLM_F00252,False,3151667d03e6464b8d0531c7c2b0065a,CONTROL,C11,7,C11_7,True,bb5c8ff306d7177803024ae9c1efc476a0f1f8a80482ad0909d98d98234b7b3e
VLM_F00025,False,d6e5686db4224d37ab2ef52131f53b66,AESTHETIC,A02,7,A02_7,True,a94180374b61de0db0107b59e4d4e984d581d8d844018bf7cd83eaf266fb8b8f
VLM_F00623,False,0425ad375ac34d99a08e01bf74176dbc,CONTROL,A02,7,A02_7,True,fea164a72e12fa8e3957c7f8571a4d6fcf79188bc249e3fb4be86ebfb49ed3d7
VLM_F00400,False,a6d1374623154e719a4065499f467372,BASE,A02,7,A02_7,True,f7bee9cb369f61f381df728ab05e6e6481b225e115472e91bfaf2af88819a583
VLM_F00303,False,bc8349cae97a47f48a2bb14acb7c447d,BASE,A04,85,A04_85,True,ddeb65b9b87b912e44dd937183101601ba8db18c683a2b95423d987375dc3e21
VLM_F00308,False,eb64c65613fb4daf9df1350bc85a1393,CONTROL,A04,85,A04_85,True,dcd9618d42a25ee6298a5ce1e7e873e4454dfe561dbefabced4f931291f5a19d
VLM_F00388,False,e77726c5be5a42d19594135f95ef48f0,AESTHETIC,A04,85,A04_85,True,45417841bd8e589d06209f502be4d18dd0d2955007d42573d7963e8a11b8be59
VLM_F00111,False,7b376db19bb04901a6d510f0d5b73e76,CONTROL,C12,6127,C12_6127,True,785d7a214640690bc22895b92db4319f43b7903f77cea95165ea4c5ed336a974
VLM_F00596,False,698fcd84f3ba446c98457c47cda26ffd,BASE,C12,6127,C12_6127,True,e1cedef850b3f5b7d32842647bd73d324d49db5c7ad69a622e60c51727a53ecb
VLM_F00483,False,c3bf1f23ee2e4c0db8721a60159589cf,AESTHETIC,C12,6127,C12_6127,True,539c70378976b811c312a15c018ef9a2f25245beec28c90aa692fdf50c1e62ba
VLM_F00104,False,054039d255ab4905a9cee0806c44bb49,CONTROL,A25,6127,A25_6127,True,7b80b0d18566c2beda28abddb7093dbcfc551e8f4a691cb28a32b53c07997be3
VLM_F00265,False,f005a4e638f44130a5890d45c6d797a4,AESTHETIC,A25,6127,A25_6127,True,97f66f650607a63f3c9047ba48cebb2d056b1986fa96dd7d6df7e197a5e79f83
VLM_F00019,False,ebaddc0d29074c0783a82da51c72bca5,BASE,A25,6127,A25_6127,True,fc79319abecd0b910c0e46502e2a8ba770fb73af6a53c0bd6f37833c949599f9
VLM_F00052,False,301a526c2b69423985f8299d0ac511d5,BASE,A26,6127,A26_6127,True,5155315783335c1374cc3d40d677d42732afda6fde8d4330f1b90c6f42bfa053
VLM_F00249,False,68effa2c20fe40d88fac8e20dd089df3,AESTHETIC,A26,6127,A26_6127,True,4d27af268698273dec65d5d53a60070f746e5545fdc5f01f97aed079b843cdc3
VLM_F00662,False,c9e4d26ebff24445876b2cb2e7f33d44,CONTROL,A26,6127,A26_6127,True,7539b75fc134c8ec2157bd63aaaa14f8e1503e1d8add77804ba3d8ccff2459dd
VLM_F00411,False,b6e8768c69744913ae8e595b92d8f274,BASE,B15,6127,B15_6127,True,ab12735bb2676750553f18d8ead427d6a9245d027235702f41e94036bad520a3
VLM_F00296,False,ae4907dd49b8442d9f4e8788d6e02e78,AESTHETIC,B15,6127,B15_6127,True,345b1f59cfeedbc172529a1aa550c69fef0e986041e9264fc15958fb3a31c961
VLM_F00068,False,57d230efe6ad4bbd976a0a651eb499cd,CONTROL,B15,6127,B15_6127,True,d5fb7a1d502b9209fbe0fa86c45e5497b7f427473a57b2066dc68f82c50c668e
VLM_F00413,False,ee3f3f135f2a42d7b06512c85cfd81cc,AESTHETIC,C08,85,C08_85,True,74e74fd97cd409015285c45a723ac425132dd6e6296396963f30aef532b5cecd
VLM_F00242,False,836811840b04454b8a6e8ec5e546ca8d,CONTROL,C08,85,C08_85,True,04c28ead8ba68e3f7d19ac2efdfa4adfe7e29818396e9413b61785a9d7dc1d76
VLM_F00629,False,98d4232287c54370965b408da9e0eb99,BASE,C08,85,C08_85,True,a0a5ecaa60952c14cb9a640ebadc73c3b97f6ac6eccfe20dc21026afc44f00f3
VLM_F00259,False,6e4e0ed07c5346199cf805946a2b68e2,BASE,A09,6127,A09_6127,True,db5429e62839f3522173a342ae28b3ae9f923a5a979efc91ca405dc24826f33c
VLM_F00538,False,fe5ec31ef9be45a096bec2ed06472678,AESTHETIC,A09,6127,A09_6127,True,bdb34b35e51f6473a48f69a3939179b6d2ea67c13e9612241dec29c9a3f55428
VLM_F00050,False,b7980dc15bbd45959c3e40cc774b9664,CONTROL,A09,6127,A09_6127,True,0a0269434939b8bd29003f8169e9c638ceef7b8de6e9b545729b5a9b4bdfd32a
VLM_F00071,False,db949b7ae5364bf0bc1e1232a9a4800b,BASE,A04,7,A04_7,True,8a3aef11fca4ed36a9cf0bcb6902566717139cf42ca160550e40e5182bdc7a77
VLM_F00014,False,8e45a582ddb94d3ebf11f3ba26776ded,CONTROL,A04,7,A04_7,True,3b8de18ec09478942fbbbc259ee1e3bc586b80e224b0678784dbc5046727eff2
VLM_F00529,False,f771d036fd784eb3ad53342688106685,AESTHETIC,A04,7,A04_7,True,f7fda2c15b9fce9e4cc38d321bdb98e1ddb658772ea5bba2b4e2a4e8eee89400
VLM_F00392,False,005ee47036ae485dac83a531861ed53d,CONTROL,B01,25478,B01_25478,True,6ede998f3da86faefa32ddcedd2849b5bceef7e714c220bc179eb144dccee031
VLM_F00013,False,03c744803aaf4bf5bc5f3d8957f3fac1,AESTHETIC,B01,25478,B01_25478,True,ce1b89aac35725b2a1cb229f511a5f4ae1242e8db38bf15c507a619306b9ba69
VLM_F00617,False,5115d10eb1304743ad0e9c55678f350f,BASE,B01,25478,B01_25478,True,37b327bf20c4e17076db99fdfed54822f3eeff8f6582ecdfb17830c22a4224cb
VLM_F00557,False,1c728adecd284724aac7d3f4b0834149,AESTHETIC,A08,85,A08_85,True,a8511e43aac0b9437d9140db2456f24800fa5ec2f12f2daa8e35859c22b00c1b
VLM_F00051,False,b7c6c382b05e45e69f9243e4f392205a,CONTROL,A08,85,A08_85,True,2108c969f8384634221f2ab45b247f189a684c39fc80a59f5d8be95847ad83c0
VLM_F00677,False,c8fd4f370a9e4510bace65386fdd19e6,BASE,A08,85,A08_85,True,d8dc4c8c5f7efb1705dfdd29e2fa760c27e598c12594e54b79509286d324d7fb
VLM_F00129,False,2f7673a39caf4586bb7d35539e7fe48a,BASE,C18,6127,C18_6127,True,ee99d4a70930cdbb95ea141dc8a967542edcb29250b0cbb6dc3f8ab9c6e52524
VLM_F00651,False,d70ed4a01d374c18ac2685e6254cbf2f,CONTROL,C18,6127,C18_6127,True,895819be4950b9b6873c70c0acfbfb3b5928ef763377895a58882f2e426a62da
VLM_F00240,False,2fd50b34dd2243f398bf3fda726b1cc2,AESTHETIC,C18,6127,C18_6127,True,9114a2ecfb20c08856fb3fd555f3cd3e6ef9192d57d0218e472fddb8f07d28ac
VLM_F00062,False,8c794570715e41a689bb3039c40264f9,CONTROL,C07,85,C07_85,True,affc7bf4f3519b7c7703c8d3830758f706bb8ded1d73dcd30046e5fb367c9b66
VLM_F00606,False,2ad45cf2328945e29465f809af9adab9,BASE,C07,85,C07_85,True,2d7f25e0c1dd9f022df4230e5969e6a085babd015ee3a212514262b43d2282c2
VLM_F00399,False,415dc4d1182c4f478b3d2ea12431d098,AESTHETIC,C07,85,C07_85,True,1d0dd8fb0f986d14a7b46f6e6528635a167cb2099a61522aea0a1a4f49473e84
VLM_F00426,False,4d8d996b5fba4ae1a0774a73be219dc8,AESTHETIC,C13,7,C13_7,True,1e3db370cf7e1b4baaa6b108c49287b2b07713539670fceb1b8375bc0b28cbcb
VLM_F00226,False,a7ca4ca470c74bc79016240101c66d9a,CONTROL,C13,7,C13_7,True,6fe31b7c83dcf12fee7ddeceb508c491fe1849fd217022c6891380f5cc3e800e
VLM_F00536,False,ee1ef6956b594e26a0bdf5901ab1c45f,BASE,C13,7,C13_7,True,47c3e978502708146690dbdbf34d87bb6224e154ccd5a77d2089e65321ad5761
VLM_F00331,False,02f0fdc7d4814eda810bb33f46d7b8e1,CONTROL,A15,25478,A15_25478,True,535c4a4e3dbf3e37003a784722a8174b363997fc0ab29f52a4e53eee7357f657
VLM_F00397,False,10f34b0ea26c4d2986b2f5fb056c8a29,BASE,A15,25478,A15_25478,True,8616b5de05a2d1f9ba8c64505c8fc43451a8b7c99ac7d25c46e2a3d90cfed035
VLM_F00476,False,e8a53fd18e2143f48a382a61c99222d5,AESTHETIC,A15,25478,A15_25478,True,652b60fdf011b9614f64ea734a0234719e29bbc49e28298899fdd4418f1a7851
VLM_F00229,False,25069202da5f497ea44014f662c530be,BASE,B09,25478,B09_25478,True,e00c4defc8af441005618a7781b66bc407ebce57d2ec3e4d5b8e740a2ea50de8
VLM_F00679,False,bcd7ce05aef34cabafd230b08a850358,CONTROL,B09,25478,B09_25478,True,133f2ba465cc58b5f77690c179b6bf508011ab6bac1351528996ff808151bdeb
VLM_F00554,False,db866635c4eb43df827634fa86d02f68,AESTHETIC,B09,25478,B09_25478,True,768b206a264db3ecf96397eff52d056a38e89471ee67e881ae338d4f31f140da
VLM_F00225,False,371adc348a7144b5bccb31a46c4a72c5,AESTHETIC,A07,25478,A07_25478,True,e7a2b77a1d89381adba9fe1a555295c61d90af7f1c4483cdb4be99c1f06e02bb
VLM_F00135,False,6bda6703944a47e0ac7afe658010071d,BASE,A07,25478,A07_25478,True,304d23aac934f758fd04982ea612ca3e59f9a1db64904e513446ffd9573a1a30
VLM_F00556,False,d90125c7be9e43a491ba6d33ee7d7296,CONTROL,A07,25478,A07_25478,True,f9990726c73d72bc638f094a922859d50163cd7efad208456e48181bd4b9de3c
VLM_F00468,False,9d9a03f9a64346dbbc3f7b54f4186693,BASE,C19,85,C19_85,True,4d5fae5644e7f62476a0aa49553bdd23145c99ff337b069b5951d0f364f6b253
VLM_F00081,False,4257be86cfc947fa9cf67abfdfaa62e3,AESTHETIC,C19,85,C19_85,True,38c5f73299bea7e799d022e26d22e77fbe2cf55fa56b6c79bf2be7430c2fb71f
VLM_F00527,False,7d0b5a5ce90a4139a501248ba3948b88,CONTROL,C19,85,C19_85,True,7ecd11113cf5b5cd50b47c81700bd4174720b3191c512df890e8b1cf4c63c665
VLM_F00057,False,c1278b5028a042e1b40f16d389f8f299,BASE,C08,6127,C08_6127,True,41da2f174d044f1f4c8baeb7713232e0b35a9d5afc4cf65038b08f2038fd7c48
VLM_F00299,False,8e4b74e90a0145dcaa1783a6ef467073,AESTHETIC,C08,6127,C08_6127,True,0593f90191085139bcaa870dc6cd65ca72b9a76fad54b5a5ba9285fae593ad70
VLM_F00640,False,3ea7b12c0c574ede80b51ee73ea6cd65,CONTROL,C08,6127,C08_6127,True,187681204b4c9e4789a1108fafe0d3c3d0e3792c7ed1b777dda2ff4f59d55992
VLM_F00028,False,701b8b39f7af481e8910e0a70752680e,BASE,C17,6127,C17_6127,True,0d30283c8125c4674c12753551c4d126ddbbf50f4cef365dc5f68961cbfb262c
VLM_F00141,False,239c5a2a783a4fc9a4c03fdf021740d0,AESTHETIC,C17,6127,C17_6127,True,dce9e5dbc46bbd3963c00c17ea05bb9faee3b5195ae7552feea72efc8a447841
VLM_F00675,False,f5277f2a186e4bf28427f860df3f0783,CONTROL,C17,6127,C17_6127,True,b1253eefd0822c96a9bfb3e7b45d12b30d7209f964ae57d7f68b3f7b0c6c8159
VLM_F00041,False,206c47cafd36420b86a37b67d4ee639f,BASE,C04,85,C04_85,True,b80e50b5403538d64daeedca428cf98c5cd319b94df3e97a1b2b187a50d0c93f
VLM_F00560,False,69cc8cafccb748d9a6ce7770d2671b57,CONTROL,C04,85,C04_85,True,e5c29a770e1cb77fb55732f69e27346055f78b0a9caaca2664309cf4805da873
VLM_F00691,False,7cf301bc6ca5458e9ee61efb21dee3a0,AESTHETIC,C04,85,C04_85,True,ae865db4fe489a696d13cd9fb6e1c48a92372d2c989ad4655693e1dc7fefdf48
VLM_F00037,False,a912fd3c75e34ef0b8f40617b5a43df7,CONTROL,A09,7,A09_7,True,1f6ca74d66fb0e6cde6fa822bdc11a9fe670377bac9301b5dae2e0e66187fa8b
VLM_F00470,False,25ed7acdf9274213bfa912a8267a87f5,AESTHETIC,A09,7,A09_7,True,5fe5e9cd120c6cc603a953b31d809ac9f3435caf2f72ff7ff7e99b202244f134
VLM_F00034,False,7142f61fe00f448294f30aaa94576109,BASE,A09,7,A09_7,True,03e60aaced30149f5bb572fa1cc9800df16068a3e0c48bbaa5bd0a6c8f504a61
VLM_F00153,False,3c137569fa804a3c987580979b5dcc85,CONTROL,C14,85,C14_85,True,6df5bdc78390b5e39ee267c619b606f21a393d21e91cfd00f115ff042387220a
VLM_F00312,False,0cdb0edb92c64b0fba6a13324ace7d08,BASE,C14,85,C14_85,True,8cdff7ded7e701a335c790936fd34900dc77898ee175dd7108c2c1ab763c75e1
VLM_F00290,False,340927bc88794bb1bbc0e0b3b79eb325,AESTHETIC,C14,85,C14_85,True,ecad2e30bc403839e5964c32b30e85bae5e566a21ffef648c33a6b4c86f3b939
VLM_F00335,False,0f0d885fcf244111917194a80ff68e7d,CONTROL,A25,25478,A25_25478,True,23d67d341cb9203015e9195913f96f4725d54c7e325bbe3ba8b37bf322986ef0
VLM_F00280,False,48de3c6d730541fba4b4d1c5e7d48fe0,BASE,A25,25478,A25_25478,True,4c1ec56e7a74b37c32e9648a4732b137b1e0a942f69741e6622fca38ccc58a12
VLM_F00449,False,2b9e4a82246141e1a9a27774b8cd006d,AESTHETIC,A25,25478,A25_25478,True,77b9f65532daec181d76a70c03f4cd67240a340eb07b0ebada4cf66a76f1210e
VLM_F00244,False,9da1c2a7b6494b558d6bafdfeba46a3b,BASE,C16,7,C16_7,True,db7008ca377f8a0918cb6d0d01de2e6bc3fa1c7e7b4ac49c10febfa16d70b015
VLM_F00078,False,7a3d75b15db94c96805c088f68bba044,CONTROL,C16,7,C16_7,True,5dc53c70fff3066fe30e3ecad328428a98290fe55bf2f43827f7a714496a2471
VLM_F00322,False,ae25a4ad14aa4d81be30352210b79dd9,AESTHETIC,C16,7,C16_7,True,ef392d1e55530a2df43c06ea6176caaed00611ee456ccf7f7d19769ff473cacf
VLM_F00564,False,04dac06992104257a9289b848b7e948c,CONTROL,B19,25478,B19_25478,True,7e404d998676447a3d310c074a7e537b5388e3307029502eb8f8bb23ea2d00d9
VLM_F00316,False,2ef7b44d084e40d099459db15da60618,AESTHETIC,B19,25478,B19_25478,True,20b008605904d2381fdbedb535cb572e279b6a4a2e14d51d2bd0f3db88a612be
VLM_F00333,False,cabf8f090ca24fafb57ab321d581202f,BASE,B19,25478,B19_25478,True,8d3ced9ff428004156bb4474628cf8befb102ae6e1c85d0e8cf4c2d4993c6339
VLM_F00139,False,93900b4eee5e4514acc0a086708052cb,CONTROL,C15,7,C15_7,True,a688fa84f1f27fb9d59f13e9c48419f6f9f60c7846188a88f7e60252cb06e193
VLM_F00577,False,beee770e7e7741c78f0b0927cf052996,BASE,C15,7,C15_7,True,0add4d579233e4a6916ca0560ebdd4246ed7b42631b8e3a12346b8f4c32907f0
VLM_F00233,False,624ddf5b052c464681c430fcce1e09a6,AESTHETIC,C15,7,C15_7,True,6ebd824f284b8a1215753989e4e0edfb2e8b6d313511d20181a3be99f21a691f
VLM_F00374,False,3fa2ae047f9b4239891d16799087e30d,BASE,B20,7,B20_7,True,8b4ec67bbf1ffb2df261ef515784f0484532580f3f2c01fc36857537e8113697
VLM_F00406,False,aeb792e7ced54e6dae4c76e49992fa0f,AESTHETIC,B20,7,B20_7,True,164ddea5cc83195768f746fc757973a73f91edd7c02a5477666f7f53b5df43ee
VLM_F00174,False,4454f39c60fb46d294b8eaf2b800beb3,CONTROL,B20,7,B20_7,True,161b469a4926070dafe1e2358f15c457f178e0d818793346970bc1428b1a559b
VLM_F00616,False,4b2898b8a17a428b9442564c159e4104,BASE,A26,25478,A26_25478,True,8d84e4fc28d9d667eec00d4d9512960024557e97d6e5767a9757a00dcaf96c8a
VLM_F00386,False,a723a0235ccc44b3bb97d952049a2fd3,AESTHETIC,A26,25478,A26_25478,True,b6c500f167648f5fea85549fb06caf893c02b2b847e9364d5d1e5eecc0b1992e
VLM_F00639,False,b1ac94a06f3d4d6fbb818e72475e8047,CONTROL,A26,25478,A26_25478,True,3fdb5facbb2e9f2bcf1629360ec79c7b4e51fe7e5fba3abaa54cb25e8321721a
VLM_F00271,False,41b1ef877d6341f1a9e18815e6fd4e73,CONTROL,C07,6127,C07_6127,True,8e43f519c4b3472c903020127d22f46fed410b734a0cf3eab9db3e8d1431dab5
VLM_F00354,False,54669806a3d945e791cda444a4fc7d60,BASE,C07,6127,C07_6127,True,a0d9aee8e24c5c2562c9321dacc24939426e878ea55545c7b6e5091788dee340
VLM_F00650,False,b465b78de2be4bd59e3cb90e7f072a29,AESTHETIC,C07,6127,C07_6127,True,2c5d4f56cd7ac0eb09df218ebaf88071b21c3ed47633880f5d478998598282d2
VLM_F00509,False,31a9ba444dec4ef68cf52567f6d3833d,AESTHETIC,C07,25478,C07_25478,True,b4e371365fd351b62265d8ff4c952107bb35a409abcd0dbc24b8c8feb245b0a9
VLM_F00396,False,422897b07cc947f7ab82dfa99a7c9af0,CONTROL,C07,25478,C07_25478,True,2b21b186c5d1b676e6e15804b0ca5d2e880fa0f422447f7d09d96b76adb5e86c
VLM_F00213,False,b3d719e1a33c4e2dbbb070f9921f3c67,BASE,C07,25478,C07_25478,True,38c4a50bc88721b99c913e7d7e4fca5e69bc711a314840495c9c7c408ec1539c
VLM_F00125,False,797482d852fd4a71a3404d54a3884937,CONTROL,C05,7,C05_7,True,1960ddcdd86130ae9d22d7fc004b0aad82c78d03fd79b8201df47587583f2db6
VLM_F00003,False,e9301b73dd2741d18657eaca49341183,BASE,C05,7,C05_7,True,3642e239a2cbb9650fff1a4db709a6ce59c2f540585037210f57608cfca0da82
VLM_F00144,False,77d550604a794c939b893323a6de03c5,AESTHETIC,C05,7,C05_7,True,ce688cdd1393fd617b168a31d45293046e7aa17111ea32c52b2725052630ef30
VLM_F00347,False,3b6b153c01474ff6abd33a74b72f7f2c,CONTROL,C18,7,C18_7,True,faa69ca646ef7972bc47c636ba715989405262e2ba4847ea5a3067cfc3814d62
VLM_F00349,False,959e7eadaa3c471085cf3263824c022e,AESTHETIC,C18,7,C18_7,True,7ab9a98c301b93ad5604fc5afbdda049154cc100d065036062e3132bbd6f415e
VLM_F00006,False,e9ef25bd6ae44004ae10a38387da05ce,BASE,C18,7,C18_7,True,21efae62d6e398fad653c8b8a35d76bdb85d951a3baf602fb1012229ad1e4587
VLM_F00517,False,dcbed812e8e34ad8a75cdf410b0eecb1,BASE,A08,25478,A08_25478,True,1a697c9746755291f2f932bffa613102d20e970e7411465d11d0d3fc63f1a675
VLM_F00602,False,2a579a020b4e4bcf9c162a0473d9bc72,CONTROL,A08,25478,A08_25478,True,be5aed9e97f994498a81e48d453819bc7755b65283c5a0e4772235cfbf66a82f
VLM_F00263,False,3ff0f15f35364a94b1b6aa27ac1b0420,AESTHETIC,A08,25478,A08_25478,True,8093d2fc8afce62fe62dc599f2378fd88091221118c691b2f2f0ea328ef1982a
VLM_F00618,False,6cc1593365e640ec934d47ff7ba2ea76,BASE,A07,7,A07_7,True,894502a24fa6e31f95051913d599a51cdd1690c2406b2291ce44b5c7f6432044
VLM_F00010,False,1ad0cb4fef144b648132a177c4cdb42c,CONTROL,A07,7,A07_7,True,3fc5b37552714e50298593f837d214a1ae381964e3a094031f27fe1dc09d8c75
VLM_F00079,False,8204df73fd2e401984d19586aff5e4bd,AESTHETIC,A07,7,A07_7,True,a084213cf8f91f112493a898f50a17cddb51bdfaac4f8e82c04158c346666d3d
VLM_F00531,False,c0e866bf8b064f02a1e294b9189d6a22,CONTROL,B04,7,B04_7,True,963cbce7cc6838d9c616abf9cba8022cf2756456d3012dd2c91118afb1ddfb2a
VLM_F00189,False,85f03adcaff34e00b8be6f3d178139a6,AESTHETIC,B04,7,B04_7,True,78d4ba3c940355bc55b3f575149e9dd6728a4956487635b29f4327f8f0cb23b6
VLM_F00569,False,e2f2d24cbe3643c3ba0bc2803e0f1664,BASE,B04,7,B04_7,True,dd3ca090720a26469a3cba2739d198d274a430d99dfaf8fa122111a44bacdc56
VLM_F00619,False,2006b334b38a4332970b6b5372671d68,CONTROL,C13,6127,C13_6127,True,d7474e308cc68d1e1404c6861e47414d7160168b7d89cdfc3e11ac86a4bf515f
VLM_F00302,False,a8e7f3af8215441cac6c4dfbea032dc7,AESTHETIC,C13,6127,C13_6127,True,079cd3aa15f673ef2caf2f9860b11b935037d472e233dd8cf639eb3b10016ce3
VLM_F00128,False,eed7d4fec5164457a4bb4b6d06d82cac,BASE,C13,6127,C13_6127,True,84eb14f7e29a1b010eefe9e533637276a5360261e405bffb7f1f3324701bca29
VLM_F00212,False,483974b346b54ab9b90348e946cd1789,CONTROL,B15,85,B15_85,True,26b3800e9e45641343fdcaac7174fab52c6daa2ecd6c836a523b24c0b6e87c05
VLM_F00073,False,2bfa4c524a6e490daedab0a1b95913b2,AESTHETIC,B15,85,B15_85,True,4eb657b1f38105a7bd5c656ce7029f9e3041f50e9f64c60e2cb1479c52de8fd4
VLM_F00162,False,da3eb62b5bfe40e58f266a76bb059719,BASE,B15,85,B15_85,True,bc5879bc3d25e7932b6a05cc318bc7e9a2d11cbcf7df12c8485cf58ba3e273ac
VLM_F00063,False,7f2449d6576a48a6b5b151ee040ad81c,AESTHETIC,B29,7,B29_7,True,a69dffca9111ab029ee625f9a9ca10cb56ef497d3965b7bf2734a4b25560129f
VLM_F00419,False,0fc5d2be97394af6aca1f1f7cb5ce815,BASE,B29,7,B29_7,True,06be53a09788591847480e18fb2b3da644af3e3ff13bfd47b67e8df21b264ea8
VLM_F00117,False,1b4cf68502d3497cba5cf8d87c249fe1,CONTROL,B29,7,B29_7,True,18a06c1fc857547a1c340c395accadc35a5d6b56a019328a6347a13af0be50bb
VLM_F00402,False,2f896664cc7d4512b680e1d11a95b99c,CONTROL,C09,7,C09_7,True,541591a36ae958fe997f40d207dc61a5363d1bc4c40893bda6d258ec30ccf292
VLM_F00310,False,a11a8f5eed02451ebdd80a271d382345,AESTHETIC,C09,7,C09_7,True,1b33417bd2a3b609d3d07ee8e57a1e1a6ef1242123189ed61b5d890623d9e25c
VLM_F00552,False,cc14d79bd2454a86b9c2d6a5d209d707,BASE,C09,7,C09_7,True,0886407e753a766c5dea9ca1de31d2949a2cd39f3d66d4679f9349e3f8215d36
VLM_F00143,False,75aa8b326c6c4717bf16c4db3efde8a0,BASE,C11,25478,C11_25478,True,16031af1b65ec4d1ae39b8aaa92606a8324b3e19d9e99aa37921840295be5733
VLM_F00630,False,e8bfa25338cf4a5ebee3956ae3f793ae,AESTHETIC,C11,25478,C11_25478,True,c098537a69b18f26d15d5b25cc006439534c7d6078f6a5f2968e0108605f8fb9
VLM_F00278,False,aff07f61fc244c61a670642d1c65cdbb,CONTROL,C11,25478,C11_25478,True,762dc7f684c0edb18b0dbfa4723d226b264557b6aa4b7761d1c0d3ec0e905fff
VLM_F00116,False,553faaea213e4607a15867f4d18622b8,AESTHETIC,A09,25478,A09_25478,True,6d5292b50d250fdc5b34ee43a124e74b7ec938223803f41f76ea1d07ce2fac06
VLM_F00074,False,7c86ba6aec3740129601d53c22907d8e,BASE,A09,25478,A09_25478,True,4c8764c0824f6e40705781a8c61f38be8fa8a7e576a2b64a7b8d3c31bb5335bd
VLM_F00026,False,210a691d784f43198d9ed8b5125d56fd,CONTROL,A09,25478,A09_25478,True,8ead9050b1332f35bf11f1e74692200d7907bc274c1d630218aaffec91375aec
VLM_F00215,False,743606fb659d439b9596d46ddbeaf891,CONTROL,C16,6127,C16_6127,True,7de26dbbb695c495de1b6fcd06db9d3b9b45aff06e0346659397efd0da318dc3
VLM_F00279,False,67b5e45bacf34a6d810139eb07b9ad57,AESTHETIC,C16,6127,C16_6127,True,8e54e5a4ce707edee0e4c8d6e6a0d4071e6df7db8beb068aacceea0a69804a66
VLM_F00145,False,9efc35df82634377844da260dc31a885,BASE,C16,6127,C16_6127,True,728ff38b7b15c896d03599ca49be653928500f984fd9ad467d308504877471e5
VLM_F00493,False,2107606ad33d49ceac5411026ff219f9,AESTHETIC,B29,25478,B29_25478,True,0258cf7030e0ac2f47d075027bd4574de0b321bce30e6fd7b533b571d064cbf2
VLM_F00473,False,84b336801735431586c70993b9deaae2,BASE,B29,25478,B29_25478,True,4fa4ba70adcccf76ac208f65890e33f5a693abe4792d48b4e76451397c8b1de2
VLM_F00334,False,3b5f14306a16404cb4bde82200bfa43d,CONTROL,B29,25478,B29_25478,True,bdccbc0806552e6f34d6fc6cad2561785c86b0599743342acf6a51f91c391349
VLM_F00550,False,45e057b2d3764a748315701d111874e9,BASE,C15,85,C15_85,True,593b450a3d0c699d411aec712a57fd1e3124791e11c89bd5a6d34881ccc105ea
VLM_F00559,False,939ebb034997445cb15802d7f7f2a6e0,CONTROL,C15,85,C15_85,True,abb0d377b65f781a387727afadc797d8f5c4186913197ef40077e9b058eb4fcc
VLM_F00270,False,7744f55ac8cb4ed890715b7a5192c53f,AESTHETIC,C15,85,C15_85,True,57738c7019f352a00f474c25fe672e8a4f67443b33ed0cbc26ac70adc8ade6e0
VLM_F00436,False,0ddf013f7bbe4cd6bf8f999521f3ca8d,CONTROL,C14,25478,C14_25478,True,2db9c155a7c591df19e1758f0026f94ec044ab80ef3fcb6424fe81c784ed76da
VLM_F00522,False,08c124694efa4f0495d29fae5b5a3a9e,BASE,C14,25478,C14_25478,True,e6f1b8b7eb843825e7bfc80f2ab8d1c00c00f9f04f431efffe4f8ee8635b389c
VLM_F00467,False,728c63ed38974947aa86c208a86f01a3,AESTHETIC,C14,25478,C14_25478,True,c9f4be2860b31e6e557c714326369a15e7e05ece921972c63e8161cc00e645fd
VLM_F00307,False,c8b52611c46b413d8c0ed2ea0a90007c,CONTROL,B25,25478,B25_25478,True,29804c7f3ab3fb5a6dc0411175659d655cca3e3ac60be2688e7819b40a6a7c53
VLM_F00151,False,0421c2f2735b48abb151632bc83cabe5,AESTHETIC,B25,25478,B25_25478,True,7226a11e9ac74ff383f1361891f0e3e2c1f20bf3ea4b4dacc6cf699142cb08d6
VLM_F00138,False,b640f11cdc754204b2da23e2fd60a7a9,BASE,B25,25478,B25_25478,True,9a3f5b216139b65178b33c805a17e7980638f45ec770b52bbc93995a8b073e59
VLM_F00502,False,bc07c3d5d1cb44338f05fd899c8d3f0c,AESTHETIC,B27,7,B27_7,True,086ba21717fe62335b7e5442db4aec168294da01390ff4b0c27f215226a74083
VLM_F00155,False,c9ef2198569b46e7a8120ffc277a8179,CONTROL,B27,7,B27_7,True,1d5acb4d92c4b5c025bbc4c96c14ef67e546bb6d43827f97d238388c5acd4932
VLM_F00266,False,0f479159adcf41709eee7b2000c24df6,BASE,B27,7,B27_7,True,a77d8b790302e1dcbc934ccffe34208f8a4737080aebc6a148ee847172448e0d
VLM_F00098,False,28d9cb8fce5d440bbc2ef373751c7711,AESTHETIC,C14,7,C14_7,True,f5d6b495ff98745b343bd3341c80c28e33ab00a364f79d90987bb946b9ac4e49
VLM_F00273,False,4c77bbbe848f4fcd861ef6723eb6f1b9,CONTROL,C14,7,C14_7,True,0a7a31a2a2c11678fa27986b0024d75346ad0eae7858f4e552995d478274d653
VLM_F00574,False,2e41d80899a349ef8cb2e4564880d206,BASE,C14,7,C14_7,True,afc78e98ef14dd256cbe038dae459897e7a6178e51316529f781584a2202da34
VLM_F00018,False,9448163134bc4e0490d06e33224e5e73,CONTROL,B12,25478,B12_25478,True,2d1db1aa6d070d04fda90879e3df5f2d1df656aca65689327a5c075a84459e18
VLM_F00059,False,9675d814a575426b959d1fecf8963e62,BASE,B12,25478,B12_25478,True,b2f1938f26115660f5b159e7855c01692db6186a83875303b3655d24cf819e13
VLM_F00610,False,a9ecfa229db44451beec795fff30c3cc,AESTHETIC,B12,25478,B12_25478,True,29ce6e8d4da2a50d195b0eeb9c4bfc0ea0ace3d2e34482a1426944da3cde84f1
VLM_F00661,False,cd8e4ce1d8da4f539e8b67501eae99e1,BASE,B02,25478,B02_25478,True,3cf98044cc0292e12d4b9fcbafdfd9fc3523fdb2c5a65ac14df69a5f2738836e
VLM_F00540,False,f3abaee860774e52a72b75b6fd181909,CONTROL,B02,25478,B02_25478,True,1cd1b1f1b5d8f35bc333d2f1106a62fe9bb7837214e9d2f383d3d9c67d1d7021
VLM_F00445,False,88785d14c25b49e88683a02529356be7,AESTHETIC,B02,25478,B02_25478,True,3b5d4557379c13fd5d5026e8fa0e8ead6875a961c3cfd39dd3170f0253ae02e3
VLM_F00197,False,e34a6997e5594d5f906ff0431295d391,BASE,B23,25478,B23_25478,True,ef9ed826a90792ea9d70f240f56ffa7a287a930b9dd868b98aad96ef216a1799
VLM_F00084,False,970cf6db09e044dd9fb3ffdacfe1299a,AESTHETIC,B23,25478,B23_25478,True,b4c416886fcaf9ea723f3cfaffdedd069ec2ee46e58d49704fed4e92ed96c6cc
VLM_F00683,False,e2b72880d711427280388f8b31da54c1,CONTROL,B23,25478,B23_25478,True,3945e705d66db0ba22d4c75c85ce58f4725619b72736e33de4e1b152d36a4ab9
VLM_F00061,False,bd4699bf36c84f259ba973d06ec63618,CONTROL,C19,6127,C19_6127,True,2ec0cd1e4bf899dc4e520dd36b20e2f1bcc7a67ad8f8a45cade504b91af00297
VLM_F00489,False,ab3c7c8850b5454c86cb8c7acfc52050,BASE,C19,6127,C19_6127,True,5b64af69155e035a5199a5beee61da346d894de70d4b4eda139067984172fb06
VLM_F00337,False,03f9284faa9b4e8c8de985c2258288a4,AESTHETIC,C19,6127,C19_6127,True,334efacc27af42e598282e04443accef664e67a1f068745ab724efd1334b52a3
VLM_F00183,False,187ee116983643e9a06c7a23b76ff3c8,BASE,B14,6127,B14_6127,True,83798210b641e1acb6fb5643464b195e38fa8013344f6968bc8eae89ca45f90c
VLM_F00311,False,f318dcf1663c472498e3656bce48d16c,AESTHETIC,B14,6127,B14_6127,True,c1f663c926ae1b5450ce361a16ab503a833b9e999df6bb8926764159909fe0f4
VLM_F00272,False,4bfc3c687ff34b279a58dd7af4becc59,CONTROL,B14,6127,B14_6127,True,8e228cc88eb4a08936da40b56bc1b0a9f21de1a96c2b26bbb2ebdff3bcc15043
VLM_F00520,False,88520a7f95b64558ad482461d58afdb0,BASE,C11,6127,C11_6127,True,03d2f34c4099c1f5ec233d5a43d1d2f54b0ce2f8edb1aed086c3f38494aaab46
VLM_F00033,False,a559607083504a85b99a9e1421457219,CONTROL,C11,6127,C11_6127,True,1b3ad9a9a464492cfb9d4f64fa70ccd6d688d566ca4fd84540f5f786c0e4c021
VLM_F00294,False,e4994c69102744299100e328e8789d23,AESTHETIC,C11,6127,C11_6127,True,a2402d382fbbef9e069b40d0475d33e3ccbd4ffb566360e3635157136af8e851
VLM_F00450,False,c2a443f384a843e58c3640abff0a90af,BASE,C17,85,C17_85,True,05b4f0ac1e877995ef22f0e29bfaad6142b38c7365ac7b6c85909d4a7507268b
VLM_F00687,False,533454f7da614b1dae80d6a0159ef626,AESTHETIC,C17,85,C17_85,True,8701bec1f3c3e91a27fac4c5fd0892aac2d5d2201105668e14bde255ff1b7c8b
VLM_F00482,False,8a06aa0d2e36463db13c95c9c4ea45b9,CONTROL,C17,85,C17_85,True,279cf5cf5dab3042db2f7bafb85c395b3a02065e7436928e5ec0e6f10e5ba1a1
VLM_F00657,False,c906df580d014049b15e3c7e8ef40d82,CONTROL,A11,6127,A11_6127,True,b0eb44103afb4deff1c5951168d0f53da64f32faabc51077db7442da2a0befb1
VLM_F00096,False,10143f85d0234350b269117029d08067,BASE,A11,6127,A11_6127,True,188315e2446f2152cae78909318623fdd8918caf77d665839bd0326f69343891
VLM_F00689,False,0ca63a38f7d34be7941275fba35b6456,AESTHETIC,A11,6127,A11_6127,True,7c7c406c693a3c3c8dc44a9ff84d49f9ca4f4bdd2a7cd05c5ec42a99900b20d4
VLM_F00433,False,7656e464d09f49ce97db6260fbf4f651,AESTHETIC,C15,25478,C15_25478,True,70328f38dbbb27d957c4a6b9aba079371843865c8f74c8e48c4ba68ba9d50c83
VLM_F00537,False,1ec937493a47452892872103a6e91519,BASE,C15,25478,C15_25478,True,4dcbd1c07bb6022e9e6ff0c9fc64804673c10588add8d38ab889a5297e6328da
VLM_F00595,False,eac2f38219644f248a5bcd917aa59486,CONTROL,C15,25478,C15_25478,True,b0bf828aadc29c967d6c0f3da5ec01d97f7a5a4056fa7cd8a3ee543ed1736e99
VLM_F00192,False,f8b40799e5a147d6a543f99d0b31bf85,BASE,B12,7,B12_7,True,a6aeae1f654c62de9294384ed1d94ef9880a5fdb05da9f41dbe61f0068fdac5b
VLM_F00359,False,34af82cb89c041f29eb8ad586c8cc569,CONTROL,B12,7,B12_7,True,7e6877f754da66579b3a7fd01a435850ead2c70585b5e9489d8842a30ea02f36
VLM_F00409,False,c3ec1d3ae7b14ccf8bd8a589c956aed6,AESTHETIC,B12,7,B12_7,True,3708ba6c6a1a5b3df50361b635a58c907bd0dd5e55fe96fba892d1a0558f38a8
VLM_F00553,False,3f93c8e969c34ae88bb0b6236d2fdd65,BASE,C01,25478,C01_25478,True,18173e618e709a99d33c36dd65998fc33eefd4a35845cce2567b6ba51804fc28
VLM_F00076,False,af733fe3594b48208b838e08cbcee258,AESTHETIC,C01,25478,C01_25478,True,ba7bf3215dcf5ee66fdfee0ab4a241e700332f4d0a8d5b3b0bda246723feb614
VLM_F00598,False,b059e8bf00bd41bebfd7b482c4d3867a,CONTROL,C01,25478,C01_25478,True,6603f9b18fa78be94d3e86dedac0cf39a4081ea5bbe2276d0e5acefa82483094
VLM_F00122,False,75b088f945344f24885416f2ceadfbb4,CONTROL,C04,25478,C04_25478,True,4410c217158a4b1a3e31464c059d624f031c5dd26a0a41270f479a0219fefea2
VLM_F00121,False,28729a1ef701420abc6af41507c05d7a,BASE,C04,25478,C04_25478,True,f19f9b7d541dea1d056c2338ea1ac3a2ac6ef98f181ca799b89789a6b9eb2a58
VLM_F00328,False,c4d3c38f4f7f451e80555bb8fc0ad387,AESTHETIC,C04,25478,C04_25478,True,3a6a1eb3517d184bb61ee6833701ffd752d10691597a6b6f8322b4e07b7d2116
VLM_F00523,False,6219db41d96e44eb8c4e9477e9979080,AESTHETIC,C01,6127,C01_6127,True,7427df39d74c016c40f2daba25760adb5273f3ca1d2541d2e60ad6e39376bbab
VLM_F00340,False,6d0341c867ec4f86be8eae4f927eee64,BASE,C01,6127,C01_6127,True,50858b86b451b481e8df1d9dfbfd34cda398b7397baffb77ea6753ae8bed1cf4
VLM_F00318,False,36d315093c1044ffbea22dcac0c78305,CONTROL,C01,6127,C01_6127,True,36486cc81f0bd98332c1400732ffc16715c2385f838d3d4e00242f5e32f69354
VLM_F00456,False,f5f439a2b9d0403383b4ce704a24edfc,BASE,C08,7,C08_7,True,9fd08a4bfdbd8288b169fa6bbbc8f300b0652f0badfa1d93209fb98a8b00dffd
VLM_F00232,False,b21ee740588f4536b896a6a9615df918,AESTHETIC,C08,7,C08_7,True,ad9dab3f73834e13be9708d7a6bea1454933f58822b22f3a5b82a318aa02379a
VLM_F00364,False,c8fdc327d8c24be6854f90da56da385d,CONTROL,C08,7,C08_7,True,582b7483a8db68e4e9fb214e0ae602e95bd4defc87490f00074c3a7a84331372
VLM_F00136,False,d076e755a63440b7ba9d0a206b7394df,CONTROL,B19,85,B19_85,True,e7254c584a4d4cbefc4da835e510db0a619005fbb482906fbb543815e92fe048
VLM_F00680,False,69b56f208102489c9415fa8f391bd602,AESTHETIC,B19,85,B19_85,True,590abc90d4544c637b1bc3cfec6abdb5323b28980c87836d7d94e963615fc568
VLM_F00260,False,a6c2a7e2379747999a98ab1cf14b0a26,BASE,B19,85,B19_85,True,de1d2bd7a606eb639c1d87d6bec290b59b6105024d381a01b20f2bcc4b17c2ac
VLM_F00291,False,76eb4358cd4048f8b50ce480cd637bfc,AESTHETIC,B20,85,B20_85,True,e90c6ae040b7a0ea7441771b01282089151259fb1f5bd914f5e0093d1978dac2
VLM_F00053,False,60a512c220b64b1e8957b473e44c01e1,CONTROL,B20,85,B20_85,True,cf955590f26ef636da1fc0970c0a03982b367ef7afc9f2117b8dc86e80eaf355
VLM_F00642,False,95137cfe04504024aa6f9ca8fc67bfdd,BASE,B20,85,B20_85,True,8938bef67eabae3dd1e0d80429e4f00fb6037a75cd88322a56b875a654526f9e
VLM_F00543,True,6a3e00c758834cb9adf3f688712f21af,CONTROL,A27,85,A27_85,True,67bbcfddb5dec59ce3d552d43bb8b2371f08ca76e1d617a11ab0ad9b9f35ab01
VLM_F00549,True,885824c691414d4d9326b86feda8f8c4,BASE,C06,6127,C06_6127,False,9a9a70da0518f379fddbdc9ed6a96b04a02917006cd792783310c14b242b560e
VLM_F00447,True,67b5e45bacf34a6d810139eb07b9ad57,AESTHETIC,C16,6127,C16_6127,True,8e54e5a4ce707edee0e4c8d6e6a0d4071e6df7db8beb068aacceea0a69804a66
VLM_F00659,True,7ca8ba78e40b4d048b1b50b73b5f4a3d,AESTHETIC,B29,85,B29_85,False,eef4773437635e97da02651fabcc2d6902cedbf19fe0940d1d7b156cdc0324a6
VLM_F00350,True,eac2f38219644f248a5bcd917aa59486,CONTROL,C15,25478,C15_25478,True,b0bf828aadc29c967d6c0f3da5ec01d97f7a5a4056fa7cd8a3ee543ed1736e99
VLM_F00686,True,8b90cee7896744a69567433976e8f90e,AESTHETIC,C19,7,C19_7,True,2d8b9994bc96ef3412ea9f9a2dc5f4b87287491e12a50e24c9b1b30d588e24d0
VLM_F00555,True,7a154e3e0f6f41868a9b00d3c9aff1c6,BASE,B20,6127,B20_6127,True,4d62f3d24b99cb2cf553b79e881d6cbaa76ae7d729244f7d7e0fa1fca42db876
VLM_F00258,True,5a6c7f071c4b4bb5b50e0cf754ae14bb,AESTHETIC,C05,6127,C05_6127,True,32d6f4f4c327f812339357070430dd8e2fbf071f049cbd0361840a6594396d6b
VLM_F00384,True,244eb5134d9642039fef1ba4fcffe5b3,CONTROL,C02,7,C02_7,False,603ff5a190c7042c35862d94629a18c992ec22b935bed89383ac2d8fcccdbf29
VLM_F00458,True,dd5f10e8a1f944f2b4f491a39a8cfef1,BASE,B25,7,B25_7,False,e8880af2cc9c4ec186baee5ba843dff00b4946b40820bf27504470d5bf0812e7
VLM_F00430,True,3fcf2045183f470cbe380cf860fbbb7f,BASE,B08,25478,B08_25478,False,960cd8e7f78f7f011c2d8ac5273e4c4ffdf63c6a61ae3260153a4478e61ce552
VLM_F00663,True,d892d8f03f9345b7a4d47dccdf649a57,CONTROL,B08,7,B08_7,True,3564cced4d4db42e7891739d0eadd24ec550f8df3f25eb3cb5f2c3a5d6337546
VLM_F00348,True,33558f67171e444d8b8f4f0cee601f6e,AESTHETIC,B12,85,B12_85,False,742434e677b4b4ea0ca55bac547684192c2e2dcbadb78f88ca23c83ff2630421
VLM_F00047,True,0d65ab697f34441eb9230e59d9d60a17,CONTROL,A22,6127,A22_6127,True,f00f371e42fb7378fa9b90ab44b212e49475e1b603372cd254bcaec889c9d4a1
VLM_F00181,True,f406b020d6b54cbb9fd7c35257dddcbb,AESTHETIC,B23,6127,B23_6127,True,e6909ed6f08d65deb507cd070c3d9aff4b2bf4be5520745b0537ce70547e1480
VLM_F00346,True,2f896664cc7d4512b680e1d11a95b99c,CONTROL,C09,7,C09_7,True,541591a36ae958fe997f40d207dc61a5363d1bc4c40893bda6d258ec30ccf292
VLM_F00134,True,a7ca4ca470c74bc79016240101c66d9a,CONTROL,C13,7,C13_7,True,6fe31b7c83dcf12fee7ddeceb508c491fe1849fd217022c6891380f5cc3e800e
VLM_F00393,True,46f1d02ff4124e1f90c69f6de021da44,AESTHETIC,A08,7,A08_7,True,8165c1e170d95511f080e69ce4259ee937019053f6c6e1c07477b2de04943b56
VLM_F00100,True,85f03adcaff34e00b8be6f3d178139a6,AESTHETIC,B04,7,B04_7,True,78d4ba3c940355bc55b3f575149e9dd6728a4956487635b29f4327f8f0cb23b6
VLM_F00015,True,999e746c27674ed290ac9307b0a309ff,CONTROL,B02,85,B02_85,True,b5e269fbbeb9c4f33c6492237d236e21e06c600e5f97256bbc1689a1bc2a3bdb
VLM_F00519,True,4454f39c60fb46d294b8eaf2b800beb3,CONTROL,B20,7,B20_7,True,161b469a4926070dafe1e2358f15c457f178e0d818793346970bc1428b1a559b
VLM_F00621,True,9efc35df82634377844da260dc31a885,BASE,C16,6127,C16_6127,True,728ff38b7b15c896d03599ca49be653928500f984fd9ad467d308504877471e5
VLM_F00206,True,340927bc88794bb1bbc0e0b3b79eb325,AESTHETIC,C14,85,C14_85,True,ecad2e30bc403839e5964c32b30e85bae5e566a21ffef648c33a6b4c86f3b939
VLM_F00004,True,23fc56a05fb444009f51c2b8e655abfc,AESTHETIC,C05,25478,C05_25478,True,0356198a48e7cb4e5455f6ba6c8007f400cf54928c5b0c096db8c2b35918d437
VLM_F00548,True,996ba39d080948a3818bb40a9d47f48c,BASE,A13,25478,A13_25478,False,c3f0e25f00c740e9fc4f2d884dc05a4fb2ffc4721a2f5e6b71ba48a0f73fbec8
VLM_F00038,True,ee0856e9a6264da49d061736507dd20d,CONTROL,B23,6127,B23_6127,True,0b24ba57cfeeba43cba6737fda518726b3ebb190d6c2bd5a729be9a39a6bff75
VLM_F00255,True,28d9cb8fce5d440bbc2ef373751c7711,AESTHETIC,C14,7,C14_7,True,f5d6b495ff98745b343bd3341c80c28e33ab00a364f79d90987bb946b9ac4e49
VLM_F00009,True,adfeb135645f42f38548044d8b0e80ba,AESTHETIC,C20,7,C20_7,True,5049a52c3ff6799ad3613ffdfc143becefb16744e1b84a7b517b41b5db9da180
VLM_F00315,True,08c124694efa4f0495d29fae5b5a3a9e,BASE,C14,25478,C14_25478,True,e6f1b8b7eb843825e7bfc80f2ab8d1c00c00f9f04f431efffe4f8ee8635b389c
VLM_F00195,True,6eec8388380b47bd8f45b921ce92affb,CONTROL,B26,7,B26_7,True,9ac8e59406b836cff5faea8874ec394edec99bde0337e1312ec6241e40974d7b
VLM_F00097,True,6f091b88964c4fe6946bc65eecd5ec3a,CONTROL,A15,7,A15_7,False,fd3e0937b4c3d6a6be532cc61ff9207406fdead70ba2eea3faf65d84324ac2ed
VLM_F00462,True,b6fda85258cb4dc0b4cedaebcaa64645,AESTHETIC,B04,6127,B04_6127,False,ad86d42aed424bfc92f4a5788232fbe8728af178f5bf623346ccdb9ee0920fe3
VLM_F00375,True,2006b334b38a4332970b6b5372671d68,CONTROL,C13,6127,C13_6127,True,d7474e308cc68d1e1404c6861e47414d7160168b7d89cdfc3e11ac86a4bf515f
VLM_F00182,True,5142f3ee4e61447c9c7afb4f415023a1,AESTHETIC,B01,6127,B01_6127,True,e95dc1fab89d413bce43c77185b52dae2e95f39404048fe210a54432682f6008
VLM_F00513,True,64c578d3bf124bfa91fd73ecf1e105e1,CONTROL,A07,85,A07_85,False,9ff8ae29c5ba85949ce0940269c04f3a1503bf4ada506e7d8f799d18ade64924
VLM_F00626,True,cd8e4ce1d8da4f539e8b67501eae99e1,BASE,B02,25478,B02_25478,True,3cf98044cc0292e12d4b9fcbafdfd9fc3523fdb2c5a65ac14df69a5f2738836e
VLM_F00211,True,9f6040949d7f4b51977ccb8a83614882,AESTHETIC,C06,25478,C06_25478,True,326692fbcc3eccdaa87f4d474a518348a0dd4e601d5fbffc028eefac1e2f9c08
VLM_F00439,True,02f0fdc7d4814eda810bb33f46d7b8e1,CONTROL,A15,25478,A15_25478,True,535c4a4e3dbf3e37003a784722a8174b363997fc0ab29f52a4e53eee7357f657
VLM_F00167,True,1560f78319464058b9c078723ca17a51,AESTHETIC,B08,7,B08_7,True,9795974faacdb5573ec799e2bf2bef00cea377248e97fbf9a17590187cdcbb37
VLM_F00222,True,6d0341c867ec4f86be8eae4f927eee64,BASE,C01,6127,C01_6127,True,50858b86b451b481e8df1d9dfbfd34cda398b7397baffb77ea6753ae8bed1cf4
VLM_F00590,True,01c7615955b2440384b88de526e401d6,CONTROL,B27,85,B27_85,True,8e944acd257ea62e4367c96c298932b6f532153fd866ec16a821b0cbe8f65bae
VLM_F00655,True,e0e487ad98b441618e5c93691254dd1d,BASE,A02,85,A02_85,False,7fb5d23cf3bbc98124c4b59064266d175e07ab49510bc25fdfb5fe1cb6911e40
VLM_F00688,True,8e712cbec1d54064ad3992eda77693b7,CONTROL,A27,7,A27_7,True,3f7eeb3cce8f72924713058b57428ef953c376eef5fe46b14b36ce79383ea39d
VLM_F00250,True,3038fc8000ce40f3bf263792fecfe186,AESTHETIC,C06,6127,C06_6127,False,a62f4d1525a3dd0bb7ef1920ea3fe9c0b88aef5dbb1fb3ea2f36a0178ea9f223
VLM_F00324,True,6aa0cd96c42a45d999c325f23b74120c,AESTHETIC,B25,6127,B25_6127,True,dd7b163a7b9bd43d3cabe18dd82b9c01fc58114c73adac59a92a1ba7a83409e4
VLM_F00339,True,1d6c39383cd94032a22e57bd04e72bd1,BASE,A25,85,A25_85,True,7c26fa2a7982b2453410e3d48151fc778056af5a20cc9712f939d69c6def0957
VLM_F00185,True,a1b98d0e6185481797ce8a279ed34f7c,BASE,A07,6127,A07_6127,True,0404645dd39b86aa01e5420d4e14f13a40d806edf3d3a1930394201d318f6773
VLM_F00664,True,e9a809352799486387357fd9c40337d8,BASE,A22,6127,A22_6127,True,1444f59bb4c6ae04317ce07f3e0e6f0571b1abfba8acb202921c223e89fb0a83
VLM_F00176,True,9f5ae47e765f4092958874803e0b689e,BASE,A15,7,A15_7,False,e2576db65831dbeb0e1a27cd77716bc735f4dbad749a4092a41957f40b4bf80b
VLM_F00298,True,9e8c1ef4c7744726ae837642c0e281f7,AESTHETIC,B20,25478,B20_25478,True,fa014633e4d7a2fd65fcf4dec2a20923b91fa805f6db03c52d1abb64b04d8221
VLM_F00239,True,cc14d79bd2454a86b9c2d6a5d209d707,BASE,C09,7,C09_7,True,0886407e753a766c5dea9ca1de31d2949a2cd39f3d66d4679f9349e3f8215d36
VLM_F00593,True,538561646e15429ea7b4ea335aa543a4,AESTHETIC,A01,6127,A01_6127,True,450f3bde55ad8497be5a9ec09769ed43f7aa88081044828faa4177fc1c514a2c
VLM_F00058,True,d564f264be084e38adaf22b2b1ddebab,BASE,C19,25478,C19_25478,True,604e0cdee87da8728f4dbb71acde9983ff01cd39f5c5e2e8a7d9a34782762d98
VLM_F00613,True,351134f01bd14290af4fd754507d504c,CONTROL,B08,85,B08_85,False,125469e6527b1fa5bf1fdb147522a756bcdb2a613ed26890fe9dc0e95050e6eb
VLM_F00422,True,6e4e0ed07c5346199cf805946a2b68e2,BASE,A09,6127,A09_6127,True,db5429e62839f3522173a342ae28b3ae9f923a5a979efc91ca405dc24826f33c
VLM_F00416,True,c9e4d26ebff24445876b2cb2e7f33d44,CONTROL,A26,6127,A26_6127,True,7539b75fc134c8ec2157bd63aaaa14f8e1503e1d8add77804ba3d8ccff2459dd
VLM_F00546,True,c9c3753815e747e7926291919da9f596,CONTROL,C11,85,C11_85,True,9f2c32cb1329e9787fab47bf070bec6743c61d3b2ae2cf11efdb2f614cd64b02
VLM_F00261,True,f55b2bedc4714b8b97ef8fbe12e51c29,AESTHETIC,C08,25478,C08_25478,True,88a4a4cd9311991eed7e14731b07dc930dbffe4507dcd3bdeeaca52b908fd731
VLM_F00202,True,c9ef2198569b46e7a8120ffc277a8179,CONTROL,B27,7,B27_7,True,1d5acb4d92c4b5c025bbc4c96c14ef67e546bb6d43827f97d238388c5acd4932
VLM_F00530,True,4015ba2fd16740e1a6940f5b06dbb00c,CONTROL,B19,6127,B19_6127,True,a64eed23013fef221f7e51d37c536636d2ed9f6cfb944ce8f92f76584670f99d
VLM_F00113,True,e4994c69102744299100e328e8789d23,AESTHETIC,C11,6127,C11_6127,True,a2402d382fbbef9e069b40d0475d33e3ccbd4ffb566360e3635157136af8e851
VLM_F00667,True,c80689b2a4594845b0d90db6f9f7c791,AESTHETIC,B04,25478,B04_25478,True,b83eb8ecc4ef33b76fab7b9853fcef5c74d4f29ae370a9e1e4c21c484fd33412
VLM_F00209,True,04c5edbc29b04214a42dd8bc6d8937e3,CONTROL,A22,25478,A22_25478,True,59191f4267691f82b9263471b1742a07220dad1bfeb4fee80397e805730fbb36
VLM_F00188,True,84b336801735431586c70993b9deaae2,BASE,B29,25478,B29_25478,True,4fa4ba70adcccf76ac208f65890e33f5a693abe4792d48b4e76451397c8b1de2
VLM_F00571,True,350683a9691f431e98fef2887d7ee2cb,AESTHETIC,C16,85,C16_85,True,d49576f83f1b78d383a811359d2cafe7508dbf109691c297a2595f257abc6ba6
VLM_F00635,True,00e8594776da482386141d32808c3b14,CONTROL,B01,7,B01_7,True,b1574f49ed0c6d3cf2afcfb56b6a50b4c82ebc3b51845cde9dd3e4f59f55f3c7
VLM_F00504,True,b7980dc15bbd45959c3e40cc774b9664,CONTROL,A09,6127,A09_6127,True,0a0269434939b8bd29003f8169e9c638ceef7b8de6e9b545729b5a9b4bdfd32a
VLM_F00306,True,c3bf1f23ee2e4c0db8721a60159589cf,AESTHETIC,C12,6127,C12_6127,True,539c70378976b811c312a15c018ef9a2f25245beec28c90aa692fdf50c1e62ba
VLM_F00179,True,4b2898b8a17a428b9442564c159e4104,BASE,A26,25478,A26_25478,True,8d84e4fc28d9d667eec00d4d9512960024557e97d6e5767a9757a00dcaf96c8a
VLM_F00423,True,5b3e308901d54259a55963d2ad593a20,CONTROL,C17,7,C17_7,True,97372d9c020e56a649c8136d216f1a1e328d03c8f7a781a2dc157bf2a744769a
VLM_F00016,True,c1278b5028a042e1b40f16d389f8f299,BASE,C08,6127,C08_6127,True,41da2f174d044f1f4c8baeb7713232e0b35a9d5afc4cf65038b08f2038fd7c48
VLM_F00500,True,3b42ae80bc6d42228b29babb7acfd460,BASE,C10,6127,C10_6127,True,40a4f1c4f84bc318d1bed2a8a09aabe0daa2759ab8c9941b96376137587250f4
VLM_F00518,True,7347886b2ebe4d3cab28286094495bcf,CONTROL,A25,7,A25_7,True,d01d85f72b9b22ea5fdc1963e9f6f4e80f9933862a0510164b3bd610651f4517
VLM_F00511,True,42bf6437c0cb4e2887e468f544d93228,AESTHETIC,C10,6127,C10_6127,True,5c1022994ee8b716db5ffff889e5e947d90995f28d0a5eeed9b314c71a77ffd2
VLM_F00126,True,083d20b35e7548e49878a1ab201ffb43,CONTROL,A01,85,A01_85,False,33f7c286694d11fd0b85f5412960cbf534d6f2a3be8b3c439b278a8f140ee2ea
VLM_F00327,True,5f9582cb711e4ff098184e36f528b19b,AESTHETIC,B14,85,B14_85,True,93ea45d31021e9bbce046e03e344ffc7c770f6a9ac6c250bd918afa23ee907f9
VLM_F00407,True,ebaddc0d29074c0783a82da51c72bca5,BASE,A25,6127,A25_6127,True,fc79319abecd0b910c0e46502e2a8ba770fb73af6a53c0bd6f37833c949599f9
VLM_F00156,True,2b9e4a82246141e1a9a27774b8cd006d,AESTHETIC,A25,25478,A25_25478,True,77b9f65532daec181d76a70c03f4cd67240a340eb07b0ebada4cf66a76f1210e
VLM_F00008,True,cabf8f090ca24fafb57ab321d581202f,BASE,B19,25478,B19_25478,True,8d3ced9ff428004156bb4474628cf8befb102ae6e1c85d0e8cf4c2d4993c6339
VLM_F00319,True,b75a0a23b1b74fdba7027950a5d86bee,BASE,B26,25478,B26_25478,True,7045b3bb57fec644a24de2bfb5855a89e24b6c73219d34af3d011c6ae5a76332
VLM_F00069,True,f318dcf1663c472498e3656bce48d16c,AESTHETIC,B14,6127,B14_6127,True,c1f663c926ae1b5450ce361a16ab503a833b9e999df6bb8926764159909fe0f4
VLM_F00194,True,70210bba4c054c4b96721b505791b89e,BASE,B06,85,B06_85,True,a71de2ad48cc4713db92e3a1f468f26121175a6c026ba9f30d798d5b41c07adc
VLM_F00607,True,d90125c7be9e43a491ba6d33ee7d7296,CONTROL,A07,25478,A07_25478,True,f9990726c73d72bc638f094a922859d50163cd7efad208456e48181bd4b9de3c
VLM_F00499,True,744e1a0b2c6f41f793a6cbae930af63a,AESTHETIC,A02,25478,A02_25478,True,c8a9c7f6e4486e82e8d5e68e982b5804a0c9dacf7b8c643ddc2e17d90a5192c2
VLM_F00681,True,54669806a3d945e791cda444a4fc7d60,BASE,C07,6127,C07_6127,True,a0d9aee8e24c5c2562c9321dacc24939426e878ea55545c7b6e5091788dee340
VLM_F00352,True,645abde0e9e446e3ab2a71360bf1f507,AESTHETIC,B09,6127,B09_6127,True,45ff98d4279f6b7ca06e02a775e0747f5627391c4bec9e92a5e1b9aec3eba256
VLM_F00293,True,88520a7f95b64558ad482461d58afdb0,BASE,C11,6127,C11_6127,True,03d2f34c4099c1f5ec233d5a43d1d2f54b0ce2f8edb1aed086c3f38494aaab46
VLM_F00632,True,f74096f4cc63478aab05450496ed0ee2,BASE,B19,7,B19_7,True,c92609103aa19ee1dca78a61dcb808a6b5ece56ac4a28668cefd5a96780065c8
VLM_F00597,True,1b1e550506cd487e8fa39d4226a61a0f,CONTROL,B14,25478,B14_25478,True,6da6893c0780a186303b0423849dd91cdd79e45a81f492e2ffa727b59a4cf5ae
VLM_F00594,True,9b6957db27514e5f8f6c079c24d9c61e,AESTHETIC,A15,7,A15_7,False,9f41e37468d995cbf66efe583934026cb9faa18b5a61b68c7088ebd23b1347ad
VLM_F00159,True,483974b346b54ab9b90348e946cd1789,CONTROL,B15,85,B15_85,True,26b3800e9e45641343fdcaac7174fab52c6daa2ecd6c836a523b24c0b6e87c05
VLM_F00235,True,6a1e794ddabb4b86a9a3c078574b77b9,AESTHETIC,B02,85,B02_85,True,4293b57b53c45d8f728451bcef84aed6c7f2a381aca88c47a159d02b75af8156
VLM_F00385,True,4783c683f7f048dbaa1a5276ff65f3c6,BASE,C02,7,C02_7,False,c5b79c7315045081b3b6627fa96cd2669c608ae276d51f6669c7457aec50e7c6
VLM_F00479,True,197baa6c6a6a42859b5d7e3ed8a60507,BASE,C16,85,C16_85,True,bc82ae88789307db9289fb74ecd909ae93db65c58b61320ac1e0c5f916ec57c0
VLM_F00175,True,34e3ed289d934defa997acfe2b3cadd5,CONTROL,C19,7,C19_7,True,7c22cd24d170507a2f8180152f4dc58415f0f3e2368b9edd0a27f885b7da9ea0
VLM_F00570,True,88785d14c25b49e88683a02529356be7,AESTHETIC,B02,25478,B02_25478,True,3b5d4557379c13fd5d5026e8fa0e8ead6875a961c3cfd39dd3170f0253ae02e3
VLM_F00463,True,cba3a3e071bb462493afaadb69ea55ac,BASE,A13,85,A13_85,True,92964c5339a182736bfe2af3aec137116ea3d3425a3729652c6c9ea21680b308
VLM_F00309,True,5ec8a84ca433458587e0a26c51d650fa,BASE,B04,85,B04_85,True,a267c6ffef5ad1643bf075999fa3e7c829ec62e247820c8e310a4de0498903e1
VLM_F00361,True,584d1131a4804c18a86c393f70c253f9,CONTROL,C20,25478,C20_25478,True,d4baa8b045d7cdf11cace9009fc71f4322c5762542b642894d9cb6d2254948d0
VLM_F00501,True,c4b1d47cc46646f3a627fcea343b5438,CONTROL,B12,85,B12_85,False,40b02b53610725193b7b216d33890db729d453593751e5c84598ecf435d4982b
VLM_F00149,True,c8a81b602689495f90b8acd0e429a8f9,BASE,C12,7,C12_7,True,0ca984f4a8725423cde267876ae394848bf641ef1d715c953e938a2d8ac369d6
VLM_F00614,True,8e4b74e90a0145dcaa1783a6ef467073,AESTHETIC,C08,6127,C08_6127,True,0593f90191085139bcaa870dc6cd65ca72b9a76fad54b5a5ba9285fae593ad70
VLM_F00297,True,aa5281df384141b2b060af3d80cfad8b,BASE,A26,85,A26_85,False,14f1419510f3c9b1cd0401c7bb51737ef31661b8ab9e98c53b48c30b7e25d3cb
VLM_F00566,True,c432bfed903a49a4bafe6fdf6d7d92ea,CONTROL,B25,85,B25_85,False,0786f5d3e94ee07db190b314548786d8d6d18d81ad124f8d59bc68271f18f106
VLM_F00601,True,a559607083504a85b99a9e1421457219,CONTROL,C11,6127,C11_6127,True,1b3ad9a9a464492cfb9d4f64fa70ccd6d688d566ca4fd84540f5f786c0e4c021
VLM_F00118,True,f32c9842c8f6439db29cbe41e867ee12,CONTROL,A02,85,A02_85,False,d0af856d6a1ac6876aec74f73273ed126eb61c79c5d8024a823c2995aab0ee32
VLM_F00568,True,2594980cffa243ecb7a878fb4f7f3728,CONTROL,C10,85,C10_85,False,68706dc2b68fc9039b50c7d07210e31f84af6c1b29d600b06b9b9b74427fa1ed
VLM_F00674,True,b640f11cdc754204b2da23e2fd60a7a9,BASE,B25,25478,B25_25478,True,9a3f5b216139b65178b33c805a17e7980638f45ec770b52bbc93995a8b073e59
VLM_F00600,True,b7c6c382b05e45e69f9243e4f392205a,CONTROL,A08,85,A08_85,True,2108c969f8384634221f2ab45b247f189a684c39fc80a59f5d8be95847ad83c0
VLM_F00373,True,2fd50b34dd2243f398bf3fda726b1cc2,AESTHETIC,C18,6127,C18_6127,True,9114a2ecfb20c08856fb3fd555f3cd3e6ef9192d57d0218e472fddb8f07d28ac
VLM_F00472,True,67e0dffed7a64c8fb5b71d96e3965d21,AESTHETIC,C02,85,C02_85,True,f09e952f2545d6348b031c0803bd4524b7177508ce34a5d743b75fa979541d89
VLM_F00599,True,c657c1aac2af4f3d922254ab8377e01a,BASE,C02,6127,C02_6127,True,7b2c0f5ab2e4acd072476f587f2446e5bead94ab832ff0097e3f9ada80705735
VLM_F00547,True,0f0d885fcf244111917194a80ff68e7d,CONTROL,A25,25478,A25_25478,True,23d67d341cb9203015e9195913f96f4725d54c7e325bbe3ba8b37bf322986ef0
VLM_F00408,True,6a1faa42d0664a99b084ddb6ff007473,CONTROL,B06,6127,B06_6127,True,79ba1ec91ac281c1dc289e38fc8271d9e8b0a09c9351078a7b21b010096ee142
VLM_F00082,True,4bae73a3522342d79df11147bc71d75c,AESTHETIC,C04,7,C04_7,True,fd463043b736895f4c1500d2625a6b2c290a280a6a36fde6e94891afc1e5e00f
VLM_F00401,False,660fbfc8f66e4135b1fe1a9fc7b0fc5a,CONTROL,A13,25478,A13_25478,False,415c8df5a26caa7167c817243964186fc8e6130195c62625c330a6a4f6d0126d
VLM_F00066,False,996ba39d080948a3818bb40a9d47f48c,BASE,A13,25478,A13_25478,False,c3f0e25f00c740e9fc4f2d884dc05a4fb2ffc4721a2f5e6b71ba48a0f73fbec8
VLM_F00163,False,1a068d6998a14226b34a524ea0e3ef05,AESTHETIC,A13,25478,A13_25478,False,d8ff6d76c544bba99a343b9b2cf693007e44daf9ec7962ee6d28c9bd3fb9a1e4
VLM_F00497,False,244eb5134d9642039fef1ba4fcffe5b3,CONTROL,C02,7,C02_7,False,603ff5a190c7042c35862d94629a18c992ec22b935bed89383ac2d8fcccdbf29
VLM_F00580,False,4783c683f7f048dbaa1a5276ff65f3c6,BASE,C02,7,C02_7,False,c5b79c7315045081b3b6627fa96cd2669c608ae276d51f6669c7457aec50e7c6
VLM_F00576,False,1ffe1a1f799b4cdb8d299ba4a339d7e7,AESTHETIC,C02,7,C02_7,False,0a08f4cc9b35d25bea6372e439cb07c9c4125511ff3653d9e304cbb7934cfe6d
VLM_F00218,False,34ab8fd7a9a540ba8daa0d2a9644cd17,BASE,C13,25478,C13_25478,False,363fe8993ac3781209e7f6be3d6b9d2b0a62d4443830b8a6d305080975950644
VLM_F00075,False,ab508431d4ff4ac9bd8b82bfbc333d25,AESTHETIC,C13,25478,C13_25478,False,963fdd839a6ef9ab383ec3180447bcc20795632c6dee796f931f2a2df8fb8fc7
VLM_F00056,False,7836be7d95d14aa5a481b8614c9a493a,CONTROL,C13,25478,C13_25478,False,eab620c5b0402c0de69b33a3e2f09afc08eaba4c664cf68fbac7b71f6d63c506
VLM_F00412,False,3f68b8d81d384c29a7f45551a590667a,CONTROL,A15,85,A15_85,False,2c484b366f224783ab84842cbc19b1ab57508fa0d976809c97b15ab1f3a260c6
VLM_F00230,False,ad38876c13dc41508954a649027ce691,BASE,A15,85,A15_85,False,63bfdd6ac4f5547f358537d27a98f4aa3734a8a90e0ef781ce2f0d614f196dfa
VLM_F00389,False,99e1f41e8c2440c19bbf86f7e99fe96b,AESTHETIC,A15,85,A15_85,False,213ffafca7bce2d98bbe50639883f204edb5358e12a2fa4ab77eb0e0dee59e5c
VLM_F00207,False,5c2b2969fbdb49e8bc0df3ebdc42f6e7,CONTROL,C09,85,C09_85,False,4aeff5c946a6b010d1bbf13d904cdd83b6ca8c7d8bb89ab73f1d960d2c938b63
VLM_F00421,False,d96141a5da754b19a9c9a187e9d5b5e3,BASE,C09,85,C09_85,False,6f071191461878f86fcb9cb9372c0c40752825f6e5576f43a6b000ae993ca0ef
VLM_F00637,False,5998d967193445c8b33cdbd6c11e76f9,AESTHETIC,C09,85,C09_85,False,5776232cc8b7e86864ebb2679fa219da06ed43d0d409a76fb821bfcb6cac6faf
VLM_F00526,False,f308e6297a194afaa3fdf9ed0114197b,BASE,C10,85,C10_85,False,eb0c83f49ab92b6095b10c76443929c9126b7d25c2b19e624caacf21a046d67f
VLM_F00434,False,2594980cffa243ecb7a878fb4f7f3728,CONTROL,C10,85,C10_85,False,68706dc2b68fc9039b50c7d07210e31f84af6c1b29d600b06b9b9b74427fa1ed
VLM_F00092,False,45a237fba76b4b188ba8b53d6c4d2ae5,AESTHETIC,C10,85,C10_85,False,ab1841578d81d9ec9ccf764a1e17d5079a5407cb76861a268b0f4e41f6a03809
VLM_F00471,False,4c1699a7418044d1b5ea8c8a9e0ad3d1,BASE,B02,7,B02_7,False,09ff7fda7c478bcc89c962a1d4bd56daff31042cacb59fccff4d78ccb408f1a6
VLM_F00508,False,259f85167d9640d280d86c5e97d9d36c,CONTROL,B02,7,B02_7,False,cc361c345a3a28d5ad4b5cb4dd23cb5cf957162d3c55a1e7a83f86b31db1773a
VLM_F00112,False,5700dccad2da4140894a81136807aee8,AESTHETIC,B02,7,B02_7,False,61b3ef37427d68ba8d7f1ff2e72d33da4c06f60f318c9dd00b76848005fa6e6f
VLM_F00107,False,5145e1d4805e4a749ee485c5686ccc00,CONTROL,A26,85,A26_85,False,0140a53778f8062ec06c09641af01ef17e517c562f0846c5a3104ffa5e1f1707
VLM_F00567,False,1b528a1e65414564bd31be54f684cc6b,AESTHETIC,A26,85,A26_85,False,15dedc3d7499a1415aa7e30ce7c7e63d1ee0faa3dca364576b2cd229619191e8
VLM_F00086,False,aa5281df384141b2b060af3d80cfad8b,BASE,A26,85,A26_85,False,14f1419510f3c9b1cd0401c7bb51737ef31661b8ab9e98c53b48c30b7e25d3cb
VLM_F00031,False,cf7607c1efb9451880b9f6b42dba9453,AESTHETIC,B06,25478,B06_25478,False,404c9a24e79ba484afc714d9c1494553b2e33a07e8408adea5db9de4c3a690ec
VLM_F00330,False,4bd5d469adff4b33a11c249c7450b4bd,BASE,B06,25478,B06_25478,False,01f8b11b9190a00e95447084c2f1cf624d915d969edb97b1312d34b22f9b6648
VLM_F00583,False,337ec4efa15a464b86cb40c299c822f4,CONTROL,B06,25478,B06_25478,False,1683546c0e762e6ad325f0146d1fa5dba4bf4d8b593bdc8ea4d4f3eee86a2cc4
VLM_F00378,False,11267fbc84d64b628d8f0b11d76e7f79,BASE,B09,85,B09_85,False,275a650f97a3a483f23e664cfb23de2c42e5e0d37ac7c296a0ef35589f207d2b
VLM_F00484,False,4f6410495b464d1dbf2645454f43da24,AESTHETIC,B09,85,B09_85,False,4c39e70c9286dfcb0b1cc5ce09b5072363c409fb0ab1d6b14da10f26eab09a66
VLM_F00205,False,21dc0bfc68e44de2a2114ac4f3a3bc66,CONTROL,B09,85,B09_85,False,734f1dc844a7cf87bf881993831aa54fc565f2c8415ef91d789bc5b5d2b55c2e
VLM_F00573,False,94c0b36b65ec43f299ff95ee99dc0d7c,BASE,B08,85,B08_85,False,f8bb9330cfd833f89b8118c64e414399fef63b2dcfc99233f115fe212bdeec6b
VLM_F00492,False,ffb35f5d68cf4f928b2a7e309dd3c99b,AESTHETIC,B08,85,B08_85,False,d5d36997367c187e1584c713eef519845f6b27392d1451c6cab9c1b8a30c4601
VLM_F00035,False,351134f01bd14290af4fd754507d504c,CONTROL,B08,85,B08_85,False,125469e6527b1fa5bf1fdb147522a756bcdb2a613ed26890fe9dc0e95050e6eb
VLM_F00114,False,21e0dde6d60a418896c89262899a692f,AESTHETIC,A01,25478,A01_25478,False,e316da12324921d11ebbd87a7ec684d4a7e3eea198df1efb1cd993cb34c51e59
VLM_F00054,False,a9eca94e54cf4fc9baf94bdf44f08f21,BASE,A01,25478,A01_25478,False,6f8c48116f42fd1272f99c64a0db3612f44f54a14dbb14408f463a8374e51ac1
VLM_F00534,False,ee9221b64a9446798d4571d669f95712,CONTROL,A01,25478,A01_25478,False,2087334bad0e7d7af30c20e5d3552d15d63f8ec22ea50a4c5dcb74b90bc8e563
VLM_F00429,False,7e2f88c99a14436999fce38150e15159,BASE,C10,25478,C10_25478,False,eee8e999ab113420194f3678c983d1a7d121ed006b2b9db10557de57850889c3
VLM_F00148,False,0bf8e110fb8a45a5ad708ce32524c36b,AESTHETIC,C10,25478,C10_25478,False,3d9cb19fb182a0d37da4f469e3f6b1f86c654f38c3d74f9029c104561b1dea37
VLM_F00524,False,069b99fa410844ed941518b69e482c2a,CONTROL,C10,25478,C10_25478,False,5c094fa2ff49e3c8d41f2e81f8d8cb985ec585b49918872fef1ed9db89cfe8b6
VLM_F00080,False,65906a58bdf24a95b4f091385f0a3bba,CONTROL,B29,6127,B29_6127,False,086e533e4e97e67d23598ee391e84778a733f9b9dc4b7be9e7e93bfa73d3c21e
VLM_F00510,False,bb26fcba6d834076a80de3e305f9060b,BASE,B29,6127,B29_6127,False,1428a940d068fbd61a84a0119d19491fb583438157ac14e8e4daffe56781beb6
VLM_F00070,False,fb07d9508f344d408e7db12988c77dd1,AESTHETIC,B29,6127,B29_6127,False,c7f0c3d2d28eb99156c6cf543bce57f34d1a2ea37468168961e7f44a6dcd6a57
VLM_F00336,False,0c874d882232462cb7b3ef750f51abbb,AESTHETIC,C13,85,C13_85,False,8f293efcc9834c6fc3ac8b70250bd61d2f8a18cf4e84a0a0d8a97cf3b93c4573
VLM_F00394,False,20031b9569bf4f19ae8a7f2a678f90d5,BASE,C13,85,C13_85,False,bddc27289808c7e913c3e36eb3831809e463f556767669f30e532959742677f7
VLM_F00669,False,d38534ee964342f18178282a9420fb01,CONTROL,C13,85,C13_85,False,77c1c34cce58b9ab9d694d8d6014684ee08215a4af494216edb4f5c4e68ae675
VLM_F00323,False,33558f67171e444d8b8f4f0cee601f6e,AESTHETIC,B12,85,B12_85,False,742434e677b4b4ea0ca55bac547684192c2e2dcbadb78f88ca23c83ff2630421
VLM_F00582,False,c4b1d47cc46646f3a627fcea343b5438,CONTROL,B12,85,B12_85,False,40b02b53610725193b7b216d33890db729d453593751e5c84598ecf435d4982b
VLM_F00512,False,0f4e05162a0e46fdac58d88aee502acd,BASE,B12,85,B12_85,False,1d6ec2bc6f6a3d530148200020420143783b37a4221b85533dac6ea3a4fcca5f
VLM_F00105,False,e0e487ad98b441618e5c93691254dd1d,BASE,A02,85,A02_85,False,7fb5d23cf3bbc98124c4b59064266d175e07ab49510bc25fdfb5fe1cb6911e40
VLM_F00274,False,f32c9842c8f6439db29cbe41e867ee12,CONTROL,A02,85,A02_85,False,d0af856d6a1ac6876aec74f73273ed126eb61c79c5d8024a823c2995aab0ee32
VLM_F00498,False,4ad3c8eec0744810a89613cca62117db,AESTHETIC,A02,85,A02_85,False,f31a3631d4f65d32e9a51396d46e2ea124a40e1f2f1750e873cc862e87fdc2f8
VLM_F00444,False,5bdc27a8ac9d4bba810c5b0f30263848,AESTHETIC,C07,7,C07_7,False,2424a50826fc594f66e1c86a0e1ed27e8119395df55455d7ab8d08c06a2723f6
VLM_F00405,False,ed7d645ed1ed4f4089d1c3eec9583ff5,BASE,C07,7,C07_7,False,c64f315053559944ba4b68c63b85b276fb935a0efb9ead455d43ae58b52634a5
VLM_F00507,False,3bbcdf51156f41dcacf2c3c0a495fd34,CONTROL,C07,7,C07_7,False,6e3d16931d52f4963f71ab91033c9d1ed36a96a902207dd65bbf2c7cb19b52d7
VLM_F00021,False,9b6957db27514e5f8f6c079c24d9c61e,AESTHETIC,A15,7,A15_7,False,9f41e37468d995cbf66efe583934026cb9faa18b5a61b68c7088ebd23b1347ad
VLM_F00248,False,9f5ae47e765f4092958874803e0b689e,BASE,A15,7,A15_7,False,e2576db65831dbeb0e1a27cd77716bc735f4dbad749a4092a41957f40b4bf80b
VLM_F00119,False,6f091b88964c4fe6946bc65eecd5ec3a,CONTROL,A15,7,A15_7,False,fd3e0937b4c3d6a6be532cc61ff9207406fdead70ba2eea3faf65d84324ac2ed
VLM_F00481,False,f2f27dba78b24066843f7305b5d8c487,AESTHETIC,B25,7,B25_7,False,cb974eff3e08b93a9da166f94d79e5df8edad4430aedc108c617f4b1013e4cfe
VLM_F00147,False,02de29eb64da490a9212662aad51faae,CONTROL,B25,7,B25_7,False,e8074f0d05b5d56a7598c576351bbb04132867863eb2fa0e7909ff7ab619e145
VLM_F00515,False,dd5f10e8a1f944f2b4f491a39a8cfef1,BASE,B25,7,B25_7,False,e8880af2cc9c4ec186baee5ba843dff00b4946b40820bf27504470d5bf0812e7
VLM_F00285,False,aaa2efd23cce4f7ca9065cba245172e1,BASE,C06,7,C06_7,False,9aff923ea3d8a63d77eea66ee9eb4a2f2aa11ef0a82c8ca73511001c94d8cccf
VLM_F00090,False,c5372e3cee254e88b54f4c2c46b70b44,AESTHETIC,C06,7,C06_7,False,a65f84b12e26efc458a2c2cb81ab8660666411b2ebc5ebd288e1f43ccb134ff1
VLM_F00154,False,2faeeb77d39a414cb016cf25f84f9f62,CONTROL,C06,7,C06_7,False,0be955228eb06ca19df37d761703507864f9e7d6055a856a93c21f163a57c37c
VLM_F00525,False,20296cb6e00e4e829488c0dfd32c3b1e,CONTROL,C01,7,C01_7,False,38bd78fe850f74b4c69c4c0704812a2f8829f432c70697a9a8cc925624b29a32
VLM_F00085,False,bf78c587167e4e2884fdf90e9a916dcb,BASE,C01,7,C01_7,False,09814b8baad7ea2dc90c4ee227a15fe06b13c5832570db9254ecf2449223b538
VLM_F00654,False,5766ee6397374c71a8090b0ef355b173,AESTHETIC,C01,7,C01_7,False,81e2981d9196cb3dd9d5f155163d349962dfb227a021d3078593f0c088d35d3b
VLM_F00173,False,ffbafcfd4c3e46fd98cf1b5ca8aabc22,BASE,B04,6127,B04_6127,False,e276d8b239011e7d76b6617f181e923415c4085c27e28fbe2c37c1eb2def2aeb
VLM_F00077,False,b6fda85258cb4dc0b4cedaebcaa64645,AESTHETIC,B04,6127,B04_6127,False,ad86d42aed424bfc92f4a5788232fbe8728af178f5bf623346ccdb9ee0920fe3
VLM_F00329,False,2d0ddabeb34949c9b47a756d3b705579,CONTROL,B04,6127,B04_6127,False,d06ea887f76bc63c88b40521dd39118849edddaca99be836e3ac0a62b6c25b25
VLM_F00649,False,1a57636eca6b47518558c22897e1ee96,BASE,B25,85,B25_85,False,2f0291b19133684f7b622b020bcfe7bfa4c714f744585aae04b7bbd6a489e642
VLM_F00236,False,c432bfed903a49a4bafe6fdf6d7d92ea,CONTROL,B25,85,B25_85,False,0786f5d3e94ee07db190b314548786d8d6d18d81ad124f8d59bc68271f18f106
VLM_F00157,False,57c6abe2df7346409577e83a438f7527,AESTHETIC,B25,85,B25_85,False,e3213656172eeff9f3babf6f822cd18ec8356cbda84949f6fb226ff577421064
VLM_F00292,False,32dd6cba0a1b4fe6ad4b784f55961eb8,CONTROL,C06,6127,C06_6127,False,b6b56f493f0b4fc95c55211969a41abd0736ae8ee8fd4a443a9e66ac63d90a27
VLM_F00551,False,885824c691414d4d9326b86feda8f8c4,BASE,C06,6127,C06_6127,False,9a9a70da0518f379fddbdc9ed6a96b04a02917006cd792783310c14b242b560e
VLM_F00231,False,3038fc8000ce40f3bf263792fecfe186,AESTHETIC,C06,6127,C06_6127,False,a62f4d1525a3dd0bb7ef1920ea3fe9c0b88aef5dbb1fb3ea2f36a0178ea9f223
VLM_F00459,False,083d20b35e7548e49878a1ab201ffb43,CONTROL,A01,85,A01_85,False,33f7c286694d11fd0b85f5412960cbf534d6f2a3be8b3c439b278a8f140ee2ea
VLM_F00404,False,ee73b18e09f842598c84fef9c306d239,BASE,A01,85,A01_85,False,fe788b55f991b2d9ad3df7e982794f3869b1630ab3ab7c047872023b3c64bcf6
VLM_F00395,False,cb9b0cdbfb0e47aba142658a2b736310,AESTHETIC,A01,85,A01_85,False,e9c169feb76adda6600f2bddf09a022e8cc603e4ce18b673048c7486d6b3f800
VLM_F00158,False,335c509f9aae4a60bae884049049b4db,AESTHETIC,B09,7,B09_7,False,ab8bb8f6b59f30f6315b4cf9d6d987e8be36dedff8cd2a1f8a2c7e087599b6f8
VLM_F00351,False,13aa92eb4a424e04a3f2343662e67daf,BASE,B09,7,B09_7,False,8694d84a5fdfc63e4073eca1e2f235101c5fbd48879888d9faebbdd501a985d1
VLM_F00127,False,8fefcc0a0e6d43b6bdcaf977b05994ce,CONTROL,B09,7,B09_7,False,059b44eded9f64799bdcafcc4cc698649ae855c043e58d55b6f8b5f4cdd41474
VLM_F00634,False,8d60d948e3b14995982570a80900b23d,AESTHETIC,A07,85,A07_85,False,fd23a19935ec08137dc3a38967d64e357442656b8240b14e2fc3dd3a79b123eb
VLM_F00565,False,9e5442ffbc54494d92877e589e55f548,BASE,A07,85,A07_85,False,e5bae8ef3362be37f78f573a2b823e6347d83621e6ae4023363ca28e0558cde1
VLM_F00282,False,64c578d3bf124bfa91fd73ecf1e105e1,CONTROL,A07,85,A07_85,False,9ff8ae29c5ba85949ce0940269c04f3a1503bf4ada506e7d8f799d18ade64924
VLM_F00313,False,3fcf2045183f470cbe380cf860fbbb7f,BASE,B08,25478,B08_25478,False,960cd8e7f78f7f011c2d8ac5273e4c4ffdf63c6a61ae3260153a4478e61ce552
VLM_F00428,False,015ca617a9b8461e8f15ae757fff68d8,CONTROL,B08,25478,B08_25478,False,20e0a877c5c8b5ba2f72677faafb77f1f097617b98bbc9bd2cb8e45dac73346a
VLM_F00256,False,db102d0bee3648fb98e7833adcb1711c,AESTHETIC,B08,25478,B08_25478,False,642a11275be3850102dad677969718d4fcad4ab3cfcee144b6799afb3d543349
VLM_F00277,False,f281959571154f4a973ad5c5366e36a1,CONTROL,A15,6127,A15_6127,False,d429fd7979f0d243ff95a5a3cfe6ff8eaf5678f0729a20de379ad87b65ce09ea
VLM_F00465,False,457f48d53bd348a780636a0456af48d1,AESTHETIC,A15,6127,A15_6127,False,6ca4f443aad6356e74d7a843f269ed9a7737e2f46a4bae43e66fa84d10dd4788
VLM_F00301,False,6bdbc8026a9e40699dc8263d83f19f8c,BASE,A15,6127,A15_6127,False,661e1cfcbe73a5c3e4107cf70f6f3c7736f7b54c2d48622ef0e6f9e946612eb1
VLM_F00503,False,d401b76cf54f4748ae28223831f2157c,AESTHETIC,B08,6127,B08_6127,False,cffbd78009d5e208d60e8e0df74242fb6880238e2219077620b4cf4b3f424194
VLM_F00039,False,789172209d3b4fef9c7260c0581ea94b,CONTROL,B08,6127,B08_6127,False,4f70ae4b3f4bc8dbef20c445ddde94351792be1b1e4059bc2fca327dbf524250
VLM_F00668,False,7015273ad738405aae0c8cff2f29282d,BASE,B08,6127,B08_6127,False,1bf3f64ccd5764e3eb38549e8b7126ed81d297e17fe93a46c61f46fb576bedec
VLM_F00283,False,8ec43c726f314eabbd2a7d270edd5607,BASE,B29,85,B29_85,False,c98454e41a6da6973ba64ae79a3544fa8ee9dd8f64f255faf25d2b8dacdbec75
VLM_F00494,False,3814a47c952c4d6495de77b790e3f93d,CONTROL,B29,85,B29_85,False,888d3de10911367066c35f8b9db32af10ef2eb602ad927b5c6d4e67eac2556d0
VLM_F00535,False,7ca8ba78e40b4d048b1b50b73b5f4a3d,AESTHETIC,B29,85,B29_85,False,eef4773437635e97da02651fabcc2d6902cedbf19fe0940d1d7b156cdc0324a6
VLM_F00446,False,1311c946cd7f4b838957ba7f6b81a87d,CONTROL,A09,85,A09_85,False,0be01bb7076f8ccfb1f49491df59a8c98c9f16b6da2ddfb48e9ab93a18374871
VLM_F00474,False,cde336257fc54050926f1766c92413a1,BASE,A09,85,A09_85,False,5ddf1b0495b0060628c57c864b4a5342a3d4d57ae621e496c9d500bb743fa511
VLM_F00276,False,81c3cd405be740e49123ac204d6c9ac8,AESTHETIC,A09,85,A09_85,False,19f73d7767582c57ffefaa9e81d37f762b2761ebfcce4dde702fd16faa751c90
