caption_id,image_code,text,source,model,created_at,is_current,reviewed,reviewed_at,reviewed_by
136,ARCH_0003,Scuola,Manual,,2026-09-27T13:48:18.535Z,False,False,,
140,ARCH_0003,"fotografia esterna di una scuola,",Manual,,2026-09-27T13:55:41.245Z,False,False,,
143,ARCH_0003,"fotografia esterna di una scuola, cemento grigio e bianco,",Manual,,2026-09-27T13:58:06.424Z,False,False,,
144,ARCH_0003,"fotografia esterna di una scuola, facciata continua cemento grigio e bianco e vetro,",Manual,,2026-09-27T14:00:03.206Z,False,False,,
145,ARCH_0003,"fotografia esterna di una scuola, facciata continua cemento grigio e bianco e vetro, luce giornaliera, vista a tre quarti all'altezza degli occhi",Manual,,2026-09-27T14:00:31.331Z,False,False,,
146,ARCH_0003,"fotografia esterna di una scuola, facciata continua cemento grigio e bianco e vetro, aiuole ampie con prato davanti ingresso, luce giornaliera, vista a tre quarti all'altezza degli occhi",Manual,,2026-09-27T14:01:35.615Z,False,False,,
150,ARCH_0003,"fotografia esterna di una scuola, facciata continua cemento grigio e bianco e vetro, aiuole ampie con prato davanti ingresso, luce diurna, vista a tre quarti all'altezza degli occhi",Manual,,2026-09-27T14:07:04.303Z,False,True,2026-09-27T14:16:12.947Z,staff
336,ARCH_0003,"exterior photograph of a school, grey and white concrete and glass curtain wall facade, wide flower beds with lawn in front of the entrance, daylight, three-quarter view at eye level",Imported,,2026-09-27T19:18:12.790Z,False,True,2026-09-27T19:18:33.809Z,staff
538,ARCH_0003,"exterior photograph of a school building, grey rendered block with vertical lettering, long glass curtain wall wing and white wings with balconies, green lawn with tall grass in front, blue sky with white clouds, daylight, three-quarter view at eye level",Imported,,2026-09-28T01:28:24.001Z,True,True,2026-09-28T01:28:46.447Z,staff
429,ARCH_0012,"exterior photograph of a single-family villa, long low white volume with horizontal ribbon windows and flat roof, set on a sloping lawn among autumn trees, daylight, perspective view from below",Imported,,2026-09-27T20:41:10.103Z,False,False,,
518,ARCH_0012,"exterior photograph of a single-family villa, long low white volume with horizontal ribbon windows and flat roof, set on a sloping lawn among trees, daylight, perspective view from below",Manual,,2026-09-27T20:43:44.037Z,False,True,2026-09-27T20:45:55.124Z,staff
627,ARCH_0012,"exterior photograph of a single-family villa, long low white volume with horizontal ribbon windows and flat roof, set on a sloping lawn among autumn trees, daylight, perspective view from below",Imported,,2026-09-28T01:28:26.363Z,True,True,2026-09-28T01:29:17.112Z,staff
141,ARCH_0014,"fotografia esterna di un padiglione espositivo,",Manual,,2026-09-27T13:56:13.055Z,False,False,,
142,ARCH_0014,"fotografia esterna di un padiglione espositivo, cemento e travertino",Manual,,2026-09-27T13:56:30.030Z,False,False,,
148,ARCH_0014,"fotografia esterna di un padiglione espositivo, cemento travertino marmo e vetro,",Manual,,2026-09-27T14:06:39.312Z,False,False,,
149,ARCH_0014,"fotografia esterna di un padiglione espositivo, cemento travertino marmo e vetro, luce diurna, vista a tre quarti all'altezza degli occhi",Manual,,2026-09-27T14:06:58.635Z,False,True,2026-09-27T14:16:25.538Z,staff
337,ARCH_0014,"exterior photograph of an exhibition pavilion, concrete, travertine, marble and glass, daylight, three-quarter view at eye level",Imported,,2026-09-27T19:18:13.205Z,False,True,2026-09-27T19:18:33.830Z,staff
539,ARCH_0014,"exterior photograph of an exhibition pavilion, thin flat roof slab over travertine walls, polished stone and glass panels, shallow reflecting pool with travertine paving, dark green trees behind, evening sky, three-quarter view at eye level",Imported,,2026-09-28T01:28:24.046Z,True,True,2026-09-28T01:28:46.458Z,staff
135,ARCH_0018,Ponte in cemento vista frontale,Manual,,2026-09-27T13:48:08.349Z,False,False,,
138,ARCH_0018,Ponte cemento natura prospetto,Manual,,2026-09-27T13:48:58.345Z,False,False,,
147,ARCH_0018,"Ponte stradale, cemento natura prospetto",Manual,,2026-09-27T14:02:13.851Z,False,False,,
151,ARCH_0018,"Ponte stradale, cemento, vallata naturale, luce diurna, prospetto",Manual,,2026-09-27T14:07:39.654Z,False,False,,
152,ARCH_0018,"fotografia ponte stradale, cemento, vallata naturale, luce diurna, prospetto",Manual,,2026-09-27T14:07:57.110Z,False,True,2026-09-27T14:16:34.630Z,staff
338,ARCH_0018,"exterior photograph of a road bridge, concrete, natural valley, daylight, side elevation view",Imported,,2026-09-27T19:18:13.256Z,False,True,2026-09-27T19:18:33.837Z,staff
540,ARCH_0018,"exterior photograph of a road bridge, slender white concrete arch spanning a deep gorge, dense dark green pine forest and rock face all around, daylight, side view from a distance",Imported,,2026-09-28T01:28:24.071Z,True,True,2026-09-28T01:28:46.466Z,staff
430,ARCH_0020,"exterior black and white photograph of a factory, long multi-storey white concrete and glass curtain wall volumes with a curved glazed corner tower and rooftop lettering, trees in front, overcast daylight, perspective view at eye level",Imported,,2026-09-27T20:41:10.134Z,False,False,,
519,ARCH_0020,"exterior photograph of a factory, long multi-storey white concrete and glass curtain wall volumes with a curved glazed corner tower and rooftop lettering, trees in front, overcast daylight, perspective view at eye level",Manual,,2026-09-27T20:44:13.184Z,False,True,2026-09-27T20:45:56.012Z,staff
628,ARCH_0020,"exterior black and white photograph of a factory, long multi-storey white concrete and glass curtain wall volumes with a curved glazed corner tower and rooftop lettering, trees in front, overcast sky, daylight, perspective view at eye level",Imported,,2026-09-28T01:28:26.386Z,True,True,2026-09-28T01:29:17.121Z,staff
431,ARCH_0027,"exterior photograph of a public building, white rectangular block with a regular grid of open frames and recessed glazing, fence in the foreground and wooded hill behind, daylight, front view at eye level",Imported,,2026-09-27T20:41:10.166Z,False,False,,
520,ARCH_0027,"exterior photograph of a building, white rectangular block with a regular grid of open frames and recessed glazing, fence in the foreground and wooded hill behind, daylight, front view at eye level",Manual,,2026-09-27T20:44:46.761Z,False,True,2026-09-27T20:45:56.771Z,staff
629,ARCH_0027,"exterior photograph of a public building, white rectangular block with a regular grid of open frames and recessed glazing, fence in the foreground and wooded hill behind, daylight, front view at eye level",Imported,,2026-09-28T01:28:26.408Z,True,True,2026-09-28T01:29:17.130Z,staff
432,ARCH_0029,"photograph of a football stadium, curved open stands of grey seats around a green pitch, tall slender concrete tower with a flagpole, floodlight masts and distant hills, clear daylight, wide panoramic view from the stands",Imported,,2026-09-27T20:41:10.200Z,False,True,2026-09-27T20:45:58.702Z,staff
630,ARCH_0029,"photograph of a football stadium, curved open stands of grey seats around a green pitch, tall slender concrete tower with a flagpole, floodlight masts and distant hills, clear blue sky, daylight, wide panoramic view from the stands",Imported,,2026-09-28T01:28:26.431Z,True,True,2026-09-28T01:29:17.138Z,staff
137,ARCH_0038,Villa edificata su una cascata in cemento,Manual,,2026-09-27T13:48:39.785Z,False,False,,
139,ARCH_0038,Villa cascata cemento,Manual,,2026-09-27T13:49:09.298Z,False,False,,
153,ARCH_0038,"fotografia esterna villa, cemento, costruita su una cascata, bosco, luce diurna,",Manual,,2026-09-27T14:08:30.314Z,False,False,,
154,ARCH_0038,"fotografia esterna villa, cemento, costruita su una cascata, bosco, luce diurna, vista a tre quarti all'altezza degli occhi",Manual,,2026-09-27T14:08:34.543Z,False,True,2026-09-27T14:16:35.513Z,staff
339,ARCH_0038,"exterior photograph of a villa, concrete, built over a waterfall, woodland, daylight, three-quarter view at eye level",Imported,,2026-09-27T19:18:13.312Z,False,True,2026-09-27T19:18:33.846Z,staff
541,ARCH_0038,"exterior photograph of a house, cream concrete cantilevered terraces and a stone chimney tower, built over a waterfall, surrounded by bright green trees and lush vegetation, daylight, three-quarter view from below",Imported,,2026-09-28T01:28:24.093Z,True,True,2026-09-28T01:28:46.474Z,staff
155,ARCH_0040,"fotografia grattacielo, cemento e vetro, centro città, luce diurna,",Manual,,2026-09-27T14:09:28.013Z,False,False,,
156,ARCH_0040,"fotografia grattacielo, cemento e vetro, centro città, luce diurna, vista dal basso",Manual,,2026-09-27T14:09:49.198Z,False,False,,
158,ARCH_0040,"fotografia esterna grattacielo, cemento e vetro, centro città, luce diurna, vista dal basso",Manual,,2026-09-27T14:10:06.743Z,False,True,2026-09-27T14:16:36.001Z,staff
340,ARCH_0040,"exterior photograph of a skyscraper, concrete and glass, city centre, daylight, low-angle view",Imported,,2026-09-27T19:18:13.366Z,False,True,2026-09-27T19:18:33.853Z,staff
542,ARCH_0040,"exterior photograph of a skyscraper, tall stepped stone tower with a spire, between brick and dark city buildings with a street lamp, blue sky with white clouds, daylight, low-angle view",Imported,,2026-09-28T01:28:24.119Z,True,True,2026-09-28T01:28:46.481Z,staff
433,ARCH_0041,"exterior photograph of a single-family house, white horizontal volumes with bands of blue-framed windows and balconies, emerging from dense trees on a hillside, clear daylight, elevated view",Imported,,2026-09-27T20:41:10.353Z,False,True,2026-09-27T20:46:00.710Z,staff
631,ARCH_0041,"exterior photograph of a single-family house, white horizontal volumes with bands of blue-framed windows and balconies, emerging from dense trees on a hillside, clear blue sky, daylight, elevated view",Imported,,2026-09-28T01:28:26.451Z,True,True,2026-09-28T01:29:17.146Z,staff
434,ARCH_0046,"exterior photograph of a church, sequence of parabolic concrete vaults, the largest covered with a blue and white painted tile mural, glazed end walls, paved forecourt, cloudy daylight, side perspective view at eye level",Imported,,2026-09-27T20:41:10.397Z,False,True,2026-09-27T20:46:45.034Z,staff
632,ARCH_0046,"exterior photograph of a church, sequence of parabolic concrete vaults, the largest covered with a blue and white painted tile mural, glazed end walls, paved forecourt, cloudy sky, daylight, side perspective view at eye level",Imported,,2026-09-28T01:28:26.471Z,True,True,2026-09-28T01:29:17.154Z,staff
435,ARCH_0048,"exterior photograph of a hotel tower, dark brown brick facade with stepped setbacks and a rounded base, rows of small windows, shop signs at street level and overhead cables, hazy daylight, low-angle view",Imported,,2026-09-27T20:41:10.430Z,False,False,,
521,ARCH_0048,"exterior photograph of a hotel tower, dark brown brick facade and a rounded base, rows of small windows, shop signs at street level and overhead cables, hazy daylight, low-angle view",Manual,,2026-09-27T20:47:27.918Z,False,True,2026-09-27T20:47:37.890Z,staff
633,ARCH_0048,"exterior photograph of a hotel tower, dark brown brick facade with stepped setbacks and a rounded base, rows of small windows, shop signs at street level and overhead cables, hazy sky, daylight, low-angle view",Imported,,2026-09-28T01:28:26.493Z,True,True,2026-09-28T01:29:17.163Z,staff
436,ARCH_0052,"exterior photograph of a bridge, large steel arch with a deck suspended below and stone pylons at both ends, wide harbour water in the foreground and city towers behind, daylight with scattered clouds, side panoramic view from the water",Imported,,2026-09-27T20:41:10.456Z,False,True,2026-09-27T20:47:57.845Z,staff
634,ARCH_0052,"exterior photograph of a bridge, large steel arch with a deck suspended below and stone pylons at both ends, wide harbour water in the foreground and city towers behind, blue sky with white clouds, daylight, side panoramic view from the water",Imported,,2026-09-28T01:28:26.516Z,True,True,2026-09-28T01:29:17.173Z,staff
157,ARCH_0056,fotografia esterna,Manual,,2026-09-27T14:10:04.266Z,False,False,,
159,ARCH_0056,"fotografia esterna casa unifamiliare, cemento acciaio e vetro, prateria, luce diurna, vista frontale",Manual,,2026-09-27T14:10:39.282Z,False,True,2026-09-27T14:16:36.536Z,staff
341,ARCH_0056,"exterior photograph of a single-family house, concrete, steel and glass, prairie, daylight, front view",Imported,,2026-09-27T19:18:13.424Z,False,True,2026-09-27T19:18:33.861Z,staff
543,ARCH_0056,"exterior photograph of a single-family house, white steel frame with a floating floor and roof slab, glass walls, on pilotis above a green lawn, bare autumn trees behind, overcast sky, daylight, front view",Imported,,2026-09-28T01:28:24.147Z,True,True,2026-09-28T01:28:46.488Z,staff
160,ARCH_0057,"fotografia esterna grattacielo, vetro e cemento,",Manual,,2026-09-27T14:11:17.452Z,False,False,,
161,ARCH_0057,"fotografia esterna grattacielo, facciata continua vetro e cemento,",Manual,,2026-09-27T14:11:36.556Z,False,False,,
162,ARCH_0057,"fotografia esterna grattacielo, facciata continua vetro e cemento, centro città, luce diurna, vista dal basso",Manual,,2026-09-27T14:11:55.385Z,False,False,,
164,ARCH_0057,"fotografia esterna grattacielo minimalista, facciata continua vetro e cemento, centro città, luce diurna, vista dal basso",Manual,,2026-09-27T14:12:19.573Z,False,True,2026-09-27T14:16:37.895Z,staff
342,ARCH_0057,"exterior photograph of a minimalist skyscraper, glass and concrete curtain wall facade, city centre, daylight, low-angle view",Imported,,2026-09-27T19:18:13.469Z,False,True,2026-09-27T19:18:33.868Z,staff
544,ARCH_0057,"exterior photograph of an office skyscraper, dark bronze glass and metal curtain wall tower between lighter office blocks, plaza with small trees and a wide avenue, overcast sky, daylight, front view at eye level",Imported,,2026-09-28T01:28:24.172Z,True,True,2026-09-28T01:28:46.494Z,staff
437,ARCH_0060,"exterior photograph of a single-family house, transparent glass box with thin black steel frame and flat roof, on a lawn with a gravel path among autumn trees, daylight, perspective view at eye level",Imported,,2026-09-27T20:41:10.486Z,True,True,2026-09-27T20:48:19.387Z,staff
438,ARCH_0061,"exterior photograph of a single-family house, black steel frame with large glass panels and coloured infill panels, surrounded by tall eucalyptus trees and a garden with timber retaining wall, daylight, perspective view at eye level",Imported,,2026-09-27T20:41:10.509Z,False,False,,
522,ARCH_0061,"exterior photograph of a single-family house, black steel frame with large glass panels and infill panels, surrounded by tall eucalyptus trees and a garden with timber retaining wall, daylight, perspective view at eye level",Manual,,2026-09-27T20:48:57.905Z,False,True,2026-09-27T20:49:06.299Z,staff
635,ARCH_0061,"exterior photograph of a single-family house, black steel frame with large glass panels and coloured infill panels, surrounded by tall eucalyptus trees and a garden with timber retaining wall, daylight, perspective view at eye level",Imported,,2026-09-28T01:28:26.544Z,True,True,2026-09-28T01:29:17.181Z,staff
163,ARCH_0062,"fotografia esterna museo moderno,",Manual,,2026-09-27T14:12:11.762Z,False,False,,
165,ARCH_0062,"fotografia esterna museo moderno, facciata continua intonaco bianco e vetro, campus aperto, luce naturale, vista a tre quarti all'altezza degli occhi",Manual,,2026-09-27T14:13:01.824Z,False,True,2026-09-27T14:16:39.016Z,staff
343,ARCH_0062,"exterior photograph of a modern museum, white render and glass continuous facade, open campus, natural light, three-quarter view at eye level",Imported,,2026-09-27T19:18:13.527Z,False,True,2026-09-27T19:18:33.876Z,staff
427,ARCH_0062,"exterior photograph of a museum with a white spiral volume in render, urban street corner, daylight, street-level view",Manual,,2026-09-27T20:32:00.349Z,False,False,,
533,ARCH_0062,"Exterior photograph of a modernist museum, smooth white concrete cylindrical volume with continuous spiraling horizontal bands, dense urban context with apartment buildings, bright daylight, low-angle perspective view.",Manual,,2026-09-27T21:23:47.947Z,False,True,2026-09-27T21:23:48.014Z,staff
545,ARCH_0062,"exterior photograph of a museum, white concrete spiral volume with horizontal bands widening upwards, street corner with cars and apartment towers, blue sky, daylight, low-angle three-quarter view",Imported,,2026-09-28T01:28:24.201Z,True,True,2026-09-28T01:28:46.501Z,staff
166,ARCH_0063,"Fotografia esterna terminal aeroportuale, struttura in cemento armato e vetro, copertura scultorea a guscio con forme curve, centro città, luce diurna, vista prospettica ad altezza d’occhio.",Manual,,2026-09-27T14:14:33.074Z,False,False,,
168,ARCH_0063,"Fotografia esterna terminal aeroportuale, struttura in cemento armato e vetro, copertura scultorea a guscio con forme curve, centro città, luce diurna, vista prospettica ad altezza d’occhio",Manual,,2026-09-27T14:16:12.861Z,False,True,2026-09-27T14:16:39.791Z,staff
344,ARCH_0063,"exterior photograph of an airport terminal, reinforced concrete and glass structure, sculptural shell roof with curved forms, city centre, daylight, perspective view at eye level",Imported,,2026-09-27T19:18:13.578Z,False,True,2026-09-27T19:18:33.883Z,staff
546,ARCH_0063,"exterior photograph of an airport terminal, concrete shell roof shaped like wings with long sloping glass walls, empty road with parked cars and a grass verge, deep blue sky, daylight, perspective view at eye level",Imported,,2026-09-28T01:28:24.231Z,True,True,2026-09-28T01:28:46.508Z,staff
167,ARCH_0072,"Fotografia esterna di un complesso governativo, marmo bianco cemento e vetro, composizione monumentale con torri e cupole, grande spazio aperto, luce diurna, vista frontale ad altezza d’occhio",Manual,,2026-09-27T14:16:08.140Z,False,True,2026-09-27T14:16:40.702Z,staff
345,ARCH_0072,"exterior photograph of a government complex, white marble, concrete and glass, large composition with towers and domes, wide open space, daylight, front view at eye level",Imported,,2026-09-27T19:18:13.631Z,False,True,2026-09-27T19:18:33.890Z,staff
547,ARCH_0072,"exterior photograph of a government complex, twin concrete towers linked by a bridge, a white dome and an upturned white bowl on a long low base, flat green lawn in front, dark stormy sky with rain, daylight, front view from a distance",Imported,,2026-09-28T01:28:24.258Z,True,True,2026-09-28T01:28:46.516Z,staff
169,ARCH_0075,Fotografia di,Manual,,2026-09-27T14:17:05.949Z,False,False,,
170,ARCH_0075,"Fotografia esterna di una villa unifamiliare, volume vetrato su piloties",Manual,,2026-09-27T14:17:37.143Z,False,False,,
171,ARCH_0075,"Fotografia esterna di una villa unifamiliare, volume vetrato su pilotis, area verde, luce diurna,",Manual,,2026-09-27T14:18:14.646Z,False,False,,
172,ARCH_0075,"Fotografia esterna di una villa unifamiliare, volume vetrato su pilotis, area verde, luce diurna, vista dal basso",Manual,,2026-09-27T14:18:18.735Z,False,True,2026-09-27T14:21:17.191Z,staff
346,ARCH_0075,"exterior photograph of a single-family villa, glazed volume on pilotis, green area, daylight, low-angle view",Imported,,2026-09-27T19:18:13.684Z,False,True,2026-09-27T19:18:33.897Z,staff
548,ARCH_0075,"exterior photograph of a house, glass box with thin metal frame raised on slender columns, stone path through dense tropical garden with palms and large leaves, overcast sky, daylight, low-angle view",Imported,,2026-09-28T01:28:24.306Z,True,True,2026-09-28T01:28:46.523Z,staff
439,ARCH_0078,"exterior photograph of a library, tall windowless block entirely covered with a colourful stone mosaic mural, glazed base, large lawn with trees in front, daylight with white clouds, front view at eye level",Imported,,2026-09-27T20:41:10.537Z,False,True,2026-09-27T20:49:43.483Z,staff
636,ARCH_0078,"exterior photograph of a library, tall windowless block entirely covered with a colourful stone mosaic mural, glazed base, large lawn with trees in front, blue sky with white clouds, daylight, front view at eye level",Imported,,2026-09-28T01:28:26.565Z,True,True,2026-09-28T01:29:17.189Z,staff
173,ARCH_0080,"Fotografia esterna di un ristorante,",Manual,,2026-09-27T14:19:01.012Z,False,False,,
174,ARCH_0080,"Fotografia esterna di un edificio moderno,",Manual,,2026-09-27T14:19:12.474Z,False,False,,
175,ARCH_0080,"Fotografia esterna di un edificio moderno, struttura in cemento armato con coperture sottili a guscio dalla forma ondulata, entrate vetrate,",Manual,,2026-09-27T14:19:29.662Z,False,False,,
176,ARCH_0080,"Fotografia esterna di un edificio moderno, struttura in cemento armato con coperture sottili a guscio dalla forma ondulata, entrate vetrate, spazio aperto pavimentato, luce diurna,",Manual,,2026-09-27T14:19:45.975Z,False,False,,
177,ARCH_0080,"Fotografia esterna di un edificio moderno, struttura in cemento armato con coperture sottili a guscio dalla forma ondulata, entrate vetrate, spazio aperto pavimentato, luce diurna, vista frontale ad altezza d’occhio",Manual,,2026-09-27T14:19:53.051Z,False,True,2026-09-27T14:21:17.877Z,staff
347,ARCH_0080,"exterior photograph of a modern building, reinforced concrete structure with thin undulating shell roofs, glazed entrances, open paved space, daylight, front view at eye level",Imported,,2026-09-27T19:18:13.753Z,False,True,2026-09-27T19:18:33.903Z,staff
549,ARCH_0080,"exterior photograph of a restaurant, white concrete hyperbolic shells with pointed curved edges and glazed arches, mosaic mural wall, large paved forecourt, trees behind, overcast sky, daylight, front view at eye level",Imported,,2026-09-28T01:28:24.337Z,True,True,2026-09-28T01:28:46.530Z,staff
440,ARCH_0081,"exterior photograph of a skyscraper, slender glass and steel tower with stepped setbacks and a tall antenna spire, busy pedestrian street with trees and older stone buildings, daylight, perspective view at eye level",Imported,,2026-09-27T20:41:10.566Z,True,True,2026-09-27T20:50:13.305Z,staff
441,ARCH_0083,"exterior photograph of a bank building, raw concrete facade with deep vertical fins and rounded window openings, glass curtain wall sections between, daylight, close low-angle view without surrounding context",Imported,,2026-09-27T20:41:10.585Z,True,True,2026-09-27T20:50:35.311Z,staff
442,ARCH_0085,"exterior photograph of a museum, long raised concrete volume with dense vertical louvres on pilotis, fountain and landscaped garden with clipped hedges and flower beds in front, clear daylight, perspective view at eye level",Imported,,2026-09-27T20:41:10.606Z,False,True,2026-09-27T20:50:57.271Z,staff
637,ARCH_0085,"exterior photograph of a museum, long raised concrete volume with dense vertical louvres on pilotis, fountain and landscaped garden with clipped hedges and flower beds in front, clear blue sky, daylight, perspective view at eye level",Imported,,2026-09-28T01:28:26.608Z,True,True,2026-09-28T01:29:17.198Z,staff
178,ARCH_0088,"Fotografia esterna di una chiesa contemporanea, grandi superfici bianche inclinate e rivestite, volume centrale vetrato e campanile slanciato in cemento, contesto urbano aperto con alberature, piena luce diurna, vista frontale leggermente prospettica ad altezza d’occhio",Manual,,2026-09-27T14:20:17.645Z,False,False,,
179,ARCH_0088,"Fotografia esterna di una chiesa contemporanea, pareti bianche inclinate, volume centrale vetrato e campanile stretto in cemento, contesto urbano, luce diurna, vista frontale ad altezza d’occhio",Manual,,2026-09-27T14:21:17.151Z,False,True,2026-09-27T14:21:18.672Z,staff
348,ARCH_0088,"exterior photograph of a contemporary church, sloping white walls, central glazed volume and narrow concrete bell tower, urban setting, daylight, front view at eye level",Imported,,2026-09-27T19:18:13.823Z,False,True,2026-09-27T19:18:33.911Z,staff
550,ARCH_0088,"exterior photograph of a cathedral, tall sloping walls clad in silver metal forming a cross shape, slender concrete bell tower, dark green conifers, deep blue sky, daylight, perspective view at eye level",Imported,,2026-09-28T01:28:24.367Z,True,True,2026-09-28T01:28:46.537Z,staff
180,ARCH_0089,"Fotografia esterna museo d'arte, parallelepipedo sospeso su pilotis con rivestimento ceramico e finestre a nastro",Manual,,2026-09-27T14:22:01.146Z,False,False,,
181,ARCH_0089,"Fotografia esterna museo d'arte, parallelepipedo sospeso su pilotis con rivestimento ceramico e finestre a nastro, posizionata tra lago e prato, luce diurna, vista frontale prospettica ad altezza occhi",Manual,,2026-09-27T14:22:39.564Z,False,True,2026-09-27T14:24:08.809Z,staff
349,ARCH_0089,"exterior photograph of an art museum, box-shaped volume raised on pilotis with ceramic cladding and ribbon windows, set between a lake and a lawn, daylight, front perspective view at eye level",Imported,,2026-09-27T19:18:13.903Z,False,True,2026-09-27T19:18:33.918Z,staff
551,ARCH_0089,"exterior photograph of a museum, white panelled box raised on thin columns with ribbon windows, reflected in a still pond with small islands and trees, green hills behind, blue sky with clouds, daylight, front view at eye level",Imported,,2026-09-28T01:28:24.390Z,True,True,2026-09-28T01:28:46.544Z,staff
182,ARCH_0097,"Fotografia esterna villa unifamiliare,",Manual,,2026-09-27T14:23:09.862Z,False,False,,
183,ARCH_0097,"Fotografia esterna villa unifamiliare, struttura leggera in acciaio e rivestimento bianco con ampie superfici vetrate, volume rettangolare sollevato dal terreno, contesto boschivo, piena luce diurna, vista frontale ad altezza d’occhio.",Manual,,2026-09-27T14:24:08.787Z,False,False,,
184,ARCH_0097,"Fotografia esterna villa unifamiliare, struttura leggera in acciaio e rivestimento bianco con ampie superfici vetrate, volume rettangolare sollevato dal terreno, contesto boschivo, luce diurna, vista frontale ad altezza d’occhio",Manual,,2026-09-27T14:24:22.673Z,False,True,2026-09-27T14:24:22.912Z,staff
185,ARCH_0097,"Fotografia esterna villa unifamiliare, struttura leggera in acciaio e rivestimento bianco con ampie superfici vetrate, volume rettangolare sollevato dal terreno, contesto boschivo, luce diurna, vista frontale ad altezza d’occhio",Manual,,2026-09-27T14:24:22.686Z,False,True,2026-09-27T18:58:19.078Z,staff
350,ARCH_0097,"exterior photograph of a single-family villa, light steel structure and white cladding with large glazed surfaces, rectangular volume raised above the ground, woodland setting, daylight, front view at eye level",Imported,,2026-09-27T19:18:13.968Z,False,True,2026-09-27T19:18:33.925Z,staff
552,ARCH_0097,"exterior photograph of a single-family house, white box raised on thin steel columns with large framed windows and curtains, stone wall and carport below, tall eucalyptus trees, daylight, front view at eye level",Imported,,2026-09-28T01:28:24.411Z,True,True,2026-09-28T01:28:46.551Z,staff
443,ARCH_0100,"exterior photograph of an office skyscraper, slender tapered glass and aluminium tower with a thin roof slab, city street with parked cars and a historic brick building, daylight with clouds, perspective view at eye level",Imported,,2026-09-27T20:41:10.624Z,False,True,2026-09-27T20:51:15.219Z,staff
638,ARCH_0100,"exterior photograph of an office skyscraper, slender tapered glass and aluminium tower with a thin roof slab, city street with parked cars and a historic brick building, blue sky with white clouds, daylight, perspective view at eye level",Imported,,2026-09-28T01:28:26.636Z,True,True,2026-09-28T01:29:17.206Z,staff
186,ARCH_0104,"Fotografia esterna di castello medievale,",Manual,,2026-09-27T14:30:25.554Z,False,False,,
187,ARCH_0104,"Fotografia esterna di castello medievale, muratura in mattoni e pietra con torre merlata, edificio storico adiacente con copertura in coppi, contesto urbano, luce diurna, vista prospettica ad altezza d’occhio",Manual,,2026-09-27T14:30:58.554Z,False,True,2026-09-27T14:30:58.677Z,staff
188,ARCH_0104,"Fotografia esterna di castello medievale, muratura in mattoni e pietra con torre merlata, edificio storico adiacente con copertura in coppi, contesto urbano, luce diurna, vista prospettica ad altezza d’occhio",Manual,,2026-09-27T14:30:58.580Z,False,True,2026-09-27T18:58:20.781Z,staff
351,ARCH_0104,"exterior photograph of a medieval castle, brick and stone masonry with crenellated tower, adjacent historic building with clay tile roof, urban setting, daylight, perspective view at eye level",Imported,,2026-09-27T19:18:14.027Z,False,True,2026-09-27T19:18:33.932Z,staff
553,ARCH_0104,"exterior photograph of a castle museum, brick crenellated wall and tall brick tower, rendered building with gothic windows and a tiled roof, small green shrub, pale blue sky, daylight, perspective view from above the wall",Imported,,2026-09-28T01:28:24.432Z,True,True,2026-09-28T01:28:46.558Z,staff
444,ARCH_0109,"exterior photograph of a university building, red brick and glass tower with angled cantilevered base, sawtooth glazed roofs in the foreground, daylight, low-angle view",Imported,,2026-09-27T20:41:10.644Z,False,False,,
523,ARCH_0109,"Exterior photograph of a modernist tower, vertical structure clad in red ceramic panels with extensive glazed surfaces and projecting volumes, base characterized by modular sawtooth roofs, open urban context, bright daylight, low-angle perspective view.",Manual,,2026-09-27T20:53:49.816Z,False,True,2026-09-27T20:54:38.749Z,staff
639,ARCH_0109,"exterior photograph of a university building, red brick and glass tower with angled cantilevered base, sawtooth glazed roofs in the foreground, daylight, low-angle view",Imported,,2026-09-28T01:28:26.662Z,True,True,2026-09-28T01:29:17.214Z,staff
445,ARCH_0113,"exterior photograph of a residential tower, raw concrete cylindrical shafts with rounded cantilevered balconies stacked in layers, clear blue sky, daylight, close low-angle view",Imported,,2026-09-27T20:41:10.670Z,True,True,2026-09-27T20:52:18.751Z,staff
446,ARCH_0116,"exterior photograph of a museum, white stone cladding with a zigzag roofline of crystalline volumes and skylights, glazed ground floor band and entrance canopy with stairs, paved forecourt and lawn, daylight, front view at eye level",Imported,,2026-09-27T20:41:10.695Z,True,True,2026-09-27T20:52:37.710Z,staff
447,ARCH_0117,"exterior photograph of a television tower, very tall slender concrete shaft with antenna, seen above a mixed city skyline with apartment blocks, chimneys and railway yards, daylight with large clouds, panoramic view from a long distance",Imported,,2026-09-27T20:41:10.720Z,False,True,2026-09-27T20:52:55.568Z,staff
640,ARCH_0117,"exterior photograph of a television tower, very tall slender concrete shaft with antenna, seen above a mixed city skyline with apartment blocks, chimneys and railway yards, blue sky with white clouds, daylight, panoramic view from a long distance",Imported,,2026-09-28T01:28:26.697Z,True,True,2026-09-28T01:29:17.224Z,staff
189,ARCH_0118,"Fotografia esterna di un teatro contemporaneo, struttura con gusci a vela in cemento armato e vetro, contesto portuale, luce diurna, vista panoramica leggermente sopraelevata",Manual,,2026-09-27T14:34:19.882Z,False,True,2026-09-27T14:34:20.223Z,staff
190,ARCH_0118,"Fotografia esterna di un teatro contemporaneo, struttura con gusci a vela in cemento armato e vetro, contesto portuale, luce diurna, vista panoramica leggermente sopraelevata",Manual,,2026-09-27T14:34:19.891Z,False,True,2026-09-27T18:58:21.765Z,staff
352,ARCH_0118,"exterior photograph of a contemporary theatre, reinforced concrete sail-shaped shells and glass, harbour setting, daylight, slightly elevated panoramic view",Imported,,2026-09-27T19:18:14.081Z,False,True,2026-09-27T19:18:33.942Z,staff
554,ARCH_0118,"exterior photograph of an opera house, white sail-shaped concrete shells on a stone podium, harbour water with a promenade, city skyline and green park behind, overcast sky, daylight, elevated panoramic view",Imported,,2026-09-28T01:28:24.454Z,True,True,2026-09-28T01:28:46.565Z,staff
448,ARCH_0121,"exterior photograph of a parliament building, massive raw concrete cylinders and blocks with large triangular and circular openings and marble inlay lines, reflecting pool and brick paving in front, daylight, perspective view at eye level",Imported,,2026-09-27T20:41:10.742Z,False,False,,
524,ARCH_0121,"Exterior photograph of a monumental modernist civic building, exposed concrete façade with cylindrical volumes and large triangular recessed openings, reflecting pool in the foreground, bright daylight, frontal eye-level view.",Manual,,2026-09-27T20:54:36.261Z,False,True,2026-09-27T20:54:36.468Z,staff
641,ARCH_0121,"exterior photograph of a parliament building, massive raw concrete cylinders and blocks with large triangular and circular openings and marble inlay lines, reflecting pool and brick paving in front, daylight, perspective view at eye level",Imported,,2026-09-28T01:28:26.718Z,True,True,2026-09-28T01:29:17.233Z,staff
449,ARCH_0125,"exterior photograph of a warehouse, long flat roof suspended from yellow steel masts and tension rods, car park and lawns alongside, flat open landscape, daylight, aerial view from above",Imported,,2026-09-27T20:41:10.764Z,True,True,2026-09-27T20:54:27.548Z,staff
450,ARCH_0129,"exterior photograph of a housing complex, long raw concrete terraces with balconies and planters, row of barrel-vaulted glass roofs, residential towers behind, paved courtyard with a planter, daylight, perspective view at eye level",Imported,,2026-09-27T20:41:10.790Z,True,True,2026-09-27T20:54:58.848Z,staff
451,ARCH_0135,"exterior photograph of a church, irregular stacked composition of large concrete blocks with tall narrow glazed gaps, on a grassy hilltop with trees, daylight with clouds, perspective view at eye level",Imported,,2026-09-27T20:41:10.814Z,False,True,2026-09-27T20:55:22.561Z,staff
642,ARCH_0135,"exterior photograph of a church, irregular stacked composition of large concrete blocks with tall narrow glazed gaps, on a grassy hilltop with trees, blue sky with white clouds, daylight, perspective view at eye level",Imported,,2026-09-28T01:28:26.753Z,True,True,2026-09-28T01:29:17.242Z,staff
452,ARCH_0137,"exterior photograph of a tower building, curved facade with metal panels and ribbon windows under a wide circular cantilevered roof, access ramp with railings, covered in frost and snow, clear daylight, close perspective view at eye level",Imported,,2026-09-27T20:41:10.832Z,False,True,2026-09-27T20:55:45.768Z,staff
643,ARCH_0137,"exterior photograph of a tower building, curved facade with metal panels and ribbon windows under a wide circular cantilevered roof, access ramp with railings, covered in frost and snow, clear blue sky, daylight, close perspective view at eye level",Imported,,2026-09-28T01:28:26.775Z,True,True,2026-09-28T01:29:17.249Z,staff
453,ARCH_0140,"exterior photograph of a housing complex, curved block of prefabricated concrete with giant fluted columns of glass and a classical portico opening, stepped lawn terraces in front, daylight with clouds, wide-angle front view from below",Imported,,2026-09-27T20:41:10.856Z,False,True,2026-09-27T20:56:01.346Z,staff
644,ARCH_0140,"exterior photograph of a housing complex, curved block of prefabricated concrete with giant fluted columns of glass and a classical portico opening, stepped lawn terraces in front, blue sky with white clouds, daylight, wide-angle front view from below",Imported,,2026-09-28T01:28:26.800Z,True,True,2026-09-28T01:29:17.258Z,staff
191,ARCH_0141,"Fotografia esterna di un museo storico con una struttura piramidale centrale,",Manual,,2026-09-27T14:35:07.620Z,False,False,,
192,ARCH_0141,"Fotografia esterna di un museo storico con una struttura piramidale centrale, parco urbano curato, luce diurna, vista frontale",Manual,,2026-09-27T14:35:30.343Z,False,False,,
194,ARCH_0141,"Fotografia esterna di un museo storico con una struttura piramidale centrale in acciaio e vetro, parco urbano curato, luce diurna, vista frontale",Manual,,2026-09-27T14:36:34.794Z,False,True,2026-09-27T14:37:47.712Z,staff
353,ARCH_0141,"exterior photograph of a historic museum with a central steel and glass pyramid, landscaped urban park, daylight, front view",Imported,,2026-09-27T19:18:14.143Z,False,True,2026-09-27T19:18:33.954Z,staff
555,ARCH_0141,"exterior photograph of a museum, glass and steel pyramid in a courtyard of an ornate historic stone palace, crowds of visitors, clipped green hedges and lawn in front, pale blue sky, daylight, front view from a distance",Imported,,2026-09-28T01:28:24.474Z,True,True,2026-09-28T01:28:46.571Z,staff
454,ARCH_0142,"exterior photograph of a museum, white rendered sculptural volumes with curved ramps and tilted zinc-clad roof boxes, large lawn in front, daylight with clouds, perspective view at eye level",Imported,,2026-09-27T20:41:10.875Z,False,True,2026-09-27T20:56:18.856Z,staff
645,ARCH_0142,"exterior photograph of a museum, white rendered sculptural volumes with curved ramps and tilted zinc-clad roof boxes, large lawn in front, blue sky with white clouds, daylight, perspective view at eye level",Imported,,2026-09-28T01:28:26.821Z,True,True,2026-09-28T01:29:17.267Z,staff
193,ARCH_0145,Fotografia esterna di una cappella,Manual,,2026-09-27T14:36:03.310Z,False,False,,
195,ARCH_0145,"Fotografia esterna di una cappella, tetto a falde e struttura in legno, contesto boschivo, luce diurna, vista frontale dal basso.",Manual,,2026-09-27T14:37:47.713Z,False,False,,
196,ARCH_0145,"Fotografia esterna di una cappella, struttura reticolare in legno scuro e tetto a falde, contesto boschivo, luce diurna, vista frontale dal basso",Manual,,2026-09-27T14:38:28.514Z,False,True,2026-09-27T14:42:47.140Z,staff
354,ARCH_0145,"exterior photograph of a chapel, dark timber lattice structure and pitched roof, woodland setting, daylight, front low-angle view",Imported,,2026-09-27T19:18:14.209Z,False,True,2026-09-27T19:18:33.961Z,staff
556,ARCH_0145,"exterior photograph of a chapel, tall slender timber lattice structure with a steep gabled roof and glass walls, dappled sunlight through dense green deciduous forest, dirt path in front, daylight, front view from below",Imported,,2026-09-28T01:28:24.495Z,True,True,2026-09-28T01:28:46.579Z,staff
198,ARCH_0147,"Fotografia esterna di una cattedrale moderna, struttura in cemento armato bianco con elementi curvi e nervature verticali, grande piazza con sculture e campanile separato, contesto urbano aperto, luce diurna, vista frontale ad altezza d’occhio",Manual,,2026-09-27T14:42:47.155Z,False,True,2026-09-27T14:42:47.948Z,staff
355,ARCH_0147,"exterior photograph of a modern cathedral, white reinforced concrete structure with curved elements and vertical ribs, large square with sculptures and a separate bell tower, open urban setting, daylight, front view at eye level",Imported,,2026-09-27T19:18:14.275Z,False,True,2026-09-27T19:18:33.969Z,staff
557,ARCH_0147,"exterior photograph of a cathedral, ring of curved white concrete ribs rising to a crown with a cross, bronze statues and visitors on a wide paved plaza with grass strips, separate bell tower, cloudy grey sky, daylight, front view at eye level",Imported,,2026-09-28T01:28:24.517Z,True,True,2026-09-28T01:28:46.593Z,staff
455,ARCH_0153,"exterior photograph of a small house, blank exposed concrete facade with visible formwork tie holes and a single recessed doorway, narrow urban plot between neighbouring houses, daylight, front view at eye level",Imported,,2026-09-27T20:41:10.894Z,True,True,2026-09-27T20:56:38.054Z,staff
199,ARCH_0155,"Fotografia esterna di un tempio contemporaneo, struttura in cemento armato, composizione come petali di fiori, contesto paesaggistico aperto con vasche d’acqua e vegetazione, luce diurna, vista frontale leggermente dal basso",Manual,,2026-09-27T14:49:45.557Z,False,False,,
200,ARCH_0155,"Fotografia esterna di un tempio contemporaneo, struttura in cemento armato, composizione come petali di fiori di loto, contesto paesaggistico aperto con vasche d’acqua e vegetazione, luce diurna, vista frontale leggermente dal basso",Manual,,2026-09-27T14:50:11.488Z,False,True,2026-09-27T14:51:15.050Z,staff
356,ARCH_0155,"exterior photograph of a contemporary temple, reinforced concrete structure, composition like lotus flower petals, open landscape with water pools and vegetation, daylight, front view from slightly below",Imported,,2026-09-27T19:18:14.331Z,False,True,2026-09-27T19:18:33.975Z,staff
558,ARCH_0155,"exterior photograph of a temple, white marble petal-shaped shells arranged like a lotus flower on a raised podium with pools, visitors, green shrubs, hazy grey sky, daylight, front view slightly from below",Imported,,2026-09-28T01:28:24.539Z,True,True,2026-09-28T01:28:46.600Z,staff
201,ARCH_0156,"Fotografia esterna di un edificio istituzionale neoclassico, facciata monumentale con colonnato ionico, frontone triangolare e ampia scalinata, con prato antistante, luce diurna, vista prospettica ad altezza d’occhio",Manual,,2026-09-27T14:51:15.087Z,False,True,2026-09-27T14:51:15.588Z,staff
357,ARCH_0156,"exterior photograph of a neoclassical institutional building, large facade with ionic colonnade, triangular pediment and wide staircase, lawn in front, daylight, perspective view at eye level",Imported,,2026-09-27T19:18:14.396Z,False,True,2026-09-27T19:18:33.981Z,staff
559,ARCH_0156,"exterior photograph of a neoclassical government building, sandstone facade with ionic colonnade, pediment and grand staircase, parked cars, green lawn in front, clear blue sky, daylight, perspective view at eye level",Imported,,2026-09-28T01:28:24.566Z,True,True,2026-09-28T01:28:46.607Z,staff
456,ARCH_0167,"exterior photograph of a concert hall, faceted white concrete polyhedron with large angled glazed openings, city street with trees and lamp posts in the foreground, clear daylight, perspective view at eye level",Imported,,2026-09-27T20:41:10.914Z,False,True,2026-09-27T20:56:58.487Z,staff
525,ARCH_0167,"Exterior photograph of a contemporary cultural building, large angular volumes clad in white and beige panels with recessed glazed openings, urban street setting framed by mature trees, bright daylight, eye-level perspective view.",Manual,,2026-09-27T20:58:27.916Z,False,True,2026-09-27T20:58:38.373Z,staff
646,ARCH_0167,"exterior photograph of a concert hall, faceted white concrete polyhedron with large angled glazed openings, city street with trees and lamp posts in the foreground, clear blue sky, daylight, perspective view at eye level",Imported,,2026-09-28T01:28:26.851Z,True,True,2026-09-28T01:29:17.274Z,staff
202,ARCH_0171,"Fotografia esterna di un teatro, struttura plastica",Manual,,2026-09-27T14:51:46.062Z,False,False,,
203,ARCH_0171,"Fotografia esterna di un teatro, struttura plastica come un foglio accartocciato, rivestimento in metallo satinato,",Manual,,2026-09-27T14:52:02.502Z,False,False,,
204,ARCH_0171,"Fotografia esterna di un teatro, struttura plastica come un foglio accartocciato, rivestimento in metallo satinato, composizione scultorea,",Manual,,2026-09-27T14:52:17.649Z,False,False,,
205,ARCH_0171,"Fotografia esterna di un teatro, struttura plastica come un foglio accartocciato, rivestimento in metallo satinato, composizione scultorea, contesto urbano, luce diurna, vista prospettica ad altezza occhi",Manual,,2026-09-27T14:52:36.606Z,False,True,2026-09-27T14:52:36.731Z,staff
358,ARCH_0171,"exterior photograph of a theatre, sculptural structure like a crumpled sheet, brushed metal cladding, urban setting, daylight, perspective view at eye level",Imported,,2026-09-27T19:18:14.452Z,False,True,2026-09-27T19:18:33.989Z,staff
560,ARCH_0171,"exterior photograph of a concert hall, curved and folded stainless steel panels forming sculptural sails above a stone base, city street intersection with traffic lights, deep blue sky, daylight, perspective view at eye level",Imported,,2026-09-28T01:28:24.592Z,True,True,2026-09-28T01:28:46.614Z,staff
457,ARCH_0172,"exterior photograph of a museum, zigzag volume clad in zinc panels with slashed diagonal window cuts, next to a historic building, cobbled path with a white parapet and garden with small trees, daylight, perspective view at eye level",Imported,,2026-09-27T20:41:10.933Z,True,True,2026-09-27T20:58:15.280Z,staff
206,ARCH_0174,"Fotografia esterna di un edificio con struttura reticolare in acciaio e vetro, parallelepipedo con tetto spiovente, contesto urbano",Manual,,2026-09-27T14:53:35.450Z,False,False,,
207,ARCH_0174,"Fotografia esterna di un edificio con struttura reticolare romboidale in acciaio e vetro, parallelepipedo con tetto spiovente, contesto urbano, luce diurna, vista prospettica dal basso",Manual,,2026-09-27T14:54:06.559Z,False,True,2026-09-27T14:55:04.367Z,staff
359,ARCH_0174,"exterior photograph of a building with a diamond-grid steel and glass structure, box-shaped volume with sloping roof, urban setting, daylight, low-angle perspective view",Imported,,2026-09-27T19:18:14.539Z,False,True,2026-09-27T19:18:34.001Z,staff
561,ARCH_0174,"exterior photograph of a shop building, tall volume wrapped in a diamond-shaped steel grid with bulging glass panels, city street with small trees and pedestrians, clear sky, daylight, low-angle perspective view",Imported,,2026-09-28T01:28:24.617Z,True,True,2026-09-28T01:28:46.621Z,staff
197,ARCH_0176,"Fotografia esterna di uno stadio sportivo,",Manual,,2026-09-27T14:42:15.584Z,False,False,,
208,ARCH_0176,"Fotografia esterna di uno stadio sportivo, struttura reticolare in acciaio e cemento a forma di nido,",Manual,,2026-09-27T14:54:31.712Z,False,False,,
209,ARCH_0176,"Fotografia esterna di uno stadio sportivo, guscio con struttura reticolare in acciaio e cemento a forma di nido, contesto di un parco urbano, luce diurna, vista prospettica altezza occhi",Manual,,2026-09-27T14:55:04.298Z,False,True,2026-09-27T14:55:05.022Z,staff
360,ARCH_0176,"exterior photograph of a sports stadium, nest-shaped shell with steel and concrete lattice structure, urban park setting, daylight, perspective view at eye level",Imported,,2026-09-27T19:18:14.596Z,False,True,2026-09-27T19:18:34.058Z,staff
562,ARCH_0176,"exterior photograph of a stadium, oval bowl wrapped in an irregular interwoven steel lattice, wide paved path with a grass verge and young trees, blue sky with white clouds, daylight, perspective view at eye level",Imported,,2026-09-28T01:28:24.641Z,True,True,2026-09-28T01:28:46.629Z,staff
458,ARCH_0189,"exterior photograph of a school building, cubic exposed concrete volume with irregularly placed square windows of different sizes, flat roof, dry meadow in front, daylight with clouds, low-angle corner view",Imported,,2026-09-27T20:41:10.959Z,False,True,2026-09-27T20:58:56.615Z,staff
647,ARCH_0189,"exterior photograph of a school building, cubic exposed concrete volume with irregularly placed square windows of different sizes, flat roof, dry meadow in front, blue sky with white clouds, daylight, low-angle corner view",Imported,,2026-09-28T01:28:26.886Z,True,True,2026-09-28T01:29:17.283Z,staff
210,ARCH_0192,"Fotografia esterna di un viadotto, struttura strallata in acciaio, contesto",Manual,,2026-09-27T14:56:01.691Z,False,False,,
211,ARCH_0192,"Fotografia esterna di un viadotto, struttura strallata in acciaio, contesto collinare, luce diurna, vista frontale",Manual,,2026-09-27T14:56:15.974Z,False,True,2026-09-27T15:23:31.314Z,staff
361,ARCH_0192,"exterior photograph of a viaduct, cable-stayed steel structure, hilly setting, daylight, front view",Imported,,2026-09-27T19:18:14.670Z,False,True,2026-09-27T19:18:34.073Z,staff
563,ARCH_0192,"exterior photograph of a viaduct, very long cable-stayed bridge with tall thin masts crossing a valley, rolling green hills, fields and a village with red roofs in the foreground, deep blue sky, daylight, panoramic view from a distance",Imported,,2026-09-28T01:28:24.666Z,True,True,2026-09-28T01:28:46.636Z,staff
459,ARCH_0193,"exterior photograph of a corporate building, long curved glass facade with thin white columns under a projecting flat roof edge, reed bed and lake in the foreground, trees behind, overcast daylight, perspective view at eye level",Imported,,2026-09-27T20:41:10.978Z,False,True,2026-09-27T20:59:25.308Z,staff
648,ARCH_0193,"exterior photograph of a corporate building, long curved glass facade with thin white columns under a projecting flat roof edge, reed bed and lake in the foreground, trees behind, overcast sky, daylight, perspective view at eye level",Imported,,2026-09-28T01:28:26.914Z,True,True,2026-09-28T01:29:17.292Z,staff
212,ARCH_0194,"Fotografia interna di un terminal aeroportuale moderno, struttura in",Manual,,2026-09-27T14:56:38.200Z,False,False,,
213,ARCH_0194,"Fotografia interna di un terminal aeroportuale moderno, struttura in acciaio cemento e vetro, copertura ondulata in",Manual,,2026-09-27T14:56:54.094Z,False,False,,
214,ARCH_0194,"Fotografia interna di un terminal aeroportuale moderno, struttura in acciaio cemento e vetro, copertura ondulata in legno, contesto terminal aeroporto, luce artificiale, vista frontale",Manual,,2026-09-27T14:57:40.916Z,False,True,2026-09-27T15:23:31.770Z,staff
362,ARCH_0194,"interior photograph of a modern airport terminal, steel, concrete and glass structure, undulating timber ceiling, airport terminal setting, artificial light, front view",Imported,,2026-09-27T19:18:14.737Z,False,True,2026-09-27T19:18:34.082Z,staff
564,ARCH_0194,"interior photograph of an airport terminal, undulating timber ceiling on blue steel branching columns, glass walls, polished floor with passengers and seating, artificial and natural light, front view at eye level",Imported,,2026-09-28T01:28:24.689Z,True,True,2026-09-28T01:28:46.643Z,staff
215,ARCH_0198,"Fotografia esterna di un teatro dell’opera contemporaneo, struttura in cemento armato bianco e ampie superfici vetrate, copertura inclinata percorribile che si integra con lo spazio pubblico, contesto urbano, piena diurna, vista prospettica ad altezza d’occhi",Manual,,2026-09-27T15:11:37.257Z,False,True,2026-09-27T15:23:32.273Z,staff
363,ARCH_0198,"exterior photograph of a contemporary opera house, white reinforced concrete structure and large glazed surfaces, walkable sloping roof merging with the public space, urban setting, full daylight, perspective view at eye level",Imported,,2026-09-27T19:18:14.819Z,False,True,2026-09-27T19:18:34.090Z,staff
565,ARCH_0198,"exterior photograph of an opera house, white marble sloping roof planes walked on by visitors, large tilted glass facade, white stage tower, waterfront, clear blue sky, daylight, perspective view at eye level",Imported,,2026-09-28T01:28:24.712Z,True,True,2026-09-28T01:28:46.651Z,staff
460,ARCH_0199,"exterior photograph of a skyscraper, rounded bullet-shaped tower with a skin of blue, red and grey glass louvres and small square windows, clear blue sky, daylight, front view from a distance",Imported,,2026-09-27T20:41:10.996Z,True,True,2026-09-27T20:59:36.341Z,staff
461,ARCH_0202,"exterior photograph of a parliament building, layered facade of stone, timber and steel with irregular framed windows and projecting timber screens, entrance canopy with steel and timber beams, flags and wet paved plaza, overcast daylight, perspective view at eye level",Imported,,2026-09-27T20:41:11.014Z,False,True,2026-09-27T20:59:51.970Z,staff
649,ARCH_0202,"exterior photograph of a parliament building, layered facade of stone, timber and steel with irregular framed windows and projecting timber screens, entrance canopy with steel and timber beams, flags and wet paved plaza, overcast sky, daylight, perspective view at eye level",Imported,,2026-09-28T01:28:26.945Z,True,True,2026-09-28T01:29:17.301Z,staff
462,ARCH_0212,"exterior photograph of a museum, large sloping walls built of recycled grey tiles and bricks with small irregular openings, trees and paved street with parked cars, daylight with clouds, perspective view at eye level",Imported,,2026-09-27T20:41:11.047Z,False,True,2026-09-27T21:00:11.928Z,staff
650,ARCH_0212,"exterior photograph of a museum, large sloping walls built of recycled grey tiles and bricks with small irregular openings, trees and paved street with parked cars, blue sky with white clouds, daylight, perspective view at eye level",Imported,,2026-09-28T01:28:26.968Z,True,True,2026-09-28T01:29:17.309Z,staff
216,ARCH_0213,"Fotografia esterna di un edificio, volume ellittico rivestito in pannelli metallici con grande fascia vetrata centrale,paesaggio verde, luce diurna, vista frontale ad altezza d’occhio",Manual,,2026-09-27T15:15:28.469Z,False,False,,
218,ARCH_0213,"Fotografia esterna di un edificio, volume ellittico rivestito in pannelli metallici con grande fascia vetrata centrale, paesaggio verde, luce diurna, vista frontale ad altezza d’occhio",Manual,,2026-09-27T15:15:46.724Z,False,True,2026-09-27T15:23:32.829Z,staff
364,ARCH_0213,"exterior photograph of a building, elliptical volume clad in metal panels with a large central glazed band, green landscape, daylight, front view at eye level",Imported,,2026-09-27T19:18:14.934Z,False,True,2026-09-27T19:18:34.099Z,staff
566,ARCH_0213,"exterior photograph of a theatre, huge elliptical dome of titanium panels with a central glass band, surrounded by dark water and a flat green lawn, hazy blue grey sky, daylight, front view from a distance",Imported,,2026-09-28T01:28:24.839Z,True,True,2026-09-28T01:28:46.658Z,staff
463,ARCH_0223,"exterior photograph of a theatre complex, two rounded domes covered with a dense pattern of triangular metal sunshades, waterfront promenade with trees, high-rise towers behind, overcast daylight, panoramic view from across the water",Imported,,2026-09-27T20:41:11.076Z,False,False,,
526,ARCH_0223,"exterior photograph of a theatre complex,one rounded dome covered with a dense pattern of triangular metal sunshades, waterfront promenade with trees, high-rise towers behind, overcast daylight, panoramic view from across the water",Manual,,2026-09-27T21:00:44.057Z,False,True,2026-09-27T21:00:52.797Z,staff
651,ARCH_0223,"exterior photograph of a theatre complex, two rounded domes covered with a dense pattern of triangular metal sunshades, waterfront promenade with trees, high-rise towers behind, overcast sky, daylight, panoramic view from across the water",Imported,,2026-09-28T01:28:26.988Z,True,True,2026-09-28T01:29:17.317Z,staff
217,ARCH_0224,"Fotografia di un hotel mimetizzato nel verde,",Manual,,2026-09-27T15:15:45.975Z,False,False,,
219,ARCH_0224,"Fotografia di un hotel mimetizzato nel verde, struttura sottile metallica a vista e vetro, inserito in contesto di vegetazione folta, luce diurna, vista frontale dall'alto",Manual,,2026-09-27T15:16:26.141Z,False,True,2026-09-27T15:23:33.744Z,staff
365,ARCH_0224,"photograph of a hotel blended into greenery, slender exposed metal structure and glass, set in dense vegetation, daylight, front view from above",Imported,,2026-09-27T19:18:15.030Z,False,True,2026-09-27T19:18:34.108Z,staff
567,ARCH_0224,"exterior photograph of a hotel, dark steel and glass floors almost hidden by climbing plants and dense green vegetation, tropical forest and misty hills behind, hazy sky, daylight, elevated view",Imported,,2026-09-28T01:28:24.866Z,True,True,2026-09-28T01:28:46.666Z,staff
220,ARCH_0225,"Fotografia di un museo islamico, archi a tutto sesto con",Manual,,2026-09-27T15:16:51.996Z,False,False,,
221,ARCH_0225,"Fotografia di un museo islamico, grandi arcate regolari, terrazza aperta affacciata su uno skyline urbano illuminato, luce serale, vista frontale ad altezza d’occhio con riflessi sull’acqua antistante",Manual,,2026-09-27T15:18:25.067Z,False,True,2026-09-27T15:23:34.274Z,staff
366,ARCH_0225,"photograph of an islamic art museum, large regular arches, open terrace facing an illuminated city skyline, evening light, front view at eye level with reflections on the water in front",Imported,,2026-09-27T19:18:15.217Z,False,True,2026-09-27T19:18:34.117Z,staff
568,ARCH_0225,"photograph of a museum arcade, row of stone arches framing a night city skyline with coloured lights reflected in the water, polished stone floor, evening light, front view at eye level",Imported,,2026-09-28T01:28:24.893Z,True,True,2026-09-28T01:28:46.674Z,staff
464,ARCH_0227,"exterior photograph of a hotel tower, tall white sail-shaped tower with a curved steel exoskeleton, seen behind palm trees and low buildings along a canal, daylight, perspective view from a distance at eye level",Imported,,2026-09-27T20:41:11.100Z,True,True,2026-09-27T21:01:11.815Z,staff
222,ARCH_0230,"Fotografia di uno stadio moderno, struttura ovale rivestita con ceramica a tessere colorate con gradazione di colori caldi arancione e giallo, ambientato in prateria, luce diurna, vista frontale",Manual,,2026-09-27T15:19:25.713Z,False,True,2026-09-27T15:23:35.635Z,staff
367,ARCH_0230,"photograph of a modern stadium, oval structure clad in coloured ceramic tiles graded in warm orange and yellow tones, prairie setting, daylight, front view",Imported,,2026-09-27T19:18:15.320Z,False,True,2026-09-27T19:18:34.129Z,staff
569,ARCH_0230,"exterior photograph of a stadium, oval bowl clad in a mosaic of red, orange and brown panels, dry yellow grass field and small trees in front, blue sky with white clouds, daylight, front view from a distance",Imported,,2026-09-28T01:28:24.918Z,True,True,2026-09-28T01:28:46.681Z,staff
465,ARCH_0231,"exterior photograph of a library, three large dark stone-clad angular volumes like boulders with small scattered openings, on a green hillside with trees, clear daylight, low-angle view from a distance",Imported,,2026-09-27T20:41:11.124Z,False,True,2026-09-27T21:01:26.641Z,staff
652,ARCH_0231,"exterior photograph of a library, three large dark stone-clad angular volumes like boulders with small scattered openings, on a green hillside with trees, clear blue sky, daylight, low-angle view from a distance",Imported,,2026-09-28T01:28:27.014Z,True,True,2026-09-28T01:29:17.326Z,staff
466,ARCH_0234,"exterior photograph of a museum, long flat raw concrete slab spanning over a sunken paved plaza with steps and a metal handrail, trees and street behind, daylight, perspective view from above the plaza",Imported,,2026-09-27T20:41:11.144Z,True,True,2026-09-27T21:01:40.880Z,staff
467,ARCH_0238,"exterior photograph of a power plant, huge sloping facade of stacked grey aluminium bricks with a climbing wall running up the side, steam rising from the chimney, overcast daylight, close low-angle view",Imported,,2026-09-27T20:41:11.171Z,False,True,2026-09-27T21:02:02.017Z,staff
653,ARCH_0238,"exterior photograph of a power plant, huge sloping facade of stacked grey aluminium bricks with a climbing wall running up the side, steam rising from the chimney, overcast sky, daylight, close low-angle view",Imported,,2026-09-28T01:28:27.042Z,True,True,2026-09-28T01:29:17.334Z,staff
468,ARCH_0245,"exterior photograph of a theatre, large silver sphere and white box volumes plugged into a glazed central cube raised on columns, striped paved plaza and trees, daylight with clouds, perspective view at eye level",Imported,,2026-09-27T20:41:11.197Z,False,True,2026-09-27T21:02:19.242Z,staff
654,ARCH_0245,"exterior photograph of a theatre, large silver sphere and white box volumes plugged into a glazed central cube raised on columns, striped paved plaza and trees, blue sky with white clouds, daylight, perspective view at eye level",Imported,,2026-09-28T01:28:27.067Z,True,True,2026-09-28T01:29:17.342Z,staff
223,ARCH_0246,"Fotografia esterna di un centro culturale, struttura in cemento armato e intonaco bianco con forme fluide e curvilinee, ampio parco urbano, luce del tramonto, vista panoramica leggermente sopraelevata",Manual,,2026-09-27T15:23:20.092Z,False,True,2026-09-27T15:23:36.040Z,staff
368,ARCH_0246,"exterior photograph of a cultural centre, reinforced concrete and white render structure with fluid curvilinear forms, large urban park, sunset light, slightly elevated panoramic view",Imported,,2026-09-27T19:18:15.413Z,False,True,2026-09-27T19:18:34.137Z,staff
570,ARCH_0246,"exterior photograph of a cultural centre, white flowing curved roof surfaces rising from the ground, wide green lawn in front with a sign, towers on the horizon, sunset light with pink clouds, panoramic view at eye level",Imported,,2026-09-28T01:28:24.939Z,True,True,2026-09-28T01:28:46.690Z,staff
227,ARCH_0247,"Fotografia esterna di un centro culturale, struttura imponente e monolitica in acciaio e vetro con rivestimento chiaro, grandi superfici vetrate inclinate a maglia diagonale, volume scultoreo affacciato su una vasca d’acqua, luce diurna, vista prospettica ad altezza d’occhi",Manual,,2026-09-27T15:24:54.377Z,False,True,2026-09-27T15:57:46.472Z,staff
369,ARCH_0247,"exterior photograph of a cultural centre, massive monolithic steel and glass structure with light cladding, large sloping glazed surfaces with diagonal grid, sculptural volume facing a water pool, daylight, perspective view at eye level",Imported,,2026-09-27T19:18:15.516Z,False,True,2026-09-27T19:18:34.145Z,staff
571,ARCH_0247,"exterior photograph of an opera house, angular faceted volumes clad in white panels and a diagonal glass lattice, reflected in a water basin, towers behind, pale overcast sky, daylight, perspective view at eye level",Imported,,2026-09-28T01:28:24.959Z,True,True,2026-09-28T01:28:46.697Z,staff
228,ARCH_0249,"Fotografia esterna di un centro culturale, rivestimento metallico chiaro e vetrate, forme fluide e biomorfiche, spazio pubblico aperto, luce diurna, vista prospettica ad altezza d’occhio.",Manual,,2026-09-27T15:26:27.799Z,False,True,2026-09-27T15:57:46.999Z,staff
370,ARCH_0249,"exterior photograph of a cultural centre, light metal cladding and glazing, fluid biomorphic forms, open public space, daylight, perspective view at eye level",Imported,,2026-09-27T19:18:15.603Z,False,True,2026-09-27T19:18:34.153Z,staff
572,ARCH_0249,"exterior photograph of a cultural centre, white metal-clad flowing curved volumes with a dark faceted glass section, wide paved plaza with bare young trees and dry grass, deep blue sky, daylight, perspective view at eye level",Imported,,2026-09-28T01:28:24.987Z,True,True,2026-09-28T01:28:46.706Z,staff
224,ARCH_0250,Fotografia esterna museo,Manual,,2026-09-27T15:23:47.332Z,False,False,,
229,ARCH_0250,"Fotografia esterna di un edificio culturale contemporaneo, rivestimento metallico scuro a fasce orizzontali, volume organico e fluido, ampia scalinata pubblica antistante, luce diurna, vista frontale leggermente dal basso",Manual,,2026-09-27T15:32:45.262Z,False,True,2026-09-27T15:57:47.560Z,staff
371,ARCH_0250,"exterior photograph of a contemporary cultural building, dark metal cladding in horizontal bands, organic fluid volume, wide public staircase in front, daylight, front view from slightly below",Imported,,2026-09-27T19:18:15.690Z,False,True,2026-09-27T19:18:34.160Z,staff
573,ARCH_0250,"exterior photograph of a museum, huge rounded volume clad in dark horizontal metal louvres, wide white stone staircase with visitors in front, white hazy sky, daylight, front view from slightly below",Imported,,2026-09-28T01:28:25.009Z,True,True,2026-09-28T01:28:46.714Z,staff
469,ARCH_0253,"exterior photograph of a theatre, box-shaped volume with curved white concrete walls with circular holes and large glass curtain walls, lawn and driveway in front, residential towers behind, daylight, perspective view at eye level",Imported,,2026-09-27T20:41:11.220Z,False,False,,
528,ARCH_0253,"Exterior photograph of a contemporary cultural building, extensive glass curtain walls combined with large sculpted white concrete surfaces and flowing curved openings, landscaped urban setting with high-rise buildings in the background, warm daylight, eye-level perspective view.",Manual,,2026-09-27T21:04:39.554Z,False,True,2026-09-27T21:04:39.664Z,staff
655,ARCH_0253,"exterior photograph of a theatre, box-shaped volume with curved white concrete walls with circular holes and large glass curtain walls, lawn and driveway in front, residential towers behind, daylight, perspective view at eye level",Imported,,2026-09-28T01:28:27.089Z,True,True,2026-09-28T01:29:17.352Z,staff
470,ARCH_0258,"exterior photograph of a museum, long box with a white timber lattice facade on a fully glazed ground floor, row of street trees and a wide road in front, daylight with clouds, perspective view at eye level",Imported,,2026-09-27T20:41:11.246Z,False,False,,
527,ARCH_0258,"Exterior photograph of a museum, a long rectangular structure featuring a thick white wooden lattice roof above a fully glazed ground floor, with a row of trees and a wide road in the foreground; daylight with clouds, eye-level perspective view.",Manual,,2026-09-27T21:04:20.975Z,False,True,2026-09-27T21:04:40.062Z,staff
656,ARCH_0258,"exterior photograph of a museum, long box with a white timber lattice facade on a fully glazed ground floor, row of street trees and a wide road in front, blue sky with white clouds, daylight, perspective view at eye level",Imported,,2026-09-28T01:28:27.113Z,True,True,2026-09-28T01:29:17.359Z,staff
471,ARCH_0264,"exterior photograph of a museum entrance building, white stone colonnade of slender square pillars on a plinth with a wide staircase, next to a historic neoclassical building, visitors on the street, daylight with clouds, perspective view at eye level",Imported,,2026-09-27T20:41:11.270Z,False,True,2026-09-27T21:04:57.882Z,staff
657,ARCH_0264,"exterior photograph of a museum entrance building, white stone colonnade of slender square pillars on a plinth with a wide staircase, next to a historic neoclassical building, visitors on the street, blue sky with white clouds, daylight, perspective view at eye level",Imported,,2026-09-28T01:28:27.135Z,True,True,2026-09-28T01:29:17.366Z,staff
230,ARCH_0268,"Fotografia esterna di un edificio culturale contemporaneo, grande volume quasi cilindrico rivestito in vetro specchio riflettente e pannelli metallici, inserito in un parco urbano alberato con percorsi pedonali, luce diurna, vista prospettica ad altezza d’occhio",Manual,,2026-09-27T15:34:13.310Z,False,True,2026-09-27T15:57:48.154Z,staff
372,ARCH_0268,"exterior photograph of a contemporary cultural building, large almost cylindrical volume clad in reflective mirror glass and metal panels, set in a tree-lined urban park with footpaths, daylight, perspective view at eye level",Imported,,2026-09-27T19:18:15.762Z,False,True,2026-09-27T19:18:34.167Z,staff
574,ARCH_0268,"exterior photograph of an art depot, large rounded bowl-shaped volume clad in mirror glass panels reflecting the sky, rooftop trees, park with tall green trees and planting beds, pedestrians and bicycles, blue sky with white clouds, daylight, perspective view at eye level",Imported,,2026-09-28T01:28:25.036Z,True,True,2026-09-28T01:28:46.722Z,staff
231,ARCH_0274,"Fotografia esterna di un edificio a più piani, facciata in mattoni modellata con superfici ondulate e irregolari, finestre quadrate sporgenti come volumi aggiunti, contesto urbano, luce diurna, vista dal basso",Manual,,2026-09-27T15:57:44.616Z,False,True,2026-09-27T15:57:48.677Z,staff
373,ARCH_0274,"exterior photograph of a multi-storey building, brick facade shaped with undulating irregular surfaces, square windows projecting as added volumes, urban setting, daylight, low-angle view",Imported,,2026-09-27T19:18:15.840Z,False,True,2026-09-27T19:18:34.181Z,staff
575,ARCH_0274,"exterior photograph of a university building, undulating wavy brick facade with protruding square windows, dark green tree branches in the foreground, blue sky with white clouds, daylight, low-angle view",Imported,,2026-09-28T01:28:25.064Z,True,True,2026-09-28T01:28:46.731Z,staff
472,ARCH_0280,"exterior photograph of a pavilion, wide circular timber roof with triangular lattice pattern on a central support, curved blue wall of triangular blocks, set in a park lawn with trees, daylight, perspective view at eye level",Imported,,2026-09-27T20:41:11.288Z,True,True,2026-09-27T21:15:21.696Z,staff
232,ARCH_0285,"Fotografia esterna di una galleria d’arte, struttura in vetro pietra chiara e legno, facciata caratterizzata da grandi elementi lignei geometrici a sbalzo con forma ad ombrello rovesciato, contesto urbano, luce diurna, vista frontale leggermente prospettica ad altezza d’occhi",Manual,,2026-09-27T16:00:31.885Z,False,True,2026-09-27T16:11:49.920Z,staff
374,ARCH_0285,"exterior photograph of an art gallery, glass, light stone and timber structure, facade with large geometric cantilevered timber elements shaped like inverted umbrellas, urban setting, daylight, front view slightly in perspective at eye level",Imported,,2026-09-27T19:18:15.926Z,False,True,2026-09-27T19:18:34.190Z,staff
576,ARCH_0285,"exterior photograph of an art gallery, large timber tree-like canopy with folded roof panels over a glass entrance and pale stone walls, green trees above, city pavement with bollards, daylight, front view at eye level",Imported,,2026-09-28T01:28:25.090Z,True,True,2026-09-28T01:28:46.738Z,staff
473,ARCH_0287,"exterior photograph of a university building, rectangular block clad in a grid of translucent glass discs, glass towers and older buildings along a city street, clear daylight, perspective view at eye level",Imported,,2026-09-27T20:41:11.306Z,False,True,2026-09-27T21:15:38.664Z,staff
658,ARCH_0287,"exterior photograph of a university building, rectangular block clad in a grid of translucent glass discs, glass towers and older buildings along a city street, clear blue sky, daylight, perspective view at eye level",Imported,,2026-09-28T01:28:27.164Z,True,True,2026-09-28T01:29:17.373Z,staff
225,ARCH_0288,Fotografia esterna museo,Manual,,2026-09-27T15:23:54.074Z,False,False,,
233,ARCH_0288,"Fotografia esterna museo dalla forma plastica,",Manual,,2026-09-27T16:00:39.687Z,False,False,,
234,ARCH_0288,"Fotografia esterna museo dalla forma plastica, rivestimento metallico argentato a moduli esagonali, volume scultoreo curvilineo, contesto urbano di centro città con palazzi multipiano, luce diurna, vista dal basso.",Manual,,2026-09-27T16:08:39.452Z,False,True,2026-09-27T16:11:49.886Z,staff
375,ARCH_0288,"exterior photograph of a museum with a sculptural form, silver metal cladding in hexagonal modules, curvilinear volume, city centre setting with multi-storey buildings, daylight, low-angle view",Imported,,2026-09-27T19:18:16.013Z,False,True,2026-09-27T19:18:34.199Z,staff
577,ARCH_0288,"exterior photograph of a museum, curved hourglass-shaped volume covered in shiny silver hexagonal tiles, apartment towers and a glass tower beside it, white overcast sky, daylight, low-angle view",Imported,,2026-09-28T01:28:25.114Z,True,True,2026-09-28T01:28:46.746Z,staff
226,ARCH_0289,Fotografia esterna museo,Manual,,2026-09-27T15:23:55.344Z,False,False,,
235,ARCH_0289,"Fotografia esterna museo con struttura monumentale in cemento armato bianco con grandi elementi strutturali a sbalzo inclinati e superfici schermate, volume sospeso affacciato su una vasta vasca d’acqua, contesto urbano, luce diurna, vista prospettica ad altezza d’occhio",Manual,,2026-09-27T16:12:30.059Z,False,True,2026-09-27T16:17:59.020Z,staff
376,ARCH_0289,"exterior photograph of a museum, large white reinforced concrete structure with big sloping cantilevered structural elements and screened surfaces, suspended volume facing a wide water pool, urban setting, daylight, perspective view at eye level",Imported,,2026-09-27T19:18:16.100Z,False,True,2026-09-27T19:18:34.208Z,staff
578,ARCH_0289,"exterior photograph of a science museum, long white cantilevered roof with ribbed louvres and a large projecting canopy, turquoise reflecting pool, palm trees and city buildings behind, clear blue sky, daylight, perspective view at eye level",Imported,,2026-09-28T01:28:25.159Z,True,True,2026-09-28T01:28:46.754Z,staff
474,ARCH_0293,"exterior photograph of an office building, six-storey glass and white panel facade with a large overhanging solar panel roof, street corner with bare trees and overhead cables, daylight, low-angle perspective view",Imported,,2026-09-27T20:41:11.322Z,False,False,,
531,ARCH_0293,"exterior photograph of an office building, five-storey glass and white panel facade with a large overhanging solar panel roof, street corner with bare trees and overhead cables, daylight, low-angle perspective view",Manual,,2026-09-27T21:16:13.487Z,False,True,2026-09-27T21:16:21.209Z,staff
659,ARCH_0293,"exterior photograph of an office building, six-storey glass and white panel facade with a large overhanging solar panel roof, street corner with bare trees and overhead cables, daylight, low-angle perspective view",Imported,,2026-09-28T01:28:27.187Z,True,True,2026-09-28T01:29:17.382Z,staff
237,ARCH_0295,"Fotografia esterna di un edificio culturale, rivestimento in legno con grandi superfici vetrate, volume curvilineo che si trasforma in copertura per lo spazio pubblico, piazza urbana aperta, luce diurna, vista prospettica ad altezza d’occhio",Manual,,2026-09-27T16:15:23.593Z,False,True,2026-09-27T16:17:59.322Z,staff
377,ARCH_0295,"exterior photograph of a cultural building, timber cladding with large glazed surfaces, curvilinear volume turning into a roof over the public space, open urban square, daylight, perspective view at eye level",Imported,,2026-09-27T19:18:16.180Z,False,True,2026-09-27T19:18:34.219Z,staff
579,ARCH_0295,"exterior photograph of a library, curved volume clad in warm spruce timber lifting above a glass ground floor, wide paved square with people and young trees, deep blue sky, daylight, perspective view at eye level",Imported,,2026-09-28T01:28:25.182Z,True,True,2026-09-28T01:28:46.762Z,staff
236,ARCH_0300,"Fotografia di una copertura urbana in legno con incastri a vista, struttura reticolare con forma plastica, contesto urbano di centro città, luce diurna, foto dal basso",Manual,,2026-09-27T16:14:37.409Z,False,True,2026-09-27T16:17:59.793Z,staff
378,ARCH_0300,"photograph of an urban timber canopy with exposed joints, lattice structure with sculptural form, city centre setting, daylight, low-angle view",Imported,,2026-09-27T19:18:16.275Z,False,True,2026-09-27T19:18:34.228Z,staff
580,ARCH_0300,"photograph of a public canopy, large timber waffle lattice structure on thick mushroom-shaped supports shading a paved square, planters with olive trees, benches with people, historic church and buildings behind, blue sky, daylight, low-angle view from under the canopy",Imported,,2026-09-28T01:28:25.203Z,True,True,2026-09-28T01:28:46.771Z,staff
475,ARCH_0304,"exterior photograph of a single-family house, simple white rendered cubic volume with flat roof, raised central part and small square windows, gravel ground and large trees, daylight, corner perspective view at eye level",Imported,,2026-09-27T20:41:11.338Z,True,True,2026-09-27T21:16:37.722Z,staff
476,ARCH_0306,"exterior photograph of a villa, stepped white rendered cubic volumes with flat roof terraces and horizontal windows, lawn with clipped shrubs and a path, daylight, perspective view at eye level",Imported,,2026-09-27T20:41:11.356Z,True,True,2026-09-27T21:16:55.262Z,staff
477,ARCH_0309,"exterior photograph of an office skyscraper, tall stepped tower with vertical stone and brick piers and a green pyramid roof, seen down a straight city street with other office buildings, daylight with clouds, perspective view at eye level",Imported,,2026-09-27T20:41:11.380Z,False,True,2026-09-27T21:17:18.683Z,staff
660,ARCH_0309,"exterior photograph of an office skyscraper, tall stepped tower with vertical stone and brick piers and a green pyramid roof, seen down a straight city street with other office buildings, blue sky with white clouds, daylight, perspective view at eye level",Imported,,2026-09-28T01:28:27.226Z,True,True,2026-09-28T01:29:17.391Z,staff
478,ARCH_0319,"exterior photograph of an office skyscraper, slender tower with horizontal window bands, dark vertical service core and rooftop letter sign with antenna, dense surrounding high-rise buildings, daylight, elevated view",Imported,,2026-09-27T20:41:11.401Z,True,True,2026-09-27T21:17:31.074Z,staff
479,ARCH_0322,"exterior photograph of a railway station, symmetrical sand-coloured stone facade with stepped massing and large dark glazed openings, lawn and planted strip along a path, overcast daylight, front perspective view at eye level",Imported,,2026-09-27T20:41:11.424Z,False,True,2026-09-27T21:17:47.027Z,staff
661,ARCH_0322,"exterior photograph of a railway station, symmetrical sand-coloured stone facade with stepped massing and large dark glazed openings, lawn and planted strip along a path, overcast sky, daylight, front perspective view at eye level",Imported,,2026-09-28T01:28:27.261Z,True,True,2026-09-28T01:29:17.400Z,staff
238,ARCH_0332,"Fotografia esterna di un museo in pietra naturale,",Manual,,2026-09-27T16:16:32.373Z,False,False,,
239,ARCH_0332,"Fotografia esterna di un edificio governativo monumentale, rivestimento in pietra con composizione simmetrica, colonnato centrale e volume superiore a gradoni, ampio viale alberato con giardini formali, piena luce diurna, vista frontale ad altezza d’occhio.",Manual,,2026-09-27T16:16:53.869Z,False,False,,
240,ARCH_0332,"Fotografia esterna di un edificio governativo monumentale, rivestimento in pietra con composizione simmetrica, colonnato centrale, viale alberato con giardini formali, luce diurna, vista frontale ad altezza d’occhio",Manual,,2026-09-27T16:17:17.646Z,False,True,2026-09-27T16:18:00.450Z,staff
379,ARCH_0332,"exterior photograph of a government building, stone cladding with symmetrical composition, central colonnade, tree-lined avenue with formal gardens, daylight, front view at eye level",Imported,,2026-09-27T19:18:16.369Z,False,True,2026-09-27T19:18:34.236Z,staff
581,ARCH_0332,"exterior photograph of a parliament building, symmetrical white stone facade with a central colonnade and a stepped pyramid tower, driveway lined with clipped hedges and large dark green trees, clear blue sky, daylight, front view at eye level",Imported,,2026-09-28T01:28:25.228Z,True,True,2026-09-28T01:28:46.780Z,staff
480,ARCH_0337,"exterior photograph of an office and exhibition complex, low red brick volumes with a large banner and a glazed corner, tall red brick and glass tower behind, wide paved square, cloudy daylight, perspective view at eye level",Imported,,2026-09-27T20:41:11.444Z,False,True,2026-09-27T21:18:05.253Z,staff
662,ARCH_0337,"exterior photograph of an office and exhibition complex, low red brick volumes with a large banner and a glazed corner, tall red brick and glass tower behind, wide paved square, cloudy sky, daylight, perspective view at eye level",Imported,,2026-09-28T01:28:27.287Z,True,True,2026-09-28T01:29:17.407Z,staff
241,ARCH_0338,"Fotografia a volo d'uccello di una casa incastrata nella roccia di una montagna, con copertura a gradoni in cemento rosso, luce diurna, foto dall'alto",Manual,,2026-09-27T16:17:59.009Z,False,True,2026-09-27T16:21:34.667Z,staff
380,ARCH_0338,"aerial photograph of a house set into the rock of a cliff, stepped red concrete roof, daylight, view from above",Imported,,2026-09-27T19:18:16.445Z,False,True,2026-09-27T19:18:34.244Z,staff
582,ARCH_0338,"aerial photograph of a house, red rendered volume with a stepped roof on a rocky cliff above the sea, pine trees and shrubs on the rocks, deep blue water with a boat, daylight, view from above",Imported,,2026-09-28T01:28:25.248Z,True,True,2026-09-28T01:28:46.788Z,staff
481,ARCH_0342,"exterior photograph of a power station, white horizontal building with a tall striped red and white chimney, pier in the sea in the foreground, daylight with clouds, side view from the water",Imported,,2026-09-27T20:41:11.466Z,False,True,2026-09-27T21:18:18.589Z,staff
663,ARCH_0342,"exterior photograph of a power station, white horizontal building with a tall striped red and white chimney, pier in the sea in the foreground, blue sky with white clouds, daylight, side view from the water",Imported,,2026-09-28T01:28:27.312Z,True,True,2026-09-28T01:29:17.414Z,staff
242,ARCH_0345,"Fotografia esterna di un edificio monumentale dalla forma cubica, piani scanditi da archi simmetrici che ricoprono tutta la facciata, in cemento",Manual,,2026-09-27T16:18:44.583Z,False,False,,
243,ARCH_0345,"Fotografia esterna di un edificio monumentale dalla forma cubica, guscio di archi simmetrici che ricoprono tutta la facciata e scandiscono i piani, rivestito in pietra con volume interno completamente vetrato, contesto urbano verde, luce diurna, foto frontale",Manual,,2026-09-27T16:19:45.011Z,False,True,2026-09-27T16:21:34.957Z,staff
381,ARCH_0345,"exterior photograph of a cube-shaped building, shell of symmetrical arches covering the whole facade and marking the floors, stone cladding with a fully glazed inner volume, green urban setting, daylight, front view",Imported,,2026-09-27T19:18:16.520Z,False,True,2026-09-27T19:18:34.254Z,staff
583,ARCH_0345,"exterior photograph of a cube-shaped building, white stone facade with rows of identical arches on every floor, dense green trees on both sides and a clipped hedge garden in front, white sky, daylight, front view from a distance",Imported,,2026-09-28T01:28:25.268Z,True,True,2026-09-28T01:28:46.798Z,staff
244,ARCH_0350,"Fotografia esterna di una villa con piscina, solai a sbalzo sottili",Manual,,2026-09-27T16:20:09.796Z,False,False,,
245,ARCH_0350,"Fotografia esterna di una villa con piscina, solai a sbalzo sottili e superfici vetrate, contesto privato verde, luce diurna, foto frontale",Manual,,2026-09-27T16:20:34.094Z,False,True,2026-09-27T16:21:35.450Z,staff
382,ARCH_0350,"exterior photograph of a villa with a swimming pool, thin cantilevered floor slabs and glazed surfaces, private green setting, daylight, front view",Imported,,2026-09-27T19:18:16.576Z,False,True,2026-09-27T19:18:34.263Z,staff
584,ARCH_0350,"exterior photograph of a villa, low horizontal volumes with flat roof slabs, glass walls and a stone chimney, turquoise swimming pool and bright green lawn, palm trees and bare desert mountains behind, blue sky, daylight, three-quarter view at eye level",Imported,,2026-09-28T01:28:25.294Z,True,True,2026-09-28T01:28:46.806Z,staff
246,ARCH_0354,"Fotografia esterna di un mausoleo monumentale, rivestimento in pietra gialla con composizione simmetrica, colonnato che sostiene la copertura lineare, ampia scalinata cerimoniale con piazza antistante, luce diurna , vista frontale ad altezza d’occhio.",Manual,,2026-09-27T16:22:20.587Z,False,True,2026-09-27T16:23:25.961Z,staff
251,ARCH_0354,"Fotografia esterna di un mausoleo monumentale, rivestimento in pietra gialla con composizione simmetrica, colonnato che sostiene la copertura lineare, ampia scalinata cerimoniale con piazza antistante, luce diurna , vista frontale ad altezza d’occhio",Manual,,2026-09-27T16:24:01.159Z,False,True,2026-09-27T16:24:32.298Z,staff
383,ARCH_0354,"exterior photograph of a mausoleum, yellow stone cladding with symmetrical composition, colonnade supporting a linear roof, wide ceremonial staircase with a square in front, daylight, front view at eye level",Imported,,2026-09-27T19:18:16.611Z,False,True,2026-09-27T19:18:34.270Z,staff
585,ARCH_0354,"exterior photograph of a mausoleum, rectangular sandstone temple with a row of square pillars under a flat entablature, wide paved ceremonial plaza with many visitors, cloudy sky, daylight, front view from a distance",Imported,,2026-09-28T01:28:25.317Z,True,True,2026-09-28T01:28:46.814Z,staff
482,ARCH_0358,"exterior photograph of a concert hall, long low volume with glazed ground floor and a large pale block above, patterned screen wall on one side, empty asphalt car park in front, daylight, front view at eye level from a distance",Imported,,2026-09-27T20:41:11.488Z,False,False,,
535,ARCH_0358,"Exterior photograph of a modernist cultural building, low horizontal composition in concrete, glass and light-colored panels, façades with perforated screens and recessed entrances, landscaped institutional setting, bright daylight, frontal eye-level view.",Manual,,2026-09-27T21:25:33.383Z,False,True,2026-09-27T21:25:33.715Z,staff
664,ARCH_0358,"exterior photograph of a concert hall, long low volume with glazed ground floor and a large pale block above, patterned screen wall on one side, empty asphalt car park in front, daylight, front view at eye level from a distance",Imported,,2026-09-28T01:28:27.337Z,True,True,2026-09-28T01:29:17.423Z,staff
483,ARCH_0359,"exterior photograph of a mausoleum tower, tall open concrete tower of twelve slender vertical ribs rising to a conical stone cap, rough stone walls in the foreground, clear blue sky, daylight, low-angle view",Imported,,2026-09-27T20:41:11.507Z,False,False,,
534,ARCH_0359,"exterior photograph of a mausoleum tower, tall open concrete tower of slender vertical ribs rising to a conical stone cap, rough stone walls in the foreground, clear blue sky, daylight, low-angle view",Manual,,2026-09-27T21:25:06.524Z,False,True,2026-09-27T21:25:11.472Z,staff
665,ARCH_0359,"exterior photograph of a mausoleum tower, tall open concrete tower of twelve slender vertical ribs rising to a conical stone cap, rough stone walls in the foreground, clear blue sky, daylight, low-angle view",Imported,,2026-09-28T01:28:27.363Z,True,True,2026-09-28T01:29:17.432Z,staff
484,ARCH_0360,"exterior photograph of a cultural centre, low horizontal concrete building with long balconies and railings on several floors, traditional garden with shrubs and rocks in front, daylight, perspective view at eye level",Imported,,2026-09-27T20:41:11.525Z,True,True,2026-09-27T21:25:25.710Z,staff
485,ARCH_0365,"exterior photograph of a factory building converted to galleries, three-storey red painted brick block with rows of windows and shop signs at ground level, street with people and trees, dusk light with lit shop windows, perspective view at eye level",Imported,,2026-09-27T20:41:11.546Z,True,True,2026-09-27T21:26:06.497Z,staff
486,ARCH_0368,"exterior photograph of an office tower, rectangular glass curtain wall slab with a regular grid of blue and grey panels, park with lawn and tall palm trees in front, overcast daylight, front view at eye level from a distance",Imported,,2026-09-27T20:41:11.571Z,False,True,2026-09-27T21:26:16.225Z,staff
666,ARCH_0368,"exterior photograph of an office tower, rectangular glass curtain wall slab with a regular grid of blue and grey panels, park with lawn and tall palm trees in front, overcast sky, daylight, front view at eye level from a distance",Imported,,2026-09-28T01:28:27.398Z,True,True,2026-09-28T01:29:17.441Z,staff
487,ARCH_0369,"exterior photograph of a courtyard house, low single-storey yellow brick walls with a chimney and small windows, mono-pitched roof, lawn and pine trees with ivy, daylight, perspective view at eye level",Imported,,2026-09-27T20:41:11.594Z,True,True,2026-09-27T21:26:30.791Z,staff
248,ARCH_0370,"Fotografia esterna di un edificio istituzionale modernista, struttura in cemento armato con grandi pilastri sagomati e frangisole verticali, facciata lunga e ritmica affacciata su prato e vasca d’acqua, luce diurna diffusa sotto cielo nuvoloso, vista prospettica ad altezza d’occhio.",Manual,,2026-09-27T16:23:25.974Z,False,False,,
249,ARCH_0370,"Fotografia esterna di un edificio istituzionale, struttura in cemento armato con grandi pilastri sagomati e frangisole verticali, facciata lunga e ritmica affacciata su prato e vasca d’acqua, luce diurna diffusa sotto cielo nuvoloso, vista prospettica ad altezza d’occhio.",Manual,,2026-09-27T16:23:43.111Z,False,False,,
250,ARCH_0370,"Fotografia esterna di un edificio istituzionale, struttura in cemento armato con grandi pilastri sagomati e frangisole verticali, facciata lunga e ritmica affacciata su prato, luce diurna, vista prospettica ad altezza d’occhio",Manual,,2026-09-27T16:24:00.125Z,False,True,2026-09-27T16:24:01.172Z,staff
311,ARCH_0370,"Fotografia esterna di un edificio istituzionale, struttura in cemento armato con grandi pilastri sagomati e frangisole verticali, facciata lunga e ritmica affacciata su prato, luce diurna con numerosi nuvoloni, vista prospettica ad altezza d’occhio",Manual,,2026-09-27T17:37:07.617Z,False,True,2026-09-27T17:54:29.315Z,staff
384,ARCH_0370,"exterior photograph of an institutional building, reinforced concrete structure with large shaped pillars and vertical sun louvres, long rhythmic facade facing a lawn, daylight with many large clouds, perspective view at eye level",Imported,,2026-09-27T19:18:16.643Z,False,True,2026-09-27T19:18:34.278Z,staff
586,ARCH_0370,"exterior photograph of a presidential palace, long low glass volume behind a row of slender curved white concrete columns, reflecting water and dark green lawn in front, dramatic cloudy sky, daylight, perspective view at eye level",Imported,,2026-09-28T01:28:25.341Z,True,True,2026-09-28T01:28:46.826Z,staff
488,ARCH_0371,"exterior photograph of a broadcasting tower, tall red and white steel lattice tower with observation decks, rising above a dense city of office buildings, hazy daylight, elevated view from a distance",Imported,,2026-09-27T20:41:11.612Z,False,True,2026-09-27T21:26:45.229Z,staff
667,ARCH_0371,"exterior photograph of a broadcasting tower, tall red and white steel lattice tower with observation decks, rising above a dense city of office buildings, hazy sky, daylight, elevated view from a distance",Imported,,2026-09-28T01:28:27.438Z,True,True,2026-09-28T01:29:17.449Z,staff
489,ARCH_0374,"exterior photograph of a parliament building, long symmetrical colonnaded stone facade with a flat roof, huge open public square with crowds and an obelisk, trees in the foreground, daylight with thin clouds, elevated panoramic view from a distance",Imported,,2026-09-27T20:41:11.631Z,True,True,2026-09-27T21:27:08.388Z,staff
247,ARCH_0379,"Fotografia esterna di una villa con piscina, solai a sbalzo sottili e superfici vetrate, contesto privato verde a sbalzo con affaccio sul centro abitato in fondo, luce diurna, foto frontale",Manual,,2026-09-27T16:23:12.767Z,False,True,2026-09-27T16:23:26.401Z,staff
385,ARCH_0379,"exterior photograph of a villa with a swimming pool, thin cantilevered floor slabs and glazed surfaces, private green setting on a slope overlooking a town in the background, daylight, front view",Imported,,2026-09-27T19:18:16.665Z,False,True,2026-09-27T19:18:34.287Z,staff
587,ARCH_0379,"exterior photograph of a house, glass pavilion with a thin cantilevered flat roof on a hillside terrace, swimming pool edge, black metal chairs and a red stool, dry grasses and succulents, view over a wide city below, blue sky, daylight, perspective view at eye level",Imported,,2026-09-28T01:28:25.368Z,True,True,2026-09-28T01:28:46.835Z,staff
252,ARCH_0381,"Fotografia esterna di un grattacielo per uffici, facciata continua in vetro e alluminio scandita da una griglia regolare tra finestre a nastro e solai, area verde urbana, luce diurna, vista frontale dal basso",Manual,,2026-09-27T16:26:32.706Z,False,True,2026-09-27T16:36:12.657Z,staff
386,ARCH_0381,"exterior photograph of an office skyscraper, glass and aluminium curtain wall with a regular grid of ribbon windows and floor slabs, urban green area, daylight, front low-angle view",Imported,,2026-09-27T19:18:16.693Z,False,True,2026-09-27T19:18:34.296Z,staff
588,ARCH_0381,"exterior photograph of an office building, tall slab with horizontal bands of glass and aluminium, slightly tapered sides, lawn with young thin trees in front, blue sky with white clouds, daylight, front low-angle view",Imported,,2026-09-28T01:28:25.394Z,True,True,2026-09-28T01:28:46.844Z,staff
253,ARCH_0382,"Fotografia esterna di una torre per telecomunicazioni, struttura in cemento armato con reticolo diagonale e coronamento cilindrico sormontato da antenna, denso contesto urbano sul lungofiume con edifici multipiano e vegetazione, luce diurna, vista panoramica frontale da lunga distanza",Manual,,2026-09-27T16:30:14.894Z,False,True,2026-09-27T16:36:12.641Z,staff
387,ARCH_0382,"exterior photograph of a telecommunications tower, reinforced concrete structure with diagonal lattice and cylindrical top crowned by an antenna, dense riverside urban setting with multi-storey buildings and vegetation, daylight, front panoramic view from a long distance",Imported,,2026-09-27T19:18:16.720Z,False,True,2026-09-27T19:18:34.304Z,staff
589,ARCH_0382,"exterior photograph of a television tower, slender concrete tower with a diagonal lattice pattern and a spire, riverfront with palm trees, historic buildings and glass towers, a sailing boat on the blue river, clear sky, daylight, front view from a distance",Imported,,2026-09-28T01:28:25.421Z,True,True,2026-09-28T01:28:46.856Z,staff
254,ARCH_0387,"Fotografia esterna di un terminal aeroportuale moderno, struttura in cemento armato e grandi superfici vetrate inclinate, lunga copertura curva e aggettante con ritmo strutturale regolare, contesto infrastrutturale con viabilità multilivello, luce calda del tardo pomeriggio, vista panoramica leggermente sopraelevata.",Manual,,2026-09-27T16:31:46.824Z,False,False,,
255,ARCH_0387,"Fotografia esterna di un terminal aeroportuale moderno, struttura in cemento armato e grandi superfici vetrate inclinate, lunga copertura curva e aggettante con ritmo strutturale regolare, contesto infrastrutturale con viabilità multilivello, luce diurno, vista panoramica",Manual,,2026-09-27T16:32:08.234Z,False,True,2026-09-27T16:36:12.950Z,staff
388,ARCH_0387,"exterior photograph of a modern airport terminal, reinforced concrete structure and large sloping glazed surfaces, long curved projecting roof with regular structural rhythm, infrastructure setting with multi-level roads, daylight, panoramic view",Imported,,2026-09-27T19:18:16.746Z,False,True,2026-09-27T19:18:34.314Z,staff
590,ARCH_0387,"exterior photograph of an airport terminal, long sweeping concave concrete roof held by rows of inclined piers, control tower, curved access roads with cars and green verges, pale evening sky, elevated panoramic view",Imported,,2026-09-28T01:28:25.446Z,True,True,2026-09-28T01:28:46.863Z,staff
490,ARCH_0397,"exterior photograph of a hotel, layered concrete structure of stacked horizontal floors and a vertical stair tower, topped by a pointed tent-like roof, pine trees in the foreground, daylight, perspective view at eye level",Imported,,2026-09-27T20:41:11.674Z,False,False,,
536,ARCH_0397,"Exterior photograph of a modernist institutional building, exposed concrete structure with extensive glazing, layered horizontal volumes, projecting balconies and a sculptural roof form, landscaped garden setting with mature trees, bright daylight, frontal eye-level view.",Manual,,2026-09-27T21:28:14.727Z,False,False,,
537,ARCH_0397,"Exterior photograph of a modernist building, exposed concrete structure with extensive glazing, layered horizontal volumes, projecting balconies and a sculptural roof form, landscaped garden setting with mature trees, bright daylight, frontal eye-level view.",Manual,,2026-09-27T21:28:25.014Z,False,True,2026-09-27T21:28:30.895Z,staff
668,ARCH_0397,"exterior photograph of a hotel, layered concrete structure of stacked horizontal floors and a vertical stair tower, topped by a pointed tent-like roof, pine trees in the foreground, daylight, perspective view at eye level",Imported,,2026-09-28T01:28:27.476Z,True,True,2026-09-28T01:29:17.456Z,staff
491,ARCH_0403,"exterior photograph of a mosque, folded star-shaped roof in turquoise tiles, slender white minaret, white perforated screen walls and stairs, palm trees and garden, daylight with clouds, perspective view at eye level",Imported,,2026-09-27T20:41:11.696Z,False,True,2026-09-27T21:27:43.621Z,staff
669,ARCH_0403,"exterior photograph of a mosque, folded star-shaped roof in turquoise tiles, slender white minaret, white perforated screen walls and stairs, palm trees and garden, blue sky with white clouds, daylight, perspective view at eye level",Imported,,2026-09-28T01:28:27.561Z,True,True,2026-09-28T01:29:17.463Z,staff
492,ARCH_0409,"exterior photograph of a television tower, tall steel lattice mast rising from a raised concrete platform on four curved legs, grass lawn in front, daylight with large clouds, low-angle front view",Imported,,2026-09-27T20:41:11.715Z,False,True,2026-09-27T21:27:54.956Z,staff
670,ARCH_0409,"exterior photograph of a television tower, tall steel lattice mast rising from a raised concrete platform on four curved legs, grass lawn in front, blue sky with white clouds, daylight, low-angle front view",Imported,,2026-09-28T01:28:27.592Z,True,True,2026-09-28T01:29:17.540Z,staff
256,ARCH_0414,Fotografia esterna di un grattacielo in pietra,Manual,,2026-09-27T16:32:27.498Z,False,False,,
257,ARCH_0414,"Fotografia esterna di un grattacielo, facciate verticali rivestite in pannelli di metallo opaco con fitte aperture modulari, luce diurna, vista dal basso ravvicinata senza mostrare contesto.",Manual,,2026-09-27T16:34:37.514Z,False,True,2026-09-27T16:36:13.301Z,staff
389,ARCH_0414,"exterior photograph of a skyscraper, vertical facades clad in matt metal panels with dense modular openings, daylight, close low-angle view without surrounding context",Imported,,2026-09-27T19:18:16.776Z,False,True,2026-09-27T19:18:34.322Z,staff
591,ARCH_0414,"exterior photograph of an office skyscraper, tall slab with dense vertical concrete fins, blue sky with white clouds, daylight, close low-angle view without surrounding context",Imported,,2026-09-28T01:28:25.473Z,True,True,2026-09-28T01:28:46.870Z,staff
493,ARCH_0420,"exterior photograph of a park landscape with a hilltop broadcasting tower in the distance, round white tower building with an observatory dome in the middle ground, dry lawn, winding path and pine trees, clear winter daylight, panoramic view at eye level",Imported,,2026-09-27T20:41:11.733Z,False,True,2026-09-27T21:22:23.553Z,staff
671,ARCH_0420,"exterior photograph of a park landscape with a hilltop broadcasting tower in the distance, round white tower building with an observatory dome in the middle ground, dry lawn, winding path and pine trees, clear blue sky, winter daylight, panoramic view at eye level",Imported,,2026-09-28T01:28:27.625Z,True,True,2026-09-28T01:29:17.556Z,staff
494,ARCH_0422,"exterior photograph of a housing and shopping complex, long stepped terraces of cream concrete with glazed conservatories and tall ventilation towers, city street with pedestrians and parked cars, daylight with clouds, perspective view at eye level",Imported,,2026-09-27T20:41:11.753Z,False,True,2026-09-27T21:21:57.532Z,staff
672,ARCH_0422,"exterior photograph of a housing and shopping complex, long stepped terraces of cream concrete with glazed conservatories and tall ventilation towers, city street with pedestrians and parked cars, blue sky with white clouds, daylight, perspective view at eye level",Imported,,2026-09-28T01:28:27.654Z,True,True,2026-09-28T01:29:17.566Z,staff
258,ARCH_0423,"Fotografia esterna di un edificio ispirato all’architettura tradizionale cinese, struttura in cemento armato con grandi coperture curve rivestite in tegole dorate, facciata simmetrica con colonnato centrale, giardino formale antistante in contesto urbano, luce diurna diffusa sotto cielo nuvoloso, vista frontale ad altezza d’occhio.",Manual,,2026-09-27T16:36:32.770Z,False,False,,
259,ARCH_0423,"Fotografia esterna di un edificio ispirato all’architettura tradizionale cinese, struttura in cemento armato con grandi coperture curve, facciata simmetrica con colonnato centrale, giardino formale antistante in contesto urbano, luce diurna , vista frontale ad altezza d’occhio",Manual,,2026-09-27T16:36:56.887Z,False,True,2026-09-27T16:37:10.988Z,staff
390,ARCH_0423,"exterior photograph of a building inspired by traditional chinese architecture, reinforced concrete structure with large curved roofs, symmetrical facade with central colonnade, formal garden in front in an urban setting, daylight, front view at eye level",Imported,,2026-09-27T19:18:16.800Z,False,True,2026-09-27T19:18:34.331Z,staff
592,ARCH_0423,"exterior photograph of a memorial hall, symmetrical building with sweeping upturned yellow tiled roofs, red walls and a central colonnade, formal garden with clipped hedges and flags, wide paved forecourt, overcast sky, daylight, front view at eye level",Imported,,2026-09-28T01:28:25.496Z,True,True,2026-09-28T01:28:46.877Z,staff
495,ARCH_0428,"exterior photograph of a cultural centre, long multi-storey glass curtain wall facade with horizontal bands and large banners, concrete rooftop elements, wet pedestrian street with benches, overcast daylight, perspective view at eye level",Imported,,2026-09-27T20:41:11.775Z,False,True,2026-09-27T21:21:02.930Z,staff
673,ARCH_0428,"exterior photograph of a cultural centre, long multi-storey glass curtain wall facade with horizontal bands and large banners, concrete rooftop elements, wet pedestrian street with benches, overcast sky, daylight, perspective view at eye level",Imported,,2026-09-28T01:28:27.686Z,True,True,2026-09-28T01:29:17.576Z,staff
496,ARCH_0448,"exterior photograph of a museum, white enamelled metal panel volumes with a curved quarter-circle glazed atrium and long entrance ramp, green lawn in front, daylight, perspective view at eye level",Imported,,2026-09-27T20:41:11.799Z,True,True,2026-09-27T21:20:04.159Z,staff
260,ARCH_0452,Fotografia esterna di un albergo,Manual,,2026-09-27T16:37:21.257Z,False,False,,
261,ARCH_0452,"Fotografia esterna di un complesso residenziale, facciate inclinate rivestite in pannelli gialli grigi e bianchi, volumi cubici ruotati e sollevati su strutture in cemento, contesto urbano, luce diurna, vista prospettica ad altezza d’occhio",Manual,,2026-09-27T16:39:03.724Z,False,True,2026-09-27T16:39:40.110Z,staff
391,ARCH_0452,"exterior photograph of a residential complex, sloping facades clad in yellow, grey and white panels, rotated cubic volumes raised on concrete structures, urban setting, daylight, perspective view at eye level",Imported,,2026-09-27T19:18:16.826Z,False,True,2026-09-27T19:18:34.338Z,staff
593,ARCH_0452,"exterior photograph of a housing complex, tilted cube houses clad in yellow and grey panels on concrete pillars over a street, green tree branches in the foreground, blue sky with white clouds, daylight, perspective view from below",Imported,,2026-09-28T01:28:25.518Z,True,True,2026-09-28T01:28:46.884Z,staff
262,ARCH_0457,"Fotografia esterna di un tempio buddhista, struttura in legno scuro con ampia copertura a padiglione rivestita in tegole, piattaforma circondata da statue e specchi d’acqua, contesto urbano immerso nel verde, luce diurna diffusa, vista frontale ad altezza d’occhio.",Manual,,2026-09-27T16:40:17.030Z,False,False,,
263,ARCH_0457,"Fotografia esterna di un tempio buddhista, struttura in legno scuro con ampia copertura a padiglione rivestita in tegole, piattaforma antistante in legno sull'acqua con statua centrale, contesto immerso nel verde, luce diurna, vista frontale ad altezza d’occhio",Manual,,2026-09-27T16:41:10.816Z,False,True,2026-09-27T16:41:22.108Z,staff
392,ARCH_0457,"exterior photograph of a buddhist temple, dark timber structure with wide hipped roof covered in tiles, timber platform over the water in front with a central statue, surrounded by greenery, daylight, front view at eye level",Imported,,2026-09-27T19:18:16.853Z,False,True,2026-09-27T19:18:34.346Z,staff
594,ARCH_0457,"exterior photograph of a buddhist temple, dark timber pavilion with a wide hipped grey tiled roof on a stone platform over a lake, timber deck with a reclining statue in the foreground, row of small gold statues, hazy sky, daylight, front view at eye level",Imported,,2026-09-28T01:28:25.538Z,True,True,2026-09-28T01:28:46.891Z,staff
264,ARCH_0460,"Fotografia esterna di una moschea, struttura in cemento armato bianco con grande copertura triangolare e quattro minareti slanciati, ampia piazza, luce diurna, vista frontale ad altezza d’occhio",Manual,,2026-09-27T16:42:08.248Z,False,True,2026-09-27T16:42:08.549Z,staff
265,ARCH_0460,"Fotografia esterna di una moschea, struttura in cemento armato bianco con grande copertura triangolare e quattro minareti slanciati, ampia piazza, luce diurna, vista frontale ad altezza d’occhio",Manual,,2026-09-27T16:42:08.260Z,False,True,2026-09-27T18:58:28.326Z,staff
393,ARCH_0460,"exterior photograph of a mosque, white reinforced concrete structure with large triangular roof and four slender minarets, wide square, daylight, front view at eye level",Imported,,2026-09-27T19:18:16.880Z,False,True,2026-09-27T19:18:34.353Z,staff
595,ARCH_0460,"exterior photograph of a mosque, large white tent-like triangular roof between four tall thin pointed minarets, wooded hill on one side, blue sky with white clouds, daylight, front view at eye level",Imported,,2026-09-28T01:28:25.563Z,True,True,2026-09-28T01:28:46.898Z,staff
267,ARCH_0463,"Fotografia esterna di un edificio culturale, struttura in cemento e vetro con facciata curva scandita da pilastri verticali, parco urbano affacciato su un fiume, luce diurna, vista panoramica leggermente sopraelevata",Manual,,2026-09-27T16:50:29.290Z,False,True,2026-09-27T16:50:29.627Z,staff
268,ARCH_0463,"Fotografia esterna di un edificio culturale, struttura in cemento e vetro con facciata curva scandita da pilastri verticali, parco urbano affacciato su un fiume, luce diurna, vista panoramica leggermente sopraelevata",Manual,,2026-09-27T16:50:29.303Z,False,True,2026-09-27T18:58:29.282Z,staff
394,ARCH_0463,"exterior photograph of a cultural building, concrete and glass structure with curved facade marked by vertical pillars, urban park facing a river, daylight, slightly elevated panoramic view",Imported,,2026-09-27T19:18:16.907Z,False,True,2026-09-27T19:18:34.362Z,staff
596,ARCH_0463,"exterior photograph of a museum, curved stone facade with tall piers and dark glazing, sweeping paved terrace with a railing and flower baskets, park with green trees and a river, historic buildings on the far bank, blue sky with white clouds, daylight, wide-angle perspective view",Imported,,2026-09-28T01:28:25.589Z,True,True,2026-09-28T01:28:46.905Z,staff
266,ARCH_0464,"Fotografia esterna di una piazza urbana ultra moderna, sullo sfondo l'interpretazione di un arco urbano a larga scala minimalista in",Manual,,2026-09-27T16:49:52.583Z,False,False,,
269,ARCH_0464,"Fotografia esterna di una piazza urbana con scalinata ultra moderna, sullo sfondo l'interpretazione di un arco monumentale urbano minimalista, piazza pedonale alberata incorniciata da torri per uffici in vetro e acciaio, luce diurna, vista frontale ad altezza d’occhio",Manual,,2026-09-27T16:51:43.126Z,False,True,2026-09-27T16:55:02.710Z,staff
395,ARCH_0464,"exterior photograph of an urban square with a modern staircase, a minimalist arch-shaped building in the background, tree-lined pedestrian square framed by glass and steel office towers, daylight, front view at eye level",Imported,,2026-09-27T19:18:16.932Z,False,True,2026-09-27T19:18:34.372Z,staff
428,ARCH_0464,"exterior photograph of a monumental cubic arch, stone and glass, large urban plaza, daylight, frontal view.",Manual,,2026-09-27T20:33:08.498Z,False,True,2026-09-27T20:33:52.391Z,staff
597,ARCH_0464,"exterior photograph of a hollow cube-shaped office monument at the end of a long paved esplanade with steps and benches, rows of clipped plane trees, curved glass towers on both sides, white overcast sky, daylight, front view at eye level",Imported,,2026-09-28T01:28:25.610Z,True,True,2026-09-28T01:28:46.913Z,staff
270,ARCH_0471,"Fotografia esterna di un edificio per uffici, facciata curva rivestita in pannelli chiari con ampie fasce di verde verticale integrate, struttura multipiano in contesto urbano alberato, luce diurna, vista prospettica ad altezza d’occhio",Manual,,2026-09-27T16:55:02.472Z,False,True,2026-09-27T16:55:33.894Z,staff
396,ARCH_0471,"exterior photograph of an office building, curved facade clad in light panels with wide bands of integrated vertical greenery, multi-storey structure in a tree-lined urban setting, daylight, perspective view at eye level",Imported,,2026-09-27T19:18:16.953Z,False,True,2026-09-27T19:18:34.381Z,staff
598,ARCH_0471,"exterior photograph of an office building, curved multi-storey facade with white bands and horizontal strips of green climbing plants, thin roof canopy, trees in front, clear blue sky, daylight, perspective view from below",Imported,,2026-09-28T01:28:25.635Z,True,True,2026-09-28T01:28:46.920Z,staff
271,ARCH_0472,"Fotografia esterna di una moschea con torre imponente,",Manual,,2026-09-27T16:55:25.485Z,False,False,,
276,ARCH_0472,"Fotografia esterna di una grande moschea monumentale, struttura in pietra chiara con decorazioni geometriche e archi islamici, alto minareto quadrangolare rivestito con motivi ornamentali e sommità verde, ampio complesso religioso con porticati, luce diurna filtrata dalla foschia, vista frontale leggermente dal basso.",Manual,,2026-09-27T16:57:37.574Z,False,False,,
277,ARCH_0472,"Fotografia esterna di una grande moschea monumentale, struttura in pietra chiara con decorazioni geometriche e archi islamici, rivestito con motivi ornamentali e sommità verde, ampio complesso religioso con porticati, luce diurna, vista frontale leggermente dal basso.",Manual,,2026-09-27T16:58:24.344Z,False,True,2026-09-27T16:58:24.421Z,staff
310,ARCH_0472,"Fotografia esterna di una grande moschea monumentale, struttura in pietra chiara con decorazioni geometriche e archi islamici, rivestito con motivi ornamentali e sommità verde, ampio complesso religioso con porticati, luce diurna con foschia, vista frontale leggermente dal basso",Manual,,2026-09-27T17:36:50.147Z,False,True,2026-09-27T17:54:26.448Z,staff
397,ARCH_0472,"exterior photograph of a large mosque, light stone structure with geometric decorations and islamic arches, ornamental patterns and green top, large religious complex with porticoes, daylight with haze, front view from slightly below",Imported,,2026-09-27T19:18:16.976Z,False,True,2026-09-27T19:18:34.390Z,staff
599,ARCH_0472,"exterior photograph of a mosque, very tall square minaret with carved geometric patterns and green tiles, arcaded stone prayer hall with a green tiled roof, dramatic misty sky, warm light, low-angle view",Imported,,2026-09-28T01:28:25.660Z,True,True,2026-09-28T01:28:46.928Z,staff
278,ARCH_0476,"Fotografia esterna di uno skyline urbano moderno con torri , insieme di grattacieli in vetro e acciaio con torre panoramica iconica, fronte fluviale con imbarcazioni, luce diurna, vista panoramica frontale da lunga distanza.",Manual,,2026-09-27T17:02:16.946Z,False,False,,
279,ARCH_0476,"Fotografia esterna di uno skyline urbano moderno con torre televisiva svettante e iconica con sfera , insieme di grattacieli in vetro e acciaio con torre panoramica iconica, fronte fluviale con imbarcazioni, luce diurna, vista panoramica frontale da lunga distanza.",Manual,,2026-09-27T17:02:40.522Z,False,False,,
280,ARCH_0476,"Fotografia esterna di uno skyline urbano moderno con torre televisiva svettante e iconica con sfera , insieme di grattacieli in vetro e acciaio con torre panoramica iconica, fronte fluviale con imbarcazioni, luce diurna, vista panoramica frontale da lunga distanza",Manual,,2026-09-27T17:02:59.647Z,False,True,2026-09-27T17:02:59.746Z,staff
398,ARCH_0476,"exterior photograph of a modern city skyline with a tall television tower with spheres, group of glass and steel skyscrapers, riverfront with boats, daylight, front panoramic view from a long distance",Imported,,2026-09-27T19:18:17.002Z,False,True,2026-09-27T19:18:34.400Z,staff
426,ARCH_0476,"exterior photograph of a television tower with large spherical volumes, steel and glass, dense urban skyline, daylight, distant view",Manual,,2026-09-27T20:31:42.964Z,False,True,2026-09-27T20:33:53.652Z,staff
600,ARCH_0476,"photograph of a city skyline across a wide river, television tower with pink spheres among glass skyscrapers, a white river boat in the foreground, hazy sky, daylight, panoramic view from a distance",Imported,,2026-09-28T01:28:25.685Z,True,True,2026-09-28T01:28:46.935Z,staff
281,ARCH_0477,"Fotografia esterna di un edificio per uffici, facciata vetrata a terrazze degradanti con ampie superfici verdi integrate, volume terrazzato affacciato su un canale urbano, luce calda del tardo pomeriggio, vista prospettica ad altezza d’occhio.",Manual,,2026-09-27T17:05:08.921Z,False,False,,
282,ARCH_0477,"Fotografia esterna di un edificio per uffici, facciata vetrata a terrazze degradanti con ampie superfici verdi integrate, volume terrazzato affacciato su un canale fluviale, luce diurna, vista prospettica ad altezza d’occhio",Manual,,2026-09-27T17:05:24.265Z,False,True,2026-09-27T17:07:16.138Z,staff
399,ARCH_0477,"exterior photograph of an office building, glazed facade with stepped terraces and large integrated green surfaces, terraced volume facing a river canal, daylight, perspective view at eye level",Imported,,2026-09-27T19:18:17.024Z,False,True,2026-09-27T19:18:34.410Z,staff
601,ARCH_0477,"exterior photograph of an office building, glass facade stepping back in terraces covered with trees and shrubs, stone base along a canal with dark water and a railing, city buildings around, evening sky, perspective view at eye level",Imported,,2026-09-28T01:28:25.706Z,True,True,2026-09-28T01:28:46.943Z,staff
497,ARCH_0480,"exterior photograph of a museum, long low rectangular volumes of frosted glass and dark stone panels on a raised podium with a curved terrace, grass slope in the foreground, overcast daylight, perspective view at eye level from a distance",Imported,,2026-09-27T20:41:11.819Z,False,False,,
532,ARCH_0480,"Exterior photograph of a modernist cultural complex, rectilinear volumes clad in light translucent panels and dark stone, elevated upper block supported by massive rectangular columns, open paved plaza in a landscaped setting, diffused daylight, eye-level perspective view.",Manual,,2026-09-27T21:19:42.590Z,False,True,2026-09-27T21:19:42.655Z,staff
674,ARCH_0480,"exterior photograph of a museum, long low rectangular volumes of frosted glass and dark stone panels on a raised podium with a curved terrace, grass slope in the foreground, overcast sky, daylight, perspective view at eye level from a distance",Imported,,2026-09-28T01:28:27.739Z,True,True,2026-09-28T01:29:17.587Z,staff
283,ARCH_0482,Fotografia esterna di un edificio,Manual,,2026-09-27T17:05:34.516Z,False,False,,
284,ARCH_0482,"Fotografia esterna di un edificio per uffici, facciate in vetro e intonaco chiaro con volumi curvilinei e torre vetrata inclinata che sembra piegarsi, inserito in un isolato storico nel centro urbano, luce diurna, vista prospettica dal basso",Manual,,2026-09-27T17:06:47.698Z,False,True,2026-09-27T17:07:16.768Z,staff
400,ARCH_0482,"exterior photograph of an office building, glass and light render facades with curvilinear volumes and a leaning glazed tower that appears to bend, set in a historic block in the city centre, daylight, low-angle perspective view",Imported,,2026-09-27T19:18:17.045Z,False,True,2026-09-27T19:18:34.420Z,staff
602,ARCH_0482,"exterior photograph of an office building, pair of towers, one of curved glass pinched at the waist on tilted columns and one of rendered concrete with wavy window bands, historic facades along a street with traffic lights and cars, blue sky with white clouds, daylight, low-angle view",Imported,,2026-09-28T01:28:25.741Z,True,True,2026-09-28T01:28:46.952Z,staff
272,ARCH_0483,Fotografia esterna di un ponte,Manual,,2026-09-27T16:55:46.367Z,False,False,,
285,ARCH_0483,"Fotografia esterna di un ponte strallato contemporaneo, struttura in acciaio e cemento con alto pilone inclinato e cavi di sospensione, attraversamento fluviale in contesto urbano con edifici residenziali e torri sullo sfondo, luce diurna, vista panoramica laterale ad altezza d’occhio",Manual,,2026-09-27T17:07:07.838Z,False,True,2026-09-27T17:07:17.417Z,staff
401,ARCH_0483,"exterior photograph of a contemporary cable-stayed bridge, steel and concrete structure with tall inclined pylon and stay cables, river crossing in an urban setting with residential buildings and towers in the background, daylight, side panoramic view at eye level",Imported,,2026-09-27T19:18:17.067Z,False,True,2026-09-27T19:18:34.429Z,staff
603,ARCH_0483,"exterior photograph of a cable-stayed bridge, tall white bent pylon with fan of cables over a wide brown river, quays and apartment towers behind, clear blue sky, daylight, side view at eye level",Imported,,2026-09-28T01:28:25.790Z,True,True,2026-09-28T01:28:46.961Z,staff
498,ARCH_0484,"exterior photograph of a chapel, tinted concrete box with several curved roof light volumes of different heights, long reflecting pool and paved walkway with a bench in front, trees, daylight, perspective view at eye level",Imported,,2026-09-27T20:41:11.843Z,True,True,2026-09-27T21:14:58.103Z,staff
499,ARCH_0486,"exterior photograph of a science museum, large ship-shaped volume clad in green copper panels, rising from the water with a sloping roof, footbridge alongside, harbour water in the foreground, daylight, side view from across the water",Imported,,2026-09-27T20:41:11.866Z,True,True,2026-09-27T21:14:43.800Z,staff
500,ARCH_0487,"exterior photograph of a suspension bridge in the distance with tall towers and cables, long concrete viaduct on high piers in the foreground, forested hills and apartment blocks, overcast daylight, elevated panoramic view",Imported,,2026-09-27T20:41:11.888Z,False,True,2026-09-27T21:14:27.987Z,staff
675,ARCH_0487,"exterior photograph of a suspension bridge in the distance with tall towers and cables, long concrete viaduct on high piers in the foreground, forested hills and apartment blocks, overcast sky, daylight, elevated panoramic view",Imported,,2026-09-28T01:28:27.788Z,True,True,2026-09-28T01:29:17.595Z,staff
501,ARCH_0489,"exterior photograph of a suspension bridge in the distance with a tall steel tower and cables, low-rise residential neighbourhood and a grassy mound in the middle ground, large ceramic urns on a rooftop in the foreground, daylight with clouds, elevated panoramic view",Imported,,2026-09-27T20:41:11.918Z,False,True,2026-09-27T21:14:15.607Z,staff
676,ARCH_0489,"exterior photograph of a suspension bridge in the distance with a tall steel tower and cables, low-rise residential neighbourhood and a grassy mound in the middle ground, large ceramic urns on a rooftop in the foreground, blue sky with white clouds, daylight, elevated panoramic view",Imported,,2026-09-28T01:28:27.814Z,True,True,2026-09-28T01:29:17.605Z,staff
502,ARCH_0499,"exterior photograph of a mixed-use complex, glass and stone office blocks with a rounded glass tower, wide city street with young trees, traffic and signs, bright overcast daylight, perspective view at eye level",Imported,,2026-09-27T20:41:11.945Z,False,True,2026-09-27T21:13:45.716Z,staff
677,ARCH_0499,"exterior photograph of a mixed-use complex, glass and stone office blocks with a rounded glass tower, wide city street with young trees, traffic and signs, bright overcast sky, daylight, perspective view at eye level",Imported,,2026-09-28T01:28:27.838Z,True,True,2026-09-28T01:29:17.613Z,staff
503,ARCH_0501,"exterior photograph of a cable-stayed bridge, long steel deck on concrete piers with tall concrete pylons and fan-shaped cables, flat sea in the foreground, hazy daylight, side view from the water",Imported,,2026-09-27T20:41:11.971Z,False,True,2026-09-27T21:12:38.702Z,staff
678,ARCH_0501,"exterior photograph of a cable-stayed bridge, long steel deck on concrete piers with tall concrete pylons and fan-shaped cables, flat sea in the foreground, hazy sky, daylight, side view from the water",Imported,,2026-09-28T01:28:27.869Z,True,True,2026-09-28T01:29:17.622Z,staff
273,ARCH_0503,Fotografia esterna di un ponte,Manual,,2026-09-27T16:55:47.602Z,False,False,,
287,ARCH_0503,"Fotografia esterna di un ponte, struttura in acciaio con grande arco inclinato e cavi di sospensione come tiranti, attraversamento fluviale in denso contesto urbano, luce diurna, vista panoramica sopraelevata",Manual,,2026-09-27T17:08:22.997Z,False,True,2026-09-27T17:08:36.214Z,staff
402,ARCH_0503,"exterior photograph of a bridge, steel structure with large inclined arch and suspension cables as ties, river crossing in a dense urban setting, daylight, elevated panoramic view",Imported,,2026-09-27T19:18:17.089Z,False,True,2026-09-27T19:18:34.439Z,staff
604,ARCH_0503,"exterior photograph of a pedestrian bridge, white curved steel arch with cables supporting a curved deck over a river, quays with historic buildings behind, reflections on window glass, daylight, elevated view",Imported,,2026-09-28T01:28:25.817Z,True,True,2026-09-28T01:28:46.969Z,staff
504,ARCH_0504,"exterior photograph of an incineration plant, colourful facade with painted patterns, irregular windows and small towers, tall striped chimney with a golden sphere on top, wide road and trees in front, clear daylight, perspective view at eye level",Imported,,2026-09-27T20:41:11.996Z,False,True,2026-09-27T21:11:30.760Z,staff
530,ARCH_0504,"Exterior photograph of a postmodern industrial building, colorful façades with irregular geometric openings, decorative towers and a tall cylindrical chimney crowned by a golden sphere, open urban-industrial setting, bright daylight, eye-level perspective view.",Manual,,2026-09-27T21:13:32.064Z,False,True,2026-09-27T21:13:32.412Z,staff
679,ARCH_0504,"exterior photograph of an incineration plant, colourful facade with painted patterns, irregular windows and small towers, tall striped chimney with a golden sphere on top, wide road and trees in front, clear blue sky, daylight, perspective view at eye level",Imported,,2026-09-28T01:28:27.892Z,True,True,2026-09-28T01:29:17.632Z,staff
286,ARCH_0507,Fotografia esterna di una moschea,Manual,,2026-09-27T17:07:44.718Z,False,False,,
290,ARCH_0507,"Fotografia esterna di una moschea monumentale, rivestimento in pietra chiara con grandi archi ogivali, cupola traforata, ampia piazza pavimentata e spazio cerimoniale aperto, luce diurna, vista prospettica ad altezza d’occhio",Manual,,2026-09-27T17:10:20.438Z,False,True,2026-09-27T17:10:20.667Z,staff
291,ARCH_0507,"Fotografia esterna di una moschea monumentale, rivestimento in pietra chiara con grandi archi ogivali, cupola traforata, ampia piazza pavimentata e spazio cerimoniale aperto, luce diurna, vista prospettica ad altezza d’occhio",Manual,,2026-09-27T17:10:20.452Z,False,True,2026-09-27T18:58:31.547Z,staff
403,ARCH_0507,"exterior photograph of a large mosque, light stone cladding with large pointed arches, pierced dome, wide paved square and open ceremonial space, daylight, perspective view at eye level",Imported,,2026-09-27T19:18:17.110Z,False,True,2026-09-27T19:18:34.448Z,staff
605,ARCH_0507,"exterior photograph of a mosque, white stone walls with pointed arches and a dome, slender white minaret, large polished marble courtyard with visitors, deep blue sky, daylight, perspective view at eye level",Imported,,2026-09-28T01:28:25.847Z,True,True,2026-09-28T01:28:46.977Z,staff
288,ARCH_0517,Fotografia esterna di un centro civico formato da,Manual,,2026-09-27T17:09:11.039Z,False,False,,
289,ARCH_0517,Fotografia esterna di un centro civico formato da volumi completamente vetrati alla base sovrastati da volumi cilindici colorati e con copertura curva metallica,Manual,,2026-09-27T17:09:39.941Z,False,False,,
295,ARCH_0517,"Fotografia esterna di un centro civico con grande copertura ellittica sospesa, basamento di volumi vetrati sovrastati da volumi cilindrici colorati giallo e rosso, ampia piazza pubblica pavimentata, luce diurna, vista frontale ad altezza d’occhio",Manual,,2026-09-27T17:12:38.521Z,False,True,2026-09-27T17:12:38.752Z,staff
296,ARCH_0517,"Fotografia esterna di un centro civico con grande copertura ellittica sospesa, basamento di volumi vetrati sovrastati da volumi cilindrici colorati giallo e rosso, ampia piazza pubblica pavimentata, luce diurna, vista frontale ad altezza d’occhio",Manual,,2026-09-27T17:12:38.529Z,False,True,2026-09-27T18:58:32.511Z,staff
404,ARCH_0517,"exterior photograph of a civic centre with a large suspended elliptical roof, base of glazed volumes topped by yellow and red cylindrical volumes, wide paved public square, daylight, front view at eye level",Imported,,2026-09-27T19:18:17.134Z,False,True,2026-09-27T19:18:34.456Z,staff
606,ARCH_0517,"exterior photograph of a civic centre, huge wavy grey roof on steel columns with yellow and red cylindrical volumes beneath, very large empty paved square with a cyclist, hills behind, blue sky, daylight, front view at eye level",Imported,,2026-09-28T01:28:25.877Z,True,True,2026-09-28T01:28:46.986Z,staff
292,ARCH_0518,"Fotografia di skyline di città moderna con grattacieli,",Manual,,2026-09-27T17:11:07.925Z,False,False,,
293,ARCH_0518,"Fotografia di skyline di città moderna con grattacieli, facciate in vetro,",Manual,,2026-09-27T17:11:18.803Z,False,False,,
294,ARCH_0518,"Fotografia di skyline di città moderna con grattacieli, facciate in vetro, luce diurna, vista prospettica dall'alto",Manual,,2026-09-27T17:11:39.107Z,False,True,2026-09-27T17:12:42.455Z,staff
405,ARCH_0518,"photograph of a modern city skyline with skyscrapers, glass facades, daylight, perspective view from above",Imported,,2026-09-27T19:18:17.157Z,False,True,2026-09-27T19:18:34.468Z,staff
425,ARCH_0518,"exterior photograph of a tall stepped office tower, glass and steel facade, dense urban skyline, daylight, distant street-level view",Manual,,2026-09-27T20:30:57.457Z,False,True,2026-09-27T20:33:55.206Z,staff
607,ARCH_0518,"photograph of a green stepped skyscraper with segmented tiers towering over a dense city of apartment blocks, forested green hill in the foreground, mountains on the horizon, blue sky with white clouds, daylight, elevated view",Imported,,2026-09-28T01:28:25.898Z,True,True,2026-09-28T01:28:46.994Z,staff
505,ARCH_0522,"exterior photograph of an opera house, curved white concrete shells and a large sweeping steel crest over a rounded volume, palm trees and garden in front, apartment blocks behind, dusk light, perspective view at eye level",Imported,,2026-09-27T20:41:12.019Z,True,True,2026-09-27T21:11:15.904Z,staff
506,ARCH_0524,"exterior photograph of a housing complex, two long glass and steel blocks with rows of pointed triangular balconies, large green lawn with young trees in front, cloudy daylight, perspective view at eye level",Imported,,2026-09-27T20:41:12.041Z,False,True,2026-09-27T21:11:03.385Z,staff
680,ARCH_0524,"exterior photograph of a housing complex, two long glass and steel blocks with rows of pointed triangular balconies, large green lawn with young trees in front, cloudy sky, daylight, perspective view at eye level",Imported,,2026-09-28T01:28:27.922Z,True,True,2026-09-28T01:29:17.642Z,staff
297,ARCH_0527,"Fotografia esterna di un padiglione, struttura in acciaio e schermature in legno intrecciato, copertura modulare composta da grandi elementi esagonali, immerso in un contesto verde tropicale, luce diurna, vista dal basso",Manual,,2026-09-27T17:20:10.959Z,False,True,2026-09-27T17:20:58.177Z,staff
406,ARCH_0527,"exterior photograph of a pavilion, steel structure and woven timber screens, modular roof of large hexagonal elements, set in tropical greenery, daylight, low-angle view",Imported,,2026-09-27T19:18:17.182Z,False,True,2026-09-27T19:18:34.477Z,staff
608,ARCH_0527,"photograph of a garden pavilion, hexagonal timber canopies on slender steel columns with woven wooden screens, tropical plants and trees below, bright sky through the openings, daylight, low-angle view from underneath",Imported,,2026-09-28T01:28:25.919Z,True,True,2026-09-28T01:28:47.001Z,staff
299,ARCH_0529,"Fotografia esterna notturna di un edificio, struttura in acciaio e vetro con grande copertura fluida e aggettante, superfici trasparenti e forme scultoree illuminate, contesto urbano serale, illuminazione artificiale calda e colorata, vista prospettica ad altezza d’occhio",Manual,,2026-09-27T17:22:59.871Z,False,True,2026-09-27T17:22:59.942Z,staff
300,ARCH_0529,"Fotografia esterna notturna di un edificio, struttura in acciaio e vetro con grande copertura fluida e aggettante, superfici trasparenti e forme scultoree illuminate, contesto urbano serale, illuminazione artificiale calda e colorata, vista prospettica ad altezza d’occhio",Manual,,2026-09-27T17:22:59.883Z,False,True,2026-09-27T18:58:34.579Z,staff
407,ARCH_0529,"exterior night photograph of a building, steel and glass structure with large fluid projecting roof, illuminated transparent surfaces and sculptural forms, urban evening setting, warm coloured artificial lighting, perspective view at eye level",Imported,,2026-09-27T19:18:17.206Z,False,True,2026-09-27T19:18:34.486Z,staff
609,ARCH_0529,"exterior night photograph of a showroom, twisting cone-shaped glass and steel volume under a large flowing roof lit with blue and pink lights, dark elevated walkway with small lamps, night sky, eye-level perspective view",Imported,,2026-09-28T01:28:25.945Z,True,True,2026-09-28T01:28:47.009Z,staff
298,ARCH_0533,"Fotografia esterna di un edificio, torre vetrata slanciata con coronamento svasato e articolato, grande podio ovoidale rivestito da una facciata geometrica in vetro, denso contesto urbano, luce diurna, vista dal basso ad altezza d’occhio",Manual,,2026-09-27T17:20:58.111Z,False,True,2026-09-27T17:20:58.955Z,staff
408,ARCH_0533,"exterior photograph of a building, slender glazed tower with flared articulated top, large ovoid podium clad in a geometric glass facade, dense urban setting, daylight, low-angle view from eye level",Imported,,2026-09-27T19:18:17.230Z,False,True,2026-09-27T19:18:34.493Z,staff
610,ARCH_0533,"exterior photograph of a hotel tower, gold glass tower flaring outwards at the top like a flower above a large glass dome podium, casino signs, green trees and a bus stop at street level, clear blue sky, daylight, low-angle view",Imported,,2026-09-28T01:28:25.967Z,True,True,2026-09-28T01:28:47.018Z,staff
301,ARCH_0536,"Fotografia esterna di un grattacielo contemporaneo, facciata in vetro avvolta da una struttura diagonale bianca a reticolo, volume slanciato con grande apertura ovale nella parte superiore, denso contesto urbano con torri per uffici, piena luce diurna, vista prospettica dal basso.",Manual,,2026-09-27T17:23:15.959Z,False,False,,
302,ARCH_0536,"Fotografia esterna di grattacieli contemporanei, quello più vicino ha facciata in vetro avvolta da una struttura diagonale bianca a reticolo, volume slanciato con grande apertura ovale nella parte superiore, denso contesto urbano con torri per uffici, luce diurna, vista prospettica dal basso",Manual,,2026-09-27T17:24:14.119Z,False,True,2026-09-27T17:29:27.061Z,staff
409,ARCH_0536,"exterior photograph of contemporary skyscrapers, the nearest with a glass facade wrapped in a white diagonal lattice structure, slender volume with a large oval opening near the top, dense urban setting with office towers, daylight, low-angle perspective view",Imported,,2026-09-27T19:18:17.253Z,False,True,2026-09-27T19:18:34.500Z,staff
611,ARCH_0536,"exterior photograph of skyscrapers, tall glass tower wrapped in a white diagonal lattice with an oval opening near the top, grey office towers around, small green hill with trees and a road barrier in front, blue sky with white clouds, daylight, low-angle view",Imported,,2026-09-28T01:28:25.989Z,True,True,2026-09-28T01:28:47.027Z,staff
274,ARCH_0537,Fotografia esterna di un ponte,Manual,,2026-09-27T16:55:55.367Z,False,False,,
303,ARCH_0537,"Fotografia esterna di un ponte strallato, struttura in cemento armato e acciaio con due alti piloni inclinati e fitta trama di cavi, attraversamento fluviale integrato in una grande infrastruttura urbana, luce diurna, vista panoramica sopraelevata",Manual,,2026-09-27T17:29:24.576Z,False,True,2026-09-27T17:29:27.435Z,staff
410,ARCH_0537,"exterior photograph of a cable-stayed bridge, reinforced concrete and steel structure with two tall inclined pylons and a dense pattern of cables, river crossing within a large urban infrastructure, daylight, elevated panoramic view",Imported,,2026-09-27T19:18:17.277Z,False,True,2026-09-27T19:18:34.507Z,staff
612,ARCH_0537,"exterior photograph of a cable-stayed bridge, tall concrete X-shaped pylon with many cables over a river and highway interchange, dense city of towers behind, blue sky with white clouds, daylight, elevated panoramic view",Imported,,2026-09-28T01:28:26.009Z,True,True,2026-09-28T01:28:47.038Z,staff
507,ARCH_0538,"exterior photograph of a skyscraper, very tall tapering glass tower with a trapezoidal opening at the top, next to a stepped tiered tower, dense high-rise city below, hazy daylight, elevated view from a distance",Imported,,2026-09-27T20:41:12.061Z,False,True,2026-09-27T21:10:44.574Z,staff
681,ARCH_0538,"exterior photograph of a skyscraper, very tall tapering glass tower with a trapezoidal opening at the top, next to a stepped tiered tower, dense high-rise city below, hazy sky, daylight, elevated view from a distance",Imported,,2026-09-28T01:28:27.945Z,True,True,2026-09-28T01:29:17.652Z,staff
508,ARCH_0540,"exterior photograph of a stadium, large white steel arch spanning over the stands, white tensile roof and glazed facade, road and landscaped roundabout in front, daylight with clouds, perspective view at eye level",Imported,,2026-09-27T20:41:12.083Z,False,True,2026-09-27T21:10:15.093Z,staff
682,ARCH_0540,"exterior photograph of a stadium, large white steel arch spanning over the stands, white tensile roof and glazed facade, road and landscaped roundabout in front, blue sky with white clouds, daylight, perspective view at eye level",Imported,,2026-09-28T01:28:27.972Z,True,True,2026-09-28T01:29:17.666Z,staff
304,ARCH_0542,"Fotografia esterna di un ponte strallato contemporaneo, struttura in cemento armato e acciaio con due alti piloni inclinati e fitta trama di cavi, attraversamento fluviale integrato in una grande infrastruttura urbana, piena luce diurna, vista panoramica sopraelevata.",Manual,,2026-09-27T17:31:43.059Z,False,False,,
305,ARCH_0542,"Fotografia esterna di un complesso residenziale, facciate bianche con balconi continui dalle forme fluide e volume adiacente in vetro e acciaio, contesto urbano, luce diurna, vista frontale leggermente prospettica ad altezza d’occhio",Manual,,2026-09-27T17:33:01.070Z,False,True,2026-09-27T17:35:02.817Z,staff
411,ARCH_0542,"exterior photograph of a residential complex, white facades with continuous fluid-shaped balconies and an adjacent glass and steel volume, urban setting, daylight, front view slightly in perspective at eye level",Imported,,2026-09-27T19:18:17.298Z,False,True,2026-09-27T19:18:34.516Z,staff
613,ARCH_0542,"exterior photograph of a residential tower, white tower with wavy continuous balconies next to a low glazed office block, bare waterfront ground in front, pale hazy sky, daylight, perspective view at eye level",Imported,,2026-09-28T01:28:26.029Z,True,True,2026-09-28T01:28:47.047Z,staff
306,ARCH_0543,Fotografia,Manual,,2026-09-27T17:33:54.337Z,False,False,,
307,ARCH_0543,"Fotografia esterna di un edificio, struttura monolitica in cemento a vista con facciata sfaccettata e nastri finestrati irregolari, volume compatto prismatico inserito in un contesto urbano, luce diurna, vista prospettica ad altezza d’occhio",Manual,,2026-09-27T17:34:35.067Z,False,True,2026-09-27T17:35:03.274Z,staff
412,ARCH_0543,"exterior photograph of a building, monolithic exposed concrete structure with faceted facade and irregular window bands, compact prismatic volume in an urban setting, daylight, perspective view at eye level",Imported,,2026-09-27T19:18:17.318Z,False,True,2026-09-27T19:18:34.524Z,staff
614,ARCH_0543,"exterior photograph of a building, faceted white concrete volume with folded planes and diagonal bands of blue glass windows, street with thin young trees and a lamp post, blue sky with white clouds, daylight, perspective view at eye level",Imported,,2026-09-28T01:28:26.049Z,True,True,2026-09-28T01:28:47.056Z,staff
275,ARCH_0544,Fotografia esterna di un ponte,Manual,,2026-09-27T16:56:00.652Z,False,False,,
308,ARCH_0544,"Fotografia esterna di un ponte pedonale contemporaneo, struttura in acciaio e vetro con copertura reticolare ondulata, attraversamento fluviale inserito in un contesto urbano storico e paesaggistico, piena luce diurna, vista panoramica sopraelevata.",Manual,,2026-09-27T17:35:20.395Z,False,False,,
309,ARCH_0544,"Fotografia esterna di un ponte pedonale contemporaneo, copertura reticolare ondulare plastica con struttura in acciaio e vetro, attraversamento fluviale inserito in un contesto urbano,luce diurna, vista panoramica sopraelevata",Manual,,2026-09-27T17:36:15.912Z,False,False,,
312,ARCH_0544,"Fotografia esterna di un ponte pedonale contemporaneo, copertura reticolare ondulare plastica con struttura in acciaio e vetro, attraversamento fluviale inserito in un contesto urbano, luce diurna, vista panoramica sopraelevata",Manual,,2026-09-27T17:37:10.793Z,False,True,2026-09-27T17:37:11.110Z,staff
313,ARCH_0544,"Fotografia esterna di un ponte pedonale contemporaneo, copertura reticolare ondulare plastica con struttura in acciaio e vetro, attraversamento fluviale inserito in un contesto urbano, luce diurna, vista panoramica sopraelevata",Manual,,2026-09-27T17:37:10.805Z,False,True,2026-09-27T18:58:36.392Z,staff
413,ARCH_0544,"exterior photograph of a contemporary pedestrian bridge, undulating sculptural lattice canopy with steel and glass structure, river crossing in an urban setting, daylight, elevated panoramic view",Imported,,2026-09-27T19:18:17.346Z,False,True,2026-09-27T19:18:34.531Z,staff
615,ARCH_0544,"exterior photograph of a pedestrian bridge, wavy glass and steel canopy over a river, riverbanks with green trees and moored boats, city and hills behind, clear sky, daylight, elevated panoramic view",Imported,,2026-09-28T01:28:26.070Z,True,True,2026-09-28T01:28:47.064Z,staff
314,ARCH_0545,"Fotografia esterna di una torre, struttura sottile reticolare in acciaio con profilo iperboloide slanciato e antenna sommitale, ampia piazza pedonale alberata in contesto urbano, luce diurna, vista frontale da lunga distanza",Manual,,2026-09-27T17:37:43.383Z,False,True,2026-09-27T17:37:51.739Z,staff
414,ARCH_0545,"exterior photograph of a tower, slender steel lattice structure with tall hyperboloid profile and antenna at the top, wide tree-lined pedestrian square in an urban setting, daylight, front view from a long distance",Imported,,2026-09-27T19:18:17.366Z,False,True,2026-09-27T19:18:34.550Z,staff
616,ARCH_0545,"exterior photograph of a television tower, very tall slender twisted steel lattice tower with a spire, large paved plaza with people and green trees, hazy sky, daylight, front view from a distance",Imported,,2026-09-28T01:28:26.090Z,True,True,2026-09-28T01:28:47.072Z,staff
315,ARCH_0546,"Fotografia esterna di un edificio culturale, grandi volumi rivestiti in pietra color mattone con atrio centrale curvilineo in vetro e acciaio, ingresso monumentale affacciato su una strada urbana, luce diurna, vista prospettica leggermente dal basso",Manual,,2026-09-27T17:38:52.108Z,False,True,2026-09-27T17:38:52.162Z,staff
316,ARCH_0546,"Fotografia esterna di un edificio culturale, grandi volumi rivestiti in pietra color mattone con atrio centrale curvilineo in vetro e acciaio, ingresso monumentale affacciato su una strada urbana, luce diurna, vista prospettica leggermente dal basso",Manual,,2026-09-27T17:38:52.117Z,False,True,2026-09-27T18:58:37.346Z,staff
415,ARCH_0546,"exterior photograph of a cultural building, large volumes clad in brick-coloured stone with a curvilinear glass and steel central atrium, large entrance facing an urban street, daylight, perspective view from slightly below",Imported,,2026-09-27T19:18:17.389Z,False,True,2026-09-27T19:18:34.557Z,staff
617,ARCH_0546,"exterior photograph of a convention centre, tall pale stone-clad block with a tilted curved glass atrium drum on the corner, street with cars and a small tree, blue sky, daylight, low-angle perspective view",Imported,,2026-09-28T01:28:26.114Z,True,True,2026-09-28T01:28:47.080Z,staff
509,ARCH_0547,"exterior photograph of a cultural centre, long low volume with a rusted weathering steel perforated facade and deep overhanging roof, tower with orange top behind, city street with cars, trees and pedestrians, daylight, perspective view at eye level",Imported,,2026-09-27T20:41:12.107Z,True,True,2026-09-27T21:09:48.274Z,staff
510,ARCH_0551,"exterior photograph of a hospital, long low buildings with rough grey volcanic stone walls and small windows, sloping lawn with young trees, paved path and planting, daylight with clouds, perspective view at eye level",Imported,,2026-09-27T20:41:12.129Z,False,True,2026-09-27T21:09:12.562Z,staff
683,ARCH_0551,"exterior photograph of a hospital, long low buildings with rough grey volcanic stone walls and small windows, sloping lawn with young trees, paved path and planting, blue sky with white clouds, daylight, perspective view at eye level",Imported,,2026-09-28T01:28:28.008Z,True,True,2026-09-28T01:29:17.675Z,staff
511,ARCH_0552,"exterior photograph of a library, large white box-shaped volume covered with a regular pattern of small round openings, low glazed entrance canopy, lawn in front, clear daylight, perspective view at eye level",Imported,,2026-09-27T20:41:12.150Z,False,True,2026-09-27T21:08:49.677Z,staff
684,ARCH_0552,"exterior photograph of a library, large white box-shaped volume covered with a regular pattern of small round openings, low glazed entrance canopy, lawn in front, clear blue sky, daylight, perspective view at eye level",Imported,,2026-09-28T01:28:28.032Z,True,True,2026-09-28T01:29:17.686Z,staff
317,ARCH_0554,"Fotografia esterna di un edificio culturale contemporaneo, grande volume bianco sfaccettato con superfici inclinate e lunghe aperture vetrate orizzontali, forma scultorea e aerodinamica affacciata sul lungofiume, contesto urbano con edifici residenziali sullo sfondo, luce diurna diffusa, vista panoramica laterale ad altezza d’occhio.",Manual,,2026-09-27T17:40:55.816Z,False,False,,
318,ARCH_0554,"Fotografia esterna di un edificio, grande volume plastico bianco sfaccettato con superfici inclinate e lunghe aperture vetrate orizzontali, forma scultorea e aerodinamica affacciata sul lungofiume, contesto urbano, luce diurna, vista panoramica laterale ad altezza d’occhio",Manual,,2026-09-27T17:41:45.758Z,False,True,2026-09-27T17:41:49.564Z,staff
416,ARCH_0554,"exterior photograph of a building, large faceted white sculptural volume with sloping surfaces and long horizontal glazed openings, streamlined form facing the riverfront, urban setting, daylight, side panoramic view at eye level",Imported,,2026-09-27T19:18:17.414Z,False,True,2026-09-27T19:18:34.563Z,staff
618,ARCH_0554,"exterior photograph of a film museum, white faceted angular volume with sharp cantilevered edges and a long glass band, on a waterfront across a wide river, apartment building and crane behind, cloudy sky, daylight, side view from a distance",Imported,,2026-09-28T01:28:26.136Z,True,True,2026-09-28T01:28:47.088Z,staff
319,ARCH_0557,"Fotografia esterna di un edificio culturale contemporaneo, struttura in acciaio e vetro con ampia copertura ondulata rivestita in legno, grande facciata trasparente affacciata sul porto, contesto marittimo con imbarcazioni e banchine, piena luce diurna, vista prospettica ad altezza d’occhio.",Manual,,2026-09-27T17:41:49.543Z,False,False,,
320,ARCH_0557,"Fotografia esterna di un edificio, struttura in acciaio e vetro con ampia copertura ondulata rivestita in legno, grande facciata trasparente affacciata sul porto, contesto marittimo con imbarcazioni e banchine, piena luce diurna, vista prospettica ad altezza d’occhio.",Manual,,2026-09-27T17:41:59.291Z,False,False,,
321,ARCH_0557,"Fotografia esterna di un edificio, struttura in acciaio e vetro con ampia copertura ondulata rivestita in legno, grande facciata trasparente affacciata sul porto, contesto marittimo con imbarcazioni e banchine, luce diurna, vista prospettica ad altezza d’occhio",Manual,,2026-09-27T17:42:20.152Z,False,True,2026-09-27T17:42:20.279Z,staff
417,ARCH_0557,"exterior photograph of a building, steel and glass structure with wide undulating timber-clad roof, large transparent facade facing the harbour, maritime setting with boats and quays, daylight, perspective view at eye level",Imported,,2026-09-27T19:18:17.436Z,False,True,2026-09-27T19:18:34.570Z,staff
619,ARCH_0557,"exterior photograph of a concert hall, dark glazed box with a large undulating timber-clad roof edge, harbour quay with moored boats and an orange rescue boat, blue sea, blue sky, daylight, elevated perspective view",Imported,,2026-09-28T01:28:26.159Z,True,True,2026-09-28T01:28:47.096Z,staff
512,ARCH_0559,"exterior photograph of a sports arena, faceted angular volumes clad in blue and silver triangular panels with a large cantilevered entrance canopy, street with cars and trees, evening light with pink clouds, perspective view at eye level",Imported,,2026-09-27T20:41:12.177Z,True,True,2026-09-27T21:08:20.876Z,staff
322,ARCH_0565,"Fotografia esterna di un edificio giocoso, composizione frammentata di volumi geometrici rivestiti in pannelli colorati arancioni blu verdi e rossi, coperture inclinate e forme irregolari, inserito in contesto verde, luce diurna, vista prospettica ad altezza d’occhio",Manual,,2026-09-27T17:44:00.055Z,False,True,2026-09-27T17:44:55.384Z,staff
418,ARCH_0565,"exterior photograph of a building, fragmented composition of geometric volumes clad in orange, blue, green and red panels, sloping roofs and irregular forms, green setting, daylight, perspective view at eye level",Imported,,2026-09-27T19:18:17.458Z,False,True,2026-09-27T19:18:34.577Z,staff
620,ARCH_0565,"exterior photograph of a museum, cluster of brightly coloured folded metal roofs in red, orange, blue, yellow and green over colourful walls, green lawn with tropical shrubs and a small tree, blue sky with clouds, daylight, perspective view at eye level",Imported,,2026-09-28T01:28:26.193Z,True,True,2026-09-28T01:28:47.105Z,staff
323,ARCH_0570,"Fotografia esterna da una passeggiata con ringhiera in primo piano di un edificio contemporaneo, grande volume triangolare bianco con facciata vetrata scandita da elementi verticali, affacciato su un ampio fiume e collegato al contesto urbano da un ponte monumentale, luce diurna, vista panoramica da lunga distanza",Manual,,2026-09-27T17:50:53.868Z,False,True,2026-09-27T17:50:54.200Z,staff
324,ARCH_0570,"Fotografia esterna da una passeggiata con ringhiera in primo piano di un edificio contemporaneo, grande volume triangolare bianco con facciata vetrata scandita da elementi verticali, affacciato su un ampio fiume e collegato al contesto urbano da un ponte monumentale, luce diurna, vista panoramica da lunga distanza",Manual,,2026-09-27T17:50:53.879Z,False,True,2026-09-27T18:58:39.079Z,staff
419,ARCH_0570,"exterior photograph of a contemporary building seen from a promenade with a railing in the foreground, large white triangular volume with glazed facade marked by vertical elements, facing a wide river and linked to the city by a large bridge, daylight, panoramic view from a long distance",Imported,,2026-09-27T19:18:17.481Z,False,True,2026-09-27T19:18:34.584Z,staff
621,ARCH_0570,"exterior photograph of a library, white triangular stepped glass building on the far bank of a wide river, long stone bridge with lamp posts, ornate cast iron railing in the foreground, hazy sky, daylight, panoramic view from a distance",Imported,,2026-09-28T01:28:26.222Z,True,True,2026-09-28T01:28:47.115Z,staff
325,ARCH_0571,"Fotografia esterna di una stazione ferroviaria, struttura in acciaio vetro e rivestimenti metallici con grande copertura piegata e fortemente aggettante, ampio ingresso aperto su una piazza urbana, torri vetrate sullo sfondo, luce diurna, vista frontale ad altezza d’occhio",Manual,,2026-09-27T17:52:52.409Z,False,True,2026-09-27T17:53:17.160Z,staff
420,ARCH_0571,"exterior photograph of a railway station, steel, glass and metal-clad structure with large folded strongly projecting roof, wide entrance opening onto an urban square, glazed towers in the background, daylight, front view at eye level",Imported,,2026-09-27T19:18:17.502Z,False,True,2026-09-27T19:18:34.591Z,staff
622,ARCH_0571,"exterior photograph of a railway station, sharp angled roof clad in shiny steel sloping over a glass entrance hall with a large sign, wide paved square with cyclists and pedestrians, glass towers behind, blue sky, daylight, perspective view at eye level",Imported,,2026-09-28T01:28:26.245Z,True,True,2026-09-28T01:28:47.123Z,staff
513,ARCH_0574,"exterior photograph of a museum, box-shaped volume wrapped in a white honeycomb concrete screen lifted at one corner over a glazed entrance, street intersection with traffic lights, daylight, perspective view at eye level",Imported,,2026-09-27T20:41:12.206Z,True,True,2026-09-27T21:07:52.093Z,staff
326,ARCH_0581,"Fotografia esterna di un edificio, volumi scultorei rivestiti in pannelli metallici chiari con superfici curve e torre verticale arrotondata, complesso inserito in un ampio spazio paesaggistico con percorsi e palme, luce calda del tardo pomeriggio, vista prospettica ad altezza d’occhio.",Manual,,2026-09-27T17:53:17.152Z,False,False,,
327,ARCH_0581,"Fotografia esterna di un edificio, volumi scultorei rivestiti in pannelli metallici chiari con superfici curve e torre verticale arrotondata, complesso inserito in un ampio spazio di parco urbano, luce diurna, vista prospettica ad altezza d’occhio",Manual,,2026-09-27T17:54:14.971Z,False,True,2026-09-27T17:54:15.071Z,staff
421,ARCH_0581,"exterior photograph of a building, sculptural volumes clad in light metal panels with curved surfaces and a rounded vertical tower, complex set in a large urban park, daylight, perspective view at eye level",Imported,,2026-09-27T19:18:17.528Z,False,True,2026-09-27T19:18:34.599Z,staff
623,ARCH_0581,"exterior photograph of a cultural centre, cluster of smooth rounded pebble-like volumes and a tall rounded tower clad in pale metal ribbons, lawns and a paved path with lamp posts and young palm trees, clear sky, daylight, perspective view at eye level",Imported,,2026-09-28T01:28:26.267Z,True,True,2026-09-28T01:28:47.136Z,staff
330,ARCH_0582,"Fotografia esterna di un edificio, volume basso e fluido rivestito in pannelli metallici chiari, grande copertura curva e percorribile che si solleva formando un ingresso monumentale, affacciato su un corso d’acqua in contesto urbano, luce diurna diffusa, vista panoramica laterale da lunga distanza",Manual,,2026-09-27T17:58:57.634Z,False,True,2026-09-27T18:00:02.903Z,staff
422,ARCH_0582,"exterior photograph of a building, low fluid volume clad in light metal panels, large curved walkable roof rising to form a large entrance, facing a waterway in an urban setting, diffuse daylight, side panoramic view from a long distance",Imported,,2026-09-27T19:18:17.551Z,False,True,2026-09-27T19:18:34.607Z,staff
624,ARCH_0582,"exterior photograph of a museum, long low curved white volume along a riverbank with a walkable roof, wide river in the foreground with a rowing boat, cloudy sky, daylight, side view from a distance",Imported,,2026-09-28T01:28:26.292Z,True,True,2026-09-28T01:28:47.145Z,staff
514,ARCH_0584,"exterior photograph of a congress centre, large rectangular box with a full glass curtain wall facade and steel frame edge, cars parked along the street, strong sunlight against a deep blue sky, perspective view at eye level",Imported,,2026-09-27T20:41:12.228Z,False,True,2026-09-27T21:07:37.569Z,staff
685,ARCH_0584,"exterior photograph of a congress centre, large rectangular box with a full glass curtain wall facade and steel frame edge, cars parked along the street, deep blue sky, strong sunlight, perspective view at eye level",Imported,,2026-09-28T01:28:28.069Z,True,True,2026-09-28T01:29:17.696Z,staff
328,ARCH_0585,"Fotografia esterna di un edificio triangolare in metallo e vetro,",Manual,,2026-09-27T17:56:25.239Z,False,False,,
329,ARCH_0585,"Fotografia esterna di un edificio culturale contemporaneo, struttura in acciaio e vetro con grande volume ellittico rivestito da una maglia metallica scura, ampie superfici vetrate alla base e copertura inclinata aggettante, piazza pubblica urbana antistante, piena luce diurna, vista prospettica ad altezza d’occhio.",Manual,,2026-09-27T17:58:14.796Z,False,False,,
331,ARCH_0585,"Fotografia esterna di un edificio triangolare, struttura in acciaio e vetro con grande volume ellittico rivestito da una maglia metallica scura, ampie superfici vetrate alla base e copertura inclinata aggettante, piazza pubblica urbana antistante, piena luce diurna, vista prospettica ad altezza d’occhio.",Manual,,2026-09-27T17:59:18.398Z,False,False,,
332,ARCH_0585,"Fotografia esterna di un edificio triangolare, struttura in acciaio e vetro, , piazza pubblica urbana antistante, piena luce diurna, vista prospettica ad altezza d’occhio.",Manual,,2026-09-27T17:59:46.771Z,False,False,,
333,ARCH_0585,"Fotografia esterna di un edificio triangolare, struttura in acciaio e vetro, , piazza pubblica urbana antistante, luce diurna, vista prospettica ad altezza d’occhio",Manual,,2026-09-27T18:00:02.913Z,False,True,2026-09-27T18:00:02.975Z,staff
423,ARCH_0585,"exterior photograph of a triangular building, steel and glass structure, urban public square in front, daylight, perspective view at eye level",Imported,,2026-09-27T19:18:17.570Z,False,True,2026-09-27T19:18:34.614Z,staff
625,ARCH_0585,"exterior photograph of a residential building, tall sloping triangular pyramid-like block with stepped balconies and an inner glazed courtyard facade, dense city towers behind, river in the foreground, blue sky with clouds, daylight, front view from across the water",Imported,,2026-09-28T01:28:26.319Z,True,True,2026-09-28T01:28:47.153Z,staff
515,ARCH_0588,"exterior photograph of an arts centre, rounded elongated volume clad in pale ceramic discs raised on slender columns, external stair and glazed ground floor, waterfront lawn with people walking, dusk light, perspective view at eye level",Imported,,2026-09-27T20:41:12.255Z,False,False,,
529,ARCH_0588,"Exterior photograph of a contemporary cultural building, elongated elevated volume clad in perforated metallic panels with rounded corners, glazed ground floor supported by slender columns, waterfront park setting, twilight, eye-level perspective view.",Manual,,2026-09-27T21:07:09.693Z,False,True,2026-09-27T21:07:34.785Z,staff
686,ARCH_0588,"exterior photograph of an arts centre, rounded elongated volume clad in pale ceramic discs raised on slender columns, external stair and glazed ground floor, waterfront lawn with people walking, dusk light, perspective view at eye level",Imported,,2026-09-28T01:28:28.091Z,True,True,2026-09-28T01:29:17.706Z,staff
516,ARCH_0589,"exterior photograph of an experience centre, stacked white tiled cubic volumes with stepped roof terraces and a large exterior staircase, giant red, yellow and blue brick sculptures on a plaza with people, clear daylight, perspective view at eye level",Imported,,2026-09-27T20:41:12.283Z,False,True,2026-09-27T21:05:50.539Z,staff
687,ARCH_0589,"exterior photograph of an experience centre, stacked white tiled cubic volumes with stepped roof terraces and a large exterior staircase, giant red, yellow and blue brick sculptures on a plaza with people, clear blue sky, daylight, perspective view at eye level",Imported,,2026-09-28T01:28:28.115Z,True,True,2026-09-28T01:29:17.716Z,staff
334,ARCH_0590,"Fotografia esterna di un complesso per uffici, grandi cupole in vetro e acciaio con struttura reticolare triangolare, inserite tra edifici multipiano in un denso contesto urbano, luce diurna, vista frontale ad altezza d’occhio",Manual,,2026-09-27T18:00:36.406Z,False,True,2026-09-27T18:00:36.462Z,staff
335,ARCH_0590,"Fotografia esterna di un complesso per uffici, grandi cupole in vetro e acciaio con struttura reticolare triangolare, inserite tra edifici multipiano in un denso contesto urbano, luce diurna, vista frontale ad altezza d’occhio",Manual,,2026-09-27T18:00:36.411Z,False,True,2026-09-27T18:58:40.936Z,staff
424,ARCH_0590,"exterior photograph of an office complex, large glass and steel domes with triangular lattice structure, set between multi-storey buildings in a dense urban setting, daylight, front view at eye level",Imported,,2026-09-27T19:18:17.590Z,False,True,2026-09-27T19:18:34.622Z,staff
626,ARCH_0590,"exterior photograph of an office complex, large glass and steel spheres with a pentagonal lattice structure, surrounded by tall glass office towers, street with bicycles and young trees, clear sky, daylight, front view at eye level",Imported,,2026-09-28T01:28:26.341Z,True,True,2026-09-28T01:28:47.162Z,staff
517,ARCH_0595,"exterior photograph of a mosque, tall square minaret tower and a long portico of repeated pointed arches in light stone, wide paved courtyard with benches and small trees, clear daylight, wide-angle perspective view at eye level",Imported,,2026-09-27T20:41:12.307Z,False,True,2026-09-27T21:05:31.007Z,staff
688,ARCH_0595,"exterior photograph of a mosque, tall square minaret tower and a long portico of repeated pointed arches in light stone, wide paved courtyard with benches and small trees, clear blue sky, daylight, wide-angle perspective view at eye level",Imported,,2026-09-28T01:28:28.141Z,True,True,2026-09-28T01:29:17.725Z,staff
