image_code,building_name,architect,architecture_firm,year_completed,city,country,continent,building_type,architectural_style,period,industrial_or_nonindustrial,award_or_relevance,source_url,wikimedia_page_url,photographer,license,license_url,notes
ARCH_0001,AEG Turbine Factory,Peter Behrens,,1909,Berlin,Germany,Europe,factory,early modernism / industrial classicism,pre-1919,industrial,canonical work of early industrial modernism; listed monument; named reference in brief (pre-1919 precedent),https://upload.wikimedia.org/wikipedia/commons/f/fc/Berlin_AEG_Turbinenfabrik_Front.jpg,https://commons.wikimedia.org/wiki/File:Berlin_AEG_Turbinenfabrik_Front.jpg,"Doris Antony, Berlin",CC BY-SA-3.0,https://creativecommons.org/licenses/by-sa/3.0,pre-1919 precedent explicitly named in the brief
ARCH_0002,Fagus Factory,"Walter Gropius, Adolf Meyer",,1925,Alfeld,Germany,Europe,factory,early modernism,1919-1945,industrial,UNESCO World Heritage Site; canonical work of industrial modernism,https://upload.wikimedia.org/wikipedia/commons/7/78/Alfeld_UNESCO-Welterbe-Fagus-Werk_Aussenansicht-08_2022-05-04-16-58-54_CCBY_Ralf-Koenig.jpg,https://commons.wikimedia.org/wiki/File:Alfeld_UNESCO-Welterbe-Fagus-Werk_Aussenansicht-08_2022-05-04-16-58-54_CCBY_Ralf-Koenig.jpg,Ralf König,CC BY-4.0,https://creativecommons.org/licenses/by/4.0,
ARCH_0003,Bauhaus Dessau,Walter Gropius,,1926,Dessau,Germany,Europe,school / university,Bauhaus,1919-1945,nonindustrial,UNESCO World Heritage Site; founding building of the Bauhaus,https://upload.wikimedia.org/wikipedia/commons/1/1c/Dessau_Bauhaus-Geb%C3%A4ude_asv2024-06_img1.jpg,https://commons.wikimedia.org/wiki/File:Dessau_Bauhaus-Geb%C3%A4ude_asv2024-06_img1.jpg,A.Savin,FAL,http://artlibre.org/licence/lal/en,
ARCH_0004,ADGB Trade Union School,"Hannes Meyer, Hans Wittwer",,1930,Bernau bei Berlin,Germany,Europe,school,Bauhaus / functionalism,1919-1945,nonindustrial,UNESCO World Heritage Site; major work of Hannes Meyer,https://upload.wikimedia.org/wikipedia/commons/2/2b/Bundesschule_Bernau_bei_Berlin_04.jpg,https://commons.wikimedia.org/wiki/File:Bundesschule_Bernau_bei_Berlin_04.jpg,Clemensfranz,CC BY-SA-4.0,https://creativecommons.org/licenses/by-sa/4.0,
ARCH_0005,Hufeisensiedlung,"Bruno Taut, Martin Wagner",,1930,Berlin,Germany,Europe,collective housing,Neues Bauen,1919-1945,nonindustrial,UNESCO World Heritage Site (Berlin Modernism Housing Estates),https://upload.wikimedia.org/wikipedia/commons/9/90/Berlin_Hufeisensiedlung_UAV_04-2017.jpg,https://commons.wikimedia.org/wiki/File:Berlin_Hufeisensiedlung_UAV_04-2017.jpg,A.Savin,FAL,http://artlibre.org/licence/lal/en,Commons assessment: quality|featured|potd
ARCH_0006,Chilehaus,Fritz Höger,,1924,Hamburg,Germany,Europe,office building,Brick Expressionism,1919-1945,nonindustrial,UNESCO World Heritage Site (Speicherstadt and Kontorhaus District),https://upload.wikimedia.org/wikipedia/commons/6/68/20230317_Chilehaus_02.jpg,https://commons.wikimedia.org/wiki/File:20230317_Chilehaus_02.jpg,Flocci Nivis,CC BY-4.0,https://creativecommons.org/licenses/by/4.0,Commons assessment: quality
ARCH_0007,Einstein Tower,Erich Mendelsohn,,1921,Potsdam,Germany,Europe,observatory / research building,Expressionism,1919-1945,nonindustrial,canonical work of expressionist architecture; listed monument,https://upload.wikimedia.org/wikipedia/commons/5/50/Einsteinturm.P1185753.jpg,https://commons.wikimedia.org/wiki/File:Einsteinturm.P1185753.jpg,Bautsch,CC0,http://creativecommons.org/publicdomain/zero/1.0/deed.en,
ARCH_0008,Zollverein Coal Mine Shaft XII,"Fritz Schupp, Martin Kremmer",,1932,Essen,Germany,Europe,coal mine / industrial complex,Neue Sachlichkeit industrial,1919-1945,industrial,UNESCO World Heritage Site; canonical example of industrial architecture,https://upload.wikimedia.org/wikipedia/commons/f/f8/Essen_%28DE%29%2C_Zeche_Zollverein%2C_Schacht_XII_--_2014_--_1401.jpg,"https://commons.wikimedia.org/wiki/File:Essen_(DE),_Zeche_Zollverein,_Schacht_XII_--_2014_--_1401.jpg",Anil Öztas,CC BY-SA-4.0,https://creativecommons.org/licenses/by-sa/4.0,
ARCH_0009,Tabakfabrik Linz,"Peter Behrens, Alexander Popp",,1935,Linz,Austria,Europe,factory,Neue Sachlichkeit,1919-1945,industrial,first steel-frame building in Austria; listed monument; major industrial modernism,https://upload.wikimedia.org/wikipedia/commons/8/81/Grand_Garage_Terrasse_2019_Tabakfabrik_Linz_6.jpg,https://commons.wikimedia.org/wiki/File:Grand_Garage_Terrasse_2019_Tabakfabrik_Linz_6.jpg,Manfred Werner (Tsui),CC BY-SA-4.0,https://creativecommons.org/licenses/by-sa/4.0,
ARCH_0010,Karl-Marx-Hof,Karl Ehn,,1930,Vienna,Austria,Europe,collective housing,Vienna Red municipal housing,1919-1945,nonindustrial,canonical work of interwar social housing,https://upload.wikimedia.org/wikipedia/commons/9/95/Karl_Marx_Hof.jpg,https://commons.wikimedia.org/wiki/File:Karl_Marx_Hof.jpg,Thomas Ledl,CC BY-SA-4.0,https://creativecommons.org/licenses/by-sa/4.0,Commons assessment: quality
ARCH_0011,Villa Müller,Adolf Loos,,1930,Prague,Czech Republic,Europe,single-family house,Modernism,1919-1945,nonindustrial,canonical work of Adolf Loos; national cultural monument,https://upload.wikimedia.org/wikipedia/commons/2/2a/Villa_M%C3%BCller.jpg,https://commons.wikimedia.org/wiki/File:Villa_M%C3%BCller.jpg,Szombat78,CC0,http://creativecommons.org/publicdomain/zero/1.0/deed.en,
ARCH_0012,Villa Tugendhat,Ludwig Mies van der Rohe,,1930,Brno,Czech Republic,Europe,single-family house,Modern Movement,1919-1945,nonindustrial,UNESCO World Heritage Site,https://upload.wikimedia.org/wikipedia/commons/c/c2/Vila_Tugendhat_exterior_Dvorak2.JPG,https://commons.wikimedia.org/wiki/File:Vila_Tugendhat_exterior_Dvorak2.JPG,Petr1987,CC BY-SA-4.0,https://creativecommons.org/licenses/by-sa/4.0,
ARCH_0013,Trade Fair Palace Prague,"Oldřich Tyl, Josef Fuchs",,1928,Prague,Czech Republic,Europe,exhibition hall / museum,Functionalism,1919-1945,nonindustrial,canonical work of Czech functionalism; National Gallery,https://upload.wikimedia.org/wikipedia/commons/6/63/Veletr%C5%BEn%C3%AD_pal%C3%A1c%2C_z_k%C5%99i%C5%BEovatky.jpg,"https://commons.wikimedia.org/wiki/File:Veletr%C5%BEn%C3%AD_pal%C3%A1c,_z_k%C5%99i%C5%BEovatky.jpg",ŠJů,CC BY-4.0,https://creativecommons.org/licenses/by/4.0,
ARCH_0014,Barcelona Pavilion,"Ludwig Mies van der Rohe, Lilly Reich",,1929,Barcelona,Spain,Europe,pavilion,Modern Movement,1919-1945,nonindustrial,canonical work of modern architecture (1986 reconstruction),https://upload.wikimedia.org/wikipedia/commons/4/42/The_Barcelona_Pavilion%2C_Barcelona%2C_2010.jpg,"https://commons.wikimedia.org/wiki/File:The_Barcelona_Pavilion,_Barcelona,_2010.jpg",Ashley Pomeroy at English Wikipedia,CC BY-3.0,https://creativecommons.org/licenses/by/3.0,
ARCH_0015,Casa Bloc,"Josep Lluís Sert, Josep Torres Clavé, Joan Baptista Subirana",,1936,Barcelona,Spain,Europe,collective housing,Rationalism (GATCPAC),1919-1945,nonindustrial,canonical work of Spanish rationalist social housing,https://upload.wikimedia.org/wikipedia/commons/f/f8/362_Casa_Bloc%2C_pg._Torras_i_Bages_85-105_%28Barcelona%29.jpg,"https://commons.wikimedia.org/wiki/File:362_Casa_Bloc,_pg._Torras_i_Bages_85-105_(Barcelona).jpg",Enric,CC BY-SA-4.0,https://creativecommons.org/licenses/by-sa/4.0,
ARCH_0016,Maison de Verre,"Pierre Chareau, Bernard Bijvoet",,1932,Paris,France,Europe,single-family house,Modern Movement,1919-1945,nonindustrial,canonical work of modern architecture; monument historique,https://upload.wikimedia.org/wikipedia/commons/d/d0/Maison_de_verre_Chareau.jpg,https://commons.wikimedia.org/wiki/File:Maison_de_verre_Chareau.jpg,Subrealistsandu,CC BY-SA-3.0,https://creativecommons.org/licenses/by-sa/3.0,
ARCH_0017,Maison du Peuple de Clichy,"Eugène Beaudouin, Marcel Lods, Jean Prouvé, Vladimir Bodiansky",,1939,Clichy,France,Europe,public market hall / civic building,Industrialised modernism,1919-1945,nonindustrial,canonical work of Jean Prouvé and prefabricated construction; monument historique,https://upload.wikimedia.org/wikipedia/commons/7/7a/Vue_Maison_du_Peuple%2C_Clichy.jpg,"https://commons.wikimedia.org/wiki/File:Vue_Maison_du_Peuple,_Clichy.jpg",Lolo92110,CC BY-SA-4.0,https://creativecommons.org/licenses/by-sa/4.0,
ARCH_0018,Salginatobel Bridge,Robert Maillart,,1930,Schiers,Switzerland,Europe,bridge / infrastructure,Structural modernism,1919-1945,industrial,International Historic Civil Engineering Landmark; canonical concrete bridge,https://upload.wikimedia.org/wikipedia/commons/0/0f/Salginatobelbruecke_suedwest_quer.jpg,https://commons.wikimedia.org/wiki/File:Salginatobelbruecke_suedwest_quer.jpg,Ikiwaner (talk),CC BY-SA-3.0,http://creativecommons.org/licenses/by-sa/3.0/,
ARCH_0019,Rietveld Schröder House,Gerrit Rietveld,,1924,Utrecht,Netherlands,Europe,single-family house,De Stijl,1919-1945,nonindustrial,UNESCO World Heritage Site,https://upload.wikimedia.org/wikipedia/commons/4/4b/Utrecht_PrinsHendriklaan50_018_2292.jpg,https://commons.wikimedia.org/wiki/File:Utrecht_PrinsHendriklaan50_018_2292.jpg,Ludvig14,CC BY-SA-4.0,https://creativecommons.org/licenses/by-sa/4.0,
ARCH_0020,Van Nelle Factory,Brinkman & Van der Vlugt,Brinkman & Van der Vlugt,1931,Rotterdam,Netherlands,Europe,factory,Nieuwe Bouwen / functionalism,1919-1945,industrial,UNESCO World Heritage Site; canonical industrial modernism,https://upload.wikimedia.org/wikipedia/commons/f/fe/Van_Nelle_II_%2826706641157%29.jpg,https://commons.wikimedia.org/wiki/File:Van_Nelle_II_(26706641157).jpg,Rob Oo from NL,CC BY-2.0,https://creativecommons.org/licenses/by/2.0,
ARCH_0021,Zonnestraal Sanatorium,"Jan Duiker, Bernard Bijvoet",,1928,Hilversum,Netherlands,Europe,sanatorium / health building,Nieuwe Bouwen,1919-1945,nonindustrial,canonical work of Dutch functionalism; rijksmonument,https://upload.wikimedia.org/wikipedia/commons/2/22/Hoofdgebouw_Sanatorium_Zonnestraal.jpg,https://commons.wikimedia.org/wiki/File:Hoofdgebouw_Sanatorium_Zonnestraal.jpg,Choinowski,CC BY-SA-4.0,https://creativecommons.org/licenses/by-sa/4.0,
ARCH_0022,Hilversum Town Hall,Willem Marinus Dudok,,1931,Hilversum,Netherlands,Europe,town hall,Modernism,1919-1945,nonindustrial,canonical work of Dudok; rijksmonument,https://upload.wikimedia.org/wikipedia/commons/2/26/Raadhuis_Hilversum2022.jpg,https://commons.wikimedia.org/wiki/File:Raadhuis_Hilversum2022.jpg,Choinowski,CC BY-SA-4.0,https://creativecommons.org/licenses/by-sa/4.0,
ARCH_0023,Isokon Building,Wells Coates,,1934,London,United Kingdom,Europe,collective housing,International Style,1919-1945,nonindustrial,Grade I listed; canonical British modernism,https://upload.wikimedia.org/wikipedia/commons/3/3f/Hampstead_%2C_Isokon_Flats%2C_Lawn_Road_-_geograph.org.uk_-_8262131.jpg,"https://commons.wikimedia.org/wiki/File:Hampstead_,_Isokon_Flats,_Lawn_Road_-_geograph.org.uk_-_8262131.jpg",Jim Osley,CC BY-SA-2.0,https://creativecommons.org/licenses/by-sa/2.0,
ARCH_0024,Highpoint I,Berthold Lubetkin,Tecton,1935,London,United Kingdom,Europe,collective housing,International Style,1919-1945,nonindustrial,Grade I listed; canonical British modernism,https://upload.wikimedia.org/wikipedia/commons/8/80/Highpoint_1_%2849445187038%29.jpg,https://commons.wikimedia.org/wiki/File:Highpoint_1_(49445187038).jpg,"Reading Tom from Reading, UK",CC BY-2.0,https://creativecommons.org/licenses/by/2.0,
ARCH_0025,Hoover Building,"Wallis, Gilbert and Partners","Wallis, Gilbert and Partners",1933,London,United Kingdom,Europe,factory,Art Deco,1919-1945,industrial,Grade II* listed; canonical Art Deco factory,https://upload.wikimedia.org/wikipedia/commons/0/00/Hoover_Building_in_Perivale.jpg,https://commons.wikimedia.org/wiki/File:Hoover_Building_in_Perivale.jpg,Ethan Doyle White,CC BY-SA-4.0,https://creativecommons.org/licenses/by-sa/4.0,
ARCH_0026,Battersea Power Station,"Giles Gilbert Scott, J. Theo Halliday",,1955,London,United Kingdom,Europe,power station,Art Deco / Brick industrial,1946-1969,industrial,Grade II* listed; canonical industrial landmark,https://upload.wikimedia.org/wikipedia/commons/a/a5/Battersea_Power_Station_from_River_Thames_Wandsworth_London_England_01.jpg,https://commons.wikimedia.org/wiki/File:Battersea_Power_Station_from_River_Thames_Wandsworth_London_England_01.jpg,Acabashi,CC BY-SA-4.0,https://creativecommons.org/licenses/by-sa/4.0,
ARCH_0027,Casa del Fascio Como,Giuseppe Terragni,,1936,Como,Italy,Europe,public building,Italian Rationalism,1919-1945,nonindustrial,canonical work of Italian rationalism,https://upload.wikimedia.org/wikipedia/commons/a/a8/Prospetto_esterno_della_Casa_del_Fascio.jpg,https://commons.wikimedia.org/wiki/File:Prospetto_esterno_della_Casa_del_Fascio.jpg,Effe B,CC BY-SA-4.0,https://creativecommons.org/licenses/by-sa/4.0,best available free exterior view; railing in foreground
ARCH_0028,Fiat Lingotto,Giacomo Mattè-Trucco,,1923,Turin,Italy,Europe,factory,Industrial modernism,1919-1945,industrial,canonical industrial building with rooftop test track; converted by Renzo Piano,https://upload.wikimedia.org/wikipedia/commons/3/33/2026-06-13-Lingotto-Via-Ermanno-Fenoglietti.jpg,https://commons.wikimedia.org/wiki/File:2026-06-13-Lingotto-Via-Ermanno-Fenoglietti.jpg,Gunnar Klack,CC BY-SA-4.0,https://creativecommons.org/licenses/by-sa/4.0,
ARCH_0029,Stadio Artemio Franchi,Pier Luigi Nervi,,1932,Florence,Italy,Europe,stadium,Structural modernism,1919-1945,nonindustrial,canonical early work of Pier Luigi Nervi; listed,https://upload.wikimedia.org/wikipedia/commons/a/a4/Firenze%2C_stadio_artemio_franchi%2C_campo_da_gioco%2C_10%2C0.jpg,"https://commons.wikimedia.org/wiki/File:Firenze,_stadio_artemio_franchi,_campo_da_gioco,_10,0.jpg",Sailko,CC BY-3.0,https://creativecommons.org/licenses/by/3.0,
ARCH_0030,Paimio Sanatorium,Alvar Aalto,,1933,Paimio,Finland,Europe,sanatorium / health building,Functionalism,1919-1945,nonindustrial,UNESCO tentative list; canonical work of Alvar Aalto,https://upload.wikimedia.org/wikipedia/commons/7/7c/Paimion_parantolan_p%C3%A4%C3%A4rakennus_2025_Marit_Henriksson.jpg,https://commons.wikimedia.org/wiki/File:Paimion_parantolan_p%C3%A4%C3%A4rakennus_2025_Marit_Henriksson.jpg,Marit Henriksson,CC BY-SA-4.0,https://creativecommons.org/licenses/by-sa/4.0,
ARCH_0031,Stockholm Public Library,Gunnar Asplund,,1928,Stockholm,Sweden,Europe,library,Nordic Classicism,1919-1945,nonindustrial,canonical work of Asplund; widely cited,https://upload.wikimedia.org/wikipedia/commons/c/c4/Stockholms_stadsbibliotek_March_2025_01.jpg,https://commons.wikimedia.org/wiki/File:Stockholms_stadsbibliotek_March_2025_01.jpg,ArildV,CC BY-SA-4.0,https://creativecommons.org/licenses/by-sa/4.0,Commons assessment: quality
ARCH_0032,Woodland Crematorium,Gunnar Asplund,,1940,Stockholm,Sweden,Europe,religious / funerary,Modernism,1919-1945,nonindustrial,UNESCO World Heritage Site (Skogskyrkogården),https://upload.wikimedia.org/wikipedia/commons/7/79/Skogskyrkog%C3%A5rden_June_2024_01.jpg,https://commons.wikimedia.org/wiki/File:Skogskyrkog%C3%A5rden_June_2024_01.jpg,ArildV,CC BY-SA-4.0,https://creativecommons.org/licenses/by-sa/4.0,Commons assessment: quality
ARCH_0033,Grundtvig's Church,Peder Vilhelm Jensen-Klint,,1940,Copenhagen,Denmark,Europe,church,Expressionism,1919-1945,nonindustrial,canonical work of expressionist brick architecture,https://upload.wikimedia.org/wikipedia/commons/d/db/Grundtvigs_Kirke_%28West_Face_-_02%29.jpg,https://commons.wikimedia.org/wiki/File:Grundtvigs_Kirke_(West_Face_-_02).jpg,Doyle of London,CC BY-SA-4.0,https://creativecommons.org/licenses/by-sa/4.0,
ARCH_0034,Aarhus City Hall,"Arne Jacobsen, Erik Møller",,1941,Aarhus,Denmark,Europe,town hall,Functionalism,1919-1945,nonindustrial,listed building; canonical work of Arne Jacobsen,https://upload.wikimedia.org/wikipedia/commons/f/f1/R%C3%A5dhus_Aarhus_2022-08-16_02.jpg,https://commons.wikimedia.org/wiki/File:R%C3%A5dhus_Aarhus_2022-08-16_02.jpg,Leonhard Lenz,CC0,http://creativecommons.org/publicdomain/zero/1.0/deed.en,
ARCH_0035,Narkomfin Building,"Moisei Ginzburg, Ignaty Milinis",,1930,Moscow,Russia,Europe,collective housing,Constructivism,1919-1945,nonindustrial,canonical work of Soviet constructivism,https://upload.wikimedia.org/wikipedia/commons/0/09/Moscow%2C_Narkomfin_building_in_May_2021_02.jpg,"https://commons.wikimedia.org/wiki/File:Moscow,_Narkomfin_building_in_May_2021_02.jpg",Retired electrician,CC0,http://creativecommons.org/publicdomain/zero/1.0/deed.en,
ARCH_0036,Melnikov House,Konstantin Melnikov,,1929,Moscow,Russia,Europe,single-family house,Constructivism,1919-1945,nonindustrial,canonical work of Soviet avant-garde,https://upload.wikimedia.org/wikipedia/commons/c/cb/Melnikhov_House_-_01.JPG,https://commons.wikimedia.org/wiki/File:Melnikhov_House_-_01.JPG,Shesmax,CC BY-SA-3.0,https://creativecommons.org/licenses/by-sa/3.0,
ARCH_0037,Shukhov Tower,Vladimir Shukhov,,1922,Moscow,Russia,Europe,radio tower / infrastructure,Structural avant-garde,1919-1945,industrial,canonical hyperboloid structure; major engineering landmark,https://upload.wikimedia.org/wikipedia/commons/2/21/Moscow%2C_Shukhov_Tower_in_February_2014_%2812323741925%29.jpg,"https://commons.wikimedia.org/wiki/File:Moscow,_Shukhov_Tower_in_February_2014_(12323741925).jpg","Sergey Norin from Moscow, Russia",CC BY-2.0,https://creativecommons.org/licenses/by/2.0,
ARCH_0038,Fallingwater,Frank Lloyd Wright,,1939,"Mill Run, Pennsylvania",United States,North America,single-family house,Organic architecture,1919-1945,nonindustrial,UNESCO World Heritage Site,https://upload.wikimedia.org/wikipedia/commons/8/84/Fallingwater_-_DSC05643.JPG,https://commons.wikimedia.org/wiki/File:Fallingwater_-_DSC05643.JPG,Daderot,CC0,http://creativecommons.org/publicdomain/zero/1.0/deed.en,
ARCH_0039,Johnson Wax Headquarters,Frank Lloyd Wright,,1939,"Racine, Wisconsin",United States,North America,corporate headquarters,Organic architecture / Streamline,1919-1945,nonindustrial,National Historic Landmark; canonical work of Frank Lloyd Wright,https://upload.wikimedia.org/wikipedia/commons/8/8f/Administration_Building_and_Research_Tower%3B_Johnson_Wax_Headquarters%3B_Racine%2C_Wisconsin%3B_June_9%2C_2012.JPG,"https://commons.wikimedia.org/wiki/File:Administration_Building_and_Research_Tower;_Johnson_Wax_Headquarters;_Racine,_Wisconsin;_June_9,_2012.JPG",Stephen Matthew Milligan,CC BY-SA-3.0,https://creativecommons.org/licenses/by-sa/3.0,
ARCH_0040,Empire State Building,"Shreve, Lamb & Harmon","Shreve, Lamb & Harmon",1931,New York City,United States,North America,office building,Art Deco,1919-1945,nonindustrial,National Historic Landmark; canonical Art Deco skyscraper,https://upload.wikimedia.org/wikipedia/commons/8/82/32nd_St_5th_Av_06_-_Empire_State_Building.jpg,https://commons.wikimedia.org/wiki/File:32nd_St_5th_Av_06_-_Empire_State_Building.jpg,Tdorante10,CC BY-SA-4.0,https://creativecommons.org/licenses/by-sa/4.0,
ARCH_0041,Lovell Health House,Richard Neutra,,1929,Los Angeles,United States,North America,single-family house,International Style,1919-1945,nonindustrial,canonical work of Richard Neutra,https://upload.wikimedia.org/wikipedia/commons/0/05/Lovell_Health_House_2.jpg,https://commons.wikimedia.org/wiki/File:Lovell_Health_House_2.jpg,Codera23,CC BY-SA-4.0,https://creativecommons.org/licenses/by-sa/4.0,
ARCH_0042,Ford River Rouge Complex,Albert Kahn,,1928,"Dearborn, Michigan",United States,North America,factory / industrial complex,Industrial modernism,1919-1945,industrial,National Historic Landmark; canonical industrial work of Albert Kahn,https://upload.wikimedia.org/wikipedia/commons/e/e0/Charles_Sheeler%2C_River_Rouge_Plant%2C_1932_1_15_18_-whitneymuseum_%2839273167440%29.jpg,"https://commons.wikimedia.org/wiki/File:Charles_Sheeler,_River_Rouge_Plant,_1932_1_15_18_-whitneymuseum_(39273167440).jpg",Sharon Mollerus,PD,,"historical photograph (Charles Sheeler, 1932, public domain); only free image of the Kahn buildings at River Rouge"
ARCH_0043,Hoover Dam,"Gordon Kaufmann (architectural treatment), US Bureau of Reclamation",,1936,Nevada / Arizona,United States,North America,dam / power infrastructure,Art Deco industrial,1919-1945,industrial,National Historic Landmark; canonical infrastructure with architectural treatment,https://upload.wikimedia.org/wikipedia/commons/8/88/Hoover_Dam_%2833500827130%29.jpg,https://commons.wikimedia.org/wiki/File:Hoover_Dam_(33500827130).jpg,Mobilus In Mobili,CC BY-SA-2.0,https://creativecommons.org/licenses/by-sa/2.0,
ARCH_0044,Casa Estudio Diego Rivera y Frida Kahlo,Juan O'Gorman,,1932,Mexico City,Mexico,Latin America,single-family house / studio,Functionalism,1919-1945,nonindustrial,canonical work of Mexican functionalism,https://upload.wikimedia.org/wikipedia/commons/c/ca/Casa_Estudio_de_Diego_Rivera_y_Frida_Kahlo.jpg,https://commons.wikimedia.org/wiki/File:Casa_Estudio_de_Diego_Rivera_y_Frida_Kahlo.jpg,Marqturo,CC BY-SA-4.0,https://creativecommons.org/licenses/by-sa/4.0,
ARCH_0045,Gustavo Capanema Palace,"Lúcio Costa, Oscar Niemeyer, Affonso Reidy, et al. (Le Corbusier consultant)",,1943,Rio de Janeiro,Brazil,Latin America,public building (ministry),Brazilian modernism,1919-1945,nonindustrial,canonical work of Brazilian modern architecture; national monument,https://upload.wikimedia.org/wikipedia/commons/3/3f/Vista_da_fachada_sul_do_Pal%C3%A1cio_Gustavo_Capanema.jpg,https://commons.wikimedia.org/wiki/File:Vista_da_fachada_sul_do_Pal%C3%A1cio_Gustavo_Capanema.jpg,Henrique Liberal,CC BY-SA-4.0,https://creativecommons.org/licenses/by-sa/4.0,
ARCH_0046,Church of Saint Francis of Assisi Pampulha,Oscar Niemeyer,,1943,Belo Horizonte,Brazil,Latin America,church,Brazilian modernism,1919-1945,nonindustrial,UNESCO World Heritage Site (Pampulha Modern Ensemble),https://upload.wikimedia.org/wikipedia/commons/b/bf/Igreja_S%C3%A3o_Francisco_na_Pampulha_04.JPG,https://commons.wikimedia.org/wiki/File:Igreja_S%C3%A3o_Francisco_na_Pampulha_04.JPG,"Eugenio Hansen, OFS",CC BY-SA-4.0,https://creativecommons.org/licenses/by-sa/4.0,
ARCH_0047,Tokyo Central Post Office,Tetsuro Yoshida,,1931,Tokyo,Japan,Japan,post office / public building,Modernism,1919-1945,nonindustrial,canonical work of Japanese prewar modernism; partially preserved in KITTE,https://upload.wikimedia.org/wikipedia/commons/0/02/Tokyo_Central_Post_Office_-_Apr_30%2C_2007.jpg,"https://commons.wikimedia.org/wiki/File:Tokyo_Central_Post_Office_-_Apr_30,_2007.jpg",Takanori Nakanowatari,CC BY-2.0,https://creativecommons.org/licenses/by/2.0,
ARCH_0048,Park Hotel Shanghai,László Hudec,,1934,Shanghai,China,Asia,hotel,Art Deco,1919-1945,nonindustrial,canonical Art Deco skyscraper of Asia; listed,https://upload.wikimedia.org/wikipedia/commons/8/8c/Rear_View_of_Park_Hotel.JPG,https://commons.wikimedia.org/wiki/File:Rear_View_of_Park_Hotel.JPG,Livelikerw,CC BY-SA-3.0,https://creativecommons.org/licenses/by-sa/3.0,
ARCH_0049,Engel House,Zeev Rechter,,1933,Tel Aviv,Israel,Middle East,collective housing,International Style,1919-1945,nonindustrial,UNESCO World Heritage Site (White City of Tel Aviv); first building on pilotis in Tel Aviv,https://upload.wikimedia.org/wikipedia/commons/c/cb/Engel_House_%282%29.jpg,https://commons.wikimedia.org/wiki/File:Engel_House_(2).jpg,Avi1111 dr. avishai teicher,CC BY-SA-4.0,https://creativecommons.org/licenses/by-sa/4.0,
ARCH_0050,Fiat Tagliero Building,Giuseppe Pettazzi,,1938,Asmara,Eritrea,Africa,service station,Futurism,1919-1945,industrial,UNESCO World Heritage Site (Asmara); canonical futurist building,https://upload.wikimedia.org/wikipedia/commons/f/fd/Fiat_Tagliero_building_in_Asmara.jpg,https://commons.wikimedia.org/wiki/File:Fiat_Tagliero_building_in_Asmara.jpg,Martin Schibbye,CC BY-SA-4.0,https://creativecommons.org/licenses/by-sa/4.0,
ARCH_0051,Cinema Impero,Mario Messina,,1937,Asmara,Eritrea,Africa,cinema,Art Deco / Rationalism,1919-1945,nonindustrial,UNESCO World Heritage Site (Asmara),https://upload.wikimedia.org/wikipedia/commons/5/55/Eritrea_corner%27s_17.jpg,https://commons.wikimedia.org/wiki/File:Eritrea_corner%27s_17.jpg,Nicholas Gemini,CC BY-SA-3.0,https://creativecommons.org/licenses/by-sa/3.0,
ARCH_0052,Sydney Harbour Bridge,"John Bradfield, Ralph Freeman",Dorman Long,1932,Sydney,Australia,Oceania,bridge / infrastructure,Structural engineering,1919-1945,industrial,National Heritage List; canonical infrastructure landmark,https://upload.wikimedia.org/wikipedia/commons/e/e6/S%C3%ADdney-Australia25.JPG,https://commons.wikimedia.org/wiki/File:S%C3%ADdney-Australia25.JPG,Diego Delso,CC BY-SA-3.0,https://creativecommons.org/licenses/by-sa/3.0,Commons assessment: quality
ARCH_0053,Unité d'Habitation Berlin (Corbusierhaus),Le Corbusier,,1958,Berlin,Germany,Europe,collective housing,Brutalism / Modern Movement,1946-1969,nonindustrial,"Le Corbusier Unité type (Interbau 1957); listed monument; substitutes Marseille Unité, whose photographs are unavailable on Commons (no freedom of panorama in France)",https://upload.wikimedia.org/wikipedia/commons/5/5f/Unite-d-Habitation-Corbusierhaus-Berlin-Westend-05-2017b.jpg,https://commons.wikimedia.org/wiki/File:Unite-d-Habitation-Corbusierhaus-Berlin-Westend-05-2017b.jpg,Gunnar Klack,CC BY-SA-4.0,https://creativecommons.org/licenses/by-sa/4.0,seed originally Unité d'Habitation Marseille; replaced by the Berlin Unité for licensing reasons
ARCH_0054,Palace of Assembly Chandigarh,Le Corbusier,,1962,Chandigarh,India,Asia,parliament / government building,Brutalism / Modern Movement,1946-1969,nonindustrial,UNESCO World Heritage Site (Capitol Complex),https://upload.wikimedia.org/wikipedia/commons/3/38/Palace_of_Assembly%2C_Capitol_Complex%2C_Chandigarh.jpg,"https://commons.wikimedia.org/wiki/File:Palace_of_Assembly,_Capitol_Complex,_Chandigarh.jpg",Lillottama,CC BY-SA-4.0,https://creativecommons.org/licenses/by-sa/4.0,
ARCH_0055,Casa Curutchet,Le Corbusier,,1953,La Plata,Argentina,Latin America,single-family house,Modern Movement,1946-1969,nonindustrial,UNESCO World Heritage Site,https://upload.wikimedia.org/wikipedia/commons/1/1e/Casa_Curutchet_2..JPG,https://commons.wikimedia.org/wiki/File:Casa_Curutchet_2..JPG,Danielsantiago9128,CC BY-SA-3.0,https://creativecommons.org/licenses/by-sa/3.0,
ARCH_0056,Farnsworth House,Ludwig Mies van der Rohe,,1951,"Plano, Illinois",United States,North America,single-family house,International Style,1946-1969,nonindustrial,National Historic Landmark; canonical work of Mies,https://upload.wikimedia.org/wikipedia/commons/4/45/Farnsworth_House_by_Mies_Van_Der_Rohe_-_exterior-6.jpg,https://commons.wikimedia.org/wiki/File:Farnsworth_House_by_Mies_Van_Der_Rohe_-_exterior-6.jpg,Victor Grigas,CC BY-SA-3.0,https://creativecommons.org/licenses/by-sa/3.0,
ARCH_0057,Seagram Building,"Ludwig Mies van der Rohe, Philip Johnson",,1958,New York City,United States,North America,office building,International Style,1946-1969,nonindustrial,canonical corporate skyscraper of the International Style; NYC landmark,https://upload.wikimedia.org/wikipedia/commons/9/99/Seagram_Building_%2835098307116%29.jpg,https://commons.wikimedia.org/wiki/File:Seagram_Building_(35098307116).jpg,"Ken OHYAMA from FUNABASHI, Japan",CC BY-SA-2.0,https://creativecommons.org/licenses/by-sa/2.0,
ARCH_0058,Neue Nationalgalerie,Ludwig Mies van der Rohe,,1968,Berlin,Germany,Europe,museum,International Style,1946-1969,nonindustrial,canonical late work of Mies; listed monument,https://upload.wikimedia.org/wikipedia/commons/3/3e/Berlin-Neue_Nationalgalerie-06-Ludwig_Mies_van_der_Rohe-2016-gje.jpg,https://commons.wikimedia.org/wiki/File:Berlin-Neue_Nationalgalerie-06-Ludwig_Mies_van_der_Rohe-2016-gje.jpg,Gerd Eichmann,CC BY-SA-4.0,https://creativecommons.org/licenses/by-sa/4.0,
ARCH_0059,Lever House,Gordon Bunshaft,"Skidmore, Owings & Merrill",1952,New York City,United States,North America,office building,International Style,1946-1969,nonindustrial,National Historic Landmark; canonical glass curtain-wall office,https://upload.wikimedia.org/wikipedia/commons/d/d6/Lever_House_Nov_2025_04.jpg,https://commons.wikimedia.org/wiki/File:Lever_House_Nov_2025_04.jpg,Epicgenius,CC BY-SA-4.0,https://creativecommons.org/licenses/by-sa/4.0,
ARCH_0060,Glass House,Philip Johnson,,1949,"New Canaan, Connecticut",United States,North America,single-family house,International Style,1946-1969,nonindustrial,National Historic Landmark; canonical modern house,https://upload.wikimedia.org/wikipedia/commons/b/be/Glass_House_2006.jpg,https://commons.wikimedia.org/wiki/File:Glass_House_2006.jpg,Carol M. Highsmith,PD,,
ARCH_0061,Eames House,"Charles Eames, Ray Eames",,1949,Los Angeles,United States,North America,single-family house,Mid-century modern (Case Study House),1946-1969,nonindustrial,National Historic Landmark; Case Study House #8,https://upload.wikimedia.org/wikipedia/commons/d/db/Eames_House_%2814205069394%29.jpg,https://commons.wikimedia.org/wiki/File:Eames_House_(14205069394).jpg,edward stojakovic,CC BY-2.0,https://creativecommons.org/licenses/by/2.0,
ARCH_0062,Solomon R. Guggenheim Museum,Frank Lloyd Wright,,1959,New York City,United States,North America,museum,Organic architecture,1946-1969,nonindustrial,UNESCO World Heritage Site,https://upload.wikimedia.org/wikipedia/commons/7/77/5_Av_Sep_2022_118.jpg,https://commons.wikimedia.org/wiki/File:5_Av_Sep_2022_118.jpg,Epicgenius,CC BY-SA-4.0,https://creativecommons.org/licenses/by-sa/4.0,
ARCH_0063,TWA Flight Center,Eero Saarinen,,1962,New York City,United States,North America,airport terminal,Expressionist modernism,1946-1969,nonindustrial,canonical work of Eero Saarinen; NYC landmark,https://upload.wikimedia.org/wikipedia/commons/4/48/Flight_Center_View.jpg,https://commons.wikimedia.org/wiki/File:Flight_Center_View.jpg,Swizz152,CC BY-SA-4.0,https://creativecommons.org/licenses/by-sa/4.0,
ARCH_0064,General Motors Technical Center,Eero Saarinen,,1956,"Warren, Michigan",United States,North America,corporate research and production campus,Mid-century modern,1946-1969,industrial,National Historic Landmark; AIA Twenty-five Year Award; canonical corporate industrial campus,https://upload.wikimedia.org/wikipedia/commons/d/d2/Warren_-_General_Motors_Technical_Center_%2850826111923%29.jpg,https://commons.wikimedia.org/wiki/File:Warren_-_General_Motors_Technical_Center_(50826111923).jpg,ajay_suresh,CC BY-2.0,https://creativecommons.org/licenses/by/2.0,
ARCH_0065,Salk Institute for Biological Studies,Louis Kahn,,1965,"La Jolla, California",United States,North America,research laboratory,Modernism / Brutalism,1946-1969,nonindustrial,AIA Twenty-five Year Award; canonical work of Louis Kahn,https://upload.wikimedia.org/wikipedia/commons/f/fd/Salk_Institute_2_Highsmith.jpg,https://commons.wikimedia.org/wiki/File:Salk_Institute_2_Highsmith.jpg,Carol M. Highsmith,PD,,
ARCH_0066,Whitney Museum (Breuer Building),Marcel Breuer,,1966,New York City,United States,North America,museum,Brutalism,1946-1969,nonindustrial,canonical work of Marcel Breuer; frequently cited brutalist museum,https://upload.wikimedia.org/wikipedia/commons/1/13/Breuer2.jpg,https://commons.wikimedia.org/wiki/File:Breuer2.jpg,Glenda Altarejos,CC BY-SA-4.0,https://creativecommons.org/licenses/by-sa/4.0,
ARCH_0067,Boston City Hall,Kallmann McKinnell & Knowles,Kallmann McKinnell & Knowles,1968,Boston,United States,North America,town hall,Brutalism,1946-1969,nonindustrial,canonical work of American brutalism; AIA Honor Award,https://upload.wikimedia.org/wikipedia/commons/f/fb/2010_GovtCenter_Boston8.jpg,https://commons.wikimedia.org/wiki/File:2010_GovtCenter_Boston8.jpg,M2545,PD,,
ARCH_0068,Marina City,Bertrand Goldberg,,1964,Chicago,United States,North America,collective housing (mixed-use towers),Modernism,1946-1969,nonindustrial,Chicago Landmark; canonical mixed-use complex,https://upload.wikimedia.org/wikipedia/commons/e/e9/Marina_City_and_State_Street_Bridge_at_blue_hour%2C_Chicago.jpg,"https://commons.wikimedia.org/wiki/File:Marina_City_and_State_Street_Bridge_at_blue_hour,_Chicago.jpg",NorbertNagel,CC BY-SA-4.0,https://creativecommons.org/licenses/by-sa/4.0,Commons assessment: quality
ARCH_0069,John Hancock Center,"Bruce Graham, Fazlur Khan","Skidmore, Owings & Merrill",1969,Chicago,United States,North America,office / residential skyscraper,Structural expressionism,1946-1969,nonindustrial,canonical trussed-tube skyscraper; frequently cited,https://upload.wikimedia.org/wikipedia/commons/4/4d/John_Hancock_Center_2.jpg,https://commons.wikimedia.org/wiki/File:John_Hancock_Center_2.jpg,Joe Ravi,CC BY-SA-3.0,https://creativecommons.org/licenses/by-sa/3.0,Commons assessment: quality
ARCH_0070,Habitat 67,Moshe Safdie,,1967,Montreal,Canada,North America,collective housing,Brutalism / prefabrication,1946-1969,nonindustrial,canonical prefabricated housing experiment; heritage designated,https://upload.wikimedia.org/wikipedia/commons/6/6d/Habitat_67%2C_southwest_view.jpg,"https://commons.wikimedia.org/wiki/File:Habitat_67,_southwest_view.jpg",Thomas Ledl,CC BY-SA-4.0,https://creativecommons.org/licenses/by-sa/4.0,
ARCH_0071,Säynätsalo Town Hall,Alvar Aalto,,1952,Jyväskylä,Finland,Europe,town hall,Organic modernism,1946-1969,nonindustrial,canonical work of Alvar Aalto,https://upload.wikimedia.org/wikipedia/commons/7/75/S%C3%A4yn%C3%A4tsalon_kunnantalo.jpg,https://commons.wikimedia.org/wiki/File:S%C3%A4yn%C3%A4tsalon_kunnantalo.jpg,Tiia Monto,CC BY-SA-3.0,https://creativecommons.org/licenses/by-sa/3.0,
ARCH_0072,Congresso Nacional Brasília,Oscar Niemeyer,,1960,Brasília,Brazil,Latin America,parliament,Brazilian modernism,1946-1969,nonindustrial,UNESCO World Heritage Site (Brasília); Pritzker Prize architect,https://upload.wikimedia.org/wikipedia/commons/d/d0/Brazilian_National_Congress.jpg,https://commons.wikimedia.org/wiki/File:Brazilian_National_Congress.jpg,Eurico Zimbres,CC BY-SA-2.5,https://creativecommons.org/licenses/by-sa/2.5,Commons assessment: featured|potd|poty
ARCH_0073,Copan Building,Oscar Niemeyer,,1966,São Paulo,Brazil,Latin America,collective housing,Brazilian modernism,1946-1969,nonindustrial,Pritzker Prize architect; canonical residential megastructure,https://upload.wikimedia.org/wikipedia/commons/0/0f/ROGERIOCASSIMIRO_EDIFICIOCOPAN_SAOPAULO_SP_%2827088931388%29.jpg,https://commons.wikimedia.org/wiki/File:ROGERIOCASSIMIRO_EDIFICIOCOPAN_SAOPAULO_SP_(27088931388).jpg,MTur Destinos,PD,,
ARCH_0074,Museu de Arte de São Paulo,Lina Bo Bardi,,1968,São Paulo,Brazil,Latin America,museum,Brutalism,1946-1969,nonindustrial,canonical work of Lina Bo Bardi; widely documented,https://upload.wikimedia.org/wikipedia/commons/9/9d/MASP_Brazil.jpg,https://commons.wikimedia.org/wiki/File:MASP_Brazil.jpg,Wilfredor,CC0,http://creativecommons.org/publicdomain/zero/1.0/deed.en,Commons assessment: quality|valued
ARCH_0075,Casa de Vidro,Lina Bo Bardi,,1951,São Paulo,Brazil,Latin America,single-family house,Modern Movement,1946-1969,nonindustrial,canonical work of Lina Bo Bardi; listed,https://upload.wikimedia.org/wikipedia/commons/0/02/Casa_de_Vidro_-_Instituto_Bardi.jpg,https://commons.wikimedia.org/wiki/File:Casa_de_Vidro_-_Instituto_Bardi.jpg,LeoINN,CC BY-SA-4.0,https://creativecommons.org/licenses/by-sa/4.0,
ARCH_0076,Museu de Arte Moderna do Rio de Janeiro,Affonso Eduardo Reidy,,1958,Rio de Janeiro,Brazil,Latin America,museum,Brazilian modernism,1946-1969,nonindustrial,canonical work of Brazilian modernism,https://upload.wikimedia.org/wikipedia/commons/5/53/MAM_-_Museu_de_Arte_Moderna_do_Rio_de_Janeiro_02.jpg,https://commons.wikimedia.org/wiki/File:MAM_-_Museu_de_Arte_Moderna_do_Rio_de_Janeiro_02.jpg,Halley Pacheco de Oliveira,CC BY-SA-3.0,https://creativecommons.org/licenses/by-sa/3.0,
ARCH_0077,FAU-USP Building,"João Batista Vilanova Artigas, Carlos Cascaldi",,1969,São Paulo,Brazil,Latin America,university building,Paulista Brutalism,1946-1969,nonindustrial,canonical work of the Paulista school,https://upload.wikimedia.org/wikipedia/commons/2/23/At_Cidade_Universit%C3%A1ria_Armando_de_Salles_Oliveira_2023_071.jpg,https://commons.wikimedia.org/wiki/File:At_Cidade_Universit%C3%A1ria_Armando_de_Salles_Oliveira_2023_071.jpg,Photograph by Mike Peel (www.mikepeel.net).,CC BY-SA-4.0,https://creativecommons.org/licenses/by-sa/4.0,
ARCH_0078,UNAM Central Library,Juan O'Gorman,,1956,Mexico City,Mexico,Latin America,library,Mexican modernism,1946-1969,nonindustrial,UNESCO World Heritage Site (Ciudad Universitaria),https://upload.wikimedia.org/wikipedia/commons/6/64/Main_UNAM_library_from_southeast.jpg,https://commons.wikimedia.org/wiki/File:Main_UNAM_library_from_southeast.jpg,Daniel Case,CC BY-SA-3.0,https://creativecommons.org/licenses/by-sa/3.0,Commons assessment: quality
ARCH_0079,Casa Luis Barragán,Luis Barragán,,1948,Mexico City,Mexico,Latin America,single-family house,Emotional modernism / regionalism,1946-1969,nonindustrial,UNESCO World Heritage Site; Pritzker Prize architect,https://upload.wikimedia.org/wikipedia/commons/3/39/Luis_Barrag%C3%A1n_House_and_Studio_Street_view.JPG,https://commons.wikimedia.org/wiki/File:Luis_Barrag%C3%A1n_House_and_Studio_Street_view.JPG,Thomas Ledl,CC BY-SA-4.0,https://creativecommons.org/licenses/by-sa/4.0,
ARCH_0080,Los Manantiales Restaurant,Félix Candela,,1958,"Xochimilco, Mexico City",Mexico,Latin America,restaurant / shell structure,Structural expressionism,1946-1969,nonindustrial,canonical hyperbolic paraboloid shell; frequently cited,https://upload.wikimedia.org/wikipedia/commons/5/59/Restaurante_Los_Manantiales_07.jpg,https://commons.wikimedia.org/wiki/File:Restaurante_Los_Manantiales_07.jpg,Dge,CC BY-SA-3.0,https://creativecommons.org/licenses/by-sa/3.0,
ARCH_0081,Torre Latinoamericana,Augusto H. Álvarez,,1956,Mexico City,Mexico,Latin America,office building,International Style,1946-1969,nonindustrial,landmark earthquake-resistant skyscraper; widely cited,https://upload.wikimedia.org/wikipedia/commons/e/ef/Torre_Latinoamericana_from_Alameda_Central_promenade.jpg,https://commons.wikimedia.org/wiki/File:Torre_Latinoamericana_from_Alameda_Central_promenade.jpg,Daniel Case,CC BY-SA-3.0,https://creativecommons.org/licenses/by-sa/3.0,Commons assessment: quality
ARCH_0082,Aula Magna Ciudad Universitaria de Caracas,Carlos Raúl Villanueva,,1953,Caracas,Venezuela,Latin America,university auditorium,Modernism,1946-1969,nonindustrial,UNESCO World Heritage Site,https://upload.wikimedia.org/wikipedia/commons/2/2f/AULA_MAGNA_SIM%C3%93N_BOL%C3%8DVAR.jpg,https://commons.wikimedia.org/wiki/File:AULA_MAGNA_SIM%C3%93N_BOL%C3%8DVAR.jpg,Carlos Enrique Zanabria,CC BY-SA-4.0,https://creativecommons.org/licenses/by-sa/4.0,
ARCH_0083,Banco de Londres y América del Sur,Clorindo Testa,SEPRA,1966,Buenos Aires,Argentina,Latin America,bank / office building,Brutalism,1946-1969,nonindustrial,canonical work of Latin American brutalism,https://upload.wikimedia.org/wikipedia/commons/1/13/Brutalismo_en_Buenos_Aires_-_Banco_Hipotecario.jpg,https://commons.wikimedia.org/wiki/File:Brutalismo_en_Buenos_Aires_-_Banco_Hipotecario.jpg,Kevinkoppe2020,CC BY-SA-4.0,https://creativecommons.org/licenses/by-sa/4.0,
ARCH_0084,Church of Christ the Worker Atlántida,Eladio Dieste,,1960,Atlántida,Uruguay,Latin America,church,Structural brick modernism,1946-1969,nonindustrial,UNESCO World Heritage Site,https://upload.wikimedia.org/wikipedia/commons/e/eb/Iglesia_Cristo_Obrero_y_Nuestra_Se%C3%B1ora_de_Lourdes.JPG,https://commons.wikimedia.org/wiki/File:Iglesia_Cristo_Obrero_y_Nuestra_Se%C3%B1ora_de_Lourdes.JPG,María Beatriz Rodriguez,CC BY-SA-3.0,https://creativecommons.org/licenses/by-sa/3.0,
ARCH_0085,Hiroshima Peace Memorial Museum,Kenzo Tange,,1955,Hiroshima,Japan,Japan,museum,Modern Movement,1946-1969,nonindustrial,Important Cultural Property; Pritzker Prize architect,https://upload.wikimedia.org/wikipedia/commons/d/dc/Hiroshima_Peace_Memorial_Museum%2C_G7_Hiroshima_001.jpg,"https://commons.wikimedia.org/wiki/File:Hiroshima_Peace_Memorial_Museum,_G7_Hiroshima_001.jpg",Naokijp,CC BY-SA-4.0,https://creativecommons.org/licenses/by-sa/4.0,
ARCH_0086,Kagawa Prefectural Government Office,Kenzo Tange,,1958,Takamatsu,Japan,Japan,government building,Modern Movement,1946-1969,nonindustrial,Important Cultural Property; Pritzker Prize architect,https://upload.wikimedia.org/wikipedia/commons/c/c4/4_Chome_Banch%C5%8D%2C_Takamatsu-shi%2C_Kagawa-ken_760-0017%2C_Japan_-_panoramio.jpg,"https://commons.wikimedia.org/wiki/File:4_Chome_Banch%C5%8D,_Takamatsu-shi,_Kagawa-ken_760-0017,_Japan_-_panoramio.jpg",Nagono,CC BY-SA-3.0,https://creativecommons.org/licenses/by-sa/3.0,
ARCH_0087,Yoyogi National Gymnasium,Kenzo Tange,,1964,Tokyo,Japan,Japan,sports building,Structural expressionism,1946-1969,nonindustrial,Important Cultural Property; Pritzker Prize architect,https://upload.wikimedia.org/wikipedia/commons/6/66/Yoyogi_National_Gymnasium_20200607-2.jpg,https://commons.wikimedia.org/wiki/File:Yoyogi_National_Gymnasium_20200607-2.jpg,Suicasmo,CC BY-SA-4.0,https://creativecommons.org/licenses/by-sa/4.0,
ARCH_0088,St. Mary's Cathedral Tokyo,Kenzo Tange,,1964,Tokyo,Japan,Japan,church,Structural expressionism,1946-1969,nonindustrial,Pritzker Prize architect; canonical work,https://upload.wikimedia.org/wikipedia/commons/0/07/St._Mary%27s_Cathedral_Tokyo.jpg,https://commons.wikimedia.org/wiki/File:St._Mary%27s_Cathedral_Tokyo.jpg,Kakidai,CC BY-SA-4.0,https://creativecommons.org/licenses/by-sa/4.0,Commons assessment: quality
ARCH_0089,Museum of Modern Art Kamakura,Junzo Sakakura,,1951,Kamakura,Japan,Japan,museum,Modern Movement,1946-1969,nonindustrial,canonical postwar Japanese modernism; listed,https://upload.wikimedia.org/wikipedia/commons/6/6f/Tsurugaoka_Museum%2C_Kamakura%2C_-29_november_2025_14%EF%BC%9A42.jpg,"https://commons.wikimedia.org/wiki/File:Tsurugaoka_Museum,_Kamakura,_-29_november_2025_14%EF%BC%9A42.jpg","Barry Ratzliff from Sapporo and Tokyo, Japan",CC0,http://creativecommons.org/publicdomain/zero/1.0/deed.en,
ARCH_0090,Tokyo Bunka Kaikan,Kunio Maekawa,,1961,Tokyo,Japan,Japan,concert hall,Brutalism / Modern Movement,1946-1969,nonindustrial,canonical work of Kunio Maekawa; DOCOMOMO Japan,https://upload.wikimedia.org/wikipedia/commons/5/51/Wongwt_%E6%9D%B1%E4%BA%AC%E6%96%87%E5%8C%96%E6%9C%83%E9%A4%A8_%2817098044799%29.jpg,https://commons.wikimedia.org/wiki/File:Wongwt_%E6%9D%B1%E4%BA%AC%E6%96%87%E5%8C%96%E6%9C%83%E9%A4%A8_(17098044799).jpg,"Wei-Te Wong from Taipei City, Taiwan, Republic of China",CC BY-SA-2.0,https://creativecommons.org/licenses/by-sa/2.0,
ARCH_0091,Yamanashi Press and Broadcasting Center,Kenzo Tange,,1966,Kofu,Japan,Japan,media production / office building,Metabolism,1946-1969,nonindustrial,canonical work of Metabolism,https://upload.wikimedia.org/wikipedia/commons/8/8f/Interaction_between_architecture_and_electricity_in_Kofu%2C_Yamanashi%2C_Japan.jpg,"https://commons.wikimedia.org/wiki/File:Interaction_between_architecture_and_electricity_in_Kofu,_Yamanashi,_Japan.jpg",Odd Roar Aalborg,CC BY-SA-4.0,https://creativecommons.org/licenses/by-sa/4.0,only usable free exterior; overhead cables cross the frame
ARCH_0092,Kyoto International Conference Center,Sachio Otani,,1966,Kyoto,Japan,Japan,conference centre,Metabolism / Brutalism,1946-1969,nonindustrial,DOCOMOMO Japan; canonical work,https://upload.wikimedia.org/wikipedia/commons/3/3f/Rustam_Minnikhanov%2C_Kyoto_%282017-10-01%29_01.jpg,"https://commons.wikimedia.org/wiki/File:Rustam_Minnikhanov,_Kyoto_(2017-10-01)_01.jpg",Unknown authorUnknown author,CC BY-4.0,https://creativecommons.org/licenses/by/4.0,
ARCH_0093,Cultural Center of the Philippines,Leandro Locsin,,1969,Manila,Philippines,Asia,theatre / cultural centre,Brutalism,1946-1969,nonindustrial,National Cultural Treasure; National Artist for Architecture,https://upload.wikimedia.org/wikipedia/commons/3/30/Cultural_Center_Complex_of_the_Philippines_in_Roxas_Boulevard_SJasminum_02.jpg,https://commons.wikimedia.org/wiki/File:Cultural_Center_Complex_of_the_Philippines_in_Roxas_Boulevard_SJasminum_02.jpg,SJasminum,CC BY-SA-4.0,https://creativecommons.org/licenses/by-sa/4.0,
ARCH_0094,Gandhi Smarak Sangrahalaya,Charles Correa,,1963,Ahmedabad,India,Asia,museum,Regional modernism,1946-1969,nonindustrial,canonical work of Charles Correa; widely documented,https://upload.wikimedia.org/wikipedia/commons/c/ca/Gandhi_Memorial_Museum_-_South_Facade_-_14_Riverside_Road_-_Barrackpore_-_Kolkata_2017-03-30_0932.JPG,https://commons.wikimedia.org/wiki/File:Gandhi_Memorial_Museum_-_South_Facade_-_14_Riverside_Road_-_Barrackpore_-_Kolkata_2017-03-30_0932.JPG,Biswarup Ganguly,CC BY-3.0,https://creativecommons.org/licenses/by/3.0,
ARCH_0095,Shrine of the Book,"Armand Bartos, Frederick Kiesler",,1965,Jerusalem,Israel,Middle East,museum,Expressionist modernism,1946-1969,nonindustrial,canonical work; frequently documented,https://upload.wikimedia.org/wikipedia/commons/f/f0/19077-Jerusalem_%2828887225372%29.jpg,https://commons.wikimedia.org/wiki/File:19077-Jerusalem_(28887225372).jpg,xiquinhosilva,CC BY-2.0,https://creativecommons.org/licenses/by/2.0,
ARCH_0096,New Gourna Village,Hassan Fathy,,1948,Luxor,Egypt,Africa,village / housing / mosque,Vernacular modernism,1946-1969,nonindustrial,canonical work of Hassan Fathy; World Monuments Fund,https://upload.wikimedia.org/wikipedia/commons/7/78/New_Gourna_R01.jpg,https://commons.wikimedia.org/wiki/File:New_Gourna_R01.jpg,Marc Ryckaert,CC BY-3.0,https://creativecommons.org/licenses/by/3.0,
ARCH_0097,Rose Seidler House,Harry Seidler,,1950,"Wahroonga, Sydney",Australia,Oceania,single-family house,International Style,1946-1969,nonindustrial,NSW State Heritage Register; canonical Australian modernism,https://upload.wikimedia.org/wikipedia/commons/8/8e/Rose_Seidler_House_viewed_from_the_east_August_2026.jpg,https://commons.wikimedia.org/wiki/File:Rose_Seidler_House_viewed_from_the_east_August_2026.jpg,Nick-D,CC BY-SA-4.0,https://creativecommons.org/licenses/by-sa/4.0,
ARCH_0098,Australia Square,"Harry Seidler, Pier Luigi Nervi",,1967,Sydney,Australia,Oceania,office building,Modernism / structural expressionism,1946-1969,nonindustrial,Sulman Medal; canonical Australian modern tower,https://upload.wikimedia.org/wikipedia/commons/c/c7/Australia_Square_003.jpg,https://commons.wikimedia.org/wiki/File:Australia_Square_003.jpg,Sardaka,CC BY-SA-4.0,https://creativecommons.org/licenses/by-sa/4.0,
ARCH_0099,Torre Velasca,BBPR,BBPR,1958,Milan,Italy,Europe,mixed-use tower,Postwar Italian modernism,1946-1969,nonindustrial,canonical work of Italian postwar architecture,https://upload.wikimedia.org/wikipedia/commons/5/56/Torre_Velasca_duomo.jpg,https://commons.wikimedia.org/wiki/File:Torre_Velasca_duomo.jpg,Saggittarius A,CC BY-SA-4.0,https://creativecommons.org/licenses/by-sa/4.0,
ARCH_0100,Pirelli Tower,"Gio Ponti, Pier Luigi Nervi",,1960,Milan,Italy,Europe,office building,Modernism,1946-1969,nonindustrial,canonical work of Ponti and Nervi; frequently cited,https://upload.wikimedia.org/wikipedia/commons/0/0b/Grattacielo_Pirelli_%28Milano%29.jpg,https://commons.wikimedia.org/wiki/File:Grattacielo_Pirelli_(Milano).jpg,Francesco Falconetti,CC BY-4.0,https://creativecommons.org/licenses/by/4.0,
ARCH_0101,Palazzetto dello Sport,"Pier Luigi Nervi, Annibale Vitellozzi",,1957,Rome,Italy,Europe,sports building,Structural expressionism,1946-1969,nonindustrial,canonical work of Pier Luigi Nervi,https://upload.wikimedia.org/wikipedia/commons/a/a5/Palazzetto_dello_Sport_%28Rovigo%29.JPG,https://commons.wikimedia.org/wiki/File:Palazzetto_dello_Sport_(Rovigo).JPG,Threecharlie,CC BY-SA-3.0,https://creativecommons.org/licenses/by-sa/3.0,
ARCH_0102,Cartiera Burgo,Pier Luigi Nervi,,1963,Mantua,Italy,Europe,paper mill / factory,Structural expressionism,1946-1969,industrial,canonical industrial work of Pier Luigi Nervi (suspended roof),https://upload.wikimedia.org/wikipedia/commons/5/58/Cartiera_Burgo_stabilimento_di_Avezzano.jpg,https://commons.wikimedia.org/wiki/File:Cartiera_Burgo_stabilimento_di_Avezzano.jpg,Marica Massaro,CC BY-SA-4.0,https://creativecommons.org/licenses/by-sa/4.0,
ARCH_0103,Officine ICO Olivetti,"Luigi Figini, Gino Pollini",,1957,Ivrea,Italy,Europe,factory,Italian Rationalism,1946-1969,industrial,"UNESCO World Heritage Site (Ivrea, industrial city of the 20th century)",https://upload.wikimedia.org/wikipedia/commons/4/41/Officine_ICO.jpg,https://commons.wikimedia.org/wiki/File:Officine_ICO.jpg,Davide Mauro,CC BY-SA-4.0,https://creativecommons.org/licenses/by-sa/4.0,
ARCH_0104,Museo di Castelvecchio,Carlo Scarpa,,1964,Verona,Italy,Europe,museum (restoration),Postwar Italian modernism,1946-1969,nonindustrial,canonical work of Carlo Scarpa,https://upload.wikimedia.org/wikipedia/commons/7/7e/Castelvecchio_TorreVistaBalconata.jpg,https://commons.wikimedia.org/wiki/File:Castelvecchio_TorreVistaBalconata.jpg,MartinucciG92,CC BY-SA-4.0,https://creativecommons.org/licenses/by-sa/4.0,
ARCH_0105,Berliner Philharmonie,Hans Scharoun,,1963,Berlin,Germany,Europe,concert hall,Organic modernism / Expressionism,1946-1969,nonindustrial,canonical work of Hans Scharoun; listed monument,https://upload.wikimedia.org/wikipedia/commons/3/35/Berliner_Philharmonie_From_Street_2023.jpg,https://commons.wikimedia.org/wiki/File:Berliner_Philharmonie_From_Street_2023.jpg,Jonathan Platteau,CC BY-SA-4.0,https://creativecommons.org/licenses/by-sa/4.0,
ARCH_0106,Kaiser Wilhelm Memorial Church (new building),Egon Eiermann,,1961,Berlin,Germany,Europe,church,Modernism,1946-1969,nonindustrial,canonical work of Egon Eiermann; listed monument,https://upload.wikimedia.org/wikipedia/commons/e/e9/20220812_Kaiser-Wilhelm-Ged%C3%A4chtniskirche.jpg,https://commons.wikimedia.org/wiki/File:20220812_Kaiser-Wilhelm-Ged%C3%A4chtniskirche.jpg,Flocci Nivis,CC BY-4.0,https://creativecommons.org/licenses/by/4.0,Commons assessment: quality
ARCH_0107,Amsterdam Municipal Orphanage,Aldo van Eyck,,1960,Amsterdam,Netherlands,Europe,orphanage / social building,Structuralism,1946-1969,nonindustrial,canonical work of Dutch structuralism; rijksmonument,https://upload.wikimedia.org/wikipedia/commons/7/72/Amsterdam_%2C_Netherlands_-_panoramio_%28148%29.jpg,"https://commons.wikimedia.org/wiki/File:Amsterdam_,_Netherlands_-_panoramio_(148).jpg",Patrick Nouhailler's…,CC BY-SA-3.0,https://creativecommons.org/licenses/by-sa/3.0,
ARCH_0108,Evoluon,"Louis Kalff, Leo de Bever",,1966,Eindhoven,Netherlands,Europe,exhibition / technology centre (Philips),Space Age modernism,1946-1969,industrial,Philips corporate science building; rijksmonument; canonical corporate landmark,https://upload.wikimedia.org/wikipedia/commons/e/e8/532277_Eindhoven_Evoluon.jpg,https://commons.wikimedia.org/wiki/File:532277_Eindhoven_Evoluon.jpg,GVR,CC BY-SA-4.0,https://creativecommons.org/licenses/by-sa/4.0,
ARCH_0109,Engineering Building University of Leicester,"James Stirling, James Gowan",,1963,Leicester,United Kingdom,Europe,university building,Postwar modernism / proto-high-tech,1946-1969,nonindustrial,Grade II* listed; Pritzker Prize architect; canonical,https://upload.wikimedia.org/wikipedia/commons/a/ad/Leicester_University_Engineering_Building.jpg,https://commons.wikimedia.org/wiki/File:Leicester_University_Engineering_Building.jpg,NotFromUtrecht,CC BY-SA-3.0,https://creativecommons.org/licenses/by-sa/3.0,
ARCH_0110,Park Hill Sheffield,"Jack Lynn, Ivor Smith",,1961,Sheffield,United Kingdom,Europe,collective housing,Brutalism,1946-1969,nonindustrial,Grade II* listed; canonical brutalist housing (Stirling Prize shortlist for renovation),https://upload.wikimedia.org/wikipedia/commons/8/8c/Done_up_sheffield_flats.jpg,https://commons.wikimedia.org/wiki/File:Done_up_sheffield_flats.jpg,Beep boop beep,CC BY-SA-4.0,https://creativecommons.org/licenses/by-sa/4.0,
ARCH_0111,Louisiana Museum of Modern Art,"Jørgen Bo, Vilhelm Wohlert",,1958,Humlebæk,Denmark,Europe,museum,Danish modernism,1946-1969,nonindustrial,canonical Danish modernism; widely documented,https://upload.wikimedia.org/wikipedia/commons/6/68/2026_Louisiana_Museum_of_Modern_Art_2.jpg,https://commons.wikimedia.org/wiki/File:2026_Louisiana_Museum_of_Modern_Art_2.jpg,kallerna,CC BY-SA-4.0,https://creativecommons.org/licenses/by-sa/4.0,
ARCH_0112,Nordic Pavilion Venice,Sverre Fehn,,1962,Venice,Italy,Europe,pavilion,Nordic modernism,1946-1969,nonindustrial,Pritzker Prize architect; canonical work,https://upload.wikimedia.org/wikipedia/commons/e/ee/2006-11-Nordic_pavilion-Venice-1.jpg,https://commons.wikimedia.org/wiki/File:2006-11-Nordic_pavilion-Venice-1.jpg,Gunnar Klack,CC BY-SA-4.0,https://creativecommons.org/licenses/by-sa/4.0,
ARCH_0113,Torres Blancas,Francisco Javier Sáenz de Oiza,,1969,Madrid,Spain,Europe,collective housing,Organic brutalism,1946-1969,nonindustrial,canonical work of Spanish postwar architecture,https://upload.wikimedia.org/wikipedia/commons/a/a7/Madrid_-_Torres_Blancas_%2835894408112%29.jpg,https://commons.wikimedia.org/wiki/File:Madrid_-_Torres_Blancas_(35894408112).jpg,"Fred Romero from Paris, France",CC BY-2.0,https://creativecommons.org/licenses/by/2.0,
ARCH_0114,Leça Swimming Pools,Álvaro Siza,,1966,Leça da Palmeira,Portugal,Europe,swimming pools / public leisure,Critical regionalism,1946-1969,nonindustrial,Pritzker Prize architect; national monument,https://upload.wikimedia.org/wikipedia/commons/a/ad/Piscina_das_Mar%C3%A9s.jpg,https://commons.wikimedia.org/wiki/File:Piscina_das_Mar%C3%A9s.jpg,Ricardo Saraiva de Almeida,CC BY-SA-4.0,https://creativecommons.org/licenses/by-sa/4.0,
ARCH_0115,Siedlung Halen,Atelier 5,Atelier 5,1961,Herrenschwanden,Switzerland,Europe,collective housing,Brutalism,1946-1969,nonindustrial,canonical low-rise high-density housing; listed,https://upload.wikimedia.org/wikipedia/commons/3/32/Halen_002.jpg,https://commons.wikimedia.org/wiki/File:Halen_002.jpg,Ginkgo2g,CC BY-3.0,https://creativecommons.org/licenses/by/3.0,
ARCH_0116,Museum of Contemporary Art Belgrade,"Ivan Antić, Ivanka Raspopović",,1965,Belgrade,Serbia,Europe,museum,Yugoslav modernism,1946-1969,nonindustrial,cultural monument; canonical Yugoslav modernism,https://upload.wikimedia.org/wikipedia/commons/9/9b/Beograd_-_Muzej_Savremene_Umetnosti_%28MoCAB%29.jpg,https://commons.wikimedia.org/wiki/File:Beograd_-_Muzej_Savremene_Umetnosti_(MoCAB).jpg,Fred Romero,CC BY-2.0,https://creativecommons.org/licenses/by/2.0,
ARCH_0117,Ostankino Tower,Nikolai Nikitin,,1967,Moscow,Russia,Europe,TV tower / infrastructure,Soviet structural modernism,1946-1969,industrial,tallest free-standing structure at completion; canonical engineering landmark,https://upload.wikimedia.org/wikipedia/commons/c/c0/Ostankino_Tower_from_Kazansky_Rail_Terminal_2023-09-05_8415.jpg,https://commons.wikimedia.org/wiki/File:Ostankino_Tower_from_Kazansky_Rail_Terminal_2023-09-05_8415.jpg,Mike1979 Russia,CC BY-SA-3.0,https://creativecommons.org/licenses/by-sa/3.0,Commons assessment: quality
ARCH_0118,Sydney Opera House,Jørn Utzon,,1973,Sydney,Australia,Oceania,opera house / theatre,Expressionist modernism,1970-1989,nonindustrial,UNESCO World Heritage Site; Pritzker Prize architect,https://upload.wikimedia.org/wikipedia/commons/b/bc/NZ7_2333_%2846296662914%29.jpg,https://commons.wikimedia.org/wiki/File:NZ7_2333_(46296662914).jpg,"Bengt Nyman from Vaxholm, Sweden",CC BY-2.0,https://creativecommons.org/licenses/by/2.0,
ARCH_0119,Bagsværd Church,Jørn Utzon,,1976,Bagsværd,Denmark,Europe,church,Critical regionalism,1970-1989,nonindustrial,Pritzker Prize architect; canonical work cited by Frampton,https://upload.wikimedia.org/wikipedia/commons/7/78/Bagsv%C3%A6rd_Kirke_-_J%C3%B8rn_Utzon_-_1973-1976_-_panoramio.jpg,https://commons.wikimedia.org/wiki/File:Bagsv%C3%A6rd_Kirke_-_J%C3%B8rn_Utzon_-_1973-1976_-_panoramio.jpg,Jens Cederskjold,CC BY-3.0,https://creativecommons.org/licenses/by/3.0,
ARCH_0120,Kimbell Art Museum,Louis Kahn,,1972,Fort Worth,United States,North America,museum,Modernism,1970-1989,nonindustrial,AIA Twenty-five Year Award; canonical museum,https://upload.wikimedia.org/wikipedia/commons/8/81/Kimbell_Art_Museum_Highsmith.jpg,https://commons.wikimedia.org/wiki/File:Kimbell_Art_Museum_Highsmith.jpg,Carol M. Highsmith,PD,,
ARCH_0121,Jatiya Sangsad Bhaban,Louis Kahn,,1982,Dhaka,Bangladesh,Asia,parliament,Monumental modernism,1970-1989,nonindustrial,Aga Khan Award for Architecture; canonical work of Louis Kahn,https://upload.wikimedia.org/wikipedia/commons/0/06/Daytime_Exterior_View_of_Jatiya_Sangsad_Bhaban_with_Lake_Reflection.jpg,https://commons.wikimedia.org/wiki/File:Daytime_Exterior_View_of_Jatiya_Sangsad_Bhaban_with_Lake_Reflection.jpg,Tanvir Rahat,CC BY-SA-4.0,https://creativecommons.org/licenses/by-sa/4.0,
ARCH_0122,Indian Institute of Management Ahmedabad,Louis Kahn,,1974,Ahmedabad,India,Asia,university campus,Brick modernism,1970-1989,nonindustrial,canonical work of Louis Kahn; widely documented,https://upload.wikimedia.org/wikipedia/commons/5/5b/Indian_Institute_of_Management_Ahmedabad%2C_dorms_in_the_old_campus.jpg,"https://commons.wikimedia.org/wiki/File:Indian_Institute_of_Management_Ahmedabad,_dorms_in_the_old_campus.jpg",Students of IIMA,CC BY-3.0,https://creativecommons.org/licenses/by/3.0,
ARCH_0123,Lloyd's building,Richard Rogers,Richard Rogers Partnership,1986,London,United Kingdom,Europe,office building,High-tech,1970-1989,nonindustrial,Grade I listed; Pritzker Prize architect,https://upload.wikimedia.org/wikipedia/commons/1/1b/Lloyd%27s_building_%2817016743592%29.jpg,https://commons.wikimedia.org/wiki/File:Lloyd%27s_building_(17016743592).jpg,"mhx from London, United Kingdom",CC BY-SA-2.0,https://creativecommons.org/licenses/by-sa/2.0,
ARCH_0124,Willis Faber & Dumas Headquarters,Norman Foster,Foster Associates,1975,Ipswich,United Kingdom,Europe,office building,High-tech,1970-1989,nonindustrial,Grade I listed; Pritzker Prize architect,https://upload.wikimedia.org/wikipedia/commons/0/01/Willis_Building_Ipswich.jpg,https://commons.wikimedia.org/wiki/File:Willis_Building_Ipswich.jpg,Sumit Surai,CC BY-SA-4.0,https://creativecommons.org/licenses/by-sa/4.0,
ARCH_0125,Renault Distribution Centre,Norman Foster,Foster Associates,1982,Swindon,United Kingdom,Europe,distribution centre / warehouse,High-tech,1970-1989,industrial,Grade II* listed; canonical high-tech industrial building,https://upload.wikimedia.org/wikipedia/commons/1/1a/Spectrum%2C_Swindon.jpg,"https://commons.wikimedia.org/wiki/File:Spectrum,_Swindon.jpg",Realaewuk,CC BY-SA-4.0,https://creativecommons.org/licenses/by-sa/4.0,
ARCH_0126,HSBC Main Building Hong Kong,Norman Foster,Foster Associates,1985,Hong Kong,China,Asia,office building / bank headquarters,High-tech,1970-1989,nonindustrial,canonical high-tech skyscraper; Pritzker Prize architect,https://upload.wikimedia.org/wikipedia/commons/a/a6/HSBC_Building_%28Hong_Kong%29_20170808.jpg,https://commons.wikimedia.org/wiki/File:HSBC_Building_(Hong_Kong)_20170808.jpg,Suicasmo,CC BY-SA-4.0,https://creativecommons.org/licenses/by-sa/4.0,
ARCH_0127,Herman Miller Factory Bath,Nicholas Grimshaw,Farrell/Grimshaw Partnership,1976,Bath,United Kingdom,Europe,factory,High-tech,1970-1989,industrial,Grade II listed; canonical high-tech industrial building,https://upload.wikimedia.org/wikipedia/commons/0/0a/Herman_Miller_factory%2C_Locksbrook%2C_Bath%2C_2011.jpg,"https://commons.wikimedia.org/wiki/File:Herman_Miller_factory,_Locksbrook,_Bath,_2011.jpg",Rwendland,CC BY-SA-4.0,https://creativecommons.org/licenses/by-sa/4.0,building occupies a small part of the frame (view across the river); only free exterior photograph
ARCH_0128,Schlumberger Cambridge Research Centre,Michael Hopkins,Hopkins Architects,1985,Cambridge,United Kingdom,Europe,research / industrial laboratory,High-tech,1970-1989,industrial,Grade II* listed; canonical tensile high-tech building,https://upload.wikimedia.org/wikipedia/commons/a/a6/Schlumberger_Gould_Research_Centre.jpg,https://commons.wikimedia.org/wiki/File:Schlumberger_Gould_Research_Centre.jpg,Richard Humphrey,CC BY-SA-2.0,https://creativecommons.org/licenses/by-sa/2.0,
ARCH_0129,Barbican Estate,"Chamberlin, Powell and Bon","Chamberlin, Powell and Bon",1976,London,United Kingdom,Europe,collective housing and arts centre,Brutalism,1970-1989,nonindustrial,Grade II listed; canonical brutalist estate,https://upload.wikimedia.org/wikipedia/commons/0/08/1352667_II_BARBICAN%2C_Andrewes_House%2C_Brandon_Mews_City_of_London_London_20250613_0001.jpg,"https://commons.wikimedia.org/wiki/File:1352667_II_BARBICAN,_Andrewes_House,_Brandon_Mews_City_of_London_London_20250613_0001.jpg",Tilman2007,CC BY-SA-4.0,https://creativecommons.org/licenses/by-sa/4.0,
ARCH_0130,Trellick Tower,Ernő Goldfinger,,1972,London,United Kingdom,Europe,collective housing,Brutalism,1970-1989,nonindustrial,Grade II* listed; canonical brutalist tower,https://upload.wikimedia.org/wikipedia/commons/9/95/Elkstone_Rd_Trellick_Tower_NW532_%2826620228263%29.jpg,https://commons.wikimedia.org/wiki/File:Elkstone_Rd_Trellick_Tower_NW532_(26620228263).jpg,Paul The Archivist,CC BY-SA-2.0,https://creativecommons.org/licenses/by-sa/2.0,
ARCH_0131,Byker Wall,Ralph Erskine,,1982,Newcastle upon Tyne,United Kingdom,Europe,collective housing,Participatory modernism,1970-1989,nonindustrial,Grade II* listed; canonical participatory housing,https://upload.wikimedia.org/wikipedia/commons/2/25/The_Byker_wall_-_geograph.org.uk_-_3363124.jpg,https://commons.wikimedia.org/wiki/File:The_Byker_wall_-_geograph.org.uk_-_3363124.jpg,Martin McG,CC BY-SA-2.0,https://creativecommons.org/licenses/by-sa/2.0,
ARCH_0132,Neue Staatsgalerie,"James Stirling, Michael Wilford",,1984,Stuttgart,Germany,Europe,museum,Postmodernism,1970-1989,nonindustrial,Pritzker Prize architect; canonical postmodern museum,https://upload.wikimedia.org/wikipedia/commons/9/9a/Neue_Staatsgalerie_Stuttgart_2014_01.jpg,https://commons.wikimedia.org/wiki/File:Neue_Staatsgalerie_Stuttgart_2014_01.jpg,Julian Herzog (Website),CC BY-4.0,https://creativecommons.org/licenses/by/4.0,
ARCH_0133,Munich Olympic Stadium,"Günter Behnisch, Frei Otto",,1972,Munich,Germany,Europe,stadium,Structural expressionism / tensile,1970-1989,nonindustrial,listed monument; canonical tensile roof structure,https://upload.wikimedia.org/wikipedia/commons/d/de/Olympiastadion%2C_M%C3%BAnich%2C_Alemania_2012-04-28%2C_DD_04.JPG,"https://commons.wikimedia.org/wiki/File:Olympiastadion,_M%C3%BAnich,_Alemania_2012-04-28,_DD_04.JPG",Diego Delso,CC BY-SA-3.0,https://creativecommons.org/licenses/by-sa/3.0,Commons assessment: quality
ARCH_0134,Centraal Beheer,Herman Hertzberger,,1972,Apeldoorn,Netherlands,Europe,office building,Structuralism,1970-1989,nonindustrial,canonical work of Dutch structuralism; rijksmonument,https://upload.wikimedia.org/wikipedia/commons/2/25/Hertzberger_Centraal_Beheer1.jpg,https://commons.wikimedia.org/wiki/File:Hertzberger_Centraal_Beheer1.jpg,Apdency,CC BY-SA-3.0,https://creativecommons.org/licenses/by-sa/3.0,
ARCH_0135,Wotruba Church,"Fritz Wotruba, Fritz Gerhard Mayr",,1976,Vienna,Austria,Europe,church,Brutalism / sculptural,1970-1989,nonindustrial,canonical sculptural brutalism,https://upload.wikimedia.org/wikipedia/commons/4/4e/Wien_-_Wotrubakirche_%284%29.JPG,https://commons.wikimedia.org/wiki/File:Wien_-_Wotrubakirche_(4).JPG,C.Stadler/Bwag,CC BY-SA-4.0,https://creativecommons.org/licenses/by-sa/4.0,
ARCH_0136,Brion Tomb,Carlo Scarpa,,1978,San Vito d'Altivole,Italy,Europe,funerary complex,Postwar Italian modernism,1970-1989,nonindustrial,canonical work of Carlo Scarpa; national monument,https://upload.wikimedia.org/wikipedia/commons/d/d8/Altivole_-_Tomba_Brion_-_2024-09-28_20-27-56_003.jpg,https://commons.wikimedia.org/wiki/File:Altivole_-_Tomba_Brion_-_2024-09-28_20-27-56_003.jpg,Viaggiamocela,CC BY-SA-4.0,https://creativecommons.org/licenses/by-sa/4.0,
ARCH_0137,Ještěd Tower,Karel Hubáček,,1973,Liberec,Czech Republic,Europe,hotel and TV transmitter,Late modernism / structural,1970-1989,nonindustrial,Auguste Perret Prize (UIA); national cultural monument,https://upload.wikimedia.org/wikipedia/commons/7/72/Je%C5%A1t%C4%9Bd_-_Libereck%C3%BD_kraj_-_Jizersk%C3%A9_hory_-_podzim_zima_-_prvn%C3%AD_sn%C3%ADh_09.jpg,https://commons.wikimedia.org/wiki/File:Je%C5%A1t%C4%9Bd_-_Libereck%C3%BD_kraj_-_Jizersk%C3%A9_hory_-_podzim_zima_-_prvn%C3%AD_sn%C3%ADh_09.jpg,Jan Široký,CC BY-SA-4.0,https://creativecommons.org/licenses/by-sa/4.0,
ARCH_0138,Spodek,"Maciej Gintowt, Maciej Krasiński",,1971,Katowice,Poland,Europe,arena,Late modernism / structural,1970-1989,nonindustrial,canonical Polish postwar structure; listed,https://upload.wikimedia.org/wikipedia/commons/0/09/At_Katowice_2024_432.jpg,https://commons.wikimedia.org/wiki/File:At_Katowice_2024_432.jpg,Photograph by Mike Peel (www.mikepeel.net).,CC BY-SA-4.0,https://creativecommons.org/licenses/by-sa/4.0,Commons assessment: quality
ARCH_0139,Genex Tower,Mihajlo Mitrović,,1980,Belgrade,Serbia,Europe,mixed-use tower,Brutalism,1970-1989,nonindustrial,canonical Yugoslav brutalism; cultural monument,https://upload.wikimedia.org/wikipedia/commons/a/ae/Genex_Tower_14.jpg,https://commons.wikimedia.org/wiki/File:Genex_Tower_14.jpg,kallerna,CC BY-SA-4.0,https://creativecommons.org/licenses/by-sa/4.0,Commons assessment: quality
ARCH_0140,Les Espaces d'Abraxas,Ricardo Bofill,Taller de Arquitectura,1982,Noisy-le-Grand,France,Europe,collective housing,Postmodernism,1970-1989,nonindustrial,canonical postmodern housing; widely documented,https://upload.wikimedia.org/wikipedia/commons/e/e4/Espaces_d%27Abraxas_-_Le_th%C3%A9%C3%A2tre_-_2025.jpg,https://commons.wikimedia.org/wiki/File:Espaces_d%27Abraxas_-_Le_th%C3%A9%C3%A2tre_-_2025.jpg,Lucasdcrk,CC BY-SA-4.0,https://creativecommons.org/licenses/by-sa/4.0,
ARCH_0141,Louvre Pyramid,I. M. Pei,,1989,Paris,France,Europe,museum entrance,Late modernism,1970-1989,nonindustrial,Pritzker Prize architect; canonical,https://upload.wikimedia.org/wikipedia/commons/5/5f/Louvre_Museum%2C_Paris_22_June_2014.jpg,"https://commons.wikimedia.org/wiki/File:Louvre_Museum,_Paris_22_June_2014.jpg",Dennis G. Jarvis,CC BY-SA-2.0,https://creativecommons.org/licenses/by-sa/2.0,
ARCH_0142,Vitra Design Museum,Frank Gehry,,1989,Weil am Rhein,Germany,Europe,museum,Deconstructivism,1970-1989,nonindustrial,Pritzker Prize architect; first Gehry building in Europe,https://upload.wikimedia.org/wikipedia/commons/1/17/20170805_248_weil_am_rhein_vitra.jpg,https://commons.wikimedia.org/wiki/File:20170805_248_weil_am_rhein_vitra.jpg,Jean Housen,CC BY-SA-4.0,https://creativecommons.org/licenses/by-sa/4.0,
ARCH_0143,Portland Building,Michael Graves,,1982,"Portland, Oregon",United States,North America,municipal office building,Postmodernism,1970-1989,nonindustrial,canonical postmodern building; National Register,https://upload.wikimedia.org/wikipedia/commons/a/aa/Upper_exterior_of_the_Portland_Building_in_2021%2C_post-renovation.jpg,"https://commons.wikimedia.org/wiki/File:Upper_exterior_of_the_Portland_Building_in_2021,_post-renovation.jpg",Steve Morgan,CC BY-SA-4.0,https://creativecommons.org/licenses/by-sa/4.0,
ARCH_0144,Vanna Venturi House,Robert Venturi,,1964,Philadelphia,United States,North America,single-family house,Postmodernism,1946-1969,nonindustrial,AIA Twenty-five Year Award; canonical postmodern house,https://upload.wikimedia.org/wikipedia/commons/2/29/V_Venturi_H_720am.JPG,https://commons.wikimedia.org/wiki/File:V_Venturi_H_720am.JPG,Smallbones,PD,,
ARCH_0145,Thorncrown Chapel,E. Fay Jones,,1980,"Eureka Springs, Arkansas",United States,North America,chapel,Organic architecture,1970-1989,nonindustrial,AIA Twenty-five Year Award; canonical timber chapel,https://upload.wikimedia.org/wikipedia/commons/8/81/Thorncrown_Chapel.jpg,https://commons.wikimedia.org/wiki/File:Thorncrown_Chapel.jpg,Clinton Steeds,CC BY-2.0,https://creativecommons.org/licenses/by/2.0,
ARCH_0146,Menil Collection,Renzo Piano,Renzo Piano Building Workshop,1987,Houston,United States,North America,museum,High-tech / contextual,1970-1989,nonindustrial,Pritzker Prize architect; canonical museum,https://upload.wikimedia.org/wikipedia/commons/c/c2/Menil_Collection_Houston_%285887512203%29.jpg,https://commons.wikimedia.org/wiki/File:Menil_Collection_Houston_(5887512203).jpg,Francisco Anzola,CC BY-2.0,https://creativecommons.org/licenses/by/2.0,
ARCH_0147,Cathedral of Brasília,Oscar Niemeyer,,1970,Brasília,Brazil,Latin America,church,Brazilian modernism,1970-1989,nonindustrial,UNESCO World Heritage Site (Brasília),https://upload.wikimedia.org/wikipedia/commons/5/55/11_01_2024_-_-TBT_um_templo_de_f%C3%A9%2C_arte_e_hist%C3%B3ria_%2853457392014%29.jpg,"https://commons.wikimedia.org/wiki/File:11_01_2024_-_-TBT_um_templo_de_f%C3%A9,_arte_e_hist%C3%B3ria_(53457392014).jpg","Agência Brasília from Brasília, Brasil",CC BY-2.0,https://creativecommons.org/licenses/by/2.0,
ARCH_0148,Torres del Parque,Rogelio Salmona,,1970,Bogotá,Colombia,Latin America,collective housing,Brick modernism,1970-1989,nonindustrial,canonical work of Rogelio Salmona; national monument,https://upload.wikimedia.org/wikipedia/commons/1/18/Lugares_al_alrededor_de_Colombia_%2854256369372%29.jpg,https://commons.wikimedia.org/wiki/File:Lugares_al_alrededor_de_Colombia_(54256369372).jpg,Jotamp_7,CC0,http://creativecommons.org/publicdomain/zero/1.0/deed.en,
ARCH_0149,Museo Tamayo,"Teodoro González de León, Abraham Zabludovsky",,1981,Mexico City,Mexico,Latin America,museum,Mexican brutalism,1970-1989,nonindustrial,Premio Nacional de Arquitectura; canonical,https://upload.wikimedia.org/wikipedia/commons/f/f7/Museo_Rufino_Tamayo_-_Mexico_2024.jpg,https://commons.wikimedia.org/wiki/File:Museo_Rufino_Tamayo_-_Mexico_2024.jpg,José Luiz,CC BY-SA-4.0,https://creativecommons.org/licenses/by-sa/4.0,
ARCH_0150,Nakagin Capsule Tower,Kisho Kurokawa,,1972,Tokyo,Japan,Japan,collective housing (capsules),Metabolism,1970-1989,nonindustrial,canonical work of Metabolism (demolished 2022),https://upload.wikimedia.org/wikipedia/commons/1/19/Nakagin_Capsule_Tower_%2851473254167%29.jpg,https://commons.wikimedia.org/wiki/File:Nakagin_Capsule_Tower_(51473254167).jpg,"Dick Thomas Johnson from Tokyo, Japan",CC BY-2.0,https://creativecommons.org/licenses/by/2.0,
ARCH_0151,Gunma Museum of Modern Art,Arata Isozaki,,1974,Takasaki,Japan,Japan,museum,Late modernism,1970-1989,nonindustrial,Pritzker Prize architect; canonical,https://upload.wikimedia.org/wikipedia/commons/c/c8/The_Museum_of_Modern_Art%2C_Gunma.JPG,"https://commons.wikimedia.org/wiki/File:The_Museum_of_Modern_Art,_Gunma.JPG",Abasaa,PD,,
ARCH_0152,Tsukuba Center Building,Arata Isozaki,,1983,Tsukuba,Japan,Japan,civic centre / hotel,Postmodernism,1970-1989,nonindustrial,Pritzker Prize architect; canonical postmodern work,https://upload.wikimedia.org/wikipedia/commons/c/c9/%E3%81%A4%E3%81%8F%E3%81%B0%E3%82%BB%E3%83%B3%E3%82%BF%E3%83%BC%E3%83%93%E3%83%AB%28%EF%BD%B1%EF%BD%B2%EF%BD%B1%EF%BD%B2%EF%BE%93%EF%BD%B0%EF%BE%99%E4%BB%98%E8%BF%91%29%E9%81%8A%E6%AD%A9%E9%81%93%E3%82%88%E3%82%8A_-_panoramio.jpg,https://commons.wikimedia.org/wiki/File:%E3%81%A4%E3%81%8F%E3%81%B0%E3%82%BB%E3%83%B3%E3%82%BF%E3%83%BC%E3%83%93%E3%83%AB(%EF%BD%B1%EF%BD%B2%EF%BD%B1%EF%BD%B2%EF%BE%93%EF%BD%B0%EF%BE%99%E4%BB%98%E8%BF%91)%E9%81%8A%E6%AD%A9%E9%81%93%E3%82%88%E3%82%8A_-_panoramio.jpg,☆ブロッコリーマン☆,CC BY-3.0,https://creativecommons.org/licenses/by/3.0,
ARCH_0153,Row House in Sumiyoshi (Azuma House),Tadao Ando,,1976,Osaka,Japan,Japan,single-family house,Minimalism / critical regionalism,1970-1989,nonindustrial,Pritzker Prize architect; AIJ Prize; canonical,https://upload.wikimedia.org/wikipedia/commons/c/c6/Azuma_house.JPG,https://commons.wikimedia.org/wiki/File:Azuma_house.JPG,Oiuysdfg,CC BY-SA-3.0,https://creativecommons.org/licenses/by-sa/3.0,
ARCH_0154,Indian Institute of Management Bangalore,B. V. Doshi,Vastu Shilpa,1983,Bangalore,India,Asia,university campus,Regional modernism,1970-1989,nonindustrial,Pritzker Prize architect,https://upload.wikimedia.org/wikipedia/commons/a/a6/Ground_and_hostel_blocks_at_IIM_Bangalore.jpg,https://commons.wikimedia.org/wiki/File:Ground_and_hostel_blocks_at_IIM_Bangalore.jpg,Magentic Manifestations,CC BY-SA-3.0,https://creativecommons.org/licenses/by-sa/3.0,
ARCH_0155,Lotus Temple,Fariborz Sahba,,1986,New Delhi,India,Asia,house of worship,Expressionist modernism,1970-1989,nonindustrial,widely documented; multiple architecture awards,https://upload.wikimedia.org/wikipedia/commons/d/dc/Lotus_Temple_in_New_Delhi_03-2016.jpg,https://commons.wikimedia.org/wiki/File:Lotus_Temple_in_New_Delhi_03-2016.jpg,A.Savin,FAL,http://artlibre.org/licence/lal/en,Commons assessment: quality
ARCH_0156,Sri Lankan Parliament Building,Geoffrey Bawa,,1982,Sri Jayawardenepura Kotte,Sri Lanka,Asia,parliament,Tropical modernism,1970-1989,nonindustrial,Aga Khan Award (Bawa lifetime); canonical tropical modernism,https://upload.wikimedia.org/wikipedia/commons/e/e2/Old_Parliament_Building%2C_Colombo.JPG,"https://commons.wikimedia.org/wiki/File:Old_Parliament_Building,_Colombo.JPG",Grayswoodsurrey,CC BY-SA-4.0,https://creativecommons.org/licenses/by-sa/4.0,
ARCH_0157,Golden Mile Complex,"Design Partnership (William Lim, Tay Kheng Soon, Gan Eng Oon)",Design Partnership,1973,Singapore,Singapore,Asia,mixed-use megastructure,Brutalism / Metabolism,1970-1989,nonindustrial,conserved building; canonical Asian megastructure,https://upload.wikimedia.org/wikipedia/commons/5/5a/Golden_Mile_Complex_5%2C_Aug_07.JPG,"https://commons.wikimedia.org/wiki/File:Golden_Mile_Complex_5,_Aug_07.JPG",Sengkang,CC BY-SA-3.0,http://creativecommons.org/licenses/by-sa/3.0/,
ARCH_0158,Hotel Uzbekistan,"Ilya Merport, L. Yershova, V. Rashchupkin",,1974,Tashkent,Uzbekistan,Asia,hotel,Soviet brutalism,1970-1989,nonindustrial,canonical Soviet modernism in Central Asia; widely documented,https://upload.wikimedia.org/wikipedia/commons/9/90/Hotel_Uzbekistan.jpg,https://commons.wikimedia.org/wiki/File:Hotel_Uzbekistan.jpg,Just2Roz,CC0,http://creativecommons.org/publicdomain/zero/1.0/deed.en,
ARCH_0159,Azadi Tower,Hossein Amanat,,1971,Tehran,Iran,Middle East,monument / gateway,Modernism with Persian references,1970-1989,nonindustrial,national landmark; widely documented,https://upload.wikimedia.org/wikipedia/commons/3/3e/Azadi_Tower%2C_Tehran.jpg,"https://commons.wikimedia.org/wiki/File:Azadi_Tower,_Tehran.jpg",Bernard Gagnon,CC BY-SA-4.0,https://creativecommons.org/licenses/by-sa/4.0,Commons assessment: quality
ARCH_0160,Tehran Museum of Contemporary Art,Kamran Diba,,1977,Tehran,Iran,Middle East,museum,Regional modernism,1970-1989,nonindustrial,canonical Iranian modernism; widely documented,https://upload.wikimedia.org/wikipedia/commons/5/54/Tehran_Museum_of_Contemporary_Art_5.jpg,https://commons.wikimedia.org/wiki/File:Tehran_Museum_of_Contemporary_Art_5.jpg,Farzaneh,CC BY-SA-4.0,https://creativecommons.org/licenses/by-sa/4.0,
ARCH_0161,Kuwait Towers,Malene Bjørn,VBB (Sweden),1979,Kuwait City,Kuwait,Middle East,water towers / infrastructure,Late modernism,1970-1989,industrial,Aga Khan Award for Architecture,https://upload.wikimedia.org/wikipedia/commons/6/62/Kuwait_City%27s_popular_landmarks_Liberty_Tower_%26_Kuwait_Towers.jpg,https://commons.wikimedia.org/wiki/File:Kuwait_City%27s_popular_landmarks_Liberty_Tower_%26_Kuwait_Towers.jpg,Mahrs Multiverse,CC BY-SA-4.0,https://creativecommons.org/licenses/by-sa/4.0,
ARCH_0162,Kenyatta International Convention Centre,"Karl Henrik Nøstvik, David Mutiso",,1973,Nairobi,Kenya,Africa,conference centre,Late modernism,1970-1989,nonindustrial,major African modernist landmark; widely documented,https://upload.wikimedia.org/wikipedia/commons/a/ab/Kenyatta_International_Convention_Centre_02.jpg,https://commons.wikimedia.org/wiki/File:Kenyatta_International_Convention_Centre_02.jpg,Francis Akuka for the Wikimedia Foundation,CC0,http://creativecommons.org/publicdomain/zero/1.0/deed.en,
ARCH_0163,Hôtel du Lac Tunis,Raffaele Contigiani,,1973,Tunis,Tunisia,Africa,hotel,Brutalism,1970-1989,nonindustrial,canonical brutalist landmark in North Africa,https://upload.wikimedia.org/wikipedia/commons/9/9e/Hotel_du_Lac_in_Tunis.jpg,https://commons.wikimedia.org/wiki/File:Hotel_du_Lac_in_Tunis.jpg,Houssem Abida,CC BY-SA-4.0,https://creativecommons.org/licenses/by-sa/4.0,
ARCH_0164,Parliament House Canberra,Romaldo Giurgola,Mitchell/Giurgola & Thorp,1988,Canberra,Australia,Oceania,parliament,Late modernism,1970-1989,nonindustrial,national landmark; Sulman Medal,https://upload.wikimedia.org/wikipedia/commons/7/78/Canberra_%28AU%29%2C_Parliament_House_--_2019_--_1746.jpg,"https://commons.wikimedia.org/wiki/File:Canberra_(AU),_Parliament_House_--_2019_--_1746.jpg",Dietmar Rabich,CC BY-SA-4.0,https://creativecommons.org/licenses/by-sa/4.0,Commons assessment: quality
ARCH_0165,Christchurch Town Hall,Warren and Mahoney,Warren and Mahoney,1972,Christchurch,New Zealand,Oceania,town hall / concert hall,Brutalism,1970-1989,nonindustrial,Heritage NZ Category 1; canonical NZ modernism,https://upload.wikimedia.org/wikipedia/commons/f/f3/Christchurch_Town_Hall_of_the_Performing_Arts%2C_New_Zealand.jpg,"https://commons.wikimedia.org/wiki/File:Christchurch_Town_Hall_of_the_Performing_Arts,_New_Zealand.jpg",Michal Klajban,CC BY-SA-4.0,https://creativecommons.org/licenses/by-sa/4.0,Commons assessment: quality|featured|valued|potd
ARCH_0166,Kunsthal Rotterdam,Rem Koolhaas,OMA,1992,Rotterdam,Netherlands,Europe,museum / exhibition hall,Dutch conceptualism,1990-2009,nonindustrial,Pritzker Prize architect; canonical early OMA,https://upload.wikimedia.org/wikipedia/commons/0/0d/Kunsthal_%40_Rotterdam_%2830582036515%29.jpg,https://commons.wikimedia.org/wiki/File:Kunsthal_@_Rotterdam_(30582036515).jpg,"Guilhem Vellut from Annecy, France",CC BY-2.0,https://creativecommons.org/licenses/by/2.0,
ARCH_0167,Casa da Música,Rem Koolhaas,OMA,2005,Porto,Portugal,Europe,concert hall,Deconstructivism,1990-2009,nonindustrial,RIBA European Award; Pritzker Prize architect,https://upload.wikimedia.org/wikipedia/commons/8/83/Exterior_of_Casa_da_M%C3%BAsica_01.jpg,https://commons.wikimedia.org/wiki/File:Exterior_of_Casa_da_M%C3%BAsica_01.jpg,John Samuel,CC BY-SA-4.0,https://creativecommons.org/licenses/by-sa/4.0,
ARCH_0168,Vitra Fire Station,Zaha Hadid,,1993,Weil am Rhein,Germany,Europe,fire station,Deconstructivism,1990-2009,nonindustrial,Pritzker Prize architect; first built work,https://upload.wikimedia.org/wikipedia/commons/f/ff/Baden-W%C3%BCrttemberg_Weil_am_Rhein_Vitra_Fire_station_01.jpg,https://commons.wikimedia.org/wiki/File:Baden-W%C3%BCrttemberg_Weil_am_Rhein_Vitra_Fire_station_01.jpg,Calips,CC BY-SA-3.0,https://creativecommons.org/licenses/by-sa/3.0,
ARCH_0169,BMW Central Building,Zaha Hadid,,2005,Leipzig,Germany,Europe,factory central building,Parametric / deconstructivism,1990-2009,industrial,Deutscher Architekturpreis; canonical contemporary industrial building,https://upload.wikimedia.org/wikipedia/commons/5/5c/20090419565DR_BMW_Werk_Leipzig.jpg,https://commons.wikimedia.org/wiki/File:20090419565DR_BMW_Werk_Leipzig.jpg,Jörg Blobelt,CC BY-SA-4.0,https://creativecommons.org/licenses/by-sa/4.0,
ARCH_0170,Guggenheim Museum Bilbao,Frank Gehry,,1997,Bilbao,Spain,Europe,museum,Deconstructivism,1990-2009,nonindustrial,Pritzker Prize architect; canonical work,https://upload.wikimedia.org/wikipedia/commons/6/6f/Bilbao_-_Museo_Guggenheim_01.jpg,https://commons.wikimedia.org/wiki/File:Bilbao_-_Museo_Guggenheim_01.jpg,Basotxerri,CC BY-SA-4.0,https://creativecommons.org/licenses/by-sa/4.0,Commons assessment: quality
ARCH_0171,Walt Disney Concert Hall,Frank Gehry,,2003,Los Angeles,United States,North America,concert hall,Deconstructivism,1990-2009,nonindustrial,Pritzker Prize architect; canonical work,https://upload.wikimedia.org/wikipedia/commons/7/7e/Views_around_Downtown_Los_Angeles_02.jpg,https://commons.wikimedia.org/wiki/File:Views_around_Downtown_Los_Angeles_02.jpg,Leviclancy,CC0,http://creativecommons.org/publicdomain/zero/1.0/deed.en,
ARCH_0172,Jewish Museum Berlin,Daniel Libeskind,,1999,Berlin,Germany,Europe,museum,Deconstructivism,1990-2009,nonindustrial,canonical deconstructivist museum; widely documented,https://upload.wikimedia.org/wikipedia/commons/9/9a/Berlin-Juedisches_Museum-42-Aussenbereich-2017-gje.jpg,https://commons.wikimedia.org/wiki/File:Berlin-Juedisches_Museum-42-Aussenbereich-2017-gje.jpg,Gerd Eichmann,CC BY-SA-4.0,https://creativecommons.org/licenses/by-sa/4.0,
ARCH_0173,Tate Modern,Herzog & de Meuron,Herzog & de Meuron,2000,London,United Kingdom,Europe,museum (power station conversion),Adaptive reuse / minimalism,1990-2009,industrial,Pritzker Prize architects; canonical industrial conversion (Bankside Power Station),https://upload.wikimedia.org/wikipedia/commons/6/64/Exterior_of_Tate_Modern_%28January_2024%29_06.jpg,https://commons.wikimedia.org/wiki/File:Exterior_of_Tate_Modern_(January_2024)_06.jpg,DiscoA340,CC BY-SA-4.0,https://creativecommons.org/licenses/by-sa/4.0,
ARCH_0174,Prada Aoyama,Herzog & de Meuron,Herzog & de Meuron,2003,Tokyo,Japan,Japan,retail flagship,Structural expressionism / digital,1990-2009,nonindustrial,Pritzker Prize architects; canonical,https://upload.wikimedia.org/wikipedia/commons/4/48/PRADA_BOUTIQUE_AOYAMA.jpg,https://commons.wikimedia.org/wiki/File:PRADA_BOUTIQUE_AOYAMA.jpg,Wiiii,CC BY-SA-3.0,http://creativecommons.org/licenses/by-sa/3.0/,
ARCH_0175,CaixaForum Madrid,Herzog & de Meuron,Herzog & de Meuron,2008,Madrid,Spain,Europe,cultural centre (power station conversion),Adaptive reuse,1990-2009,industrial,Pritzker Prize architects; canonical industrial conversion,https://upload.wikimedia.org/wikipedia/commons/0/0e/CaixaForum%2C_Madrid%2C_2016%2C_%2803%29.jpg,"https://commons.wikimedia.org/wiki/File:CaixaForum,_Madrid,_2016,_(03).jpg",Draceane,CC BY-SA-4.0,https://creativecommons.org/licenses/by-sa/4.0,
ARCH_0176,Beijing National Stadium,"Herzog & de Meuron, Ai Weiwei, Li Xinggang",,2008,Beijing,China,Asia,stadium,Structural expressionism,1990-2009,nonindustrial,Pritzker Prize architects; RIBA Lubetkin Prize,https://upload.wikimedia.org/wikipedia/commons/b/bc/Beijing_China_Beijing-National-Stadium-02.jpg,https://commons.wikimedia.org/wiki/File:Beijing_China_Beijing-National-Stadium-02.jpg,"CEphoto, Uwe Aranas",CC BY-SA-3.0,https://creativecommons.org/licenses/by-sa/3.0,Commons assessment: quality
ARCH_0177,Kunsthaus Bregenz,Peter Zumthor,,1997,Bregenz,Austria,Europe,museum,Minimalism,1990-2009,nonindustrial,Pritzker Prize architect; EU Mies Award 1998,https://upload.wikimedia.org/wikipedia/commons/f/fe/Kornmarktstra%C3%9Fe_3_Kunsthaus%2C_3.JPG,"https://commons.wikimedia.org/wiki/File:Kornmarktstra%C3%9Fe_3_Kunsthaus,_3.JPG","Feel free to use my photos, but please mention me as the author and if you want send me a  message. or ([e-mail removed])",CC BY-3.0-AT,https://creativecommons.org/licenses/by/3.0/at/deed.en,
ARCH_0178,Therme Vals,Peter Zumthor,,1996,Vals,Switzerland,Europe,thermal baths,Minimalism / critical regionalism,1990-2009,nonindustrial,Pritzker Prize architect; listed monument,https://upload.wikimedia.org/wikipedia/commons/e/e1/Felipe_camus_-_6892635292.jpg,https://commons.wikimedia.org/wiki/File:Felipe_camus_-_6892635292.jpg,fcamusd,CC BY-2.0,https://creativecommons.org/licenses/by/2.0,
ARCH_0179,Kolumba Museum,Peter Zumthor,,2007,Cologne,Germany,Europe,museum,Minimalism,1990-2009,nonindustrial,Pritzker Prize architect; widely documented,https://upload.wikimedia.org/wikipedia/commons/e/eb/Kolumba-Museum_K%C3%B6ln._Ansicht_von_der_Br%C3%BCckenstra%C3%9Fe-9987.jpg,https://commons.wikimedia.org/wiki/File:Kolumba-Museum_K%C3%B6ln._Ansicht_von_der_Br%C3%BCckenstra%C3%9Fe-9987.jpg,Raimond Spekking,CC BY-SA-4.0,https://creativecommons.org/licenses/by-sa/4.0,
ARCH_0180,Galician Centre of Contemporary Art,Álvaro Siza,,1993,Santiago de Compostela,Spain,Europe,museum,Critical regionalism,1990-2009,nonindustrial,Pritzker Prize architect,https://upload.wikimedia.org/wikipedia/commons/6/6b/CGAC_Santiago_de_Compostela.jpg,https://commons.wikimedia.org/wiki/File:CGAC_Santiago_de_Compostela.jpg,MarcosEire,CC BY-4.0,https://creativecommons.org/licenses/by/4.0,
ARCH_0181,Iberê Camargo Foundation,Álvaro Siza,,2008,Porto Alegre,Brazil,Latin America,museum,Critical regionalism,1990-2009,nonindustrial,Pritzker Prize architect; Golden Lion Venice Biennale 2002,https://upload.wikimedia.org/wikipedia/commons/c/c3/Funda%C3%A7%C3%A3o_Iber%C3%AA_Camargo%2C_Av._Padre_Cacique%2C_Cristal%2C_Porto_Alegre%2C_maio_de_2023_%283%29.jpg,"https://commons.wikimedia.org/wiki/File:Funda%C3%A7%C3%A3o_Iber%C3%AA_Camargo,_Av._Padre_Cacique,_Cristal,_Porto_Alegre,_maio_de_2023_(3).jpg",Fronteira,CC BY-SA-4.0,https://creativecommons.org/licenses/by-sa/4.0,
ARCH_0182,Estádio Municipal de Braga,Eduardo Souto de Moura,,2003,Braga,Portugal,Europe,stadium,Minimalism / structural,1990-2009,nonindustrial,Pritzker Prize architect; Secil Prize,https://upload.wikimedia.org/wikipedia/commons/f/f9/Est%C3%A1dio_Municipal_de_Braga_2021_%284%29.jpg,https://commons.wikimedia.org/wiki/File:Est%C3%A1dio_Municipal_de_Braga_2021_(4).jpg,Joseolgon,CC BY-SA-4.0,https://creativecommons.org/licenses/by-sa/4.0,
ARCH_0183,Neues Museum Berlin,"David Chipperfield, Julian Harrap",David Chipperfield Architects,2009,Berlin,Germany,Europe,museum (reconstruction),Contemporary / restoration,1990-2009,nonindustrial,EU Mies Award 2011; Pritzker Prize architect,https://upload.wikimedia.org/wikipedia/commons/a/a3/Berlin_museumsinsel_neuesmuseum.jpg,https://commons.wikimedia.org/wiki/File:Berlin_museumsinsel_neuesmuseum.jpg,Auge24.eu,CC BY-3.0,https://creativecommons.org/licenses/by/3.0,
ARCH_0184,Museum of Modern Literature Marbach,David Chipperfield,David Chipperfield Architects,2006,Marbach am Neckar,Germany,Europe,museum,Contemporary classicism,1990-2009,nonindustrial,RIBA Stirling Prize 2007,https://upload.wikimedia.org/wikipedia/commons/2/22/Marbach-am-Neckar_ModernLiteratureMuseum_017_1029.jpg,https://commons.wikimedia.org/wiki/File:Marbach-am-Neckar_ModernLiteratureMuseum_017_1029.jpg,Ludvig14,CC BY-SA-4.0,https://creativecommons.org/licenses/by-sa/4.0,
ARCH_0185,Sendai Mediatheque,Toyo Ito,,2001,Sendai,Japan,Japan,library / media centre,Structural transparency,1990-2009,nonindustrial,Pritzker Prize architect; canonical,https://upload.wikimedia.org/wikipedia/commons/c/c2/Sendai_Mediatheque_2020_2.jpg,https://commons.wikimedia.org/wiki/File:Sendai_Mediatheque_2020_2.jpg,Ymblanter,CC BY-SA-4.0,https://creativecommons.org/licenses/by-sa/4.0,
ARCH_0186,Tama Art University Library,Toyo Ito,,2007,"Hachioji, Tokyo",Japan,Japan,library,Structural expressionism,1990-2009,nonindustrial,Pritzker Prize architect,https://upload.wikimedia.org/wikipedia/commons/f/f9/Tama_Art_University_Library.JPG,https://commons.wikimedia.org/wiki/File:Tama_Art_University_Library.JPG,Wiiii,CC BY-SA-4.0,https://creativecommons.org/licenses/by-sa/4.0,
ARCH_0187,21st Century Museum of Contemporary Art Kanazawa,"Kazuyo Sejima, Ryue Nishizawa",SANAA,2004,Kanazawa,Japan,Japan,museum,Minimalism / transparency,1990-2009,nonindustrial,Pritzker Prize architects; Golden Lion Venice 2004,https://upload.wikimedia.org/wikipedia/commons/4/42/21st_Century_Museum_of_Contemporary_Art%2C_Kanazawa002.jpg,"https://commons.wikimedia.org/wiki/File:21st_Century_Museum_of_Contemporary_Art,_Kanazawa002.jpg",金沢市,CC BY-2.1-JP,https://creativecommons.org/licenses/by/2.1/jp/deed.en,
ARCH_0188,New Museum of Contemporary Art,"Kazuyo Sejima, Ryue Nishizawa",SANAA,2007,New York City,United States,North America,museum,Minimalism,1990-2009,nonindustrial,Pritzker Prize architects,https://upload.wikimedia.org/wikipedia/commons/7/74/New_Museum_Street_Level_Dec_2021.jpg,https://commons.wikimedia.org/wiki/File:New_Museum_Street_Level_Dec_2021.jpg,MainlyTwelve,CC BY-SA-4.0,https://creativecommons.org/licenses/by-sa/4.0,
ARCH_0189,Zollverein School of Management and Design,"Kazuyo Sejima, Ryue Nishizawa",SANAA,2006,Essen,Germany,Europe,school / university,Minimalism,1990-2009,nonindustrial,Pritzker Prize architects; on UNESCO industrial site,https://upload.wikimedia.org/wikipedia/commons/b/bc/SANAA-Geb%C3%A4ude-Morgenlicht-2026-01.jpg,https://commons.wikimedia.org/wiki/File:SANAA-Geb%C3%A4ude-Morgenlicht-2026-01.jpg,Tuxyso,CC BY-SA-4.0,https://creativecommons.org/licenses/by-sa/4.0,Commons assessment: quality
ARCH_0190,Fondation Beyeler,Renzo Piano,Renzo Piano Building Workshop,1997,Riehen,Switzerland,Europe,museum,Contemporary / high-tech,1990-2009,nonindustrial,Pritzker Prize architect,https://upload.wikimedia.org/wikipedia/commons/2/23/Fondazione_Beyeler.jpg,https://commons.wikimedia.org/wiki/File:Fondazione_Beyeler.jpg,Valeriaulalume,CC BY-SA-4.0,https://creativecommons.org/licenses/by-sa/4.0,
ARCH_0191,Reichstag Dome,Norman Foster,Foster and Partners,1999,Berlin,Germany,Europe,parliament (renovation / dome),High-tech,1990-2009,nonindustrial,Pritzker Prize architect; canonical,https://upload.wikimedia.org/wikipedia/commons/d/dd/Exterior_of_Reichstag_dome_%281%29.jpg,https://commons.wikimedia.org/wiki/File:Exterior_of_Reichstag_dome_(1).jpg,Avi1111 dr. avishai teicher,CC BY-SA-4.0,https://creativecommons.org/licenses/by-sa/4.0,
ARCH_0192,Millau Viaduct,"Norman Foster, Michel Virlogeux",,2004,Millau,France,Europe,bridge / infrastructure,High-tech structural,1990-2009,industrial,IABSE Outstanding Structure Award; canonical infrastructure,https://upload.wikimedia.org/wikipedia/commons/e/ed/Creissels_et_Viaduct_de_Millau.jpg,https://commons.wikimedia.org/wiki/File:Creissels_et_Viaduct_de_Millau.jpg,"Stefan Krause, Germany",CC BY-SA-3.0,https://creativecommons.org/licenses/by-sa/3.0,
ARCH_0193,McLaren Technology Centre,Norman Foster,Foster and Partners,2004,Woking,United Kingdom,Europe,corporate headquarters and production facility,High-tech,1990-2009,industrial,RIBA award; contemporary industrial architecture,https://upload.wikimedia.org/wikipedia/commons/4/4c/McLaren_Technology_Centre%2C_Woking_-_geograph.org.uk_-_1836979.jpg,"https://commons.wikimedia.org/wiki/File:McLaren_Technology_Centre,_Woking_-_geograph.org.uk_-_1836979.jpg",Colin Smith,CC BY-SA-2.0,https://creativecommons.org/licenses/by-sa/2.0,
ARCH_0194,Madrid-Barajas Airport Terminal 4,"Richard Rogers, Antonio Lamela",Richard Rogers Partnership / Estudio Lamela,2006,Madrid,Spain,Europe,airport terminal,High-tech,1990-2009,nonindustrial,RIBA Stirling Prize 2006,https://upload.wikimedia.org/wikipedia/commons/1/1d/Terminal_4_del_aeropuerto_de_Madrid-Barajas%2C_Espa%C3%B1a%2C_2013-01-09%2C_DD_07.jpg,"https://commons.wikimedia.org/wiki/File:Terminal_4_del_aeropuerto_de_Madrid-Barajas,_Espa%C3%B1a,_2013-01-09,_DD_07.jpg",Diego Delso,CC BY-SA-3.0,https://creativecommons.org/licenses/by-sa/3.0,Commons assessment: quality
ARCH_0195,Eden Project,Nicholas Grimshaw,Grimshaw Architects,2001,Cornwall,United Kingdom,Europe,botanical garden / biomes,High-tech / geodesic,1990-2009,nonindustrial,RIBA award; canonical,https://upload.wikimedia.org/wikipedia/commons/2/23/Eden_Project_%284%29_-_geograph.org.uk_-_5448534.jpg,https://commons.wikimedia.org/wiki/File:Eden_Project_(4)_-_geograph.org.uk_-_5448534.jpg,Michael Dibb,CC BY-SA-2.0,https://creativecommons.org/licenses/by-sa/2.0,
ARCH_0196,Waterloo International Terminal,Nicholas Grimshaw,Grimshaw Architects,1993,London,United Kingdom,Europe,railway station,High-tech,1990-2009,nonindustrial,EU Mies Award 1994,https://upload.wikimedia.org/wikipedia/commons/7/76/Waterloo_International_Station_geograph-4062143-by-Ben-Brooksbank.jpg,https://commons.wikimedia.org/wiki/File:Waterloo_International_Station_geograph-4062143-by-Ben-Brooksbank.jpg,Ben Brooksbank,CC BY-SA-2.0,https://creativecommons.org/licenses/by-sa/2.0,
ARCH_0197,Bibliotheca Alexandrina,Snøhetta,Snøhetta,2002,Alexandria,Egypt,Africa,library,Contemporary,1990-2009,nonindustrial,Aga Khan Award for Architecture 2004,https://upload.wikimedia.org/wikipedia/commons/d/d8/3%D9%81%D8%BA%D8%BA5%D9%82%D9%81%D8%AB%D9%81%D8%AB%D9%82.jpg,https://commons.wikimedia.org/wiki/File:3%D9%81%D8%BA%D8%BA5%D9%82%D9%81%D8%AB%D9%81%D8%AB%D9%82.jpg,إسلام السيد كامل,CC BY-SA-4.0,https://creativecommons.org/licenses/by-sa/4.0,
ARCH_0198,Oslo Opera House,Snøhetta,Snøhetta,2008,Oslo,Norway,Europe,opera house,Contemporary,1990-2009,nonindustrial,EU Mies Award 2009,https://upload.wikimedia.org/wikipedia/commons/e/e5/Oslo_Opera_House_2023_2.jpg,https://commons.wikimedia.org/wiki/File:Oslo_Opera_House_2023_2.jpg,kallerna,CC BY-SA-4.0,https://creativecommons.org/licenses/by-sa/4.0,Commons assessment: quality
ARCH_0199,Torre Agbar,Jean Nouvel,,2005,Barcelona,Spain,Europe,office building,Contemporary,1990-2009,nonindustrial,Pritzker Prize architect,https://upload.wikimedia.org/wikipedia/commons/e/e6/Torre_Agbar_-_Barcelona%2C_Spain_-_Jan_2007.jpg,"https://commons.wikimedia.org/wiki/File:Torre_Agbar_-_Barcelona,_Spain_-_Jan_2007.jpg",Diliff,CC BY-2.5,https://creativecommons.org/licenses/by/2.5,Commons assessment: quality|featured|potd
ARCH_0200,Kursaal Congress Centre,Rafael Moneo,,1999,San Sebastián,Spain,Europe,congress centre / auditorium,Minimalism,1990-2009,nonindustrial,EU Mies Award 2001; Pritzker Prize architect,https://upload.wikimedia.org/wikipedia/commons/7/74/San_Sebastian_-_Palais_Kursaal.jpg,https://commons.wikimedia.org/wiki/File:San_Sebastian_-_Palais_Kursaal.jpg,Jean-Christophe BENOIST,CC BY-3.0,https://creativecommons.org/licenses/by/3.0,
ARCH_0201,Museu Nacional d'Art Romà,Rafael Moneo,,1986,Mérida,Spain,Europe,museum,Brick contemporary,1970-1989,nonindustrial,Pritzker Prize architect; canonical,https://upload.wikimedia.org/wikipedia/commons/7/78/Museo_Nacional_de_Arte_Romano_2019An002.jpg,https://commons.wikimedia.org/wiki/File:Museo_Nacional_de_Arte_Romano_2019An002.jpg,Anual,CC BY-SA-4.0,https://creativecommons.org/licenses/by-sa/4.0,
ARCH_0202,Scottish Parliament Building,"Enric Miralles, Benedetta Tagliabue",EMBT / RMJM,2004,Edinburgh,United Kingdom,Europe,parliament,Deconstructivism / organic,1990-2009,nonindustrial,RIBA Stirling Prize 2005,https://upload.wikimedia.org/wikipedia/commons/a/a9/ParlamentBldgEdinburgh.JPG,https://commons.wikimedia.org/wiki/File:ParlamentBldgEdinburgh.JPG,Thelmadatter,CC BY-SA-4.0,https://creativecommons.org/licenses/by-sa/4.0,
ARCH_0203,Transparent Factory Dresden,Gunter Henn,Henn Architekten,2002,Dresden,Germany,Europe,car factory,Contemporary / glass,1990-2009,industrial,canonical contemporary showcase factory (Volkswagen),https://upload.wikimedia.org/wikipedia/commons/b/bd/20190616.VW-Manufaktur.-010.jpg,https://commons.wikimedia.org/wiki/File:20190616.VW-Manufaktur.-010.jpg,"Bybbisch94, Christian Gebhardt",CC BY-SA-4.0,https://creativecommons.org/licenses/by-sa/4.0,
ARCH_0204,Spittelau Waste Incineration Plant,Friedensreich Hundertwasser,,1992,Vienna,Austria,Europe,waste incineration plant,Expressionist postmodernism,1990-2009,industrial,widely documented industrial landmark,https://upload.wikimedia.org/wikipedia/commons/3/37/Alsergrund_%28Wien%29_-_M%C3%BCllverbrennungsanlage_Spittelau.JPG,https://commons.wikimedia.org/wiki/File:Alsergrund_(Wien)_-_M%C3%BCllverbrennungsanlage_Spittelau.JPG,C.Stadler/Bwag,CC BY-SA-4.0,https://creativecommons.org/licenses/by-sa/4.0,
ARCH_0205,Vitra Factory Building (Siza),Álvaro Siza,,1994,Weil am Rhein,Germany,Europe,factory,Critical regionalism,1990-2009,industrial,Pritzker Prize architect; Vitra Campus industrial building,https://upload.wikimedia.org/wikipedia/commons/d/d9/20170805_254_weil_am_rhein_vitra.jpg,https://commons.wikimedia.org/wiki/File:20170805_254_weil_am_rhein_vitra.jpg,Jean Housen,CC BY-SA-4.0,https://creativecommons.org/licenses/by-sa/4.0,
ARCH_0206,Federation Square,"Lab Architecture Studio, Bates Smart",,2002,Melbourne,Australia,Oceania,cultural precinct / public square,Deconstructivism / fractal,1990-2009,nonindustrial,widely documented; multiple awards,https://upload.wikimedia.org/wikipedia/commons/5/55/Fed_Square%2C_Melbourne%2C_west_view_20230219_1.jpg,"https://commons.wikimedia.org/wiki/File:Fed_Square,_Melbourne,_west_view_20230219_1.jpg",DXR,CC BY-SA-4.0,https://creativecommons.org/licenses/by-sa/4.0,Commons assessment: quality
ARCH_0207,Menara Mesiniaga,Ken Yeang,T. R. Hamzah & Yeang,1992,Subang Jaya,Malaysia,Asia,office building,Bioclimatic / sustainable,1990-2009,nonindustrial,Aga Khan Award for Architecture 1995,https://upload.wikimedia.org/wikipedia/commons/c/c5/Cmglee_Mesiniaga_Tower.jpg,https://commons.wikimedia.org/wiki/File:Cmglee_Mesiniaga_Tower.jpg,Cmglee,CC BY-SA-4.0,https://creativecommons.org/licenses/by-sa/4.0,
ARCH_0208,Petronas Towers,César Pelli,,1998,Kuala Lumpur,Malaysia,Asia,office towers,Postmodern / Islamic geometric,1990-2009,nonindustrial,Aga Khan Award for Architecture 2004,https://upload.wikimedia.org/wikipedia/commons/2/29/2016_Kuala_Lumpur%2C_Petronas_Towers_%2826%29.jpg,"https://commons.wikimedia.org/wiki/File:2016_Kuala_Lumpur,_Petronas_Towers_(26).jpg",Marcin Konsek,CC BY-SA-4.0,https://creativecommons.org/licenses/by-sa/4.0,Commons assessment: quality
ARCH_0209,Jin Mao Tower,Adrian Smith,"Skidmore, Owings & Merrill",1999,Shanghai,China,Asia,office / hotel skyscraper,Postmodern / contextual,1990-2009,nonindustrial,widely documented; CTBUH landmark,https://upload.wikimedia.org/wikipedia/commons/9/94/Shanghai_Jin_Mao_Tower_5166298.jpg,https://commons.wikimedia.org/wiki/File:Shanghai_Jin_Mao_Tower_5166298.jpg,Ermell,CC0,http://creativecommons.org/publicdomain/zero/1.0/deed.en,Commons assessment: quality
ARCH_0210,Bank of China Tower Hong Kong,I. M. Pei,,1990,Hong Kong,China,Asia,office building,Late modernism / structural,1990-2009,nonindustrial,Pritzker Prize architect; canonical,https://upload.wikimedia.org/wikipedia/commons/6/6f/HK_tram_95_view_Queensway_Bank_of_China_Tower_n_Lippo_Centre_November_2021_SS2_01.jpg,https://commons.wikimedia.org/wiki/File:HK_tram_95_view_Queensway_Bank_of_China_Tower_n_Lippo_Centre_November_2021_SS2_01.jpg,Simiaxmhwua 00,CC BY-SA-4.0,https://creativecommons.org/licenses/by-sa/4.0,
ARCH_0211,Suzhou Museum,I. M. Pei,,2006,Suzhou,China,Asia,museum,Contemporary regionalism,1990-2009,nonindustrial,Pritzker Prize architect,https://upload.wikimedia.org/wikipedia/commons/2/24/Suzhou_Museum_2015.04.25_12-56-10.jpg,https://commons.wikimedia.org/wiki/File:Suzhou_Museum_2015.04.25_12-56-10.jpg,Zhangzhugang,CC BY-SA-4.0,https://creativecommons.org/licenses/by-sa/4.0,
ARCH_0212,Ningbo Historic Museum,"Wang Shu, Lu Wenyu",Amateur Architecture Studio,2008,Ningbo,China,Asia,museum,Critical regionalism / recycled materials,1990-2009,nonindustrial,Pritzker Prize architect,https://upload.wikimedia.org/wikipedia/commons/d/dd/Ningbo_Museum_1.jpg,https://commons.wikimedia.org/wiki/File:Ningbo_Museum_1.jpg,钉钉,CC BY-SA-4.0,https://creativecommons.org/licenses/by-sa/4.0,
ARCH_0213,National Centre for the Performing Arts Beijing,Paul Andreu,,2007,Beijing,China,Asia,opera house / theatre,Contemporary,1990-2009,nonindustrial,widely documented landmark,https://upload.wikimedia.org/wikipedia/commons/c/cb/Beijing_Opera_House_%286805984353%29.jpg,https://commons.wikimedia.org/wiki/File:Beijing_Opera_House_(6805984353).jpg,"Rob Deutscher from Melbourne, Australia",CC BY-2.0,https://creativecommons.org/licenses/by/2.0,
ARCH_0214,Yokohama International Passenger Terminal,"Foreign Office Architects (Alejandro Zaera-Polo, Farshid Moussavi)",FOA,2002,Yokohama,Japan,Japan,ferry terminal,Digital / topological architecture,1990-2009,nonindustrial,canonical work of digital architecture; Kanagawa Architecture Award,https://upload.wikimedia.org/wikipedia/commons/4/46/Yokohama_International_Passenger_Terminal_16.jpg,https://commons.wikimedia.org/wiki/File:Yokohama_International_Passenger_Terminal_16.jpg,Syced,CC0,http://creativecommons.org/publicdomain/zero/1.0/deed.en,
ARCH_0215,Tokyo International Forum,Rafael Viñoly,,1996,Tokyo,Japan,Japan,convention centre,Late modernism / structural,1990-2009,nonindustrial,widely documented,https://upload.wikimedia.org/wikipedia/commons/e/e4/Tokyo-International-Forum_Glass-Building_Outside.jpg,https://commons.wikimedia.org/wiki/File:Tokyo-International-Forum_Glass-Building_Outside.jpg,MaedaAkihiko,CC BY-SA-4.0,https://creativecommons.org/licenses/by-sa/4.0,
ARCH_0216,Tokyo Metropolitan Gymnasium,Fumihiko Maki,,1990,Tokyo,Japan,Japan,sports building,Structural expressionism,1990-2009,nonindustrial,Pritzker Prize architect,https://upload.wikimedia.org/wikipedia/commons/1/14/Tokyo_Metropolitan_Gymnasium_exterior.jpg,https://commons.wikimedia.org/wiki/File:Tokyo_Metropolitan_Gymnasium_exterior.jpg,Douglas P. Perkins,CC BY-SA-3.0,https://creativecommons.org/licenses/by-sa/3.0,
ARCH_0217,Art Tower Mito,Arata Isozaki,,1990,Mito,Japan,Japan,arts centre,Postmodernism,1990-2009,nonindustrial,Pritzker Prize architect,https://upload.wikimedia.org/wikipedia/commons/3/37/Art_Tower_Mito01.jpg,https://commons.wikimedia.org/wiki/File:Art_Tower_Mito01.jpg,On-chan,CC BY-SA-3.0,https://creativecommons.org/licenses/by-sa/3.0,
ARCH_0218,Awaji Yumebutai,Tadao Ando,,2000,Awaji,Japan,Japan,conference / garden complex,Minimalism,1990-2009,nonindustrial,Pritzker Prize architect,https://upload.wikimedia.org/wikipedia/commons/f/fc/Awaji_yumebutai17s3.jpg,https://commons.wikimedia.org/wiki/File:Awaji_yumebutai17s3.jpg,663highland,CC BY-2.5,https://creativecommons.org/licenses/by/2.5,
ARCH_0219,21_21 Design Sight,Tadao Ando,,2007,Tokyo,Japan,Japan,museum / design gallery,Minimalism,1990-2009,nonindustrial,Pritzker Prize architect,https://upload.wikimedia.org/wikipedia/commons/8/8d/Tokyo_Midtown_%2811421006864%29.jpg,https://commons.wikimedia.org/wiki/File:Tokyo_Midtown_(11421006864).jpg,"Guilhem Vellut from Annecy, France",CC BY-2.0,https://creativecommons.org/licenses/by/2.0,
ARCH_0220,Mikimoto Ginza 2,Toyo Ito,,2005,Tokyo,Japan,Japan,retail / office building,Structural expressionism,1990-2009,nonindustrial,Pritzker Prize architect,https://upload.wikimedia.org/wikipedia/commons/a/a2/Tokyo116_%287294792500%29.jpg,https://commons.wikimedia.org/wiki/File:Tokyo116_(7294792500).jpg,Chris Hamby,CC BY-SA-2.0,https://creativecommons.org/licenses/by-sa/2.0,
ARCH_0221,Nicolas G. Hayek Center,Shigeru Ban,,2007,Tokyo,Japan,Japan,corporate headquarters / retail,Contemporary,1990-2009,nonindustrial,Pritzker Prize architect,https://upload.wikimedia.org/wikipedia/commons/0/06/Le_centre_Nicolas_G._Hayek_%28Tokyo%2C_Japon%29_%2842650394172%29.jpg,"https://commons.wikimedia.org/wiki/File:Le_centre_Nicolas_G._Hayek_(Tokyo,_Japon)_(42650394172).jpg","Jean-Pierre Dalbéra from Paris, France",CC BY-2.0,https://creativecommons.org/licenses/by/2.0,
ARCH_0222,Ewha Campus Complex,Dominique Perrault,,2008,Seoul,South Korea,Asia,university building,Contemporary / landscape,1990-2009,nonindustrial,widely documented; multiple awards,https://upload.wikimedia.org/wikipedia/commons/2/2e/Ewha_Campus_Complex.jpg,https://commons.wikimedia.org/wiki/File:Ewha_Campus_Complex.jpg,Ken Eckert,CC BY-SA-4.0,https://creativecommons.org/licenses/by-sa/4.0,
ARCH_0223,Esplanade Theatres on the Bay,"DP Architects, Michael Wilford",,2002,Singapore,Singapore,Asia,theatre / concert hall,Contemporary,1990-2009,nonindustrial,widely documented landmark,https://upload.wikimedia.org/wikipedia/commons/e/e0/Singapore_Esplanade-Theatres-on-the-Bay-03.jpg,https://commons.wikimedia.org/wiki/File:Singapore_Esplanade-Theatres-on-the-Bay-03.jpg,"CEphoto, Uwe Aranas",CC BY-SA-4.0,https://creativecommons.org/licenses/by-sa/4.0,Commons assessment: quality
ARCH_0224,Kandalama Hotel,Geoffrey Bawa,,1994,Dambulla,Sri Lanka,Asia,hotel,Tropical modernism / sustainable,1990-2009,nonindustrial,canonical work of Geoffrey Bawa; widely cited green hotel,https://upload.wikimedia.org/wikipedia/commons/c/ca/Heritance_Kandalama_Exterior_View.JPG,https://commons.wikimedia.org/wiki/File:Heritance_Kandalama_Exterior_View.JPG,Adheesha88,CC BY-SA-3.0,https://creativecommons.org/licenses/by-sa/3.0,
ARCH_0225,Museum of Islamic Art Doha,I. M. Pei,,2008,Doha,Qatar,Middle East,museum,Contemporary / Islamic geometric,1990-2009,nonindustrial,Pritzker Prize architect,https://upload.wikimedia.org/wikipedia/commons/e/e4/Doha_-_Museum_of_Islamic_Art.jpg,https://commons.wikimedia.org/wiki/File:Doha_-_Museum_of_Islamic_Art.jpg,Marek Śliwecki,CC BY-SA-4.0,https://creativecommons.org/licenses/by-sa/4.0,
ARCH_0226,Yad Vashem Holocaust History Museum,Moshe Safdie,,2005,Jerusalem,Israel,Middle East,museum,Contemporary,1990-2009,nonindustrial,widely documented,https://upload.wikimedia.org/wikipedia/commons/3/35/134594_the_holocaust_history_museum_yad_vashem_PikiWiki_Israel.jpg,https://commons.wikimedia.org/wiki/File:134594_the_holocaust_history_museum_yad_vashem_PikiWiki_Israel.jpg,ברוך ניב,CC BY-2.5,https://creativecommons.org/licenses/by/2.5,
ARCH_0227,Burj Al Arab,Tom Wright,Atkins,1999,Dubai,United Arab Emirates,Middle East,hotel,Contemporary / structural expressionism,1990-2009,nonindustrial,widely documented landmark,https://upload.wikimedia.org/wikipedia/commons/d/d0/Madinat_Jumeirah-Dubai3303.JPG,https://commons.wikimedia.org/wiki/File:Madinat_Jumeirah-Dubai3303.JPG,Diego Delso,CC BY-SA-4.0,https://creativecommons.org/licenses/by-sa/4.0,Commons assessment: quality|featured|potd
ARCH_0228,Constitutional Court of South Africa,"OMM Design Workshop, Urban Solutions",,2004,Johannesburg,South Africa,Africa,court building,Contemporary regionalism,1990-2009,nonindustrial,multiple SAIA awards; widely documented,https://upload.wikimedia.org/wikipedia/commons/9/96/Constitutional_Court_%28outside%29_of_South_Africa.JPG,https://commons.wikimedia.org/wiki/File:Constitutional_Court_(outside)_of_South_Africa.JPG,Mihi tr,CC BY-4.0,https://creativecommons.org/licenses/by/4.0,
ARCH_0229,Gando Primary School,Diébédo Francis Kéré,Kéré Architecture,2001,Gando,Burkina Faso,Africa,school,Sustainable / vernacular contemporary,1990-2009,nonindustrial,Aga Khan Award for Architecture 2004; Pritzker Prize architect,https://upload.wikimedia.org/wikipedia/commons/a/a2/Kere_Secondary_school_Dano.jpg,https://commons.wikimedia.org/wiki/File:Kere_Secondary_school_Dano.jpg,GandoIT,CC BY-SA-3.0,https://creativecommons.org/licenses/by-sa/3.0,
ARCH_0230,Soccer City,"Populous, Boogertman + Partners",,2009,Johannesburg,South Africa,Africa,stadium,Contemporary,1990-2009,nonindustrial,widely documented; FIFA World Cup 2010 stadium,https://upload.wikimedia.org/wikipedia/commons/a/a7/Johannesburg-_Part_II_-_Johannesburg4245.jpg,https://commons.wikimedia.org/wiki/File:Johannesburg-_Part_II_-_Johannesburg4245.jpg,lumoplank,CC0,http://creativecommons.org/publicdomain/zero/1.0/deed.en,
ARCH_0231,Biblioteca España,Giancarlo Mazzanti,,2007,Medellín,Colombia,Latin America,library,Contemporary / social architecture,1990-2009,nonindustrial,Iberoamerican Architecture Biennial award; widely documented,https://upload.wikimedia.org/wikipedia/commons/3/3a/Medellin_biblioteca_espa%C3%B1a.JPG,https://commons.wikimedia.org/wiki/File:Medellin_biblioteca_espa%C3%B1a.JPG,Gacha187,CC BY-SA-3.0,https://creativecommons.org/licenses/by-sa/3.0,
ARCH_0232,Biblioteca Virgilio Barco,Rogelio Salmona,,2001,Bogotá,Colombia,Latin America,library,Brick regionalism,1990-2009,nonindustrial,canonical late work of Salmona,https://upload.wikimedia.org/wikipedia/commons/2/2c/Biblioteca_Virgilio_Barco_Bogot%C3%A1_Colombia.jpg,https://commons.wikimedia.org/wiki/File:Biblioteca_Virgilio_Barco_Bogot%C3%A1_Colombia.jpg,Mario Carvajal,CC BY-SA-3.0,https://creativecommons.org/licenses/by-sa/3.0,
ARCH_0233,Niterói Contemporary Art Museum,Oscar Niemeyer,,1996,Niterói,Brazil,Latin America,museum,Brazilian modernism,1990-2009,nonindustrial,Pritzker Prize architect; widely documented,https://upload.wikimedia.org/wikipedia/commons/1/11/Exposi%C3%A7%C3%B5es_no_Museu_de_Arte_Contempor%C3%A2nea_de_Niter%C3%B3i_%2824053831938%29.jpg,https://commons.wikimedia.org/wiki/File:Exposi%C3%A7%C3%B5es_no_Museu_de_Arte_Contempor%C3%A2nea_de_Niter%C3%B3i_(24053831938).jpg,Agência Brasil Fotografias,CC BY-2.0,https://creativecommons.org/licenses/by/2.0,
ARCH_0234,Brazilian Museum of Sculpture,Paulo Mendes da Rocha,,1995,São Paulo,Brazil,Latin America,museum,Paulista Brutalism,1990-2009,nonindustrial,Pritzker Prize architect,https://upload.wikimedia.org/wikipedia/commons/4/47/Museu_Brasileiro_da_Escultura_%28MuBE%29%2C_Paulo_Mendes_da_Rocha_%285878309120%29.jpg,"https://commons.wikimedia.org/wiki/File:Museu_Brasileiro_da_Escultura_(MuBE),_Paulo_Mendes_da_Rocha_(5878309120).jpg",Arte Fora do Museu,CC BY-2.0,https://creativecommons.org/licenses/by/2.0,
ARCH_0235,Biblioteca Vasconcelos,Alberto Kalach,,2006,Mexico City,Mexico,Latin America,library,Contemporary,1990-2009,nonindustrial,widely documented; national landmark,https://upload.wikimedia.org/wikipedia/commons/2/2e/Fachada_de_la_Biblioteca_Vasconcelos_Buenavista_Ciudad_de_M%C3%A9xico.jpg,https://commons.wikimedia.org/wiki/File:Fachada_de_la_Biblioteca_Vasconcelos_Buenavista_Ciudad_de_M%C3%A9xico.jpg,ProtoplasmaKid,CC BY-SA-3.0,https://creativecommons.org/licenses/by-sa/3.0,
ARCH_0236,Siamese Towers,Alejandro Aravena,Elemental,2005,Santiago,Chile,Latin America,university building,Contemporary,1990-2009,nonindustrial,Pritzker Prize architect,https://upload.wikimedia.org/wikipedia/commons/f/fa/Chile_145_of_245_%284282641963%29.jpg,https://commons.wikimedia.org/wiki/File:Chile_145_of_245_(4282641963).jpg,"John Zacherle from Chicago, IL, US",CC BY-SA-2.0,https://creativecommons.org/licenses/by-sa/2.0,
ARCH_0237,8 House,Bjarke Ingels,BIG,2010,Copenhagen,Denmark,Europe,collective housing (mixed-use),Contemporary,2010-today,nonindustrial,World Architecture Festival Housing Building of the Year 2011,https://upload.wikimedia.org/wikipedia/commons/9/9f/K%C3%B8benhavn_-_8Tallet_%2830964308766%29.jpg,https://commons.wikimedia.org/wiki/File:K%C3%B8benhavn_-_8Tallet_(30964308766).jpg,"Fred Romero from Paris, France",CC BY-2.0,https://creativecommons.org/licenses/by/2.0,
ARCH_0238,Amager Bakke (CopenHill),Bjarke Ingels,BIG,2019,Copenhagen,Denmark,Europe,waste-to-energy plant with ski slope,Contemporary industrial,2010-today,industrial,World Building of the Year 2021 (WAF); canonical contemporary industrial building,https://upload.wikimedia.org/wikipedia/commons/0/0d/Copenhill_5.jpg,https://commons.wikimedia.org/wiki/File:Copenhill_5.jpg,kallerna,CC BY-SA-4.0,https://creativecommons.org/licenses/by-sa/4.0,Commons assessment: quality
ARCH_0239,Danish National Maritime Museum,Bjarke Ingels,BIG,2013,Helsingør,Denmark,Europe,museum (dry dock conversion),Contemporary / adaptive reuse,2010-today,industrial,EU Mies Award shortlist; industrial dry-dock conversion,https://upload.wikimedia.org/wikipedia/commons/0/05/Danish_Maritime_Museum_exterior.jpg,https://commons.wikimedia.org/wiki/File:Danish_Maritime_Museum_exterior.jpg,Johan Wessman / News Oresund,CC BY-2.0,https://creativecommons.org/licenses/by/2.0,
ARCH_0240,Rolex Learning Center,"Kazuyo Sejima, Ryue Nishizawa",SANAA,2010,Lausanne,Switzerland,Europe,university library / learning centre,Minimalism / topological,2010-today,nonindustrial,Pritzker Prize architects; canonical,https://upload.wikimedia.org/wikipedia/commons/4/4a/Learning_Centre_EPFL-L1001953.JPG,https://commons.wikimedia.org/wiki/File:Learning_Centre_EPFL-L1001953.JPG,Rama,CC BY-SA-3.0-FR,https://creativecommons.org/licenses/by-sa/3.0/fr/deed.en,
ARCH_0241,Elbphilharmonie,Herzog & de Meuron,Herzog & de Meuron,2017,Hamburg,Germany,Europe,concert hall (warehouse conversion),Contemporary / adaptive reuse,2010-today,industrial,Pritzker Prize architects; built on Kaispeicher A warehouse,https://upload.wikimedia.org/wikipedia/commons/c/ce/%22Cap_San_Diego%22_%26_Elbphilharmonie_%28Hamburg%2C_2019%29.jpg,"https://commons.wikimedia.org/wiki/File:%22Cap_San_Diego%22_%26_Elbphilharmonie_(Hamburg,_2019).jpg",JoachimKohler-HB,CC BY-SA-4.0,https://creativecommons.org/licenses/by-sa/4.0,Commons assessment: quality
ARCH_0242,Ricola Kräuterzentrum,Herzog & de Meuron,Herzog & de Meuron,2014,Laufen,Switzerland,Europe,herb processing plant,Rammed earth / contemporary industrial,2010-today,industrial,Pritzker Prize architects; contemporary industrial building,https://upload.wikimedia.org/wikipedia/commons/5/54/Kraeuterzentrum_Ricola_2.jpg,https://commons.wikimedia.org/wiki/File:Kraeuterzentrum_Ricola_2.jpg,Keimzelle,CC BY-SA-4.0,https://creativecommons.org/licenses/by-sa/4.0,
ARCH_0243,Fondazione Prada Milan,Rem Koolhaas,OMA,2015,Milan,Italy,Europe,museum (distillery conversion),Adaptive reuse / contemporary,2010-today,industrial,Pritzker Prize architect; industrial distillery conversion,https://upload.wikimedia.org/wikipedia/commons/5/5a/Fondazione_prada%2C_milano%2C_cortile_02.JPG,"https://commons.wikimedia.org/wiki/File:Fondazione_prada,_milano,_cortile_02.JPG",Sailko,CC BY-3.0,https://creativecommons.org/licenses/by/3.0,
ARCH_0244,CCTV Headquarters,"Rem Koolhaas, Ole Scheeren",OMA,2012,Beijing,China,Asia,office building / broadcasting HQ,Deconstructivism / structural,2010-today,nonindustrial,CTBUH Best Tall Building Worldwide 2013,https://upload.wikimedia.org/wikipedia/commons/c/cf/Chinese_Central_Television_Headquarters_%289870566855%29.jpg,https://commons.wikimedia.org/wiki/File:Chinese_Central_Television_Headquarters_(9870566855).jpg,"Gary Todd from Xinzheng, China",CC0,http://creativecommons.org/publicdomain/zero/1.0/deed.en,
ARCH_0245,Taipei Performing Arts Center,"Rem Koolhaas, David Gianotten",OMA,2022,Taipei,Taiwan,Asia,theatre,Contemporary,2010-today,nonindustrial,Pritzker Prize architect; widely documented,https://upload.wikimedia.org/wikipedia/commons/4/40/Taipei_Performing_Arts_Center_07.23_%282%29.jpg,https://commons.wikimedia.org/wiki/File:Taipei_Performing_Arts_Center_07.23_(2).jpg,"This Photo was taken by Supanut Arunoprayote.

Feel free to use any of my images, but please mention me as the author and may send me a message.  (สามารถใช้ภาพได้อิสระ แต่กรุณาใส่เครดิตผู้ถ่ายและอาจส่งข้อความบอกกล่าวด้วย) 



Please do not upload an updated image here without consultation with the Author. The author would like to make corrections only at his own source. This ensures that the changes are preserved.Please if you think that any changes should be required, please inform the author.Otherwise you can upload a new image with a new name. Please use one of the templates derivative or extract.",CC BY-4.0,https://creativecommons.org/licenses/by/4.0,
ARCH_0246,Heydar Aliyev Center,"Zaha Hadid, Patrik Schumacher",Zaha Hadid Architects,2012,Baku,Azerbaijan,Middle East,cultural centre,Parametricism,2010-today,nonindustrial,Design Museum Design of the Year 2014,https://upload.wikimedia.org/wikipedia/commons/2/22/Baku_15_06_14_216000.jpeg,https://commons.wikimedia.org/wiki/File:Baku_15_06_14_216000.jpeg,Robot8A,CC BY-SA-4.0,https://creativecommons.org/licenses/by-sa/4.0,
ARCH_0247,Guangzhou Opera House,Zaha Hadid,Zaha Hadid Architects,2010,Guangzhou,China,Asia,opera house,Parametricism,2010-today,nonindustrial,RIBA International Award 2011,https://upload.wikimedia.org/wikipedia/commons/2/2f/Guangzhou_Opera_House%28Near%29.JPG,https://commons.wikimedia.org/wiki/File:Guangzhou_Opera_House(Near).JPG,Mr a,CC BY-3.0,https://creativecommons.org/licenses/by/3.0,
ARCH_0248,Dongdaemun Design Plaza,Zaha Hadid,Zaha Hadid Architects,2014,Seoul,South Korea,Asia,cultural centre / design plaza,Parametricism,2010-today,nonindustrial,widely documented; parametric landmark,https://upload.wikimedia.org/wikipedia/commons/2/2c/Se%C3%BAl%2C_Corea_Del_Sur_-_panoramio_%2817%29.jpg,"https://commons.wikimedia.org/wiki/File:Se%C3%BAl,_Corea_Del_Sur_-_panoramio_(17).jpg",Nelson Pérez,CC BY-SA-3.0,https://creativecommons.org/licenses/by-sa/3.0,
ARCH_0249,Harbin Opera House,Ma Yansong,MAD Architects,2015,Harbin,China,Asia,opera house,Parametric / organic,2010-today,nonindustrial,widely documented; multiple awards,https://upload.wikimedia.org/wikipedia/commons/b/be/Harbin_Grand_Theatre_2.jpg,https://commons.wikimedia.org/wiki/File:Harbin_Grand_Theatre_2.jpg,EditQ,CC BY-SA-4.0,https://creativecommons.org/licenses/by-sa/4.0,
ARCH_0250,Ordos Museum,Ma Yansong,MAD Architects,2011,Ordos,China,Asia,museum,Parametric / organic,2010-today,nonindustrial,widely documented,https://upload.wikimedia.org/wikipedia/commons/7/7c/%E5%BA%B7%E5%B7%B4%E4%BB%80_%E9%84%82%E5%B0%94%E5%A4%9A%E6%96%AF%E5%B8%82%E5%8D%9A%E7%89%A9%E9%99%A2_01.jpg,https://commons.wikimedia.org/wiki/File:%E5%BA%B7%E5%B7%B4%E4%BB%80_%E9%84%82%E5%B0%94%E5%A4%9A%E6%96%AF%E5%B8%82%E5%8D%9A%E7%89%A9%E9%99%A2_01.jpg,Liuxingy,CC BY-SA-4.0,https://creativecommons.org/licenses/by-sa/4.0,
ARCH_0251,Long Museum West Bund,"Liu Yichun, Chen Yifeng",Atelier Deshaus,2014,Shanghai,China,Asia,museum,Contemporary / concrete,2010-today,nonindustrial,widely documented; multiple awards; industrial waterfront site,https://upload.wikimedia.org/wikipedia/commons/f/f3/20251129_Long_Museum_West_Bund.jpg,https://commons.wikimedia.org/wiki/File:20251129_Long_Museum_West_Bund.jpg,"This Photo was taken by Supanut Arunoprayote.

Feel free to use any of my images, but please mention me as the author and may send me a message.  (สามารถใช้ภาพได้อิสระ แต่กรุณาใส่เครดิตผู้ถ่ายและอาจส่งข้อความบอกกล่าวด้วย) 



Please do not upload an updated image here without consultation with the Author. The author would like to make corrections only at his own source. This ensures that the changes are preserved.Please if you think that any changes should be required, please inform the author.Otherwise you can upload a new image with a new name. Please use one of the templates derivative or extract.",CC BY-4.0,https://creativecommons.org/licenses/by/4.0,
ARCH_0252,Shanghai Tower,Jun Xia,Gensler,2015,Shanghai,China,Asia,office skyscraper,Parametric / sustainable,2010-today,nonindustrial,CTBUH Best Tall Building Worldwide 2016,https://upload.wikimedia.org/wikipedia/commons/6/65/Far_view_of_Shanghai_Financial_Tower_%2836396493196%29.jpg,https://commons.wikimedia.org/wiki/File:Far_view_of_Shanghai_Financial_Tower_(36396493196).jpg,"shankar s. from Dubai, united arab emirates",CC BY-2.0,https://creativecommons.org/licenses/by/2.0,
ARCH_0253,National Taichung Theater,Toyo Ito,,2016,Taichung,Taiwan,Asia,opera house / theatre,Digital / topological architecture,2010-today,nonindustrial,Pritzker Prize architect; canonical computational design,https://upload.wikimedia.org/wikipedia/commons/b/bf/National_Taichung_Theater_2019.jpg,https://commons.wikimedia.org/wiki/File:National_Taichung_Theater_2019.jpg,Nico Kaiser,CC BY-2.0,https://creativecommons.org/licenses/by/2.0,
ARCH_0254,Lanyang Museum,Kris Yao,Artech Architects,2010,Yilan,Taiwan,Asia,museum,Contemporary,2010-today,nonindustrial,widely documented; multiple awards,https://upload.wikimedia.org/wikipedia/commons/b/bb/%E8%98%AD%E9%99%BD%E5%8D%9A%E7%89%A9%E9%A4%A8_Lanyang_Museum_-_panoramio_%281%29.jpg,https://commons.wikimedia.org/wiki/File:%E8%98%AD%E9%99%BD%E5%8D%9A%E7%89%A9%E9%A4%A8_Lanyang_Museum_-_panoramio_(1).jpg,lienyuan lee,CC BY-3.0,https://creativecommons.org/licenses/by/3.0,
ARCH_0255,Japan National Stadium,Kengo Kuma,"Kengo Kuma & Associates, Taisei, Azusa Sekkei",2019,Tokyo,Japan,Japan,stadium,Contemporary / timber,2010-today,nonindustrial,Olympic stadium; widely documented,https://upload.wikimedia.org/wikipedia/commons/7/7f/Japan-National-Stadium_South_2023.jpg,https://commons.wikimedia.org/wiki/File:Japan-National-Stadium_South_2023.jpg,MaedaAkihiko,CC BY-SA-4.0,https://creativecommons.org/licenses/by-sa/4.0,
ARCH_0256,Asakusa Culture Tourist Information Center,Kengo Kuma,,2012,Tokyo,Japan,Japan,tourist information / public building,Contemporary,2010-today,nonindustrial,widely documented,https://upload.wikimedia.org/wikipedia/commons/5/5a/Asakusa_Culture_Tourist_Information_Center_dllu.jpg,https://commons.wikimedia.org/wiki/File:Asakusa_Culture_Tourist_Information_Center_dllu.jpg,Daniel L. Lu (user:dllu),CC BY-SA-4.0,https://creativecommons.org/licenses/by-sa/4.0,
ARCH_0257,Centre Pompidou-Metz,"Shigeru Ban, Jean de Gastines",,2010,Metz,France,Europe,museum,Timber gridshell / contemporary,2010-today,nonindustrial,Pritzker Prize architect,https://upload.wikimedia.org/wikipedia/commons/b/b5/Metz_47.jpg,https://commons.wikimedia.org/wiki/File:Metz_47.jpg,FrDr,CC BY-SA-4.0,https://creativecommons.org/licenses/by-sa/4.0,
ARCH_0258,Oita Prefectural Art Museum,Shigeru Ban,,2015,Oita,Japan,Japan,museum,Contemporary / timber,2010-today,nonindustrial,Pritzker Prize architect,https://upload.wikimedia.org/wikipedia/commons/9/97/Oita_Prefectural_Art_Museum_20221023.jpg,https://commons.wikimedia.org/wiki/File:Oita_Prefectural_Art_Museum_20221023.jpg,Suicasmo,CC BY-SA-4.0,https://creativecommons.org/licenses/by-sa/4.0,
ARCH_0259,Yokosuka Museum of Art,Riken Yamamoto,,2007,Yokosuka,Japan,Japan,museum,Contemporary,1990-2009,nonindustrial,Pritzker Prize architect (2024),https://upload.wikimedia.org/wikipedia/commons/c/c1/Yokosuka_Museum_of_Art_20081017-01.jpg,https://commons.wikimedia.org/wiki/File:Yokosuka_Museum_of_Art_20081017-01.jpg,陳 ポーハン,CC BY-2.0,https://creativecommons.org/licenses/by/2.0,
ARCH_0260,Teshima Art Museum,Ryue Nishizawa,,2010,Teshima,Japan,Japan,museum,Minimalism / shell,2010-today,nonindustrial,Pritzker Prize architect,https://upload.wikimedia.org/wikipedia/commons/1/1d/Teshima_Art_Museum_exterior_view_201310.jpg,https://commons.wikimedia.org/wiki/File:Teshima_Art_Museum_exterior_view_201310.jpg,"Kentaro Ohno from Tokyo, Japan",CC BY-2.0,https://creativecommons.org/licenses/by/2.0,
ARCH_0261,Sunny Hills Minami-Aoyama,Kengo Kuma,,2013,Tokyo,Japan,Japan,retail,Timber joinery / contemporary,2010-today,nonindustrial,widely documented,https://upload.wikimedia.org/wikipedia/commons/1/12/SunnyHills_Tokyo_%2813972861577%29.jpg,https://commons.wikimedia.org/wiki/File:SunnyHills_Tokyo_(13972861577).jpg,"superidoljp from Tokyo, Japan",CC BY-SA-2.0,https://creativecommons.org/licenses/by-sa/2.0,
ARCH_0262,Tokyo Skytree,Nikken Sekkei,Nikken Sekkei,2012,Tokyo,Japan,Japan,broadcasting tower / infrastructure,Contemporary structural,2010-today,industrial,tallest tower in the world; engineering landmark,https://upload.wikimedia.org/wikipedia/commons/b/b5/Tokyo_Skytree_above_Sumida.jpg,https://commons.wikimedia.org/wiki/File:Tokyo_Skytree_above_Sumida.jpg,Sashimi-b,CC BY-4.0,https://creativecommons.org/licenses/by/4.0,
ARCH_0263,The Shard,Renzo Piano,Renzo Piano Building Workshop,2012,London,United Kingdom,Europe,mixed-use skyscraper,Contemporary,2010-today,nonindustrial,Pritzker Prize architect; widely documented,https://upload.wikimedia.org/wikipedia/commons/1/1f/London%2C_Sicht_auf_Borough_of_Southwark_--_2016_--_4687.jpg,"https://commons.wikimedia.org/wiki/File:London,_Sicht_auf_Borough_of_Southwark_--_2016_--_4687.jpg",Dietmar Rabich,CC BY-SA-4.0,https://creativecommons.org/licenses/by-sa/4.0,Commons assessment: quality
ARCH_0264,James Simon Galerie,David Chipperfield,David Chipperfield Architects,2019,Berlin,Germany,Europe,museum entrance building,Contemporary classicism,2010-today,nonindustrial,Pritzker Prize architect,https://upload.wikimedia.org/wikipedia/commons/6/65/Berlin_James-Simon-Galerie_asv2019-07_img2.jpg,https://commons.wikimedia.org/wiki/File:Berlin_James-Simon-Galerie_asv2019-07_img2.jpg,A.Savin,FAL,http://artlibre.org/licence/lal/en,Commons assessment: quality
ARCH_0265,Hepworth Wakefield,David Chipperfield,David Chipperfield Architects,2011,Wakefield,United Kingdom,Europe,museum,Contemporary / concrete,2010-today,nonindustrial,RIBA award; Stirling shortlist,https://upload.wikimedia.org/wikipedia/commons/a/a7/The_Barbara_Hepworth_Gallery_-_geograph.org.uk_-_5289414.jpg,https://commons.wikimedia.org/wiki/File:The_Barbara_Hepworth_Gallery_-_geograph.org.uk_-_5289414.jpg,Ron Dixon,CC BY-SA-2.0,https://creativecommons.org/licenses/by-sa/2.0,
ARCH_0266,Museo Jumex,David Chipperfield,David Chipperfield Architects,2013,Mexico City,Mexico,Latin America,museum,Contemporary,2010-today,nonindustrial,Pritzker Prize architect,https://upload.wikimedia.org/wikipedia/commons/b/bb/Vista_del_Museo_Jumex_desde_el_Museo_Soumaya.JPG,https://commons.wikimedia.org/wiki/File:Vista_del_Museo_Jumex_desde_el_Museo_Soumaya.JPG,Luisalvaz,CC BY-SA-4.0,https://creativecommons.org/licenses/by-sa/4.0,
ARCH_0267,LocHal,"Civic Architects, Braaksma & Roos, Inside Outside",,2019,Tilburg,Netherlands,Europe,library (locomotive hall conversion),Adaptive reuse,2010-today,industrial,World Building of the Year 2019 (WAF); industrial conversion,https://upload.wikimedia.org/wikipedia/commons/8/8b/LocHal_Tilburg_%2851379249680%29.jpg,https://commons.wikimedia.org/wiki/File:LocHal_Tilburg_(51379249680).jpg,"Nanda Sluijsmans from Den Haag, Nederland",CC BY-SA-2.0,https://creativecommons.org/licenses/by-sa/2.0,
ARCH_0268,Depot Boijmans Van Beuningen,MVRDV,MVRDV,2021,Rotterdam,Netherlands,Europe,art depot / public storage building,Contemporary,2010-today,industrial,first publicly accessible art depot; widely documented,https://upload.wikimedia.org/wikipedia/commons/a/a6/Rotterdam_%2803.08.2025%29_03.jpg,https://commons.wikimedia.org/wiki/File:Rotterdam_(03.08.2025)_03.jpg,Gargarapalvin,CC BY-SA-4.0,https://creativecommons.org/licenses/by-sa/4.0,
ARCH_0269,Gasholders London,WilkinsonEyre,WilkinsonEyre,2018,London,United Kingdom,Europe,collective housing (gasholder conversion),Adaptive reuse,2010-today,industrial,RIBA award; industrial gasholder conversion,https://upload.wikimedia.org/wikipedia/commons/2/20/King%27s_Cross_Central_development_Coal_Drops_Yard_and_Gasholders%2C_London_England_03.jpg,"https://commons.wikimedia.org/wiki/File:King%27s_Cross_Central_development_Coal_Drops_Yard_and_Gasholders,_London_England_03.jpg",Acabashi,CC BY-SA-4.0,https://creativecommons.org/licenses/by-sa/4.0,
ARCH_0270,Everyman Theatre Liverpool,Haworth Tompkins,Haworth Tompkins,2014,Liverpool,United Kingdom,Europe,theatre,Contemporary,2010-today,nonindustrial,RIBA Stirling Prize 2014,https://upload.wikimedia.org/wikipedia/commons/5/56/Everyman_Theatre%2C_Liverpool_2018.jpg,"https://commons.wikimedia.org/wiki/File:Everyman_Theatre,_Liverpool_2018.jpg",Rodhullandemu,CC BY-SA-4.0,https://creativecommons.org/licenses/by-sa/4.0,Commons assessment: valued
ARCH_0271,UTEC Lima Campus,Grafton Architects,Grafton Architects,2015,Lima,Peru,Latin America,university campus,Contemporary brutalism,2010-today,nonindustrial,RIBA International Prize 2016; Pritzker Prize architects,https://upload.wikimedia.org/wikipedia/commons/e/e8/UTEC_BARRANCO_LIMA_PERU_UNIVERSIDAD.jpg,https://commons.wikimedia.org/wiki/File:UTEC_BARRANCO_LIMA_PERU_UNIVERSIDAD.jpg,Gatodemichi,CC0,http://creativecommons.org/publicdomain/zero/1.0/deed.en,
ARCH_0272,Louvre Abu Dhabi,Jean Nouvel,,2017,Abu Dhabi,United Arab Emirates,Middle East,museum,Contemporary,2010-today,nonindustrial,Pritzker Prize architect; widely documented,https://upload.wikimedia.org/wikipedia/commons/2/2a/Louvre_abu_dhabi%2C_esterno_01.jpg,"https://commons.wikimedia.org/wiki/File:Louvre_abu_dhabi,_esterno_01.jpg",Francesco Bini,CC BY-SA-4.0,https://creativecommons.org/licenses/by-sa/4.0,
ARCH_0273,National Museum of Qatar,Jean Nouvel,,2019,Doha,Qatar,Middle East,museum,Contemporary / parametric,2010-today,nonindustrial,Pritzker Prize architect,https://upload.wikimedia.org/wikipedia/commons/a/a0/View_of_the_National_Museum_of_Qatar_in_2021.jpg,https://commons.wikimedia.org/wiki/File:View_of_the_National_Museum_of_Qatar_in_2021.jpg,Musab.hawamda,CC BY-SA-4.0,https://creativecommons.org/licenses/by-sa/4.0,
ARCH_0274,Dr Chau Chak Wing Building,Frank Gehry,,2015,Sydney,Australia,Oceania,university building,Deconstructivism,2010-today,nonindustrial,Pritzker Prize architect,https://upload.wikimedia.org/wikipedia/commons/a/ac/Dr_Chau_Chak_Wing_Building_7906.jpg,https://commons.wikimedia.org/wiki/File:Dr_Chau_Chak_Wing_Building_7906.jpg,Summerdrought,CC BY-SA-4.0,https://creativecommons.org/licenses/by-sa/4.0,
ARCH_0275,Burj Khalifa,Adrian Smith,"Skidmore, Owings & Merrill",2010,Dubai,United Arab Emirates,Middle East,mixed-use skyscraper,Contemporary,2010-today,nonindustrial,tallest building in the world; CTBUH Global Icon Award,https://upload.wikimedia.org/wikipedia/commons/4/48/Burj_Khalifa_from_the_sea%2C_Dubai.jpg,"https://commons.wikimedia.org/wiki/File:Burj_Khalifa_from_the_sea,_Dubai.jpg",Jpbowen,CC BY-SA-4.0,https://creativecommons.org/licenses/by-sa/4.0,
ARCH_0276,Design Museum Holon,Ron Arad,,2010,Holon,Israel,Middle East,museum,Contemporary sculptural,2010-today,nonindustrial,widely documented,https://upload.wikimedia.org/wikipedia/commons/e/ee/%D7%9E%D7%95%D7%96%D7%99%D7%90%D7%95%D7%9F_%D7%94%D7%A2%D7%99%D7%A6%D7%95%D7%91_2025.jpg,https://commons.wikimedia.org/wiki/File:%D7%9E%D7%95%D7%96%D7%99%D7%90%D7%95%D7%9F_%D7%94%D7%A2%D7%99%D7%A6%D7%95%D7%91_2025.jpg,Hope Gili,CC BY-SA-4.0,https://creativecommons.org/licenses/by-sa/4.0,
ARCH_0277,Tel Aviv Museum of Art Amir Building,Preston Scott Cohen,,2011,Tel Aviv,Israel,Middle East,museum,Digital / parametric,2010-today,nonindustrial,widely documented computational design,https://upload.wikimedia.org/wikipedia/commons/2/22/Tel_Aviv-Yafo_%2812275871006%29.jpg,https://commons.wikimedia.org/wiki/File:Tel_Aviv-Yafo_(12275871006).jpg,sunshinecity from Italy,CC BY-2.0,https://creativecommons.org/licenses/by/2.0,Commons assessment: valued
ARCH_0278,Zeitz MOCAA,Thomas Heatherwick,Heatherwick Studio,2017,Cape Town,South Africa,Africa,museum (grain silo conversion),Adaptive reuse,2010-today,industrial,widely documented industrial conversion,https://upload.wikimedia.org/wikipedia/commons/4/49/Exterior_Zeitz_MOCAA_-_Museum_of_Contermporary_Art_Africa.jpg,https://commons.wikimedia.org/wiki/File:Exterior_Zeitz_MOCAA_-_Museum_of_Contermporary_Art_Africa.jpg,Michael Rowe,CC BY-SA-4.0,https://creativecommons.org/licenses/by-sa/4.0,
ARCH_0279,Grand Egyptian Museum,Heneghan Peng,Heneghan Peng Architects,2023,Giza,Egypt,Africa,museum,Contemporary,2010-today,nonindustrial,international competition winner; widely documented,https://upload.wikimedia.org/wikipedia/commons/c/c7/Grand_Egyptian_Museum_2025_%2857645%29.jpg,https://commons.wikimedia.org/wiki/File:Grand_Egyptian_Museum_2025_(57645).jpg,Amr F.Nagy,PD,,
ARCH_0280,Serpentine Pavilion 2017,Diébédo Francis Kéré,Kéré Architecture,2017,London,United Kingdom,Europe,pavilion,Contemporary / timber,2010-today,nonindustrial,Pritzker Prize architect; Serpentine Gallery commission,https://upload.wikimedia.org/wikipedia/commons/a/a6/Serpentine_Pavilion_2017_IV_%2835868889662%29.jpg,https://commons.wikimedia.org/wiki/File:Serpentine_Pavilion_2017_IV_(35868889662).jpg,"Images George Rex from London, England",CC BY-SA-2.0,https://creativecommons.org/licenses/by-sa/2.0,
ARCH_0281,Friendship Centre Gaibandha,Kashef Chowdhury,URBANA,2011,Gaibandha,Bangladesh,Asia,community / training centre,Contemporary brick,2010-today,nonindustrial,Aga Khan Award for Architecture 2016,https://upload.wikimedia.org/wikipedia/commons/9/95/Friendship_Centre_Gaibandha%2C_December_2016_05.jpg,"https://commons.wikimedia.org/wiki/File:Friendship_Centre_Gaibandha,_December_2016_05.jpg",Afifa Afrin,CC BY-SA-4.0,https://creativecommons.org/licenses/by-sa/4.0,
ARCH_0282,Marina Bay Sands,Moshe Safdie,,2010,Singapore,Singapore,Asia,hotel / integrated resort,Contemporary,2010-today,nonindustrial,widely documented landmark,https://upload.wikimedia.org/wikipedia/commons/c/c7/Marina_Bay_Sands_%28I%29.jpg,https://commons.wikimedia.org/wiki/File:Marina_Bay_Sands_(I).jpg,"This Photo was taken by Supanut Arunoprayote.

Feel free to use any of my images, but please mention me as the author and may send me a message.  (สามารถใช้ภาพได้อิสระ แต่กรุณาใส่เครดิตผู้ถ่ายและอาจส่งข้อความบอกกล่าวด้วย) 



Please do not upload an updated image here without consultation with the Author. The author would like to make corrections only at his own source. This ensures that the changes are preserved.Please if you think that any changes should be required, please inform the author.Otherwise you can upload a new image with a new name. Please use one of the templates derivative or extract.",CC BY-4.0,https://creativecommons.org/licenses/by/4.0,Commons assessment: quality
ARCH_0283,Parkroyal on Pickering,WOHA,WOHA,2013,Singapore,Singapore,Asia,hotel,Sustainable / biophilic,2010-today,nonindustrial,CTBUH Urban Habitat Award 2015; widely cited green architecture,https://upload.wikimedia.org/wikipedia/commons/6/6c/Hotel_Park_Royal_on_Pickering_from_Hong_Lim_Park_in_Singapore.jpg,https://commons.wikimedia.org/wiki/File:Hotel_Park_Royal_on_Pickering_from_Hong_Lim_Park_in_Singapore.jpg,Basile Morin,CC BY-SA-4.0,https://creativecommons.org/licenses/by-sa/4.0,Commons assessment: quality
ARCH_0284,The Interlace,"Ole Scheeren, Rem Koolhaas",OMA / Büro Ole Scheeren,2013,Singapore,Singapore,Asia,collective housing,Contemporary,2010-today,nonindustrial,World Building of the Year 2015 (WAF),https://upload.wikimedia.org/wikipedia/commons/6/66/The_Interlace_Singapore.jpg,https://commons.wikimedia.org/wiki/File:The_Interlace_Singapore.jpg,kallerna,CC BY-SA-4.0,https://creativecommons.org/licenses/by-sa/4.0,
ARCH_0285,Auckland Art Gallery Toi o Tāmaki extension,"FJMT, Archimedia",,2011,Auckland,New Zealand,Oceania,museum,Contemporary / timber,2010-today,nonindustrial,World Building of the Year 2013 (WAF),https://upload.wikimedia.org/wikipedia/commons/c/c6/Auckland_Art_Gallery_-_Extension.jpg,https://commons.wikimedia.org/wiki/File:Auckland_Art_Gallery_-_Extension.jpg,ChewyPineapple,CC BY-SA-3.0,https://creativecommons.org/licenses/by-sa/3.0,
ARCH_0286,One Central Park Sydney,"Jean Nouvel, PTW Architects",,2014,Sydney,Australia,Oceania,collective housing (mixed-use),Sustainable / green façade,2010-today,nonindustrial,CTBUH Best Tall Building Worldwide 2014,https://upload.wikimedia.org/wikipedia/commons/9/95/One_Central_Park_006.jpg,https://commons.wikimedia.org/wiki/File:One_Central_Park_006.jpg,Sardaka,CC BY-SA-4.0,https://creativecommons.org/licenses/by-sa/4.0,
ARCH_0287,RMIT Design Hub,Sean Godsell,,2012,Melbourne,Australia,Oceania,university building,Contemporary / sustainable,2010-today,nonindustrial,multiple AIA awards,https://upload.wikimedia.org/wikipedia/commons/9/9b/RMIT_Design_Hub_%28Landscape%29.jpg,https://commons.wikimedia.org/wiki/File:RMIT_Design_Hub_(Landscape).jpg,Shkuru Afshar,CC BY-SA-4.0,https://creativecommons.org/licenses/by-sa/4.0,
ARCH_0288,Museo Soumaya,Fernando Romero,FR-EE,2011,Mexico City,Mexico,Latin America,museum,Parametric / sculptural,2010-today,nonindustrial,widely documented,https://upload.wikimedia.org/wikipedia/commons/7/74/Museo_Soumaya%2C_Ciudad_de_M%C3%A9xico%2C_M%C3%A9xico%2C_2015-07-18%2C_DD_13.JPG,"https://commons.wikimedia.org/wiki/File:Museo_Soumaya,_Ciudad_de_M%C3%A9xico,_M%C3%A9xico,_2015-07-18,_DD_13.JPG",Diego Delso,CC BY-SA-4.0,https://creativecommons.org/licenses/by-sa/4.0,Commons assessment: quality
ARCH_0289,Museu do Amanhã,Santiago Calatrava,,2015,Rio de Janeiro,Brazil,Latin America,museum,Structural expressionism / sustainable,2010-today,nonindustrial,widely documented,https://upload.wikimedia.org/wikipedia/commons/3/3e/Museu_do_Amanh%C3%A3_waterfront_building%2C_Rio_de_Janeiro%2C_Brazil.jpg,"https://commons.wikimedia.org/wiki/File:Museu_do_Amanh%C3%A3_waterfront_building,_Rio_de_Janeiro,_Brazil.jpg",Wilfredor,CC0,http://creativecommons.org/publicdomain/zero/1.0/deed.en,
ARCH_0290,UC Innovation Center Anacleto Angelini,Alejandro Aravena,Elemental,2014,Santiago,Chile,Latin America,university innovation centre,Contemporary concrete,2010-today,nonindustrial,Pritzker Prize architect; Design of the Year finalist,https://upload.wikimedia.org/wikipedia/commons/0/0c/Edificio_Anacleto_Angelini.jpg,https://commons.wikimedia.org/wiki/File:Edificio_Anacleto_Angelini.jpg,Vmorande,CC BY-SA-4.0,https://creativecommons.org/licenses/by-sa/4.0,
ARCH_0291,Lugar de la Memoria,Barclay & Crousse,Barclay & Crousse,2015,Lima,Peru,Latin America,museum / memorial,Contemporary concrete,2010-today,nonindustrial,Oscar Niemeyer Award for Latin American Architecture 2016,https://upload.wikimedia.org/wikipedia/commons/c/c8/Museo_de_la_Memoria_%28Per%C3%BA%29.jpg,https://commons.wikimedia.org/wiki/File:Museo_de_la_Memoria_(Per%C3%BA).jpg,Mayimbú,CC BY-SA-4.0,https://creativecommons.org/licenses/by-sa/4.0,
ARCH_0292,Teopanzolco Cultural Center,"Isaac Broid, PRODUCTORA",,2017,Cuernavaca,Mexico,Latin America,cultural centre / auditorium,Contemporary concrete,2010-today,nonindustrial,Oscar Niemeyer Award for Latin American Architecture 2018,https://upload.wikimedia.org/wikipedia/commons/3/3a/Teopanzolco_cultural_centre.jpg,https://commons.wikimedia.org/wiki/File:Teopanzolco_cultural_centre.jpg,Miguel Espinosa Varela,CC BY-SA-4.0,https://creativecommons.org/licenses/by-sa/4.0,
ARCH_0293,Bullitt Center,Miller Hull Partnership,Miller Hull,2013,Seattle,United States,North America,office building,Sustainable architecture (Living Building),2010-today,nonindustrial,Living Building Challenge certified; widely cited,https://upload.wikimedia.org/wikipedia/commons/5/54/Seattle_-_Bullitt_Center_03.jpg,https://commons.wikimedia.org/wiki/File:Seattle_-_Bullitt_Center_03.jpg,Joe Mabel,CC BY-SA-3.0,https://creativecommons.org/licenses/by-sa/3.0,
ARCH_0294,National Museum of African American History and Culture,"David Adjaye, Philip Freelon",Freelon Adjaye Bond/SmithGroup,2016,"Washington, D.C.",United States,North America,museum,Contemporary,2010-today,nonindustrial,widely documented; Adjaye RIBA Gold Medal,https://upload.wikimedia.org/wikipedia/commons/d/db/National_Museum_of_African_American_History_and_Culture_in_February_2020.jpg,https://commons.wikimedia.org/wiki/File:National_Museum_of_African_American_History_and_Culture_in_February_2020.jpg,Frank Schulenburg,CC BY-SA-4.0,https://creativecommons.org/licenses/by-sa/4.0,Commons assessment: quality
ARCH_0295,Oodi Helsinki Central Library,ALA Architects,ALA Architects,2018,Helsinki,Finland,Europe,library,Contemporary / timber,2010-today,nonindustrial,IFLA Public Library of the Year 2019,https://upload.wikimedia.org/wikipedia/commons/d/dd/Helsinki_Central_Library_Oodi%2C_2019_%2801%29.jpg,"https://commons.wikimedia.org/wiki/File:Helsinki_Central_Library_Oodi,_2019_(01).jpg",Bahnfrend,CC BY-SA-4.0,https://creativecommons.org/licenses/by-sa/4.0,
ARCH_0296,Szczecin Philharmonic,Barozzi Veiga,Barozzi Veiga,2014,Szczecin,Poland,Europe,concert hall,Contemporary,2010-today,nonindustrial,EU Mies Award 2015,https://upload.wikimedia.org/wikipedia/commons/d/dd/Filharmonia_Szczecinska_cb.JPG,https://commons.wikimedia.org/wiki/File:Filharmonia_Szczecinska_cb.JPG,MOs810,CC BY-SA-4.0,https://creativecommons.org/licenses/by-sa/4.0,
ARCH_0297,Bocconi University Building,Grafton Architects,Grafton Architects,2008,Milan,Italy,Europe,university building,Contemporary,1990-2009,nonindustrial,World Building of the Year 2008 (WAF); Pritzker Prize architects,https://upload.wikimedia.org/wikipedia/commons/d/dc/Bocconi_Grafton_Building_Milan.jpg,https://commons.wikimedia.org/wiki/File:Bocconi_Grafton_Building_Milan.jpg,Paolo Gamba,CC BY-2.0,https://creativecommons.org/licenses/by/2.0,
ARCH_0298,Mercedes-Benz Museum,"Ben van Berkel, Caroline Bos",UNStudio,2006,Stuttgart,Germany,Europe,museum,Digital / parametric,1990-2009,nonindustrial,canonical computational design; widely documented,https://upload.wikimedia.org/wikipedia/commons/7/7a/Exterior_of_the_Mercedes-Benz_Museum_IMG_3435.jpg,https://commons.wikimedia.org/wiki/File:Exterior_of_the_Mercedes-Benz_Museum_IMG_3435.jpg,Alexander Migl,CC BY-SA-4.0,https://creativecommons.org/licenses/by-sa/4.0,
ARCH_0299,Kunsthaus Graz,"Peter Cook, Colin Fournier",spacelab,2003,Graz,Austria,Europe,museum,Blob architecture / digital,1990-2009,nonindustrial,canonical work of digital architecture,https://upload.wikimedia.org/wikipedia/commons/3/38/Graz_Kunsthaus-4476.jpg,https://commons.wikimedia.org/wiki/File:Graz_Kunsthaus-4476.jpg,Isiwal,CC BY-SA-4.0,https://creativecommons.org/licenses/by-sa/4.0,Commons assessment: quality
ARCH_0300,Metropol Parasol,Jürgen Mayer H.,J. Mayer H.,2011,Seville,Spain,Europe,public canopy / market,Parametric / timber,2010-today,nonindustrial,widely documented; EU Mies Award finalist,https://upload.wikimedia.org/wikipedia/commons/7/7f/Sevilla_-_Metropol_Parasol_%26_Iglesia_de_la_Anunciaci%C3%B3n.jpg,https://commons.wikimedia.org/wiki/File:Sevilla_-_Metropol_Parasol_%26_Iglesia_de_la_Anunciaci%C3%B3n.jpg,Benjamin Smith,CC BY-SA-4.0,https://creativecommons.org/licenses/by-sa/4.0,Commons assessment: quality
ARCH_0301,Helsinki Central railway station,Eliel Saarinen,,1919,Helsinki,Finland,Europe,railway station,National Romanticism / early modernism,1919-1945,nonindustrial,landmark of Nordic architecture,https://upload.wikimedia.org/wikipedia/commons/6/65/Helsinki_Central_Station%2C_2019_%2801%29.jpg,"https://commons.wikimedia.org/wiki/File:Helsinki_Central_Station,_2019_(01).jpg",Bahnfrend,CC BY-SA-4.0,https://creativecommons.org/licenses/by-sa/4.0,
ARCH_0302,Ir. D.F. Woudagemaal,Dirk Frederik Wouda (engineer),,1920,Lemmer,Netherlands,Europe,steam pumping station,Amsterdam School,1919-1945,industrial,UNESCO World Heritage Site,https://upload.wikimedia.org/wikipedia/commons/7/7d/Woudagemaal_1.jpg,https://commons.wikimedia.org/wiki/File:Woudagemaal_1.jpg,Uberprutser,CC BY-SA-3.0-NL,https://creativecommons.org/licenses/by-sa/3.0/nl/deed.en,Commons assessment: quality
ARCH_0303,Jiyu Gakuen Myonichikan,"Frank Lloyd Wright, Arata Endo",,1921,Tokyo,Japan,Japan,school,Prairie style,1919-1945,nonindustrial,Important Cultural Property of Japan,https://upload.wikimedia.org/wikipedia/commons/a/a7/Jiyu_Gakuen.jpg,https://commons.wikimedia.org/wiki/File:Jiyu_Gakuen.jpg,Kakidai,CC BY-SA-4.0,https://creativecommons.org/licenses/by-sa/4.0,
ARCH_0304,Haus am Horn,Georg Muche,,1923,Weimar,Germany,Europe,single-family house,Bauhaus,1919-1945,nonindustrial,UNESCO World Heritage Site; first Bauhaus building,https://upload.wikimedia.org/wikipedia/commons/8/84/Au%C3%9Fenaufnahmen_Haus_am_Horn_in_Weimar_05.jpg,https://commons.wikimedia.org/wiki/File:Au%C3%9Fenaufnahmen_Haus_am_Horn_in_Weimar_05.jpg,JensKunstfreund,CC BY-SA-4.0,https://creativecommons.org/licenses/by-sa/4.0,"seed from the batch-1 list (photograph approved in batch 1, left out by the batch-1 balancing step)"
ARCH_0305,Yodoko Guest House,"Frank Lloyd Wright, Arata Endo",,1924,Ashiya,Japan,Japan,single-family house,Prairie style,1919-1945,nonindustrial,Important Cultural Property of Japan,https://upload.wikimedia.org/wikipedia/commons/c/c6/Yamamura_house09n4272.jpg,https://commons.wikimedia.org/wiki/File:Yamamura_house09n4272.jpg,663highland,CC BY-2.5,https://creativecommons.org/licenses/by/2.5,
ARCH_0306,Villa Noailles,Robert Mallet-Stevens,,1925,Hyères,France,Europe,single-family house,Modern Movement,1919-1945,nonindustrial,canonical early modernist villa; monument historique,https://upload.wikimedia.org/wikipedia/commons/0/06/Villa_Noailles_%282016%29.jpg,https://commons.wikimedia.org/wiki/File:Villa_Noailles_(2016).jpg,Herkra,CC BY-SA-4.0,https://creativecommons.org/licenses/by-sa/4.0,"seed from the batch-1 list (photograph approved in batch 1, left out by the batch-1 balancing step)"
ARCH_0307,Kraftwerk Klingenberg,"Walter Klingenberg, Werner Issel",,1927,Berlin,Germany,Europe,power station,Brick expressionism / industrial modernism,1919-1945,industrial,landmark interwar power station; listed monument,https://upload.wikimedia.org/wikipedia/commons/5/52/Berlin-Rummelsburg_Kraftwerk_Klingenberg.jpg,https://commons.wikimedia.org/wiki/File:Berlin-Rummelsburg_Kraftwerk_Klingenberg.jpg,Avda,CC BY-SA-3.0,https://creativecommons.org/licenses/by-sa/3.0,
ARCH_0308,Weissenhof Estate,"Ludwig Mies van der Rohe (site plan), Le Corbusier, Pierre Jeanneret and others",,1927,Stuttgart,Germany,Europe,collective housing / model estate,International Style,1919-1945,nonindustrial,Werkbund exhibition estate; Le Corbusier houses UNESCO World Heritage,https://upload.wikimedia.org/wikipedia/commons/5/54/Le_Corbusier_%28weissenhof_estate_le_corbusier%29_-_Weissenhofsiedlung%2C_At_the_suggestion_of_the_W%C3%BCrttemberg_Working_Group_of_Deutscher_Werkbund%2C_which_was_established_in_1907%2C_the_City_of_Stuttgart_decided_to_build_the_Wei_-_panoramio.jpg,"https://commons.wikimedia.org/wiki/File:Le_Corbusier_(weissenhof_estate_le_corbusier)_-_Weissenhofsiedlung,_At_the_suggestion_of_the_W%C3%BCrttemberg_Working_Group_of_Deutscher_Werkbund,_which_was_established_in_1907,_the_City_of_Stuttgart_decided_to_build_the_Wei_-_panoramio.jpg",qwesy qwesy,CC BY-3.0,https://creativecommons.org/licenses/by/3.0,
ARCH_0309,Fisher Building,Albert Kahn,,1928,Detroit,United States,North America,office building,Art Deco,1919-1945,nonindustrial,National Historic Landmark; major work of Albert Kahn,https://upload.wikimedia.org/wikipedia/commons/8/82/Fisher_Building_as_seen_from_2nd_Avenue_in_front_of_the_Argonaut_Building%2C_New_Center%2C_Detroit_-_20201215.jpg,"https://commons.wikimedia.org/wiki/File:Fisher_Building_as_seen_from_2nd_Avenue_in_front_of_the_Argonaut_Building,_New_Center,_Detroit_-_20201215.jpg",Andre Carrotflower,CC BY-SA-4.0,https://creativecommons.org/licenses/by-sa/4.0,"seed from the batch-1 list (photograph approved in batch 1, left out by the batch-1 balancing step)"
ARCH_0310,Hotel Avion,Bohuslav Fuchs,,1928,Brno,Czech Republic,Europe,hotel,Functionalism,1919-1945,nonindustrial,Czech cultural monument; Brno functionalism,https://upload.wikimedia.org/wikipedia/commons/5/5d/Brno_-_ul._%C4%8Cesk%C3%A1%2C_hotel_Avion%2C_2023%2C_obr01.jpg,"https://commons.wikimedia.org/wiki/File:Brno_-_ul._%C4%8Cesk%C3%A1,_hotel_Avion,_2023,_obr01.jpg",RomanM82,CC BY-SA-4.0,https://creativecommons.org/licenses/by-sa/4.0,
ARCH_0311,Palacio Salvo,Mario Palanti,,1928,Montevideo,Uruguay,Latin America,office / housing tower,Eclectic,1919-1945,nonindustrial,national historic monument,https://upload.wikimedia.org/wikipedia/commons/7/76/2016_Palacio_Salvo_Plaza_de_la_Independecia_Montevideo.jpg,https://commons.wikimedia.org/wiki/File:2016_Palacio_Salvo_Plaza_de_la_Independecia_Montevideo.jpg,Felipe Restrepo Acosta,CC BY-SA-4.0,https://creativecommons.org/licenses/by-sa/4.0,
ARCH_0312,Rusakov Workers' Club,Konstantin Melnikov,,1928,Moscow,Russia,Europe,cultural centre,Constructivism,1919-1945,nonindustrial,canonical work of Soviet constructivism,https://upload.wikimedia.org/wikipedia/commons/9/97/Moscow_RusakovClub_0820.jpg,https://commons.wikimedia.org/wiki/File:Moscow_RusakovClub_0820.jpg,Ludvig14,CC BY-SA-4.0,https://creativecommons.org/licenses/by-sa/4.0,"seed from the batch-1 list (photograph approved in batch 1, left out by the batch-1 balancing step)"
ARCH_0313,Tagblatt-Turm,Ernst Otto Oßwald,,1928,Stuttgart,Germany,Europe,office / newspaper tower,Neues Bauen,1919-1945,nonindustrial,early exposed reinforced-concrete high-rise in Germany; listed,https://upload.wikimedia.org/wikipedia/commons/5/54/Stuttgart_-_Tagblatt-Turm_%284%29.jpg,https://commons.wikimedia.org/wiki/File:Stuttgart_-_Tagblatt-Turm_(4).jpg,"Fred Romero from Paris, France",CC BY-2.0,https://creativecommons.org/licenses/by/2.0,
ARCH_0314,Rashtrapati Bhavan,Edwin Lutyens,,1929,New Delhi,India,Asia,presidential palace,Delhi Order classicism,1919-1945,nonindustrial,official residence of the President of India,https://upload.wikimedia.org/wikipedia/commons/c/c7/Rashtrapati_Bhavan-2.jpg,https://commons.wikimedia.org/wiki/File:Rashtrapati_Bhavan-2.jpg,"This image was produced by me, David Castor (user:dcastor). The pictures I submit to the Wikipedia Project are released to the public domain. This gives you the right to use them in any way you like, without any kind of notification. This said, I would still appreciate to be mentioned as the originator whenever you think it complies well with your use of the picture. A message to me  about how it has been used would also be welcome. You are obviously not required to respond to these wishes of mine, just in a friendly manner encouraged to. (All my photos are placed in Category:Images by David Castor or a subcategory thereof.)",PD,,
ARCH_0315,Sassoon House (Peace Hotel),Palmer and Turner,,1929,Shanghai,China,Asia,hotel / office,Art Deco,1919-1945,nonindustrial,landmark of the Bund,https://upload.wikimedia.org/wikipedia/commons/a/a0/Peace_Hotel_-_Sassoon_House_20251127.jpg,https://commons.wikimedia.org/wiki/File:Peace_Hotel_-_Sassoon_House_20251127.jpg,"This Photo was taken by Supanut Arunoprayote.

Feel free to use any of my images, but please mention me as the author and may send me a message.  (สามารถใช้ภาพได้อิสระ แต่กรุณาใส่เครดิตผู้ถ่ายและอาจส่งข้อความบอกกล่าวด้วย) 



Please do not upload an updated image here without consultation with the Author. The author would like to make corrections only at his own source. This ensures that the changes are preserved.Please if you think that any changes should be required, please inform the author.Otherwise you can upload a new image with a new name. Please use one of the templates derivative or extract.",CC BY-4.0,https://creativecommons.org/licenses/by/4.0,
ARCH_0316,Kaufhaus Schocken Chemnitz,Erich Mendelsohn,,1930,Chemnitz,Germany,Europe,department store,Neues Bauen,1919-1945,nonindustrial,canonical work of Mendelsohn; listed monument,https://upload.wikimedia.org/wikipedia/commons/9/9f/Kaufhaus_Schocken_in_Chemnitz_2013.jpg,https://commons.wikimedia.org/wiki/File:Kaufhaus_Schocken_in_Chemnitz_2013.jpg,Altsachse,CC BY-SA-4.0,https://creativecommons.org/licenses/by-sa/4.0,"seed from the batch-1 list (photograph approved in batch 1, left out by the batch-1 balancing step)"
ARCH_0317,Kiefhoek,J. J. P. Oud,,1930,Rotterdam,Netherlands,Europe,collective housing,Nieuwe Bouwen,1919-1945,nonindustrial,canonical social housing estate of De Stijl-era functionalism,https://upload.wikimedia.org/wikipedia/commons/5/5b/Overzicht_uiteinde_straat_eindigend_in_winkel_in_de_wijk_Kiefhoek_van_J.J.P._Oud_-_Rotterdam_-_20536889_-_RCE.jpg,https://commons.wikimedia.org/wiki/File:Overzicht_uiteinde_straat_eindigend_in_winkel_in_de_wijk_Kiefhoek_van_J.J.P._Oud_-_Rotterdam_-_20536889_-_RCE.jpg,Paul van Galen,CC BY-SA-4.0,https://creativecommons.org/licenses/by-sa/4.0,
ARCH_0318,Arnos Grove tube station,Charles Holden,,1932,London,United Kingdom,Europe,underground station,Modernism,1919-1945,nonindustrial,Grade II* listed; model of London Underground modernism,https://upload.wikimedia.org/wikipedia/commons/2/2f/ARNOS_GROVE-03_240710_CPS_%284837089899%29.jpg,https://commons.wikimedia.org/wiki/File:ARNOS_GROVE-03_240710_CPS_(4837089899).jpg,Chris Sampson,CC BY-2.0,https://creativecommons.org/licenses/by/2.0,
ARCH_0319,PSFS Building,"George Howe, William Lescaze",,1932,Philadelphia,United States,North America,office building,International Style,1919-1945,nonindustrial,National Historic Landmark; first International Style skyscraper in USA,https://upload.wikimedia.org/wikipedia/commons/b/b5/PSFSBuilding1985.jpg,https://commons.wikimedia.org/wiki/File:PSFSBuilding1985.jpg,Jack Boucher,PD,,"seed from the batch-1 list (photograph approved in batch 1, left out by the batch-1 balancing step)"
ARCH_0320,Villa Cavrois,Robert Mallet-Stevens,,1932,Croix,France,Europe,single-family house,Modernism,1919-1945,nonindustrial,French national monument; major interwar villa,https://upload.wikimedia.org/wikipedia/commons/8/83/Croix_villa_cavrois_SE.jpg,https://commons.wikimedia.org/wiki/File:Croix_villa_cavrois_SE.jpg,Velvet,CC BY-SA-4.0,https://creativecommons.org/licenses/by-sa/4.0,Commons assessment: quality
ARCH_0321,Aarhus University main building,"C. F. Møller, Kay Fisker, Povl Stegmann",,1933,Aarhus,Denmark,Europe,university building,Nordic functionalism / brick,1919-1945,nonindustrial,Danish cultural canon,https://upload.wikimedia.org/wikipedia/commons/a/a7/Aarhus_Universitets_hovedbygning_set_fra_parken.jpg,https://commons.wikimedia.org/wiki/File:Aarhus_Universitets_hovedbygning_set_fra_parken.jpg,Villy Fink Isaksen,CC BY-SA-4.0,https://creativecommons.org/licenses/by-sa/4.0,Commons assessment: quality
ARCH_0322,Cincinnati Union Terminal,"Alfred Fellheimer, Steward Wagner, Paul Cret",,1933,Cincinnati,United States,North America,railway station,Art Deco,1919-1945,nonindustrial,National Historic Landmark,https://upload.wikimedia.org/wikipedia/commons/2/22/Cincinnati_Union_Terminal_20.jpg,https://commons.wikimedia.org/wiki/File:Cincinnati_Union_Terminal_20.jpg,Ɱ,CC BY-SA-4.0,https://creativecommons.org/licenses/by-sa/4.0,"seed from the batch-1 list (photograph approved in batch 1, left out by the batch-1 balancing step)"
ARCH_0323,Osaka Gas Building,Takeo Yasui,,1933,Osaka,Japan,Japan,office building,Modernism,1919-1945,nonindustrial,registered tangible cultural property,https://upload.wikimedia.org/wikipedia/commons/b/bf/Osaka_Gas_Building_Osaka_Japan02-r.jpg,https://commons.wikimedia.org/wiki/File:Osaka_Gas_Building_Osaka_Japan02-r.jpg,Oilstreet,CC BY-2.5,https://creativecommons.org/licenses/by/2.5,
ARCH_0324,Broadway Mansions,Bright Fraser,,1934,Shanghai,China,Asia,apartment building / hotel,Art Deco,1919-1945,nonindustrial,Shanghai heritage architecture,https://upload.wikimedia.org/wikipedia/commons/2/20/20112-Shanghai%2C_Broadway_Mansions.jpg,"https://commons.wikimedia.org/wiki/File:20112-Shanghai,_Broadway_Mansions.jpg",xiquinhosilva,CC BY-2.0,https://creativecommons.org/licenses/by/2.0,
ARCH_0325,Firenze Santa Maria Novella railway station,Giovanni Michelucci,Gruppo Toscano,1934,Florence,Italy,Europe,railway station,Italian Rationalism,1919-1945,nonindustrial,canonical work of Italian rationalism,https://upload.wikimedia.org/wikipedia/commons/d/d8/Stazione_di_santa_maria_novella_vista_dal_convento_di_santa_maria_novella.jpg,https://commons.wikimedia.org/wiki/File:Stazione_di_santa_maria_novella_vista_dal_convento_di_santa_maria_novella.jpg,Sailko,CC BY-3.0,https://creativecommons.org/licenses/by/3.0,"seed from the batch-1 list (photograph approved in batch 1, left out by the batch-1 balancing step)"
ARCH_0326,Niederfinow Boat Lift,Prussian waterway administration (engineering design),,1934,Niederfinow,Germany,Europe,boat lift / infrastructure,Industrial steel structure,1919-1945,industrial,oldest working boat lift in Germany; listed technical monument,https://upload.wikimedia.org/wikipedia/commons/a/a8/20250518_141259_Schiffshebewerk_Niederfinow_anagoria.jpg,https://commons.wikimedia.org/wiki/File:20250518_141259_Schiffshebewerk_Niederfinow_anagoria.jpg,Anagoria,CC BY-SA-4.0,https://creativecommons.org/licenses/by-sa/4.0,
ARCH_0327,Palacio de Bellas Artes,"Adamo Boari, Federico Mariscal",,1934,Mexico City,Mexico,Latin America,theatre / museum,Art Nouveau / Art Deco,1919-1945,nonindustrial,national artistic monument,https://upload.wikimedia.org/wikipedia/commons/8/85/Mexico_City_Palacio_de_bellas_artes.jpg,https://commons.wikimedia.org/wiki/File:Mexico_City_Palacio_de_bellas_artes.jpg,Jeses,CC BY-SA-2.5,https://creativecommons.org/licenses/by-sa/2.5,Commons assessment: featured|potd|poty
ARCH_0328,Prudential Building Warsaw,Marcjan Lalewicz,,1934,Warsaw,Poland,Europe,office building / hotel,Art Deco / modernism,1919-1945,nonindustrial,pre-war high-rise; rebuilt after 1944,https://upload.wikimedia.org/wikipedia/commons/1/14/Warszawa_Prudential_2009.jpg,https://commons.wikimedia.org/wiki/File:Warszawa_Prudential_2009.jpg,Marcin Białek,CC BY-SA-4.0,https://creativecommons.org/licenses/by-sa/4.0,Commons assessment: quality
ARCH_0329,De La Warr Pavilion,"Erich Mendelsohn, Serge Chermayeff",,1935,Bexhill-on-Sea,United Kingdom,Europe,cultural centre / pavilion,International Style,1919-1945,nonindustrial,Grade I listed; first major modernist public building in UK,https://upload.wikimedia.org/wikipedia/commons/3/37/Del_la_warr.jpg,https://commons.wikimedia.org/wiki/File:Del_la_warr.jpg,Oliver Tookey,CC BY-SA-4.0,https://creativecommons.org/licenses/by-sa/4.0,"seed from the batch-1 list (photograph approved in batch 1, left out by the batch-1 balancing step)"
ARCH_0330,Vyborg Library,Alvar Aalto,,1935,Vyborg,Russia,Europe,library,Functionalism,1919-1945,nonindustrial,canonical work of Alvar Aalto; World Monuments Fund restoration award,https://upload.wikimedia.org/wikipedia/commons/7/7e/Alvar_Aalto_Library_Vyborg3.jpg,https://commons.wikimedia.org/wiki/File:Alvar_Aalto_Library_Vyborg3.jpg,Ninaraas,CC BY-4.0,https://creativecommons.org/licenses/by/4.0,"seed from the batch-1 list (photograph approved in batch 1, left out by the batch-1 balancing step)"
ARCH_0331,Kavanagh Building,"Gregorio Sánchez, Ernesto Lagos, Luis María de la Torre",,1936,Buenos Aires,Argentina,Latin America,collective housing tower,Art Deco / rationalism,1919-1945,nonindustrial,national historic monument,https://upload.wikimedia.org/wikipedia/commons/f/fd/Kavanagh_building.jpg,https://commons.wikimedia.org/wiki/File:Kavanagh_building.jpg,Marcos Prack,CC BY-2.0,https://creativecommons.org/licenses/by/2.0,
ARCH_0332,National Diet Building,Ministry of Finance Temporary Architecture Bureau,,1936,Tokyo,Japan,Japan,parliament,Eclectic modernism,1919-1945,nonindustrial,seat of the Japanese parliament,https://upload.wikimedia.org/wikipedia/commons/1/16/National_Diet_Building_02.jpg,https://commons.wikimedia.org/wiki/File:National_Diet_Building_02.jpg,Kakidai,CC BY-SA-4.0,https://creativecommons.org/licenses/by-sa/4.0,
ARCH_0333,Norris Dam,Roland Wank (Tennessee Valley Authority),,1936,Norris,United States,North America,dam / hydroelectric infrastructure,Streamline industrial,1919-1945,industrial,first TVA dam; National Register of Historic Places,https://upload.wikimedia.org/wikipedia/commons/b/b0/Norris_Dam%2C_Tennessee%2C_United_States.jpg,"https://commons.wikimedia.org/wiki/File:Norris_Dam,_Tennessee,_United_States.jpg",Iamjohnm,CC BY-SA-4.0,https://creativecommons.org/licenses/by-sa/4.0,
ARCH_0334,Palazzo delle Poste (Naples),"Giuseppe Vaccaro, Gino Franzi",,1936,Naples,Italy,Europe,post office,Italian Rationalism,1919-1945,nonindustrial,major Rationalist public building,https://upload.wikimedia.org/wikipedia/commons/b/ba/Napoli_-_Palazzo_delle_poste.jpg,https://commons.wikimedia.org/wiki/File:Napoli_-_Palazzo_delle_poste.jpg,Armando Mancini,PD,,
ARCH_0335,Asilo Sant'Elia,Giuseppe Terragni,,1937,Como,Italy,Europe,school (kindergarten),Italian Rationalism,1919-1945,nonindustrial,canonical work of Italian rationalism,https://upload.wikimedia.org/wikipedia/commons/c/ce/Asilo_Sant%27Elia.jpg,https://commons.wikimedia.org/wiki/File:Asilo_Sant%27Elia.jpg,Mirna.ortizl,CC BY-SA-4.0,https://creativecommons.org/licenses/by-sa/4.0,"seed from the batch-1 list (photograph approved in batch 1, left out by the batch-1 balancing step)"
ARCH_0336,Senate House (University of London),Charles Holden,,1937,London,United Kingdom,Europe,university building,Art Deco,1919-1945,nonindustrial,Grade II* listed,https://upload.wikimedia.org/wikipedia/commons/a/ab/Senate_House_University_of_London_June_2018.jpg,https://commons.wikimedia.org/wiki/File:Senate_House_University_of_London_June_2018.jpg,BabelStone,CC BY-SA-3.0,https://creativecommons.org/licenses/by-sa/3.0,
ARCH_0337,Building 21 Zlín,Vladimír Karfík,,1938,Zlín,Czech Republic,Europe,office building / corporate headquarters,Functionalism,1919-1945,nonindustrial,Bata company headquarters; national cultural monument; canonical Czech functionalism,https://upload.wikimedia.org/wikipedia/commons/9/95/Zl%C3%ADn%2C_u_br%C3%A1ny_Svitu_%2801%29.jpg,"https://commons.wikimedia.org/wiki/File:Zl%C3%ADn,_u_br%C3%A1ny_Svitu_(01).jpg",ŠJů,CC BY-4.0,https://creativecommons.org/licenses/by/4.0,"seed from the batch-1 list (photograph approved in batch 1, left out by the batch-1 balancing step)"
ARCH_0338,Casa Malaparte,Adalberto Libera,,1938,Capri,Italy,Europe,single-family house,Rationalism,1919-1945,nonindustrial,icon of Italian modernism,https://upload.wikimedia.org/wikipedia/commons/7/7a/Villa_Malaparte%2C_Capri%2C_Italia_%2851485274396%29.jpg,"https://commons.wikimedia.org/wiki/File:Villa_Malaparte,_Capri,_Italia_(51485274396).jpg",Hervé Simon,CC BY-SA-2.0,https://creativecommons.org/licenses/by-sa/2.0,
ARCH_0339,Flagey Building,Joseph Diongre,,1938,Brussels,Belgium,Europe,broadcasting house / cultural centre,Streamline moderne,1919-1945,nonindustrial,former national broadcasting house; protected monument,https://upload.wikimedia.org/wikipedia/commons/3/38/Brussel_Flagey_01.jpg,https://commons.wikimedia.org/wiki/File:Brussel_Flagey_01.jpg,Sally V,CC BY-SA-4.0,https://creativecommons.org/licenses/by-sa/4.0,
ARCH_0340,Gropius House,Walter Gropius,,1938,"Lincoln, Massachusetts",United States,North America,single-family house,Modern Movement,1919-1945,nonindustrial,National Historic Landmark; work of Walter Gropius,https://upload.wikimedia.org/wikipedia/commons/b/b9/Gropius_house_11.jpg,https://commons.wikimedia.org/wiki/File:Gropius_house_11.jpg,victorgrigas,CC BY-SA-3.0,https://creativecommons.org/licenses/by-sa/3.0,"seed from the batch-1 list (photograph approved in batch 1, left out by the batch-1 balancing step)"
ARCH_0341,Helsinki Olympic Stadium,"Yrjö Lindegren, Toivo Jäntti",,1938,Helsinki,Finland,Europe,stadium,Functionalism,1919-1945,nonindustrial,canonical Finnish functionalism; protected,https://upload.wikimedia.org/wikipedia/commons/c/ce/Helsingin_olympiastadion_2022-09-19_01.jpg,https://commons.wikimedia.org/wiki/File:Helsingin_olympiastadion_2022-09-19_01.jpg,Leonhard Lenz,CC0,http://creativecommons.org/publicdomain/zero/1.0/deed.en,"seed from the batch-1 list (photograph approved in batch 1, left out by the batch-1 balancing step)"
ARCH_0342,Reading Power Station,Palestine Electric Corporation (engineering),,1938,Tel Aviv,Israel,Middle East,power station,International Style industrial,1919-1945,industrial,power station on the Yarkon estuary,https://upload.wikimedia.org/wikipedia/commons/8/85/Israel-2013-Tel_Aviv_01-Reading_Power_Station.jpg,https://commons.wikimedia.org/wiki/File:Israel-2013-Tel_Aviv_01-Reading_Power_Station.jpg,Godot13,CC BY-SA-4.0,https://creativecommons.org/licenses/by-sa/4.0,Commons assessment: quality|valued
ARCH_0343,Sunila Pulp Mill,Alvar Aalto,,1938,Kotka,Finland,Europe,pulp mill / factory,Functionalism,1919-1945,industrial,major industrial work of Alvar Aalto,https://upload.wikimedia.org/wikipedia/commons/0/08/Sunilan_Sellutehdas_Kotka.jpg,https://commons.wikimedia.org/wiki/File:Sunilan_Sellutehdas_Kotka.jpg,Janiwiki0,CC BY-SA-4.0,https://creativecommons.org/licenses/by-sa/4.0,
ARCH_0344,Villa Mairea,Alvar Aalto,,1939,Noormarkku,Finland,Europe,single-family house,Organic modernism,1919-1945,nonindustrial,canonical work of Alvar Aalto,https://upload.wikimedia.org/wikipedia/commons/f/ff/Villa_Mairea_Noormarkku.jpg,https://commons.wikimedia.org/wiki/File:Villa_Mairea_Noormarkku.jpg,Mikkoau,CC BY-SA-4.0,https://creativecommons.org/licenses/by-sa/4.0,"seed from the batch-1 list (photograph approved in batch 1, left out by the batch-1 balancing step)"
ARCH_0345,Palazzo della Civiltà Italiana,"Giovanni Guerrini, Ernesto La Padula, Mario Romano",,1940,Rome,Italy,Europe,public building,Italian Rationalism / monumental,1919-1945,nonindustrial,canonical work of EUR rationalism; frequently cited,https://upload.wikimedia.org/wikipedia/commons/8/84/Palazzo_della_Civilt%C3%A0_Italiana_a_EUR_Roma.jpg,https://commons.wikimedia.org/wiki/File:Palazzo_della_Civilt%C3%A0_Italiana_a_EUR_Roma.jpg,Alberti1492,CC BY-SA-4.0,https://creativecommons.org/licenses/by-sa/4.0,"seed from the batch-1 list (photograph approved in batch 1, left out by the batch-1 balancing step)"
ARCH_0346,Hipódromo de la Zarzuela,"Carlos Arniches, Martín Domínguez, Eduardo Torroja",,1941,Madrid,Spain,Europe,racecourse grandstand,Structural modernism,1919-1945,nonindustrial,Spanish heritage site; cantilevered concrete shells,https://upload.wikimedia.org/wikipedia/commons/7/7b/Hip%C3%B3dromo_de_la_Zarzuela-1.JPG,https://commons.wikimedia.org/wiki/File:Hip%C3%B3dromo_de_la_Zarzuela-1.JPG,Outisnn,CC BY-SA-4.0,https://creativecommons.org/licenses/by-sa/4.0,
ARCH_0347,Grand Coulee Dam,United States Bureau of Reclamation,,1942,Grand Coulee,United States,North America,dam / hydroelectric infrastructure,Industrial,1919-1945,industrial,largest hydroelectric plant in the US,https://upload.wikimedia.org/wikipedia/commons/9/90/Grand_Coulee_Dam%2C_Columbia_River%2C_Grand_Coulee%2C_Washington.jpg,"https://commons.wikimedia.org/wiki/File:Grand_Coulee_Dam,_Columbia_River,_Grand_Coulee,_Washington.jpg",Ken Lund,CC BY-SA-2.0,https://creativecommons.org/licenses/by-sa/2.0,
ARCH_0348,Casa sobre el arroyo,Amancio Williams,,1946,Mar del Plata,Argentina,Latin America,single-family house,Modernism,1946-1969,nonindustrial,national historic monument,https://upload.wikimedia.org/wikipedia/commons/6/63/Visita_a_la_%22Casa_del_Puente%22.jpg,https://commons.wikimedia.org/wiki/File:Visita_a_la_%22Casa_del_Puente%22.jpg,Ministerio de Cultura de la Nación,CC BY-SA-2.0,https://creativecommons.org/licenses/by-sa/2.0,
ARCH_0349,Edifício Louveira,"João Batista Vilanova Artigas, Carlos Cascaldi",,1946,São Paulo,Brazil,Latin America,collective housing,Brazilian modernism,1946-1969,nonindustrial,listed modernist housing,https://upload.wikimedia.org/wikipedia/commons/e/e2/Edif%C3%ADcio_Louveira_-_S%C3%A3o_Paulo_-_20240914152101.jpg,https://commons.wikimedia.org/wiki/File:Edif%C3%ADcio_Louveira_-_S%C3%A3o_Paulo_-_20240914152101.jpg,TamiresAnsanelo,CC BY-SA-4.0,https://creativecommons.org/licenses/by-sa/4.0,
ARCH_0350,Kaufmann Desert House,Richard Neutra,,1946,Palm Springs,United States,North America,single-family house,Mid-century modern,1946-1969,nonindustrial,canonical work of Richard Neutra; widely documented,https://upload.wikimedia.org/wikipedia/commons/8/8a/Kaufman_Desert_Home.jpg,https://commons.wikimedia.org/wiki/File:Kaufman_Desert_Home.jpg,Pmeulbroek,CC BY-SA-4.0,https://creativecommons.org/licenses/by-sa/4.0,"seed from the batch-1 list (photograph approved in batch 1, left out by the batch-1 balancing step)"
ARCH_0351,Caribe Hilton,Toro Ferrer,,1949,San Juan,Puerto Rico,Latin America,hotel,International Style,1946-1969,nonindustrial,first Hilton hotel outside the US,https://upload.wikimedia.org/wikipedia/commons/b/ba/Caribe-Hilton-Poolside.jpg,https://commons.wikimedia.org/wiki/File:Caribe-Hilton-Poolside.jpg,Jasenlee,CC BY-SA-3.0,https://creativecommons.org/licenses/by-sa/3.0,
ARCH_0352,Roma Termini railway station,"Eugenio Montuori, Leo Calini, Annibale Vitellozzi and others",,1950,Rome,Italy,Europe,railway station,Postwar modernism,1946-1969,nonindustrial,major postwar Italian public building,https://upload.wikimedia.org/wikipedia/commons/5/54/Termini_Station_Rome_%289554051681%29.jpg,https://commons.wikimedia.org/wiki/File:Termini_Station_Rome_(9554051681).jpg,"Sean MacEntee from Monaghan, Ireland",CC BY-2.0,https://creativecommons.org/licenses/by/2.0,
ARCH_0353,Royal Festival Hall,"Robert Matthew, Leslie Martin",London County Council Architects,1951,London,United Kingdom,Europe,concert hall,Postwar modernism,1946-1969,nonindustrial,Grade I listed,https://upload.wikimedia.org/wikipedia/commons/d/d2/At_London_2025_427.jpg,https://commons.wikimedia.org/wiki/File:At_London_2025_427.jpg,Photograph by Mike Peel (www.mikepeel.net).,CC BY-SA-4.0,https://creativecommons.org/licenses/by-sa/4.0,"seed from the batch-1 list (photograph approved in batch 1, left out by the batch-1 balancing step)"
ARCH_0354,Anıtkabir,"Emin Onat, Orhan Arda",,1953,Ankara,Turkey,Middle East,mausoleum,Second National Architectural Movement,1946-1969,nonindustrial,mausoleum of Atatürk,https://upload.wikimedia.org/wikipedia/commons/c/ce/An%C4%B1tkabir%2C_Ankara.jpg,"https://commons.wikimedia.org/wiki/File:An%C4%B1tkabir,_Ankara.jpg",Bernard Gagnon,CC BY-SA-3.0,https://creativecommons.org/licenses/by-sa/3.0,Commons assessment: quality
ARCH_0355,Busáras,Michael Scott,,1953,Dublin,Ireland,Europe,bus station / offices,International Style,1946-1969,nonindustrial,protected structure; first major modernist building in Ireland,https://upload.wikimedia.org/wikipedia/commons/1/10/Busaras.jpg,https://commons.wikimedia.org/wiki/File:Busaras.jpg,Jnestorius,PD,,
ARCH_0356,Lijnbaan,Van den Broek en Bakema,,1953,Rotterdam,Netherlands,Europe,retail street,Postwar modernism,1946-1969,nonindustrial,first purpose-built pedestrian shopping street in Europe; national monument,https://upload.wikimedia.org/wikipedia/commons/2/26/Lijnbaan%2C_Rotterdam_2024-12-02.jpg,"https://commons.wikimedia.org/wiki/File:Lijnbaan,_Rotterdam_2024-12-02.jpg",Andy Li,CC0,http://creativecommons.org/publicdomain/zero/1.0/deed.en,
ARCH_0357,Hiroshima World Peace Memorial Cathedral,Togo Murano,,1954,Hiroshima,Japan,Japan,cathedral,Japanese modernism,1946-1969,nonindustrial,Important Cultural Property of Japan,https://upload.wikimedia.org/wikipedia/commons/b/bc/Assumption_of_Mary_Cathedral%2C_Hiroshima.jpg,"https://commons.wikimedia.org/wiki/File:Assumption_of_Mary_Cathedral,_Hiroshima.jpg",Uhooep,CC BY-SA-4.0,https://creativecommons.org/licenses/by-sa/4.0,
ARCH_0358,Kanagawa Prefectural Music Hall,Kunio Maekawa,,1954,Yokohama,Japan,Japan,concert hall,Japanese modernism,1946-1969,nonindustrial,DOCOMOMO Japan selection,https://upload.wikimedia.org/wikipedia/commons/8/88/Kanagawa_Library_and_Music_Hall_01.jpg,https://commons.wikimedia.org/wiki/File:Kanagawa_Library_and_Music_Hall_01.jpg,ジャコウネズミ,CC0,http://creativecommons.org/publicdomain/zero/1.0/deed.en,
ARCH_0359,Tomb of Avicenna,Houshang Seyhoun,,1954,Hamadan,Iran,Middle East,mausoleum,Modernism with Persian references,1946-1969,nonindustrial,major work of Houshang Seyhoun,https://upload.wikimedia.org/wikipedia/commons/a/ac/Avicenna%27s_tomb_%28Ibn-e_Sina_Tomb%29_02.jpg,https://commons.wikimedia.org/wiki/File:Avicenna%27s_tomb_(Ibn-e_Sina_Tomb)_02.jpg,Mohammad Pourghorbanali,CC BY-SA-4.0,https://creativecommons.org/licenses/by-sa/4.0,
ARCH_0360,International House of Japan,"Kunio Maekawa, Junzo Sakakura, Junzo Yoshimura",,1955,Tokyo,Japan,Japan,cultural centre / hotel,Japanese modernism,1946-1969,nonindustrial,DOCOMOMO Japan selection,https://upload.wikimedia.org/wikipedia/commons/5/52/International_House_of_Japan.jpg,https://commons.wikimedia.org/wiki/File:International_House_of_Japan.jpg,Wiiii,CC BY-SA-3.0,https://creativecommons.org/licenses/by-sa/3.0,
ARCH_0361,Istanbul Hilton,"Skidmore, Owings & Merrill, Sedad Hakkı Eldem",,1955,Istanbul,Turkey,Middle East,hotel,International Style,1946-1969,nonindustrial,early International Style hotel abroad,https://upload.wikimedia.org/wikipedia/commons/b/ba/Hilton%2C_Besiktas%2C_Istanbul_%28P1100283%29.jpg,"https://commons.wikimedia.org/wiki/File:Hilton,_Besiktas,_Istanbul_(P1100283).jpg",Matti Blume,CC BY-SA-4.0,https://creativecommons.org/licenses/by-sa/4.0,Commons assessment: quality
ARCH_0362,Sanctuary of Arantzazu,"Francisco Javier Sáenz de Oiza, Luis Laorga",,1955,Oñati,Spain,Europe,basilica / sanctuary,Modernism,1946-1969,nonindustrial,key work of Spanish postwar modernism,https://upload.wikimedia.org/wikipedia/commons/8/88/Exterior_of_Sanctuary_of_Arantzazu_05.jpg,https://commons.wikimedia.org/wiki/File:Exterior_of_Sanctuary_of_Arantzazu_05.jpg,Kent Wang,CC BY-SA-4.0,https://creativecommons.org/licenses/by-sa/4.0,
ARCH_0363,Liederhalle Stuttgart,"Adolf Abel, Rolf Gutbrod",,1956,Stuttgart,Germany,Europe,concert hall,Organic modernism,1946-1969,nonindustrial,listed monument of postwar German architecture,https://upload.wikimedia.org/wikipedia/commons/b/bd/Stuttgart_Liederhalle_2014_au%C3%9Fen_img02.jpg,https://commons.wikimedia.org/wiki/File:Stuttgart_Liederhalle_2014_au%C3%9Fen_img02.jpg,Photo: Andreas Praefcke,CC BY-3.0,https://creativecommons.org/licenses/by/3.0,
ARCH_0364,S. R. Crown Hall,Ludwig Mies van der Rohe,,1956,Chicago,United States,North America,university building,International Style,1946-1969,nonindustrial,National Historic Landmark; canonical work of Mies,https://upload.wikimedia.org/wikipedia/commons/8/89/Crown_Hall_2.jpg,https://commons.wikimedia.org/wiki/File:Crown_Hall_2.jpg,Joe Ravi,PD,,"seed from the batch-1 list (photograph approved in batch 1, left out by the batch-1 balancing step); Commons assessment: quality"
ARCH_0365,798 Art Zone,East German engineers (Dessau industrial design institute),,1957,Beijing,China,Asia,factory complex (now art district),Industrial Bauhaus-derived,1946-1969,industrial,former Joint Factory 718; now art district,https://upload.wikimedia.org/wikipedia/commons/f/fc/798_Arts_district_%286246645200%29.jpg,https://commons.wikimedia.org/wiki/File:798_Arts_district_(6246645200).jpg,Francisco Anzola,CC BY-2.0,https://creativecommons.org/licenses/by/2.0,
ARCH_0366,Atomium,"André Waterkeyn, André Polak, Jean Polak",,1958,Brussels,Belgium,Europe,exhibition pavilion / monument,Expo 58 structural modernism,1946-1969,nonindustrial,symbol of Expo 58,https://upload.wikimedia.org/wikipedia/commons/0/08/Laeken_Atomium_06.jpg,https://commons.wikimedia.org/wiki/File:Laeken_Atomium_06.jpg,Zairon,CC BY-SA-4.0,https://creativecommons.org/licenses/by-sa/4.0,
ARCH_0367,Habana Libre,Welton Becket,,1958,Havana,Cuba,Latin America,hotel,Modernism,1946-1969,nonindustrial,former Habana Hilton,https://upload.wikimedia.org/wikipedia/commons/6/67/Hotel_%C2%ABHabana_Libre%C2%BB_-_panoramio.jpg,https://commons.wikimedia.org/wiki/File:Hotel_%C2%ABHabana_Libre%C2%BB_-_panoramio.jpg,DnTrotaMundos ☮,CC BY-3.0,https://creativecommons.org/licenses/by/3.0,
ARCH_0368,ICI House,Bates Smart McCutcheon,,1958,Melbourne,Australia,Oceania,office tower,International Style,1946-1969,nonindustrial,first curtain-wall skyscraper in Australia,https://upload.wikimedia.org/wikipedia/commons/7/7a/ICI_Building_%28former%29_-2.jpg,https://commons.wikimedia.org/wiki/File:ICI_Building_(former)_-2.jpg,KimaGuseva,CC BY-SA-4.0,https://creativecommons.org/licenses/by-sa/4.0,
ARCH_0369,Kingo Houses,Jørn Utzon,,1958,Helsingør,Denmark,Europe,collective housing,Danish modernism,1946-1969,nonindustrial,Pritzker Prize architect; canonical courtyard housing,https://upload.wikimedia.org/wikipedia/commons/b/b9/Romerhusene03.jpg,https://commons.wikimedia.org/wiki/File:Romerhusene03.jpg,Jørgen Jespersen,CC BY-SA-2.5,https://creativecommons.org/licenses/by-sa/2.5,"seed from the batch-1 list (photograph approved in batch 1, left out by the batch-1 balancing step)"
ARCH_0370,Palácio da Alvorada,Oscar Niemeyer,,1958,Brasília,Brazil,Latin America,presidential residence,Brazilian modernism,1946-1969,nonindustrial,UNESCO World Heritage (Brasília),https://upload.wikimedia.org/wikipedia/commons/f/f3/Pal%C3%A1cio_da_Alvorada%2C_Presidential_residence%2C_1957.jpg,"https://commons.wikimedia.org/wiki/File:Pal%C3%A1cio_da_Alvorada,_Presidential_residence,_1957.jpg",Robotmensch,CC BY-SA-3.0,https://creativecommons.org/licenses/by-sa/3.0,
ARCH_0371,Tokyo Tower,"Tachū Naitō, Nikken Sekkei",,1958,Tokyo,Japan,Japan,broadcasting tower / infrastructure,Structural steel,1946-1969,industrial,landmark of postwar Tokyo,https://upload.wikimedia.org/wikipedia/commons/5/58/Tokyo_Tower_2023.jpg,https://commons.wikimedia.org/wiki/File:Tokyo_Tower_2023.jpg,Akonnchiroll,CC BY-SA-4.0,https://creativecommons.org/licenses/by-sa/4.0,
ARCH_0372,UNESCO Headquarters,"Marcel Breuer, Pier Luigi Nervi, Bernard Zehrfuss",,1958,Paris,France,Europe,office building / headquarters,International Style,1946-1969,nonindustrial,canonical international collaboration; frequently cited,https://upload.wikimedia.org/wikipedia/commons/a/a4/UNESCO%2C_125_avenue_de_Suffren%2C_Paris_7e_1.jpg,"https://commons.wikimedia.org/wiki/File:UNESCO,_125_avenue_de_Suffren,_Paris_7e_1.jpg",Polymagou,CC BY-SA-4.0,https://creativecommons.org/licenses/by-sa/4.0,"seed from the batch-1 list (photograph approved in batch 1, left out by the batch-1 balancing step)"
ARCH_0373,Beijing railway station,"Yang Tingbao, Chen Deng'ao",,1959,Beijing,China,Asia,railway station,Socialist modernism with Chinese forms,1946-1969,nonindustrial,one of the Ten Great Buildings of 1959,https://upload.wikimedia.org/wikipedia/commons/a/a6/Beijing_Railway_Station_from_East_Footbridge_%2820210521183213%29.jpg,https://commons.wikimedia.org/wiki/File:Beijing_Railway_Station_from_East_Footbridge_(20210521183213).jpg,N509FZ,CC BY-SA-4.0,https://creativecommons.org/licenses/by-sa/4.0,
ARCH_0374,Great Hall of the People,Zhang Bo,,1959,Beijing,China,Asia,parliament,Socialist classicism,1946-1969,nonindustrial,one of the Ten Great Buildings of 1959,https://upload.wikimedia.org/wikipedia/commons/e/ef/China_Senate_House.jpg,https://commons.wikimedia.org/wiki/File:China_Senate_House.jpg,Zheng Zhou,CC BY-SA-3.0,https://creativecommons.org/licenses/by-sa/3.0,
ARCH_0375,Kariba Dam,Coyne et Bellier (engineering),,1959,Kariba,Zimbabwe,Africa,dam / hydroelectric infrastructure,Industrial,1946-1969,industrial,one of the largest dams in the world,https://upload.wikimedia.org/wikipedia/commons/5/58/The_Kariba_Dam_wall_from_the_middle.jpg,https://commons.wikimedia.org/wiki/File:The_Kariba_Dam_wall_from_the_middle.jpg,JonGT,CC BY-SA-4.0,https://creativecommons.org/licenses/by-sa/4.0,
ARCH_0376,Akademie der Künste (Hanseatenweg),Werner Düttmann,,1960,Berlin,Germany,Europe,cultural institution,Postwar modernism,1946-1969,nonindustrial,listed postwar cultural building,https://upload.wikimedia.org/wikipedia/commons/7/7b/Akademie_der_K%C3%BCnste_Berlin_Hansaviertel.jpg,https://commons.wikimedia.org/wiki/File:Akademie_der_K%C3%BCnste_Berlin_Hansaviertel.jpg,Aufgenommen von User:Proofreader am 20.03.2007.,CC BY-SA-3.0,http://creativecommons.org/licenses/by-sa/3.0/,
ARCH_0377,SAS Royal Hotel,Arne Jacobsen,,1960,Copenhagen,Denmark,Europe,hotel,International Style,1946-1969,nonindustrial,canonical work of Arne Jacobsen,https://upload.wikimedia.org/wikipedia/commons/8/8f/K%C3%B8benhavn_-_Radisson_Blu_Royal_Hotel_%2830697492500%29.jpg,https://commons.wikimedia.org/wiki/File:K%C3%B8benhavn_-_Radisson_Blu_Royal_Hotel_(30697492500).jpg,"Fred Romero from Paris, France",CC BY-2.0,https://creativecommons.org/licenses/by/2.0,"seed from the batch-1 list (photograph approved in batch 1, left out by the batch-1 balancing step)"
ARCH_0378,St. Mark's Church Björkhagen,Sigurd Lewerentz,,1960,Stockholm,Sweden,Europe,church,Brick modernism,1946-1969,nonindustrial,major late work of Sigurd Lewerentz,https://upload.wikimedia.org/wikipedia/commons/d/d8/Markuskyrkan_April_2013_01.jpg,https://commons.wikimedia.org/wiki/File:Markuskyrkan_April_2013_01.jpg,Arild Vågen,CC BY-SA-3.0,https://creativecommons.org/licenses/by-sa/3.0,Commons assessment: quality
ARCH_0379,Stahl House,Pierre Koenig,,1960,Los Angeles,United States,North America,single-family house,Mid-century modern (Case Study House),1946-1969,nonindustrial,Case Study House #22; Los Angeles Historic-Cultural Monument,https://upload.wikimedia.org/wikipedia/commons/f/f7/Case_Study_House_22_%28Stahl_House%29_%2849841751833%29.jpg,https://commons.wikimedia.org/wiki/File:Case_Study_House_22_(Stahl_House)_(49841751833).jpg,Kyle,CC BY-2.0,https://creativecommons.org/licenses/by/2.0,"seed from the batch-1 list (photograph approved in batch 1, left out by the batch-1 balancing step)"
ARCH_0380,Teatro General San Martín,"Mario Roberto Álvarez, Macedonio Oscar Ruiz",,1960,Buenos Aires,Argentina,Latin America,theatre,Modernism,1946-1969,nonindustrial,major Argentine modernist building,https://upload.wikimedia.org/wikipedia/commons/e/eb/Teatro_General_San_Mart%C3%ADn.JPG,https://commons.wikimedia.org/wiki/File:Teatro_General_San_Mart%C3%ADn.JPG,Jrivell,CC BY-SA-3.0,https://creativecommons.org/licenses/by-sa/3.0,
ARCH_0381,Thyssenhaus (Dreischeibenhaus),"Helmut Hentrich, Hubert Petschnigg",HPP,1960,Düsseldorf,Germany,Europe,office building / corporate headquarters,International Style,1946-1969,nonindustrial,canonical German postwar office tower; listed monument,https://upload.wikimedia.org/wikipedia/commons/d/d9/Dreischeibenhaus-Westseite-2024.jpg,https://commons.wikimedia.org/wiki/File:Dreischeibenhaus-Westseite-2024.jpg,Tuxyso,CC BY-SA-4.0,https://creativecommons.org/licenses/by-sa/4.0,"seed from the batch-1 list (photograph approved in batch 1, left out by the batch-1 balancing step); Commons assessment: quality"
ARCH_0382,Cairo Tower,Naoum Shebib,,1961,Cairo,Egypt,Africa,TV tower / infrastructure,Modernism,1946-1969,industrial,landmark of Cairo,https://upload.wikimedia.org/wikipedia/commons/5/5d/The_Cairo_Tower.jpg,https://commons.wikimedia.org/wiki/File:The_Cairo_Tower.jpg,Mohamedusrii,CC BY-4.0,https://creativecommons.org/licenses/by/4.0,
ARCH_0383,El Helicoide,"Jorge Romero Gutiérrez, Pedro Neuberger, Dirk Bornhorst",,1961,Caracas,Venezuela,Latin America,commercial centre (unfinished),Modernism,1946-1969,nonindustrial,spiral drive-through mall,https://upload.wikimedia.org/wikipedia/commons/e/ef/El_Helicoide_2008.jpg,https://commons.wikimedia.org/wiki/File:El_Helicoide_2008.jpg,Jesús Rincón,CC BY-SA-4.0,https://creativecommons.org/licenses/by-sa/4.0,
ARCH_0384,Futuna Chapel,John Scott,,1961,Wellington,New Zealand,Oceania,chapel,Regional modernism,1946-1969,nonindustrial,Category I heritage building,https://upload.wikimedia.org/wikipedia/commons/2/22/Futuna_Chapel_02.jpg,https://commons.wikimedia.org/wiki/File:Futuna_Chapel_02.jpg,Tom Ackroyd,CC BY-SA-4.0,https://creativecommons.org/licenses/by-sa/4.0,
ARCH_0385,Grande Dixence Dam,Grande Dixence SA (engineering),,1961,Hérémence,Switzerland,Europe,dam / hydroelectric infrastructure,Industrial concrete,1946-1969,industrial,tallest gravity dam in the world,https://upload.wikimedia.org/wikipedia/commons/a/ab/Barrage_de_la_Grande-Dixence.jpg,https://commons.wikimedia.org/wiki/File:Barrage_de_la_Grande-Dixence.jpg,Jérémy Toma,CC BY-SA-4.0,https://creativecommons.org/licenses/by-sa/4.0,
ARCH_0386,Coventry Cathedral,Basil Spence,,1962,Coventry,United Kingdom,Europe,church,Postwar modernism,1946-1969,nonindustrial,Grade I listed,https://upload.wikimedia.org/wikipedia/commons/f/fa/Coventry_Cathedral_-exterior-5July2008.jpg,https://commons.wikimedia.org/wiki/File:Coventry_Cathedral_-exterior-5July2008.jpg,Steve Cadman,CC BY-SA-2.0,https://creativecommons.org/licenses/by-sa/2.0,"seed from the batch-1 list (photograph approved in batch 1, left out by the batch-1 balancing step)"
ARCH_0387,Dulles International Airport Main Terminal,Eero Saarinen,,1962,"Chantilly, Virginia",United States,North America,airport terminal,Modernism,1946-1969,nonindustrial,canonical work of Eero Saarinen; AIA Twenty-five Year Award,https://upload.wikimedia.org/wikipedia/commons/b/b9/Washington_Dulles_International_Airport.jpg,https://commons.wikimedia.org/wiki/File:Washington_Dulles_International_Airport.jpg,Joe Ravi,CC BY-SA-3.0,https://creativecommons.org/licenses/by-sa/3.0,"seed from the batch-1 list (photograph approved in batch 1, left out by the batch-1 balancing step); Commons assessment: quality"
ARCH_0388,Marin County Civic Center,Frank Lloyd Wright,,1962,"San Rafael, California",United States,North America,civic / government building,Organic architecture,1946-1969,nonindustrial,National Historic Landmark,https://upload.wikimedia.org/wikipedia/commons/b/bf/Marin_County_Civic_Center_-_3.jpg,https://commons.wikimedia.org/wiki/File:Marin_County_Civic_Center_-_3.jpg,dwhartwig,CC BY-2.0,https://creativecommons.org/licenses/by/2.0,"seed from the batch-1 list (photograph approved in batch 1, left out by the batch-1 balancing step)"
ARCH_0389,St Catherine's College Oxford,Arne Jacobsen,,1962,Oxford,United Kingdom,Europe,university college,Modernism,1946-1969,nonindustrial,Grade I listed,https://upload.wikimedia.org/wikipedia/commons/b/b2/Arne_jacobsen%2C_st._catherine%27s_college%2C_oxford_11_%285068702912%29.jpg,"https://commons.wikimedia.org/wiki/File:Arne_jacobsen,_st._catherine%27s_college,_oxford_11_(5068702912).jpg",seier+seier,CC BY-2.0,https://creativecommons.org/licenses/by/2.0,"seed from the batch-1 list (photograph approved in batch 1, left out by the batch-1 balancing step)"
ARCH_0390,United States Air Force Academy Cadet Chapel,Walter Netsch,"Skidmore, Owings & Merrill",1962,Colorado Springs,United States,North America,chapel,Modernism,1946-1969,nonindustrial,National Historic Landmark; AIA Twenty-five Year Award,https://upload.wikimedia.org/wikipedia/commons/d/db/USAFA_Chapel_July_2007_exterior.jpg,https://commons.wikimedia.org/wiki/File:USAFA_Chapel_July_2007_exterior.jpg,Michael Barera,CC BY-SA-4.0,https://creativecommons.org/licenses/by-sa/4.0,"seed from the batch-1 list (photograph approved in batch 1, left out by the batch-1 balancing step)"
ARCH_0391,Beinecke Rare Book & Manuscript Library,Gordon Bunshaft,"Skidmore, Owings & Merrill",1963,New Haven,United States,North America,library,Modernism,1946-1969,nonindustrial,canonical work of SOM; widely documented,https://upload.wikimedia.org/wikipedia/commons/a/af/Beineicke_Library_south_Highsmith.jpg,https://commons.wikimedia.org/wiki/File:Beineicke_Library_south_Highsmith.jpg,Carol M. Highsmith,PD,,"seed from the batch-1 list (photograph approved in batch 1, left out by the batch-1 balancing step)"
ARCH_0392,Kurobe Dam,Kansai Electric Power Company (engineering),,1963,Tateyama,Japan,Japan,dam / hydroelectric infrastructure,Industrial concrete,1946-1969,industrial,tallest dam in Japan,https://upload.wikimedia.org/wikipedia/commons/c/cb/Kurobe_Dam_-_panoramio.jpg,https://commons.wikimedia.org/wiki/File:Kurobe_Dam_-_panoramio.jpg,Raki_Man,CC BY-3.0,https://creativecommons.org/licenses/by/3.0,
ARCH_0393,Luce Memorial Chapel,"I. M. Pei, Chen Chi-kwan",,1963,Taichung,Taiwan,Asia,chapel,Modernism,1946-1969,nonindustrial,landmark of Tunghai University,https://upload.wikimedia.org/wikipedia/commons/5/58/Front_view_of_Luce_Memorial_Chapel_on_14_November_2020.jpg,https://commons.wikimedia.org/wiki/File:Front_view_of_Luce_Memorial_Chapel_on_14_November_2020.jpg,Kenneth Lee,CC BY-SA-2.0,https://creativecommons.org/licenses/by-sa/2.0,
ARCH_0394,Nissay Theatre,Togo Murano,,1963,Tokyo,Japan,Japan,theatre / office,Japanese modernism,1946-1969,nonindustrial,major work of Togo Murano,https://upload.wikimedia.org/wikipedia/commons/1/10/Nissay_Theatre_2012.jpg,https://commons.wikimedia.org/wiki/File:Nissay_Theatre_2012.jpg,Kakidai,CC BY-SA-4.0,https://creativecommons.org/licenses/by-sa/4.0,
ARCH_0395,Church of the Autostrada del Sole,Giovanni Michelucci,,1964,Campi Bisenzio,Italy,Europe,church,Organic expressionism,1946-1969,nonindustrial,key work of Italian postwar church architecture,https://upload.wikimedia.org/wikipedia/commons/4/42/Chiesa_dell%27Autostrada_del_Sole%2C_vista_dall%27autostrada.jpg,"https://commons.wikimedia.org/wiki/File:Chiesa_dell%27Autostrada_del_Sole,_vista_dall%27autostrada.jpg",Martinligabue,CC BY-SA-4.0,https://creativecommons.org/licenses/by-sa/4.0,
ARCH_0396,Economist Building,Alison and Peter Smithson,,1964,London,United Kingdom,Europe,office building,New Brutalism,1946-1969,nonindustrial,Grade II* listed; canonical work of the Smithsons,https://upload.wikimedia.org/wikipedia/commons/a/a7/Economist_building_London4.jpg,https://commons.wikimedia.org/wiki/File:Economist_building_London4.jpg,seier+seier,CC BY-2.0,https://creativecommons.org/licenses/by/2.0,"seed from the batch-1 list (photograph approved in batch 1, left out by the batch-1 balancing step)"
ARCH_0397,Hotel Tokoen,Kiyonori Kikutake,,1964,Yonago,Japan,Japan,hotel,Metabolism,1946-1969,nonindustrial,Metabolist hotel,https://upload.wikimedia.org/wikipedia/commons/7/7e/KIKUTAKE-hotel-Tokoen-1400.jpg,https://commons.wikimedia.org/wiki/File:KIKUTAKE-hotel-Tokoen-1400.jpg,Bigjap,CC BY-4.0,https://creativecommons.org/licenses/by/4.0,
ARCH_0398,Kyoto Tower,Mamoru Yamada,,1964,Kyoto,Japan,Japan,observation tower / infrastructure,Modernism,1946-1969,industrial,landmark tower of Kyoto,https://upload.wikimedia.org/wikipedia/commons/8/89/Kyoto_Tower_2023-12_ac_%281%29.jpg,https://commons.wikimedia.org/wiki/File:Kyoto_Tower_2023-12_ac_(1).jpg,Asturio Cantabrio,CC BY-SA-4.0,https://creativecommons.org/licenses/by-sa/4.0,
ARCH_0399,Nippon Budokan,Mamoru Yamada,,1964,Tokyo,Japan,Japan,sports arena,Modernism with traditional references,1946-1969,nonindustrial,built for the 1964 Olympics,https://upload.wikimedia.org/wikipedia/commons/1/15/Nippon_Budokan_20190406.jpg,https://commons.wikimedia.org/wiki/File:Nippon_Budokan_20190406.jpg,Suicasmo,CC BY-SA-4.0,https://creativecommons.org/licenses/by-sa/4.0,
ARCH_0400,Royal College of Physicians,Denys Lasdun,,1964,London,United Kingdom,Europe,institutional headquarters,Modernism,1946-1969,nonindustrial,Grade I listed,https://upload.wikimedia.org/wikipedia/commons/6/6b/Lasdun_Royal_College_of_Physicians_front_Dec_2005.jpg,https://commons.wikimedia.org/wiki/File:Lasdun_Royal_College_of_Physicians_front_Dec_2005.jpg,User:Justinc,CC BY-SA-2.0,https://creativecommons.org/licenses/by-sa/2.0,
ARCH_0401,Akosombo Dam,Kaiser Engineers (engineering),,1965,Akosombo,Ghana,Africa,dam / hydroelectric infrastructure,Industrial,1946-1969,industrial,created Lake Volta,https://upload.wikimedia.org/wikipedia/commons/2/2d/Akosombo_Dam.jpg,https://commons.wikimedia.org/wiki/File:Akosombo_Dam.jpg,Phildawson,PD,,
ARCH_0402,Israel Museum,"Alfred Mansfeld, Dora Gad",,1965,Jerusalem,Israel,Middle East,museum,Modernism,1946-1969,nonindustrial,national museum of Israel,https://upload.wikimedia.org/wikipedia/commons/6/61/Israel_museum_exterior.jpg,https://commons.wikimedia.org/wiki/File:Israel_museum_exterior.jpg,Igor Zeiger,CC BY-SA-2.0,https://creativecommons.org/licenses/by-sa/2.0,
ARCH_0403,National Mosque of Malaysia,"Baharuddin Abu Kassim, Howard Ashley",,1965,Kuala Lumpur,Malaysia,Asia,mosque,Modernism,1946-1969,nonindustrial,national mosque of Malaysia,https://upload.wikimedia.org/wikipedia/commons/3/3a/Kuala_Lumpur_Malaysia_National-Mosque-04.jpg,https://commons.wikimedia.org/wiki/File:Kuala_Lumpur_Malaysia_National-Mosque-04.jpg,"CEphoto, Uwe Aranas",CC BY-SA-3.0,https://creativecommons.org/licenses/by-sa/3.0,
ARCH_0404,Trawsfynydd nuclear power station,Basil Spence,,1965,Trawsfynydd,United Kingdom,Europe,power station,Brutalism,1946-1969,industrial,power station designed by Basil Spence in Snowdonia National Park,https://upload.wikimedia.org/wikipedia/commons/5/5b/Trawsfynydd_Nuclear_Power_Plant_retouched.jpg,https://commons.wikimedia.org/wiki/File:Trawsfynydd_Nuclear_Power_Plant_retouched.jpg,William M. Connolley at English Wikipedia,CC BY-SA-3.0,http://creativecommons.org/licenses/by-sa/3.0/,
ARCH_0405,CEPAL Building,Emilio Duhart,,1966,Santiago,Chile,Latin America,office / UN headquarters,Modernism,1946-1969,nonindustrial,national monument,https://upload.wikimedia.org/wikipedia/commons/2/2c/Edificio_CEPAL.jpg,https://commons.wikimedia.org/wiki/File:Edificio_CEPAL.jpg,AlonsoRiveraM,CC BY-SA-4.0,https://creativecommons.org/licenses/by-sa/4.0,
ARCH_0406,Estadio Azteca,"Pedro Ramírez Vázquez, Rafael Mijares",,1966,Mexico City,Mexico,Latin America,stadium,Modernism,1946-1969,nonindustrial,only stadium to host two World Cup finals,https://upload.wikimedia.org/wikipedia/commons/5/53/Estadio_Azteca_y_sus_alrededores_24.jpg,https://commons.wikimedia.org/wiki/File:Estadio_Azteca_y_sus_alrededores_24.jpg,ProtoplasmaKid,CC BY-4.0,https://creativecommons.org/licenses/by/4.0,
ARCH_0407,Independence Palace,Ngô Viết Thụ,,1966,Ho Chi Minh City,Vietnam,Asia,presidential palace,Tropical modernism,1946-1969,nonindustrial,national historical site,https://upload.wikimedia.org/wikipedia/commons/3/31/20190923_Independence_Palace-1.jpg,https://commons.wikimedia.org/wiki/File:20190923_Independence_Palace-1.jpg,Balon Greyjoy,CC0,http://creativecommons.org/publicdomain/zero/1.0/deed.en,
ARCH_0408,Balfron Tower,Ernő Goldfinger,,1967,London,United Kingdom,Europe,collective housing,Brutalism,1946-1969,nonindustrial,Grade II* listed,https://upload.wikimedia.org/wikipedia/commons/2/24/Balfron_Tower_E14.jpg,https://commons.wikimedia.org/wiki/File:Balfron_Tower_E14.jpg,Cianboy,CC BY-SA-4.0,https://creativecommons.org/licenses/by-sa/4.0,
ARCH_0409,Brasília TV Tower,Lúcio Costa,,1967,Brasília,Brazil,Latin America,TV tower / infrastructure,Modernism,1946-1969,industrial,landmark of the Monumental Axis,https://upload.wikimedia.org/wikipedia/commons/0/01/15_11_2023_-_-TBT_Do_alto_da_Torre_de_TV%2C_uma_Bras%C3%ADlia_monumental_%2853334075135%29.jpg,"https://commons.wikimedia.org/wiki/File:15_11_2023_-_-TBT_Do_alto_da_Torre_de_TV,_uma_Bras%C3%ADlia_monumental_(53334075135).jpg","Agência Brasília from Brasília, Brasil",CC BY-2.0,https://creativecommons.org/licenses/by/2.0,
ARCH_0410,Galileo Galilei Planetarium,Enrique Jan,,1967,Buenos Aires,Argentina,Latin America,planetarium,Space Age modernism,1946-1969,nonindustrial,landmark of Palermo,https://upload.wikimedia.org/wikipedia/commons/d/d0/Vista_frontal_del_planetario_Galileo_Galilei.jpg,https://commons.wikimedia.org/wiki/File:Vista_frontal_del_planetario_Galileo_Galilei.jpg,Rodrigoalomia,CC BY-SA-4.0,https://creativecommons.org/licenses/by-sa/4.0,
ARCH_0411,Camino Real Hotel Mexico City,Ricardo Legorreta,,1968,Mexico City,Mexico,Latin America,hotel,Mexican modernism,1946-1969,nonindustrial,major work of Ricardo Legorreta,https://upload.wikimedia.org/wikipedia/commons/6/6a/Camino_Real_de_Polanco_%28Mexico_City%29.jpg,https://commons.wikimedia.org/wiki/File:Camino_Real_de_Polanco_(Mexico_City).jpg,Rotulismo hispano,CC BY-2.0,https://creativecommons.org/licenses/by/2.0,
ARCH_0412,Daniel-Johnson Dam,Hydro-Québec,,1968,Manicouagan,Canada,North America,dam / hydroelectric infrastructure,Industrial,1946-1969,industrial,largest multiple-arch buttress dam in the world,https://upload.wikimedia.org/wikipedia/commons/6/66/Barrage_Daniel-Johnson2_edited.jpg,https://commons.wikimedia.org/wiki/File:Barrage_Daniel-Johnson2_edited.jpg,"Bouchecl 20:56, 11 August 2007 (UTC)",CC BY-SA-3.0,https://creativecommons.org/licenses/by-sa/3.0,
ARCH_0413,National Library of Australia,Bunning and Madden,,1968,Canberra,Australia,Oceania,library,Stripped classical modernism,1946-1969,nonindustrial,national library,https://upload.wikimedia.org/wikipedia/commons/a/a8/Canberra_%28AU%29%2C_National_Library_of_Australia_--_2019_--_1729.jpg,"https://commons.wikimedia.org/wiki/File:Canberra_(AU),_National_Library_of_Australia_--_2019_--_1729.jpg",Dietmar Rabich,CC BY-SA-4.0,https://creativecommons.org/licenses/by-sa/4.0,Commons assessment: quality
ARCH_0414,Avianca Building,"Esguerra, Sáenz, Urdaneta y Samper; Germán Samper",,1969,Bogotá,Colombia,Latin America,office tower,Modernism,1946-1969,nonindustrial,landmark of Bogotá,https://upload.wikimedia.org/wikipedia/commons/4/4b/Costado_suroccidental_Avianca.JPG,https://commons.wikimedia.org/wiki/File:Costado_suroccidental_Avianca.JPG,Felipe Restrepo Acosta,CC BY-SA-3.0,https://creativecommons.org/licenses/by-sa/3.0,
ARCH_0415,Calouste Gulbenkian Foundation headquarters,"Ruy Jervis d'Athouguia, Pedro Cid, Alberto Pessoa",,1969,Lisbon,Portugal,Europe,museum / foundation headquarters,Modernism,1946-1969,nonindustrial,national monument,https://upload.wikimedia.org/wikipedia/commons/9/99/Funda%C3%A7%C3%A3o_Calouste_Gulbenkian_%2820441910910%29.jpg,https://commons.wikimedia.org/wiki/File:Funda%C3%A7%C3%A3o_Calouste_Gulbenkian_(20441910910).jpg,Metro Centric,CC BY-2.0,https://creativecommons.org/licenses/by/2.0,
ARCH_0416,Preston bus station,"Building Design Partnership (Keith Ingham, Charles Wilson)",,1969,Preston,United Kingdom,Europe,bus station,Brutalism,1946-1969,nonindustrial,Grade II listed,https://upload.wikimedia.org/wikipedia/commons/6/62/105-365_Preston_Bus_Station_%2851117886375%29.jpg,https://commons.wikimedia.org/wiki/File:105-365_Preston_Bus_Station_(51117886375).jpg,"JOHN DICKINSON from Chorley, Lancashire, United Kingdom",PD,,
ARCH_0417,Aswan High Dam,Nikolai Malyshev (Hydroproject),,1970,Aswan,Egypt,Africa,dam / hydroelectric infrastructure,Industrial,1970-1989,industrial,one of the largest embankment dams in the world,https://upload.wikimedia.org/wikipedia/commons/1/1f/Aswan_High_Dam-1.jpg,https://commons.wikimedia.org/wiki/File:Aswan_High_Dam-1.jpg,شرف الدين,CC BY-SA-3.0,http://creativecommons.org/licenses/by-sa/3.0/,
ARCH_0418,Hillbrow Tower,Ministry of Posts and Telecommunications,,1971,Johannesburg,South Africa,Africa,telecommunications tower / infrastructure,Modernism,1970-1989,industrial,tallest structure in Africa for decades,https://upload.wikimedia.org/wikipedia/commons/9/93/South_Africa-Johannesburg-Hillbrow001.jpg,https://commons.wikimedia.org/wiki/File:South_Africa-Johannesburg-Hillbrow001.jpg,NJR ZA,CC BY-SA-3.0,https://creativecommons.org/licenses/by-sa/3.0,
ARCH_0419,Museo de la Nación (Lima),"Miguel Cruchaga, Miguel Rodrigo Mazuré, Emilio Soyer",,1971,Lima,Peru,Latin America,museum (former ministry),Brutalism,1970-1989,nonindustrial,brutalist landmark of Lima,https://upload.wikimedia.org/wikipedia/commons/5/56/Museo_de_la_Naci%C3%B3n_y_Teatro_Nacional.jpg,https://commons.wikimedia.org/wiki/File:Museo_de_la_Naci%C3%B3n_y_Teatro_Nacional.jpg,Guillermo Arévalo Aucahuasi,CC BY-SA-3.0,https://creativecommons.org/licenses/by-sa/3.0,
ARCH_0420,N Seoul Tower,,,1971,Seoul,South Korea,Asia,TV tower / infrastructure,Modernism,1970-1989,industrial,landmark of Seoul,https://upload.wikimedia.org/wikipedia/commons/b/b5/N-Seoul-Tower_and_Namsan_Park_%2826876783888%29.jpg,https://commons.wikimedia.org/wiki/File:N-Seoul-Tower_and_Namsan_Park_(26876783888).jpg,FLASHPACKER TRAVELGUIDE,CC BY-SA-2.0,https://creativecommons.org/licenses/by-sa/2.0,
ARCH_0421,Space Group Building,Kim Swoo-geun,,1971,Seoul,South Korea,Asia,office building,Brick modernism,1970-1989,nonindustrial,registered cultural heritage; key Korean modern work,https://upload.wikimedia.org/wikipedia/commons/8/8f/Space_Group_Building.jpg,https://commons.wikimedia.org/wiki/File:Space_Group_Building.jpg,Seoul Institute,CC BY-4.0,https://creativecommons.org/licenses/by/4.0,
ARCH_0422,Brunswick Centre,Patrick Hodgkinson,,1972,London,United Kingdom,Europe,housing and retail,Brutalism,1970-1989,nonindustrial,Grade II listed,https://upload.wikimedia.org/wikipedia/commons/9/94/Brunswick_Centre_%284136275375%29.jpg,https://commons.wikimedia.org/wiki/File:Brunswick_Centre_(4136275375).jpg,"mibuchat from Siemensstadt, Germany",CC BY-SA-2.0,https://creativecommons.org/licenses/by-sa/2.0,
ARCH_0423,Sun Yat-sen Memorial Hall (Taipei),Wang Da-hong,,1972,Taipei,Taiwan,Asia,memorial hall / cultural centre,Modernism with Chinese forms,1970-1989,nonindustrial,major work of Wang Da-hong,https://upload.wikimedia.org/wikipedia/commons/8/80/Taipei_Taiwan_Sun-Yat-sen-Memorial-Hall-02.jpg,https://commons.wikimedia.org/wiki/File:Taipei_Taiwan_Sun-Yat-sen-Memorial-Hall-02.jpg,"CEphoto, Uwe Aranas",CC BY-SA-3.0,https://creativecommons.org/licenses/by-sa/3.0,Commons assessment: quality
ARCH_0424,Tehran City Theater,Ali Sardar Afkhami,,1972,Tehran,Iran,Middle East,theatre,Modernism with Persian references,1970-1989,nonindustrial,national heritage building,https://upload.wikimedia.org/wikipedia/commons/a/a5/TitSh1.jpg,https://commons.wikimedia.org/wiki/File:TitSh1.jpg,Behrad Moudi,CC BY-SA-4.0,https://creativecommons.org/licenses/by-sa/4.0,
ARCH_0425,Clifton Cathedral,"Percy Thomas Partnership (Ronald Weeks, Frederick Jennett, Antoni Poremba)",,1973,Bristol,United Kingdom,Europe,cathedral,Brutalism,1970-1989,nonindustrial,Grade II* listed,https://upload.wikimedia.org/wikipedia/commons/3/31/Clifton_Cathedral_-_PXL_20260331_133707156.jpg,https://commons.wikimedia.org/wiki/File:Clifton_Cathedral_-_PXL_20260331_133707156.jpg,Tadeusz Hare,CC BY-SA-4.0,https://creativecommons.org/licenses/by-sa/4.0,Commons assessment: quality
ARCH_0426,La Muralla Roja,Ricardo Bofill,,1973,Calp,Spain,Europe,collective housing,Postmodernism,1970-1989,nonindustrial,widely published housing complex,https://upload.wikimedia.org/wikipedia/commons/a/a6/Muralla_Roja%2C_Calp.JPG,"https://commons.wikimedia.org/wiki/File:Muralla_Roja,_Calp.JPG",Joanbanjo,CC BY-SA-4.0,https://creativecommons.org/licenses/by-sa/4.0,
ARCH_0427,People's Park Complex,"Design Partnership (William Lim, Tay Kheng Soon, Koh Seow Chuan)",,1973,Singapore,Singapore,Asia,mixed-use / housing,Brutalism / Metabolism,1970-1989,nonindustrial,first shopping-atrium complex in Southeast Asia,https://upload.wikimedia.org/wikipedia/commons/d/d0/.00_3556_People%27s_Park_Complex_in_Singapore.jpg,https://commons.wikimedia.org/wiki/File:.00_3556_People%27s_Park_Complex_in_Singapore.jpg,W. Bulach,CC BY-SA-4.0,https://creativecommons.org/licenses/by-sa/4.0,
ARCH_0428,Kulturhuset,Peter Celsing,,1974,Stockholm,Sweden,Europe,cultural centre,Late modernism,1970-1989,nonindustrial,landmark on Sergels torg,https://upload.wikimedia.org/wikipedia/commons/d/d2/Kulturhuset_en_2019.jpg,https://commons.wikimedia.org/wiki/File:Kulturhuset_en_2019.jpg,Alequihdez,CC0,http://creativecommons.org/publicdomain/zero/1.0/deed.en,
ARCH_0429,Torre Entel,Entel Chile,,1974,Santiago,Chile,Latin America,telecommunications tower / infrastructure,Late modernism,1970-1989,industrial,landmark of Santiago,https://upload.wikimedia.org/wikipedia/commons/8/8a/Torre_Entel%2C_Santiago_20230312.jpg,"https://commons.wikimedia.org/wiki/File:Torre_Entel,_Santiago_20230312.jpg",Carlos Figueroa,CC BY-SA-4.0,https://creativecommons.org/licenses/by-sa/4.0,Commons assessment: quality
ARCH_0430,Bank of Georgia headquarters,"George Chakhava, Zurab Jalaghania",,1975,Tbilisi,Georgia,Middle East,office building,Soviet modernism / structuralism,1970-1989,nonindustrial,cultural heritage monument of Georgia,https://upload.wikimedia.org/wikipedia/commons/6/6e/Bank-of-georgia-hq.jpg,https://commons.wikimedia.org/wiki/File:Bank-of-georgia-hq.jpg,TheadoreTwombly,CC BY-SA-4.0,https://creativecommons.org/licenses/by-sa/4.0,
ARCH_0431,Walden 7,Ricardo Bofill,,1975,Sant Just Desvern,Spain,Europe,collective housing,Postmodernism / brutalism,1970-1989,nonindustrial,major work of Taller de Arquitectura,https://upload.wikimedia.org/wikipedia/commons/6/61/Walden_%285%29.jpg,https://commons.wikimedia.org/wiki/File:Walden_(5).jpg,Canaan,CC BY-SA-4.0,https://creativecommons.org/licenses/by-sa/4.0,
ARCH_0432,Warszawa Centralna railway station,"Arseniusz Romanowicz, Piotr Szymaniak",,1975,Warsaw,Poland,Europe,railway station,Late modernism,1970-1989,nonindustrial,listed monument,https://upload.wikimedia.org/wikipedia/commons/b/b6/Dworzec_Centralny_w_Warszawie_2025.jpg,https://commons.wikimedia.org/wiki/File:Dworzec_Centralny_w_Warszawie_2025.jpg,Adrian Grycuk,CC BY-3.0-PL,https://creativecommons.org/licenses/by/3.0/pl/deed.en,Commons assessment: quality
ARCH_0433,El Colegio de México,"Teodoro González de León, Abraham Zabludovsky",,1976,Mexico City,Mexico,Latin America,university,Mexican brutalism,1970-1989,nonindustrial,key work of Mexican brutalism,https://upload.wikimedia.org/wikipedia/commons/e/e6/ElColegiodeMexico.jpg,https://commons.wikimedia.org/wiki/File:ElColegiodeMexico.jpg,DASARA10,CC0,http://creativecommons.org/publicdomain/zero/1.0/deed.en,
ARCH_0434,Pennzoil Place,"Philip Johnson, John Burgee",,1976,Houston,United States,North America,office building,Late modernism,1970-1989,nonindustrial,canonical late-modern twin towers; AIA award,https://upload.wikimedia.org/wikipedia/commons/3/39/Pennzoil_Place_in_Houston_-_Dec_2013.JPG,https://commons.wikimedia.org/wiki/File:Pennzoil_Place_in_Houston_-_Dec_2013.JPG,Agsftw,CC BY-SA-3.0,https://creativecommons.org/licenses/by-sa/3.0,"seed from the batch-1 list (photograph approved in batch 1, left out by the batch-1 balancing step)"
ARCH_0435,Hotel Thermal,"Věra Machoninová, Vladimír Machonin",,1977,Karlovy Vary,Czech Republic,Europe,hotel / film festival venue,Brutalism,1970-1989,nonindustrial,Czech cultural monument,https://upload.wikimedia.org/wikipedia/commons/b/bc/Hotel_Thermal_in_the_centre_of_Karlovy_Vary.jpg,https://commons.wikimedia.org/wiki/File:Hotel_Thermal_in_the_centre_of_Karlovy_Vary.jpg,Streeteo,CC BY-SA-4.0,https://creativecommons.org/licenses/by-sa/4.0,
ARCH_0436,The Beehive,"Basil Spence, Fergus Sheppard",,1977,Wellington,New Zealand,Oceania,government building,Late modernism,1970-1989,nonindustrial,executive wing of New Zealand Parliament,https://upload.wikimedia.org/wikipedia/commons/d/d1/Parliament_Building_Wellington_%2830931203514%29.jpg,https://commons.wikimedia.org/wiki/File:Parliament_Building_Wellington_(30931203514).jpg,"Tony Hisgett from Birmingham, UK",CC BY-2.0,https://creativecommons.org/licenses/by/2.0,
ARCH_0437,Alexandra Road Estate,Neave Brown,,1978,London,United Kingdom,Europe,collective housing,Brutalism,1970-1989,nonindustrial,Grade II* listed,https://upload.wikimedia.org/wikipedia/commons/6/64/Alexandra_estate_3.jpg,https://commons.wikimedia.org/wiki/File:Alexandra_estate_3.jpg,Rc1959,CC0,http://creativecommons.org/publicdomain/zero/1.0/deed.en,
ARCH_0438,Centro Cultural Miguel Ángel Asturias,Efraín Recinos,,1978,Guatemala City,Guatemala,Latin America,cultural centre / theatre,Expressionist modernism,1970-1989,nonindustrial,national theatre of Guatemala,https://upload.wikimedia.org/wikipedia/commons/b/b5/Centro_Cultural_Miguel_%C3%81ngel_Asturias_-_Guatemala_2.jpg,https://commons.wikimedia.org/wiki/File:Centro_Cultural_Miguel_%C3%81ngel_Asturias_-_Guatemala_2.jpg,Gobierno de Guatemala,PD,,
ARCH_0439,San Cataldo Cemetery,"Aldo Rossi, Gianni Braghieri",,1978,Modena,Italy,Europe,cemetery,Neo-rationalism,1970-1989,nonindustrial,major work of Pritzker laureate Aldo Rossi,https://upload.wikimedia.org/wikipedia/commons/c/c2/San_Cataldo_Cemetery%2C_Modena_%2839522135471%29.jpg,"https://commons.wikimedia.org/wiki/File:San_Cataldo_Cemetery,_Modena_(39522135471).jpg",Dage - Looking For Europe,CC BY-2.0,https://creativecommons.org/licenses/by/2.0,
ARCH_0440,Sejong Center for the Performing Arts,Um Duk-moon,,1978,Seoul,South Korea,Asia,performing arts centre,Modernism with Korean references,1970-1989,nonindustrial,main performing arts venue of Seoul,https://upload.wikimedia.org/wikipedia/commons/f/fc/Sejong_Center_for_the_Performing_Arts%2820240413%29.jpg,https://commons.wikimedia.org/wiki/File:Sejong_Center_for_the_Performing_Arts(20240413).jpg,YellowTurtle9,CC BY-SA-4.0,https://creativecommons.org/licenses/by-sa/4.0,
ARCH_0441,ICC Berlin,"Ralf Schüler, Ursulina Schüler-Witte",,1979,Berlin,Germany,Europe,congress centre,High-tech / Space Age,1970-1989,nonindustrial,listed monument,https://upload.wikimedia.org/wikipedia/commons/a/a2/Berlin_-_ICC_Berlin_%282%29.jpg,https://commons.wikimedia.org/wiki/File:Berlin_-_ICC_Berlin_(2).jpg,"Fred Romero from Paris, France",CC BY-2.0,https://creativecommons.org/licenses/by/2.0,
ARCH_0442,Cascade Complex,Jim Torosyan,,1980,Yerevan,Armenia,Middle East,stairway / art centre,Soviet modernism,1970-1989,nonindustrial,landmark of Yerevan,https://upload.wikimedia.org/wikipedia/commons/7/7b/Yerevan-Cascade-02-2019-gje.jpg,https://commons.wikimedia.org/wiki/File:Yerevan-Cascade-02-2019-gje.jpg,Gerd Eichmann,CC BY-SA-4.0,https://creativecommons.org/licenses/by-sa/4.0,
ARCH_0443,Chiang Kai-shek Memorial Hall,Yang Cho-cheng,,1980,Taipei,Taiwan,Asia,memorial hall,Neo-traditional Chinese,1970-1989,nonindustrial,national monument of Taiwan,https://upload.wikimedia.org/wikipedia/commons/d/d2/Chiang_Kai-shek_memorial_amk.jpg,https://commons.wikimedia.org/wiki/File:Chiang_Kai-shek_memorial_amk.jpg,AngMoKio,CC BY-SA-3.0,https://creativecommons.org/licenses/by-sa/3.0,Commons assessment: quality|featured|potd|poty
ARCH_0444,Phiroze Jeejeebhoy Towers,Chandrakant Patel,,1980,Mumbai,India,Asia,office tower / stock exchange,Late modernism,1970-1989,nonindustrial,Bombay Stock Exchange building,https://upload.wikimedia.org/wikipedia/commons/c/ca/BSE_Building_Side_View.jpg,https://commons.wikimedia.org/wiki/File:BSE_Building_Side_View.jpg,Pradeep717,CC BY-SA-4.0,https://creativecommons.org/licenses/by-sa/4.0,
ARCH_0445,Kyungdong Presbyterian Church,Kim Swoo-geun,,1981,Seoul,South Korea,Asia,church,Brick brutalism,1970-1989,nonindustrial,major work of Kim Swoo-geun,https://upload.wikimedia.org/wikipedia/commons/0/04/Kyungdong_Presbyterian_Church.jpg,https://commons.wikimedia.org/wiki/File:Kyungdong_Presbyterian_Church.jpg,Seoul Institute,CC BY-4.0,https://creativecommons.org/licenses/by/4.0,
ARCH_0446,Mäusebunker,"Gerd Hänska, Magdalena Hänska",,1981,Berlin,Germany,Europe,research laboratory,Brutalism,1970-1989,nonindustrial,listed brutalist research building,https://upload.wikimedia.org/wikipedia/commons/a/a4/FEM_Front.jpg,https://commons.wikimedia.org/wiki/File:FEM_Front.jpg,Denis Barthel,CC BY-SA-4.0,https://creativecommons.org/licenses/by-sa/4.0,
ARCH_0447,Al-Shaheed Monument,"Saman Kamal, Ismail Fatah Al Turk",,1983,Baghdad,Iraq,Middle East,monument / museum,Modernism,1970-1989,nonindustrial,major monument of modern Iraq,https://upload.wikimedia.org/wikipedia/commons/a/ad/%D9%86%D8%B5%D8%A8_%D8%A7%D9%84%D8%B4%D9%87%D9%8A%D8%AF_2024.jpg,https://commons.wikimedia.org/wiki/File:%D9%86%D8%B5%D8%A8_%D8%A7%D9%84%D8%B4%D9%87%D9%8A%D8%AF_2024.jpg,Mohmmd Abd,CC0,http://creativecommons.org/publicdomain/zero/1.0/deed.en,
ARCH_0448,High Museum of Art,Richard Meier,,1983,Atlanta,United States,North America,museum,Late modernism / white modernism,1970-1989,nonindustrial,Pritzker Prize architect,https://upload.wikimedia.org/wikipedia/commons/7/76/High_Museum_of_Art_%288215188177%29.jpg,https://commons.wikimedia.org/wiki/File:High_Museum_of_Art_(8215188177).jpg,Aleksandr Zykov from Russia,CC BY-SA-2.0,https://creativecommons.org/licenses/by-sa/2.0,"seed from the batch-1 list (photograph approved in batch 1, left out by the batch-1 balancing step)"
ARCH_0449,Parque Central Complex,"Enrique Siso, Daniel Fernández Shaw",,1983,Caracas,Venezuela,Latin America,mixed-use towers,Late modernism,1970-1989,nonindustrial,tallest towers in Latin America at completion,https://upload.wikimedia.org/wikipedia/commons/f/f3/Torres_de_Parque_central.jpg,https://commons.wikimedia.org/wiki/File:Torres_de_Parque_central.jpg,Wilfredor,CC0,http://creativecommons.org/publicdomain/zero/1.0/deed.en,Commons assessment: quality
ARCH_0450,Slovak Radio Building,"Štefan Svetko, Štefan Ďurkovič, Barnabáš Kissling",,1983,Bratislava,Slovakia,Europe,broadcasting building,Brutalism,1970-1989,nonindustrial,inverted-pyramid landmark of Bratislava,https://upload.wikimedia.org/wikipedia/commons/8/8c/Upside_down_Pyramid%2C_Bratislava_01.jpg,"https://commons.wikimedia.org/wiki/File:Upside_down_Pyramid,_Bratislava_01.jpg",Thomas Ledl,CC BY-SA-4.0,https://creativecommons.org/licenses/by-sa/4.0,
ARCH_0451,Teresa Carreño Cultural Complex,"Tomás Lugo Marcano, Jesús Sandoval, Dietrich Kunckel",,1983,Caracas,Venezuela,Latin America,theatre,Brutalism,1970-1989,nonindustrial,largest performing arts centre in Venezuela,https://upload.wikimedia.org/wikipedia/commons/f/ff/Vista_Teatro_teresa_carre%C3%B1o.jpg,https://commons.wikimedia.org/wiki/File:Vista_Teatro_teresa_carre%C3%B1o.jpg,José Gregorio Ferrer,CC BY-SA-3.0,https://creativecommons.org/licenses/by-sa/3.0,
ARCH_0452,Cube houses,Piet Blom,,1984,Rotterdam,Netherlands,Europe,collective housing,Structuralism / experimental housing,1970-1989,nonindustrial,icon of Rotterdam,https://upload.wikimedia.org/wikipedia/commons/2/2e/Rotterdam_-_Cube_houses.jpg,https://commons.wikimedia.org/wiki/File:Rotterdam_-_Cube_houses.jpg,P. Hughes,CC BY-SA-4.0,https://creativecommons.org/licenses/by-sa/4.0,
ARCH_0453,Dayabumi Complex,BEP Arkitek (Nik Mohamed),,1984,Kuala Lumpur,Malaysia,Asia,office tower,Modern Islamic,1970-1989,nonindustrial,landmark of Kuala Lumpur,https://upload.wikimedia.org/wikipedia/commons/9/95/Dayabumi_Complex_%2818977222365%29.jpg,https://commons.wikimedia.org/wiki/File:Dayabumi_Complex_(18977222365).jpg,"Jorge Láscar from Melbourne, Australia",CC BY-2.0,https://creativecommons.org/licenses/by/2.0,
ARCH_0454,Itaipu Dam,Itaipu Binacional (engineering),,1984,Foz do Iguaçu,Brazil,Latin America,dam / hydroelectric infrastructure,Industrial,1970-1989,industrial,one of the largest hydroelectric plants in the world,https://upload.wikimedia.org/wikipedia/commons/4/4f/249_turbinas_itaipu_%286975012271%29.jpg,https://commons.wikimedia.org/wiki/File:249_turbinas_itaipu_(6975012271).jpg,"queulat00 from Santiago, Chile",CC BY-2.0,https://creativecommons.org/licenses/by/2.0,
ARCH_0455,Parliament House Port Moresby,Cecil Hogan,,1984,Port Moresby,Papua New Guinea,Oceania,parliament,Regional modernism,1970-1989,nonindustrial,parliament of Papua New Guinea,https://upload.wikimedia.org/wikipedia/commons/f/f3/Papua_New_Guinea_1991-039_Parliament_House%2C_Port_Moresby_%2833351725760%29.jpg,"https://commons.wikimedia.org/wiki/File:Papua_New_Guinea_1991-039_Parliament_House,_Port_Moresby_(33351725760).jpg",Brian ireland,CC BY-SA-2.0,https://creativecommons.org/licenses/by-sa/2.0,
ARCH_0456,Amoreiras Towers,Tomás Taveira,,1985,Lisbon,Portugal,Europe,office and retail complex,Postmodernism,1970-1989,nonindustrial,landmark of Portuguese postmodernism,https://upload.wikimedia.org/wikipedia/commons/7/7d/Torres_das_Amoreiras_09.jpg,https://commons.wikimedia.org/wiki/File:Torres_das_Amoreiras_09.jpg,GualdimG,CC BY-SA-4.0,https://creativecommons.org/licenses/by-sa/4.0,
ARCH_0457,Seema Malaka,Geoffrey Bawa,,1985,Colombo,Sri Lanka,Asia,temple pavilion,Tropical modernism,1970-1989,nonindustrial,meditation pavilion on Beira Lake,https://upload.wikimedia.org/wikipedia/commons/a/a8/Seema_Malaka_temple.JPG,https://commons.wikimedia.org/wiki/File:Seema_Malaka_temple.JPG,AKS.9955,CC BY-SA-4.0,https://creativecommons.org/licenses/by-sa/4.0,
ARCH_0458,St Paul's Cathedral Abidjan,Aldo Spirito,,1985,Abidjan,Ivory Coast,Africa,cathedral,Expressionist modernism,1970-1989,nonindustrial,landmark of Abidjan,https://upload.wikimedia.org/wikipedia/commons/5/51/Cathedrale_St_Paul_Abidjan_1.jpg,https://commons.wikimedia.org/wiki/File:Cathedrale_St_Paul_Abidjan_1.jpg,Anthere,CC BY-SA-4.0,https://creativecommons.org/licenses/by-sa/4.0,
ARCH_0459,Wohnpark Alt-Erlaa,Harry Glück,,1985,Vienna,Austria,Europe,collective housing,Late modernism,1970-1989,nonindustrial,large social housing complex,https://upload.wikimedia.org/wikipedia/commons/3/35/Wohnpark_Alterlaa_Dachblick_von_Block_C1.jpg,https://commons.wikimedia.org/wiki/File:Wohnpark_Alterlaa_Dachblick_von_Block_C1.jpg,Thomas Ledl,CC BY-SA-4.0,https://creativecommons.org/licenses/by-sa/4.0,Commons assessment: quality
ARCH_0460,Faisal Mosque,Vedat Dalokay,,1986,Islamabad,Pakistan,Asia,mosque,Modernism,1970-1989,nonindustrial,national mosque of Pakistan,https://upload.wikimedia.org/wikipedia/commons/c/cf/Faisal_Mosque_Straight_View.jpg,https://commons.wikimedia.org/wiki/File:Faisal_Mosque_Straight_View.jpg,Azhar,CC BY-SA-4.0,https://creativecommons.org/licenses/by-sa/4.0,
ARCH_0461,Tampere Main Library Metso,"Reima Pietilä, Raili Pietilä",,1986,Tampere,Finland,Europe,library,Organic postmodernism,1970-1989,nonindustrial,major Finnish public library,https://upload.wikimedia.org/wikipedia/commons/c/c9/Tampere_City_Library.jpg,https://commons.wikimedia.org/wiki/File:Tampere_City_Library.jpg,Tiia Monto,CC BY-SA-4.0,https://creativecommons.org/licenses/by-sa/4.0,
ARCH_0462,Tokyo Dome,"Nikken Sekkei, Takenaka Corporation",,1988,Tokyo,Japan,Japan,stadium,Air-supported dome,1970-1989,nonindustrial,first air-supported dome stadium in Japan,https://upload.wikimedia.org/wikipedia/commons/4/40/Tokyo_Dome_%2852480559907%29.jpg,https://commons.wikimedia.org/wiki/File:Tokyo_Dome_(52480559907).jpg,"Dick Thomas Johnson from Tokyo, Japan",CC BY-2.0,https://creativecommons.org/licenses/by/2.0,
ARCH_0463,Canadian Museum of Civilization,Douglas Cardinal,,1989,Gatineau,Canada,North America,museum,Organic / expressionist,1970-1989,nonindustrial,widely documented; national museum,https://upload.wikimedia.org/wikipedia/commons/b/b8/Museum_of_Civilization%2C_Ottawa_1868.jpg,"https://commons.wikimedia.org/wiki/File:Museum_of_Civilization,_Ottawa_1868.jpg",Paul Harrison,CC BY-SA-4.0,https://creativecommons.org/licenses/by-sa/4.0,"seed from the batch-1 list (photograph approved in batch 1, left out by the batch-1 balancing step)"
ARCH_0464,Grande Arche,"Johan Otto von Spreckelsen, Erik Reitzel",,1989,Puteaux (La Défense),France,Europe,office building / monument,Late modernism,1970-1989,nonindustrial,canonical Grands Projets; widely documented,https://upload.wikimedia.org/wikipedia/commons/1/1f/Grande_Arche%2C_France_-_April_2011.jpg,"https://commons.wikimedia.org/wiki/File:Grande_Arche,_France_-_April_2011.jpg","Cristian Bortes from Cluj-Napoca, Romania",CC BY-2.0,https://creativecommons.org/licenses/by/2.0,"seed from the batch-1 list (photograph approved in batch 1, left out by the batch-1 balancing step)"
ARCH_0465,Makuhari Messe,Fumihiko Maki,,1989,Chiba,Japan,Japan,exhibition centre,High-tech,1970-1989,nonindustrial,major convention centre by Pritzker laureate Fumihiko Maki,https://upload.wikimedia.org/wikipedia/commons/6/69/View_of_Makuhari-Messe_from_Nakase_2-chome_crossing.jpg,https://commons.wikimedia.org/wiki/File:View_of_Makuhari-Messe_from_Nakase_2-chome_crossing.jpg,掬茶,CC BY-SA-3.0,https://creativecommons.org/licenses/by-sa/3.0,
ARCH_0466,Wexner Center for the Arts,Peter Eisenman,,1989,"Columbus, Ohio",United States,North America,arts centre,Deconstructivism,1970-1989,nonindustrial,canonical deconstructivist work,https://upload.wikimedia.org/wikipedia/commons/8/85/Wexner_Center_for_the_Arts_S.jpg,https://commons.wikimedia.org/wiki/File:Wexner_Center_for_the_Arts_S.jpg,RightCowLeftCoast,CC BY-SA-4.0,https://creativecommons.org/licenses/by-sa/4.0,"seed from the batch-1 list (photograph approved in batch 1, left out by the batch-1 balancing step)"
ARCH_0467,Jawahar Kala Kendra,Charles Correa,,1991,Jaipur,India,Asia,arts centre,Critical regionalism,1990-2009,nonindustrial,major work of Charles Correa,https://upload.wikimedia.org/wikipedia/commons/4/41/2022_July_-_JawaharKalaKendra_Jaipur_13.jpg,https://commons.wikimedia.org/wiki/File:2022_July_-_JawaharKalaKendra_Jaipur_13.jpg,Chainwit.,CC BY-SA-4.0,https://creativecommons.org/licenses/by-sa/4.0,Commons assessment: quality
ARCH_0468,Norwegian Glacier Museum,Sverre Fehn,,1991,Fjærland,Norway,Europe,museum,Nordic modernism,1990-2009,nonindustrial,work of Pritzker laureate Sverre Fehn,https://upload.wikimedia.org/wikipedia/commons/f/f4/Museo_Glaciar_Fjaerland.jpg,https://commons.wikimedia.org/wiki/File:Museo_Glaciar_Fjaerland.jpg,Canaan,CC BY-SA-4.0,https://creativecommons.org/licenses/by-sa/4.0,
ARCH_0469,Biblioteca Nacional Mariano Moreno,"Clorindo Testa, Francisco Bullrich, Alicia Cazzaniga",,1992,Buenos Aires,Argentina,Latin America,library,Brutalism,1990-2009,nonindustrial,national library of Argentina,https://upload.wikimedia.org/wikipedia/commons/0/00/Biblioteca_Nacional_desde_la_Plaza_Boris_Spivacow.JPG,https://commons.wikimedia.org/wiki/File:Biblioteca_Nacional_desde_la_Plaza_Boris_Spivacow.JPG,Sergio Panei Pitrau,CC BY-SA-3.0,https://creativecommons.org/licenses/by-sa/3.0,
ARCH_0470,Clyde Dam,Ministry of Works and Development,,1993,Clyde,New Zealand,Oceania,dam / hydroelectric infrastructure,Industrial,1990-2009,industrial,major hydroelectric dam on the Clutha River,https://upload.wikimedia.org/wikipedia/commons/c/c8/Clyde_Dam_October_2013_001.JPG,https://commons.wikimedia.org/wiki/File:Clyde_Dam_October_2013_001.JPG,Mattinbgn (talk · contribs),CC BY-3.0,https://creativecommons.org/licenses/by/3.0,
ARCH_0471,Edificio Consorcio Santiago,"Enrique Browne, Borja Huidobro",,1993,Santiago,Chile,Latin America,office building,Bioclimatic contemporary,1990-2009,nonindustrial,green-façade office building,https://upload.wikimedia.org/wikipedia/commons/5/5d/Edificio_Consorcio%2C_Las_Condes%2C_Santiago_20230323_01.jpg,"https://commons.wikimedia.org/wiki/File:Edificio_Consorcio,_Las_Condes,_Santiago_20230323_01.jpg",Carlos Figueroa Rojas,CC BY-SA-4.0,https://creativecommons.org/licenses/by-sa/4.0,
ARCH_0472,Hassan II Mosque,Michel Pinseau,,1993,Casablanca,Morocco,Africa,mosque,Moroccan contemporary,1990-2009,nonindustrial,largest mosque in Africa at completion,https://upload.wikimedia.org/wikipedia/commons/e/e9/Hassan_II_Mosque_-_general_framing%2C_Casablanca%2C_Morocco.jpg,"https://commons.wikimedia.org/wiki/File:Hassan_II_Mosque_-_general_framing,_Casablanca,_Morocco.jpg",Tinuzzo,CC BY-4.0,https://creativecommons.org/licenses/by/4.0,
ARCH_0473,India Habitat Centre,Joseph Allen Stein,,1993,New Delhi,India,Asia,institutional / office complex,Late modernism,1990-2009,nonindustrial,major work of Joseph Allen Stein,https://upload.wikimedia.org/wikipedia/commons/d/de/IndiaHabitatCentre.jpg,https://commons.wikimedia.org/wiki/File:IndiaHabitatCentre.jpg,L. Shyamal,CC BY-SA-2.5,https://creativecommons.org/licenses/by-sa/2.5,
ARCH_0474,Yokohama Landmark Tower,"Hugh Stubbins, Mitsubishi Estate",,1993,Yokohama,Japan,Japan,office tower / hotel,Postmodernism,1990-2009,nonindustrial,tallest building in Japan 1993-2014,https://upload.wikimedia.org/wikipedia/commons/d/db/Yokohama_Minatomirai_21_Landmark_Tower.jpg,https://commons.wikimedia.org/wiki/File:Yokohama_Minatomirai_21_Landmark_Tower.jpg,稲妻ノ歯鯨,CC BY-SA-4.0,https://creativecommons.org/licenses/by-sa/4.0,
ARCH_0475,Groninger Museum,"Alessandro Mendini, Philippe Starck, Coop Himmelb(l)au, Michele De Lucchi",,1994,Groningen,Netherlands,Europe,museum,Postmodernism / deconstructivism,1990-2009,nonindustrial,widely documented postmodern museum,https://upload.wikimedia.org/wikipedia/commons/4/42/Groningen%2C_Groninger_Museum_vanaf_de_westkant_IMG_4247_2023-04-02_18.01.jpg,"https://commons.wikimedia.org/wiki/File:Groningen,_Groninger_Museum_vanaf_de_westkant_IMG_4247_2023-04-02_18.01.jpg",Michielverbeek,CC BY-SA-4.0,https://creativecommons.org/licenses/by-sa/4.0,"seed from the batch-1 list (photograph approved in batch 1, left out by the batch-1 balancing step); Commons assessment: quality"
ARCH_0476,Oriental Pearl Tower,Jiang Huancheng,,1994,Shanghai,China,Asia,TV tower / infrastructure,Futurism,1990-2009,industrial,landmark of Pudong,https://upload.wikimedia.org/wikipedia/commons/7/72/Shanghai_Oriental_Pearl_Tower-20150516-RM-123453.jpg,https://commons.wikimedia.org/wiki/File:Shanghai_Oriental_Pearl_Tower-20150516-RM-123453.jpg,Ermell,CC BY-SA-4.0,https://creativecommons.org/licenses/by-sa/4.0,Commons assessment: quality
ARCH_0477,ACROS Fukuoka,Emilio Ambasz,,1995,Fukuoka,Japan,Japan,civic centre / offices,Green architecture,1990-2009,nonindustrial,stepped green roof; widely published,https://upload.wikimedia.org/wikipedia/commons/1/10/Yakuin-shinkawa_River_and_Acros_Fukuoka_Tenjin-1-ch%C5%8Dme_Ch%C5%AB%C5%8D-ku_Fukuoka_City_20221124.jpg,https://commons.wikimedia.org/wiki/File:Yakuin-shinkawa_River_and_Acros_Fukuoka_Tenjin-1-ch%C5%8Dme_Ch%C5%AB%C5%8D-ku_Fukuoka_City_20221124.jpg,Hirho,CC BY-SA-4.0,https://creativecommons.org/licenses/by-sa/4.0,
ARCH_0478,Kuala Lumpur Tower,Kumpulan Senireka,,1995,Kuala Lumpur,Malaysia,Asia,telecommunications tower / infrastructure,Contemporary Islamic,1990-2009,industrial,one of the tallest towers in the world,https://upload.wikimedia.org/wikipedia/commons/b/b6/21039-Kuala-Lumpur_%2835282191983%29.jpg,https://commons.wikimedia.org/wiki/File:21039-Kuala-Lumpur_(35282191983).jpg,xiquinhosilva,CC BY-2.0,https://creativecommons.org/licenses/by/2.0,
ARCH_0479,Storey Hall,ARM Architecture,,1995,Melbourne,Australia,Oceania,university building,Postmodern / deconstructivism,1990-2009,nonindustrial,RMIT landmark,https://upload.wikimedia.org/wikipedia/commons/8/87/AUS_Melbourne%2C_Central_Business_District%2C_RMIT_University_004.jpg,"https://commons.wikimedia.org/wiki/File:AUS_Melbourne,_Central_Business_District,_RMIT_University_004.jpg",-wuppertaler,CC BY-4.0,https://creativecommons.org/licenses/by/4.0,
ARCH_0480,Toyota Municipal Museum of Art,Yoshio Taniguchi,,1995,Toyota,Japan,Japan,museum,Minimalism,1990-2009,nonindustrial,major work of Yoshio Taniguchi,https://upload.wikimedia.org/wikipedia/commons/d/d3/Toyota_Municipal_Museum_of_Art_VLux5_hdsr_02.jpg,https://commons.wikimedia.org/wiki/File:Toyota_Municipal_Museum_of_Art_VLux5_hdsr_02.jpg,Hyppolyte de Saint-Rambert,CC BY-4.0,https://creativecommons.org/licenses/by/4.0,
ARCH_0481,Vancouver Public Library Central Branch,Moshe Safdie,,1995,Vancouver,Canada,North America,library,Postmodernism,1990-2009,nonindustrial,widely documented,https://upload.wikimedia.org/wikipedia/commons/6/66/Vancouver_Public_Central_Library_%2836907921843%29.jpg,https://commons.wikimedia.org/wiki/File:Vancouver_Public_Central_Library_(36907921843).jpg,"GoToVan from Vancouver, Canada",CC BY-2.0,https://creativecommons.org/licenses/by/2.0,"seed from the batch-1 list (photograph approved in batch 1, left out by the batch-1 balancing step)"
ARCH_0482,Dancing House,"Frank Gehry, Vlado Milunić",,1996,Prague,Czech Republic,Europe,office building,Deconstructivism,1990-2009,nonindustrial,Pritzker Prize architect; widely documented,https://upload.wikimedia.org/wikipedia/commons/a/a5/Dancing_House_-_Flickr_-_dgorrz.jpg,https://commons.wikimedia.org/wiki/File:Dancing_House_-_Flickr_-_dgorrz.jpg,Diego Robayo,CC BY-SA-2.0,https://creativecommons.org/licenses/by-sa/2.0,"seed from the batch-1 list (photograph approved in batch 1, left out by the batch-1 balancing step)"
ARCH_0483,Erasmus Bridge,Ben van Berkel (UNStudio),,1996,Rotterdam,Netherlands,Europe,bridge / infrastructure,High-tech structural,1990-2009,industrial,icon of Rotterdam,https://upload.wikimedia.org/wikipedia/commons/f/ff/0_8562_Rotterdam_-_Erasmusbr%C3%BCcke.jpg,https://commons.wikimedia.org/wiki/File:0_8562_Rotterdam_-_Erasmusbr%C3%BCcke.jpg,W. Bulach,CC BY-SA-4.0,https://creativecommons.org/licenses/by-sa/4.0,
ARCH_0484,Chapel of St. Ignatius,Steven Holl,,1997,Seattle,United States,North America,chapel,Phenomenological modernism,1990-2009,nonindustrial,AIA Honor Award,https://upload.wikimedia.org/wikipedia/commons/c/c4/Seattle_U_St_Ignatius_35.jpg,https://commons.wikimedia.org/wiki/File:Seattle_U_St_Ignatius_35.jpg,Joe Mabel,CC BY-SA-3.0,http://creativecommons.org/licenses/by-sa/3.0/,"seed from the batch-1 list (photograph approved in batch 1, left out by the batch-1 balancing step)"
ARCH_0485,Kyoto Station Building,Hiroshi Hara,,1997,Kyoto,Japan,Japan,railway station / mixed-use,Contemporary,1990-2009,nonindustrial,landmark station complex,https://upload.wikimedia.org/wikipedia/commons/b/b1/130609_Kyoto_Station_Kyoto_Japan03s3.jpg,https://commons.wikimedia.org/wiki/File:130609_Kyoto_Station_Kyoto_Japan03s3.jpg,663highland,CC BY-SA-4.0,https://creativecommons.org/licenses/by-sa/4.0,
ARCH_0486,NEMO Science Museum,Renzo Piano,,1997,Amsterdam,Netherlands,Europe,museum,Contemporary,1990-2009,nonindustrial,science museum by Pritzker laureate Renzo Piano,https://upload.wikimedia.org/wikipedia/commons/b/bf/NEMO_science_center_from_tour_boat_2016-09-12-6565.jpg,https://commons.wikimedia.org/wiki/File:NEMO_science_center_from_tour_boat_2016-09-12-6565.jpg,Slaunger,CC BY-SA-4.0,https://creativecommons.org/licenses/by-sa/4.0,Commons assessment: quality
ARCH_0487,Tsing Ma Bridge,Mott MacDonald (engineering),,1997,Hong Kong,China,Asia,bridge / infrastructure,Structural engineering,1990-2009,industrial,major suspension bridge of the Hong Kong airport link,https://upload.wikimedia.org/wikipedia/commons/2/2f/Tsing_Ma_Bridge_25-04-2026%284%29.jpg,https://commons.wikimedia.org/wiki/File:Tsing_Ma_Bridge_25-04-2026(4).jpg,LN9267,CC BY-SA-4.0,https://creativecommons.org/licenses/by-sa/4.0,
ARCH_0488,WoZoCo,MVRDV,,1997,Amsterdam,Netherlands,Europe,collective housing (elderly),Contemporary,1990-2009,nonindustrial,widely published cantilevered housing,https://upload.wikimedia.org/wikipedia/commons/7/71/WoZoCo_Osdorp%28Amsterdam%29-msu-9247-.jpg,https://commons.wikimedia.org/wiki/File:WoZoCo_Osdorp(Amsterdam)-msu-9247-.jpg,Matthias Süßen,CC BY-SA-4.0,https://creativecommons.org/licenses/by-sa/4.0,
ARCH_0489,Akashi Kaikyō Bridge,Honshu-Shikoku Bridge Authority (engineering),,1998,Kobe,Japan,Japan,bridge / infrastructure,Structural engineering,1990-2009,industrial,longest central span of any suspension bridge until 2022,https://upload.wikimedia.org/wikipedia/commons/e/ed/Kotsubo_kofun_and_Akashi_Kaikyo_bridge_viewed_from_Goshikizuka_kofun_2021-11-28Ak.jpg,https://commons.wikimedia.org/wiki/File:Kotsubo_kofun_and_Akashi_Kaikyo_bridge_viewed_from_Goshikizuka_kofun_2021-11-28Ak.jpg,m-louis .®,CC BY-SA-2.0,https://creativecommons.org/licenses/by-sa/2.0,
ARCH_0490,Kiasma,Steven Holl,,1998,Helsinki,Finland,Europe,museum,Phenomenological modernism,1990-2009,nonindustrial,widely documented; AIA award,https://upload.wikimedia.org/wikipedia/commons/0/0b/Kiasmamodernartmuseum.JPG,https://commons.wikimedia.org/wiki/File:Kiasmamodernartmuseum.JPG,Paasikivi,CC BY-SA-3.0,https://creativecommons.org/licenses/by-sa/3.0,"seed from the batch-1 list (photograph approved in batch 1, left out by the batch-1 balancing step)"
ARCH_0491,Museum of New Zealand Te Papa Tongarewa,Jasmax,,1998,Wellington,New Zealand,Oceania,museum,Contemporary,1990-2009,nonindustrial,national museum of New Zealand,https://upload.wikimedia.org/wikipedia/commons/9/91/Te_Papa_%28National_Museum%29%2C_Wellington.jpg,"https://commons.wikimedia.org/wiki/File:Te_Papa_(National_Museum),_Wellington.jpg",Phillip Capper,CC BY-2.0,https://creativecommons.org/licenses/by/2.0,
ARCH_0492,Black Diamond (Royal Danish Library),Schmidt Hammer Lassen,,1999,Copenhagen,Denmark,Europe,library,Contemporary,1990-2009,nonindustrial,extension of the Royal Danish Library,https://upload.wikimedia.org/wikipedia/commons/3/3b/The_Black_Diamond_Royal_Danish_Library_Copenhagen_Slotsholmen_2014_01.jpg,https://commons.wikimedia.org/wiki/File:The_Black_Diamond_Royal_Danish_Library_Copenhagen_Slotsholmen_2014_01.jpg,Julian Herzog (Website),CC BY-4.0,https://creativecommons.org/licenses/by/4.0,Commons assessment: quality
ARCH_0493,GSW Headquarters,Sauerbruch Hutton,,1999,Berlin,Germany,Europe,office building,Contemporary / ecological,1990-2009,nonindustrial,widely published low-energy office tower,https://upload.wikimedia.org/wikipedia/commons/6/68/Berlin_GSW_dk3586.jpg,https://commons.wikimedia.org/wiki/File:Berlin_GSW_dk3586.jpg,DrKssn,CC BY-SA-3.0,https://creativecommons.org/licenses/by-sa/3.0,
ARCH_0494,Makino Museum of Plants and People,Hiroshi Naito,,1999,Kochi,Japan,Japan,museum,Contemporary timber,1990-2009,nonindustrial,widely published timber museum,https://upload.wikimedia.org/wikipedia/commons/0/03/200104_Kochi_Prefectural_Makino_Botanical_Garden01s5.jpg,https://commons.wikimedia.org/wiki/File:200104_Kochi_Prefectural_Makino_Botanical_Garden01s5.jpg,663highland,CC BY-SA-4.0,https://creativecommons.org/licenses/by-sa/4.0,
ARCH_0495,Kunstmuseum Liechtenstein,Morger Degelo Kerez,,2000,Vaduz,Liechtenstein,Europe,museum,Minimalism,1990-2009,nonindustrial,national museum of modern art of Liechtenstein,https://upload.wikimedia.org/wikipedia/commons/5/57/Kunstmuseum_Liechtenstein_4.JPG,https://commons.wikimedia.org/wiki/File:Kunstmuseum_Liechtenstein_4.JPG,böhringer friedrich,CC BY-SA-2.5,https://creativecommons.org/licenses/by-sa/2.5,
ARCH_0496,Peckham Library,Alsop & Störmer,,2000,London,United Kingdom,Europe,library,Contemporary,1990-2009,nonindustrial,RIBA Stirling Prize 2000,https://upload.wikimedia.org/wikipedia/commons/9/91/Peckham_Library_4887362411.jpg,https://commons.wikimedia.org/wiki/File:Peckham_Library_4887362411.jpg,CGP Grey,CC BY-2.0,https://creativecommons.org/licenses/by/2.0,
ARCH_0497,Rose Center for Earth and Space,James Stewart Polshek,Polshek Partnership,2000,New York City,United States,North America,museum / planetarium,Late modernism / glass,1990-2009,nonindustrial,AIA award; widely documented,https://upload.wikimedia.org/wikipedia/commons/1/1d/Rose_Center_for_Earth_and_Space_%2848269592776%29.jpg,https://commons.wikimedia.org/wiki/File:Rose_Center_for_Earth_and_Space_(48269592776).jpg,"Ajay Suresh from New York, NY, USA",CC BY-2.0,https://creativecommons.org/licenses/by/2.0,"seed from the batch-1 list (photograph approved in batch 1, left out by the batch-1 balancing step)"
ARCH_0498,Sibelius Hall,"Hannu Tikka, Kimmo Lintula",,2000,Lahti,Finland,Europe,concert hall,Contemporary timber,1990-2009,nonindustrial,large timber public building,https://upload.wikimedia.org/wikipedia/commons/d/d5/Sibelius_hall_Lahti.jpg,https://commons.wikimedia.org/wiki/File:Sibelius_hall_Lahti.jpg,kallerna,CC BY-SA-4.0,https://creativecommons.org/licenses/by-sa/4.0,Commons assessment: quality
ARCH_0499,Sony Center,Helmut Jahn,,2000,Berlin,Germany,Europe,mixed-use complex,High-tech,1990-2009,nonindustrial,landmark of Potsdamer Platz,https://upload.wikimedia.org/wikipedia/commons/3/30/Sony_center_berlin.JPG,https://commons.wikimedia.org/wiki/File:Sony_center_berlin.JPG,Tanweer Morshed,CC BY-SA-3.0,https://creativecommons.org/licenses/by-sa/3.0,
ARCH_0500,The Lowry,Michael Wilford,,2000,Salford,United Kingdom,Europe,theatre / arts centre,Contemporary,1990-2009,nonindustrial,landmark of Salford Quays,https://upload.wikimedia.org/wikipedia/commons/d/d0/The_Lowry%2C_July_2016_%2801%29.JPG,"https://commons.wikimedia.org/wiki/File:The_Lowry,_July_2016_(01).JPG",Ardfern,CC BY-SA-4.0,https://creativecommons.org/licenses/by-sa/4.0,
ARCH_0501,Øresund Bridge,"Georg Rotne (architect), ISC Consulting Engineers",,2000,Copenhagen,Denmark,Europe,bridge / infrastructure,Structural engineering,1990-2009,industrial,longest combined road and rail bridge in Europe,https://upload.wikimedia.org/wikipedia/commons/3/3c/%C3%98resund_Bridge%2C_%C3%96resundsbron.jpg,"https://commons.wikimedia.org/wiki/File:%C3%98resund_Bridge,_%C3%96resundsbron.jpg",Lars A,CC BY-SA-4.0,https://creativecommons.org/licenses/by-sa/4.0,
ARCH_0502,Apartheid Museum,Mashabane Rose Associates and others,,2001,Johannesburg,South Africa,Africa,museum,Contemporary,1990-2009,nonindustrial,major South African museum,https://upload.wikimedia.org/wikipedia/commons/8/8d/Apartheidmuseumpool.JPG,https://commons.wikimedia.org/wiki/File:Apartheidmuseumpool.JPG,User:Katangais,CC BY-SA-3.0,https://creativecommons.org/licenses/by-sa/3.0,
ARCH_0503,Gateshead Millennium Bridge,WilkinsonEyre,,2001,Gateshead,United Kingdom,Europe,bridge / infrastructure,High-tech structural,1990-2009,industrial,RIBA Stirling Prize 2002,https://upload.wikimedia.org/wikipedia/commons/c/c4/Gateshead_Millennium_Bridge%2C_5_January_2012_%281%29.jpg,"https://commons.wikimedia.org/wiki/File:Gateshead_Millennium_Bridge,_5_January_2012_(1).jpg","Neil Turner from Sowerby Bridge, United Kingdom",CC BY-SA-2.0,https://creativecommons.org/licenses/by-sa/2.0,
ARCH_0504,Maishima Incineration Plant,Friedensreich Hundertwasser,,2001,Osaka,Japan,Japan,waste incineration plant,Expressionist / decorative,1990-2009,industrial,landmark industrial building in Osaka Bay,https://upload.wikimedia.org/wikipedia/commons/0/0b/Maishima_waste_treatment_center_Osaka_JPN_001.jpg,https://commons.wikimedia.org/wiki/File:Maishima_waste_treatment_center_Osaka_JPN_001.jpg,ignis,CC BY-SA-3.0,http://creativecommons.org/licenses/by-sa/3.0/,
ARCH_0505,Mumok,Ortner & Ortner,,2001,Vienna,Austria,Europe,museum,Contemporary,1990-2009,nonindustrial,part of the MuseumsQuartier,https://upload.wikimedia.org/wikipedia/commons/9/99/Wien_Museumsplatz_1_mumok.jpg,https://commons.wikimedia.org/wiki/File:Wien_Museumsplatz_1_mumok.jpg,Isiwal,CC BY-SA-3.0,https://creativecommons.org/licenses/by-sa/3.0,Commons assessment: quality
ARCH_0506,Paul-Löbe-Haus,Stephan Braunfels,,2001,Berlin,Germany,Europe,parliamentary offices,Contemporary,1990-2009,nonindustrial,Bundestag building in the Band des Bundes,https://upload.wikimedia.org/wikipedia/commons/5/5e/Paul-L%C3%B6be-Haus%2C_Berlin-Mitte%2C_151024%2C_ako.jpg,"https://commons.wikimedia.org/wiki/File:Paul-L%C3%B6be-Haus,_Berlin-Mitte,_151024,_ako.jpg",Ansgar Koreng,CC BY-SA-3.0-DE,https://creativecommons.org/licenses/by-sa/3.0/de/deed.en,Commons assessment: quality|featured
ARCH_0507,Sultan Qaboos Grand Mosque,Mohammed Saleh Makiya (Quad Design),,2001,Muscat,Oman,Middle East,mosque,Contemporary Islamic,1990-2009,nonindustrial,main mosque of Oman,https://upload.wikimedia.org/wikipedia/commons/4/41/Muscat%2C_moschea_del_sultano_qaboos%2C_esterno_01.jpg,"https://commons.wikimedia.org/wiki/File:Muscat,_moschea_del_sultano_qaboos,_esterno_01.jpg",Francesco Bini,CC BY-SA-4.0,https://creativecommons.org/licenses/by-sa/4.0,
ARCH_0508,Auditorium Parco della Musica,Renzo Piano,Renzo Piano Building Workshop,2002,Rome,Italy,Europe,concert hall complex,Contemporary,1990-2009,nonindustrial,Pritzker Prize architect,https://upload.wikimedia.org/wikipedia/commons/e/ea/WTTC_-_Auditorium_Parco_della_Musica_-_GS_Rome_%2854819520486%29.jpg,https://commons.wikimedia.org/wiki/File:WTTC_-_Auditorium_Parco_della_Musica_-_GS_Rome_(54819520486).jpg,World Travel &amp; Tourism Council,CC BY-4.0,https://creativecommons.org/licenses/by/4.0,"seed from the batch-1 list (photograph approved in batch 1, left out by the batch-1 balancing step)"
ARCH_0509,Cathedral of Our Lady of the Angels,Rafael Moneo,,2002,Los Angeles,United States,North America,church,Contemporary,1990-2009,nonindustrial,Pritzker Prize architect,https://upload.wikimedia.org/wikipedia/commons/1/18/Exterior_of_Cathedral_of_Our_Lady_of_the_Angels_dllu.jpg,https://commons.wikimedia.org/wiki/File:Exterior_of_Cathedral_of_Our_Lady_of_the_Angels_dllu.jpg,Daniel L. Lu (user:dllu),CC BY-SA-4.0,https://creativecommons.org/licenses/by-sa/4.0,"seed from the batch-1 list (photograph approved in batch 1, left out by the batch-1 balancing step); Commons assessment: quality"
ARCH_0510,Imperial War Museum North,Daniel Libeskind,,2002,Manchester,United Kingdom,Europe,museum,Deconstructivism,1990-2009,nonindustrial,RIBA award; widely documented,https://upload.wikimedia.org/wikipedia/commons/d/de/IWMNorth.JPG,https://commons.wikimedia.org/wiki/File:IWMNorth.JPG,Bernard Randall,CC BY-SA-3.0,https://creativecommons.org/licenses/by-sa/3.0,"seed from the batch-1 list (photograph approved in batch 1, left out by the batch-1 balancing step)"
ARCH_0511,Kingdom Centre,"Ellerbe Becket, Omrania",,2002,Riyadh,Saudi Arabia,Middle East,office tower,Contemporary,1990-2009,nonindustrial,Emporis Skyscraper Award 2002,https://upload.wikimedia.org/wikipedia/commons/5/57/Kingdomcentreinriyadhsaudiarabia.JPG,https://commons.wikimedia.org/wiki/File:Kingdomcentreinriyadhsaudiarabia.JPG,King Eliot,CC BY-SA-3.0,https://creativecommons.org/licenses/by-sa/3.0,
ARCH_0512,Oasis 21,Obayashi Corporation,,2002,Nagoya,Japan,Japan,bus terminal / public space,Contemporary,1990-2009,nonindustrial,"glass ""water spaceship"" roof",https://upload.wikimedia.org/wikipedia/commons/e/e9/Oasis_21_and_Nagoya_TV_Tower.JPG,https://commons.wikimedia.org/wiki/File:Oasis_21_and_Nagoya_TV_Tower.JPG,Alpsdake,CC BY-SA-4.0,https://creativecommons.org/licenses/by-sa/4.0,
ARCH_0513,Simmons Hall MIT,Steven Holl,,2002,"Cambridge, Massachusetts",United States,North America,university dormitory,Phenomenological modernism,1990-2009,nonindustrial,AIA Honor Award,https://upload.wikimedia.org/wikipedia/commons/8/83/MIT_Simmons_Hall_%288223261272%29.jpg,https://commons.wikimedia.org/wiki/File:MIT_Simmons_Hall_(8223261272).jpg,Aleksandr Zykov from Russia,CC BY-SA-2.0,https://creativecommons.org/licenses/by-sa/2.0,"seed from the batch-1 list (photograph approved in batch 1, left out by the batch-1 balancing step)"
ARCH_0514,Torre Antel,Carlos Ott,,2002,Montevideo,Uruguay,Latin America,telecommunications headquarters tower,Contemporary,1990-2009,nonindustrial,tallest building in Uruguay,https://upload.wikimedia.org/wikipedia/commons/c/c5/Buildings_in_Montevideo%2CUruguay.jpg,"https://commons.wikimedia.org/wiki/File:Buildings_in_Montevideo,Uruguay.jpg",Sally,CC BY-2.0,https://creativecommons.org/licenses/by/2.0,
ARCH_0515,Selfridges Birmingham,Future Systems,Future Systems,2003,Birmingham,United Kingdom,Europe,department store,Blob architecture / digital,1990-2009,nonindustrial,RIBA award; canonical,https://upload.wikimedia.org/wikipedia/commons/9/91/Selfridges_building%2C_Birmingham_2024-07-19_4.jpg,"https://commons.wikimedia.org/wiki/File:Selfridges_building,_Birmingham_2024-07-19_4.jpg",The wub,CC BY-SA-4.0,https://creativecommons.org/licenses/by-sa/4.0,"seed from the batch-1 list (photograph approved in batch 1, left out by the batch-1 balancing step)"
ARCH_0516,Naka Incineration Plant,Yoshio Taniguchi,,2004,Hiroshima,Japan,Japan,waste incineration plant,Minimalism,1990-2009,industrial,industrial building by Yoshio Taniguchi,https://upload.wikimedia.org/wikipedia/commons/2/22/Naka_Waste_Incineration_Plant_01.jpg,https://commons.wikimedia.org/wiki/File:Naka_Waste_Incineration_Plant_01.jpg,Taisyo,CC BY-SA-3.0,http://creativecommons.org/licenses/by-sa/3.0/,
ARCH_0517,Shenzhen Civic Center,"John M. Y. Lee, Michael Timchula",,2004,Shenzhen,China,Asia,civic centre,Contemporary,1990-2009,nonindustrial,landmark of Futian,https://upload.wikimedia.org/wikipedia/commons/4/4f/Shenzhen_Civic_Center-20110101-RM-125157.jpg,https://commons.wikimedia.org/wiki/File:Shenzhen_Civic_Center-20110101-RM-125157.jpg,Ermell,CC BY-SA-4.0,https://creativecommons.org/licenses/by-sa/4.0,Commons assessment: quality
ARCH_0518,Taipei 101,C.Y. Lee & Partners,,2004,Taipei,Taiwan,Asia,office tower,Postmodern with Chinese forms,1990-2009,nonindustrial,tallest building in the world 2004-2009,https://upload.wikimedia.org/wikipedia/commons/7/71/Taipei%2C_November_25%2C_2024_-_008.jpg,"https://commons.wikimedia.org/wiki/File:Taipei,_November_25,_2024_-_008.jpg",Another Believer,CC BY-SA-4.0,https://creativecommons.org/licenses/by-sa/4.0,Commons assessment: quality
ARCH_0519,Kunstmuseum Stuttgart,Hascher Jehle Architektur,,2005,Stuttgart,Germany,Europe,museum,Minimalism,1990-2009,nonindustrial,glass cube on Schlossplatz,https://upload.wikimedia.org/wikipedia/commons/d/d2/Stuttgart_Kunstmuseum.jpg,https://commons.wikimedia.org/wiki/File:Stuttgart_Kunstmuseum.jpg,Schlaier,CC BY-SA-3.0,https://creativecommons.org/licenses/by-sa/3.0,
ARCH_0520,Nagasaki Prefectural Art Museum,"Kengo Kuma, Nihon Sekkei",,2005,Nagasaki,Japan,Japan,museum,Contemporary,1990-2009,nonindustrial,museum spanning a canal,https://upload.wikimedia.org/wikipedia/commons/a/a4/Nagasaki_Prefectural_Art_Museum_ac_%281%29.jpg,https://commons.wikimedia.org/wiki/File:Nagasaki_Prefectural_Art_Museum_ac_(1).jpg,Asturio Cantabrio,CC BY-SA-4.0,https://creativecommons.org/licenses/by-sa/4.0,
ARCH_0521,National Library Singapore,T. R. Hamzah & Yeang,,2005,Singapore,Singapore,Asia,library,Bioclimatic contemporary,1990-2009,nonindustrial,Green Mark Platinum library,https://upload.wikimedia.org/wikipedia/commons/4/4b/Librer%C3%ADa_nacional%2C_Singapur%2C_2023-08-17%2C_DD_15.jpg,"https://commons.wikimedia.org/wiki/File:Librer%C3%ADa_nacional,_Singapur,_2023-08-17,_DD_15.jpg",Diego Delso,CC BY-SA-4.0,https://creativecommons.org/licenses/by-sa/4.0,Commons assessment: quality
ARCH_0522,Palau de les Arts Reina Sofía,Santiago Calatrava,,2005,Valencia,Spain,Europe,opera house,Structural expressionism,1990-2009,nonindustrial,centrepiece of the City of Arts and Sciences,https://upload.wikimedia.org/wikipedia/commons/8/8f/Palacio_de_las_Artes_Reina_Sof%C3%ADa%2C_Ciudad_de_las_Artes_y_las_Ciencias%2C_Valencia%2C_Espa%C3%B1a%2C_2014-06-29%2C_DD_34.JPG,"https://commons.wikimedia.org/wiki/File:Palacio_de_las_Artes_Reina_Sof%C3%ADa,_Ciudad_de_las_Artes_y_las_Ciencias,_Valencia,_Espa%C3%B1a,_2014-06-29,_DD_34.JPG",Diego Delso,CC BY-SA-3.0,https://creativecommons.org/licenses/by-sa/3.0,Commons assessment: quality
ARCH_0523,Santa Caterina Market,"Enric Miralles, Benedetta Tagliabue",,2005,Barcelona,Spain,Europe,market hall,Contemporary,1990-2009,nonindustrial,widely published market renovation,https://upload.wikimedia.org/wikipedia/commons/6/6a/Santa_Caterina_Market_%2831711037104%29.jpg,https://commons.wikimedia.org/wiki/File:Santa_Caterina_Market_(31711037104).jpg,Los Paseos from Earth,CC BY-SA-2.0,https://creativecommons.org/licenses/by-sa/2.0,
ARCH_0524,VM Houses,"BIG, JDS Architects",,2005,Copenhagen,Denmark,Europe,collective housing,Contemporary,1990-2009,nonindustrial,Forum AID award 2006,https://upload.wikimedia.org/wikipedia/commons/8/84/VM_Houses.jpg,https://commons.wikimedia.org/wiki/File:VM_Houses.jpg,cjreddaway,CC BY-2.0,https://creativecommons.org/licenses/by/2.0,
ARCH_0525,Aomori Museum of Art,Jun Aoki,,2006,Aomori,Japan,Japan,museum,Contemporary,1990-2009,nonindustrial,widely published museum next to the Sannai-Maruyama site,https://upload.wikimedia.org/wikipedia/commons/e/e6/140913_Aomori_Museum_of_Art_Japan02bs3.jpg,https://commons.wikimedia.org/wiki/File:140913_Aomori_Museum_of_Art_Japan02bs3.jpg,663highland,CC BY-2.5,https://creativecommons.org/licenses/by/2.5,
ARCH_0526,Gallery of Modern Art Brisbane,Architectus,,2006,Brisbane,Australia,Oceania,museum,Contemporary,1990-2009,nonindustrial,Queensland Gallery of Modern Art,https://upload.wikimedia.org/wikipedia/commons/f/f0/Queensland_Gallery_of_Modern_Art_east_and_north_facade.jpg,https://commons.wikimedia.org/wiki/File:Queensland_Gallery_of_Modern_Art_east_and_north_facade.jpg,Kgbo,CC BY-SA-4.0,https://creativecommons.org/licenses/by-sa/4.0,
ARCH_0527,Orquideorama,"Plan:B Arquitectos, JPRCR Arquitectos",,2006,Medellín,Colombia,Latin America,pavilion / botanical garden,Contemporary timber,1990-2009,nonindustrial,Iberoamerican Architecture Biennial award,https://upload.wikimedia.org/wikipedia/commons/8/83/Orquideorama_Jardin_Botanico_4.jpg,https://commons.wikimedia.org/wiki/File:Orquideorama_Jardin_Botanico_4.jpg,User: (WT-shared) CONOCER at  wts wikivoyage,CC BY-SA-4.0,https://creativecommons.org/licenses/by-sa/4.0,
ARCH_0528,Senedd,Richard Rogers,Richard Rogers Partnership,2006,Cardiff,United Kingdom,Europe,parliament,High-tech / sustainable,1990-2009,nonindustrial,Pritzker Prize architect; RIBA award,https://upload.wikimedia.org/wikipedia/commons/3/3f/Senedd_Cymru_%2851539131452%29.jpg,https://commons.wikimedia.org/wiki/File:Senedd_Cymru_(51539131452).jpg,"Daniel from Glasgow, United Kingdom",CC BY-2.0,https://creativecommons.org/licenses/by/2.0,"seed from the batch-1 list (photograph approved in batch 1, left out by the batch-1 balancing step)"
ARCH_0529,BMW Welt,Coop Himmelb(l)au,Coop Himmelb(l)au,2007,Munich,Germany,Europe,showroom / event building,Deconstructivism,1990-2009,nonindustrial,widely documented,https://upload.wikimedia.org/wikipedia/commons/6/60/BMW_Welt%2C_M%C3%BAnich%2C_Alemania%2C_2013-04-22%2C_DD_02.jpg,"https://commons.wikimedia.org/wiki/File:BMW_Welt,_M%C3%BAnich,_Alemania,_2013-04-22,_DD_02.jpg",Diego Delso,CC BY-SA-3.0,https://creativecommons.org/licenses/by-sa/3.0,"seed from the batch-1 list (photograph approved in batch 1, left out by the batch-1 balancing step); Commons assessment: quality"
ARCH_0530,Bruder Klaus Field Chapel,Peter Zumthor,,2007,Mechernich,Germany,Europe,chapel,Minimalism,1990-2009,nonindustrial,Pritzker Prize architect; widely documented,https://upload.wikimedia.org/wikipedia/commons/1/1c/Chapel_in_the_fields.jpg,https://commons.wikimedia.org/wiki/File:Chapel_in_the_fields.jpg,Hausleiten,CC BY-SA-4.0,https://creativecommons.org/licenses/by-sa/4.0,"seed from the batch-1 list (photograph approved in batch 1, left out by the batch-1 balancing step)"
ARCH_0531,Parque Explora,Alejandro Echeverri,,2007,Medellín,Colombia,Latin America,museum,Contemporary,1990-2009,nonindustrial,science museum of Medellín,https://upload.wikimedia.org/wikipedia/commons/f/fc/Parque_Explora_%28Medell%C3%ADn%2C_Colombia%29.JPG,"https://commons.wikimedia.org/wiki/File:Parque_Explora_(Medell%C3%ADn,_Colombia).JPG",Averpues,CC BY-SA-4.0,https://creativecommons.org/licenses/by-sa/4.0,
ARCH_0532,Beijing National Aquatics Center,"PTW Architects, CSCEC, Arup",,2008,Beijing,China,Asia,sports venue,Contemporary,1990-2009,nonindustrial,Water Cube of the 2008 Olympics,https://upload.wikimedia.org/wikipedia/commons/5/57/Beijing_National_Aquatics_Centre_%2820211124112125%29.jpg,https://commons.wikimedia.org/wiki/File:Beijing_National_Aquatics_Centre_(20211124112125).jpg,N509FZ,CC BY-SA-4.0,https://creativecommons.org/licenses/by-sa/4.0,
ARCH_0533,Grand Lisboa,Dennis Lau & Ng Chun Man Architects,,2008,Macau,China,Asia,hotel / casino tower,Contemporary,1990-2009,nonindustrial,landmark of Macau,https://upload.wikimedia.org/wikipedia/commons/7/7c/Grand_Lisboa_19-01-2023.jpg,https://commons.wikimedia.org/wiki/File:Grand_Lisboa_19-01-2023.jpg,LN9267,CC BY-SA-4.0,https://creativecommons.org/licenses/by-sa/4.0,
ARCH_0534,KAIT Workshop,Junya Ishigami,,2008,Atsugi,Japan,Japan,university workshop,Contemporary,1990-2009,nonindustrial,Architectural Institute of Japan Prize 2009,https://upload.wikimedia.org/wikipedia/commons/9/9f/KAIT_Workshop_Junya_Ishigami_external_view.JPG,https://commons.wikimedia.org/wiki/File:KAIT_Workshop_Junya_Ishigami_external_view.JPG,Epiq,CC BY-SA-3.0,https://creativecommons.org/licenses/by-sa/3.0,
ARCH_0535,Kalmar Museum of Art,Tham & Videgård,,2008,Kalmar,Sweden,Europe,museum,Contemporary timber,1990-2009,nonindustrial,widely published Swedish museum,https://upload.wikimedia.org/wikipedia/commons/e/ee/Kalmar._Kalmar_konstmuseum_0.JPG,https://commons.wikimedia.org/wiki/File:Kalmar._Kalmar_konstmuseum_0.JPG,"Bernt Fransson,Lindås",CC BY-SA-4.0,https://creativecommons.org/licenses/by-sa/4.0,
ARCH_0536,Mode Gakuen Cocoon Tower,Tange Associates,,2008,Tokyo,Japan,Japan,school tower,Contemporary,1990-2009,nonindustrial,Emporis Skyscraper Award 2008,https://upload.wikimedia.org/wikipedia/commons/b/b1/Cocoon_Building%2C_Shinjuku_%2853416679451%29.jpg,"https://commons.wikimedia.org/wiki/File:Cocoon_Building,_Shinjuku_(53416679451).jpg","Stephen Kelly from San Francisco, CA, USA",CC BY-2.0,https://creativecommons.org/licenses/by/2.0,
ARCH_0537,Octávio Frias de Oliveira Bridge,João Valente Filho (engineering),,2008,São Paulo,Brazil,Latin America,cable-stayed bridge / infrastructure,Structural engineering,1990-2009,industrial,landmark of São Paulo,https://upload.wikimedia.org/wikipedia/commons/6/62/Ponte_Oct%C3%A1vio_Frias_de_Oliveira%2C_S%C3%A3o_Paulo%2C_Brasil.jpg,"https://commons.wikimedia.org/wiki/File:Ponte_Oct%C3%A1vio_Frias_de_Oliveira,_S%C3%A3o_Paulo,_Brasil.jpg",ikedaleo,CC0,http://creativecommons.org/publicdomain/zero/1.0/deed.en,
ARCH_0538,Shanghai World Financial Center,Kohn Pedersen Fox,,2008,Shanghai,China,Asia,office tower,Contemporary,1990-2009,nonindustrial,Emporis Skyscraper Award 2008,https://upload.wikimedia.org/wikipedia/commons/4/4b/20090426_5223_Shanghai_JinMao_SWFC.jpg,https://commons.wikimedia.org/wiki/File:20090426_5223_Shanghai_JinMao_SWFC.jpg,Architect (Jin Mao Tower): Adrian SmithArchitect(SWFC): Kohn Pedersen FoxPhotographer:Jakub Hałun,CC BY-SA-3.0,https://creativecommons.org/licenses/by-sa/3.0,Commons assessment: quality
ARCH_0539,Casa das Histórias Paula Rego,Eduardo Souto de Moura,,2009,Cascais,Portugal,Europe,museum,Minimalism,1990-2009,nonindustrial,Pritzker Prize architect,https://upload.wikimedia.org/wikipedia/commons/4/4f/Casa_das_Hist%C3%B3rias_IMG_0298_%286100981277%29.jpg,https://commons.wikimedia.org/wiki/File:Casa_das_Hist%C3%B3rias_IMG_0298_(6100981277).jpg,"準建築人手札網站 Forgemind ArchiMedia from Taichung, Taiwan, Taiwan",CC BY-2.0,https://creativecommons.org/licenses/by/2.0,"seed from the batch-1 list (photograph approved in batch 1, left out by the batch-1 balancing step)"
ARCH_0540,Moses Mabhida Stadium,gmp Architekten,,2009,Durban,South Africa,Africa,stadium,Contemporary,1990-2009,nonindustrial,2010 FIFA World Cup stadium,https://upload.wikimedia.org/wikipedia/commons/0/0b/Moses_Stadium.jpeg,https://commons.wikimedia.org/wiki/File:Moses_Stadium.jpeg,Ainsleykg,PD,,
ARCH_0541,Pinnacle@Duxton,"ARC Studio Architecture + Urbanism, RSP Architects",,2009,Singapore,Singapore,Asia,public housing,Contemporary,1990-2009,nonindustrial,tallest public housing in Singapore; linked sky gardens,https://upload.wikimedia.org/wikipedia/commons/a/a8/The_Pinnacle%40Duxton_%28I%29.jpg,https://commons.wikimedia.org/wiki/File:The_Pinnacle@Duxton_(I).jpg,"This Photo was taken by Supanut Arunoprayote.

Feel free to use any of my images, but please mention me as the author and may send me a message.  (สามารถใช้ภาพได้อิสระ แต่กรุณาใส่เครดิตผู้ถ่ายและอาจส่งข้อความบอกกล่าวด้วย) 



Please do not upload an updated image here without consultation with the Author. The author would like to make corrections only at his own source. This ensures that the changes are preserved.Please if you think that any changes should be required, please inform the author.Otherwise you can upload a new image with a new name. Please use one of the templates derivative or extract.",CC BY-4.0,https://creativecommons.org/licenses/by/4.0,Commons assessment: quality
ARCH_0542,Unilever House Hamburg,Behnisch Architekten,,2009,Hamburg,Germany,Europe,office building,Contemporary,1990-2009,nonindustrial,World Architecture Festival office award 2009,https://upload.wikimedia.org/wikipedia/commons/e/ef/Unilever_House_Marco_Polo_Tower_Hamburg_Germany.jpg,https://commons.wikimedia.org/wiki/File:Unilever_House_Marco_Polo_Tower_Hamburg_Germany.jpg,ChristianSchd,CC BY-SA-3.0,https://creativecommons.org/licenses/by-sa/3.0,
ARCH_0543,Vodafone Headquarters Porto,Barbosa & Guimarães,Barbosa & Guimarães,2009,Porto,Portugal,Europe,office building,Deconstructivism,1990-2009,nonindustrial,widely documented; multiple awards,https://upload.wikimedia.org/wikipedia/commons/4/4f/Edificio_Vodafone_%28Porto%29.jpg,https://commons.wikimedia.org/wiki/File:Edificio_Vodafone_(Porto).jpg,Rititaneves,CC BY-SA-3.0,https://creativecommons.org/licenses/by-sa/3.0,"seed from the batch-1 list (photograph approved in batch 1, left out by the batch-1 balancing step)"
ARCH_0544,Bridge of Peace,Michele De Lucchi,,2010,Tbilisi,Georgia,Middle East,pedestrian bridge / infrastructure,Contemporary,2010-today,industrial,glass pedestrian bridge over the Kura,https://upload.wikimedia.org/wikipedia/commons/b/b4/Tbilisi_Peace_Bridge_and_Kura_River_by_Falco.jpg,https://commons.wikimedia.org/wiki/File:Tbilisi_Peace_Bridge_and_Kura_River_by_Falco.jpg,falco,CC0,http://creativecommons.org/publicdomain/zero/1.0/deed.en,
ARCH_0545,Canton Tower,"Information Based Architecture (Mark Hemel, Barbara Kuit)",,2010,Guangzhou,China,Asia,TV tower / infrastructure,Contemporary structural,2010-today,industrial,one of the tallest towers in the world,https://upload.wikimedia.org/wikipedia/commons/1/18/View_of_Canton_Tower_from_Huacheng_Square.jpg,https://commons.wikimedia.org/wiki/File:View_of_Canton_Tower_from_Huacheng_Square.jpg,そらみみ,CC BY-SA-4.0,https://creativecommons.org/licenses/by-sa/4.0,
ARCH_0546,Convention Centre Dublin,Kevin Roche,,2010,Dublin,Ireland,Europe,congress centre,Contemporary,2010-today,nonindustrial,last major work of Pritzker laureate Kevin Roche in Europe,https://upload.wikimedia.org/wikipedia/commons/8/8f/Dublin_The_Convention_Centre_01.JPG,https://commons.wikimedia.org/wiki/File:Dublin_The_Convention_Centre_01.JPG,J.-H. Janßen,CC BY-SA-3.0,https://creativecommons.org/licenses/by-sa/3.0,
ARCH_0547,Gabriela Mistral Cultural Centre,Cristián Fernández Arquitectos,,2010,Santiago,Chile,Latin America,cultural centre,Contemporary,2010-today,nonindustrial,renovation of the UNCTAD III building,https://upload.wikimedia.org/wikipedia/commons/5/53/Centro_Cultural_Gabriela_Mistral%2C_Santiago_20230422.jpg,"https://commons.wikimedia.org/wiki/File:Centro_Cultural_Gabriela_Mistral,_Santiago_20230422.jpg",Carlos yo,CC BY-SA-4.0,https://creativecommons.org/licenses/by-sa/4.0,
ARCH_0548,School of the Arts Singapore,WOHA,,2010,Singapore,Singapore,Asia,school,Tropical contemporary,2010-today,nonindustrial,World Architecture Festival award 2010,https://upload.wikimedia.org/wikipedia/commons/e/eb/Bras_Basah_Road%2C_School_of_the_Arts_and_Rendezvous_Hotel%2C_Singapore_-_20100316.jpg,"https://commons.wikimedia.org/wiki/File:Bras_Basah_Road,_School_of_the_Arts_and_Rendezvous_Hotel,_Singapore_-_20100316.jpg","Andy Mitchell from Glasgow, UK.",CC BY-SA-2.0,https://creativecommons.org/licenses/by-sa/2.0,
ARCH_0549,VitraHaus,Herzog & de Meuron,Herzog & de Meuron,2010,Weil am Rhein,Germany,Europe,showroom,Contemporary,2010-today,nonindustrial,Pritzker Prize architects,https://upload.wikimedia.org/wikipedia/commons/0/03/Weil_am_Rhein_-_Vitra_Haus2.jpg,https://commons.wikimedia.org/wiki/File:Weil_am_Rhein_-_Vitra_Haus2.jpg,Taxiarchos228,CC BY-3.0,https://creativecommons.org/licenses/by/3.0,"seed from the batch-1 list (photograph approved in batch 1, left out by the batch-1 balancing step); Commons assessment: quality"
ARCH_0550,Busan Cinema Center,Coop Himmelb(l)au,,2011,Busan,South Korea,Asia,cinema centre,Deconstructivism,2010-today,nonindustrial,home of the Busan International Film Festival,https://upload.wikimedia.org/wikipedia/commons/5/54/Busan_Cinema_Center_BIFF_2023.jpg,https://commons.wikimedia.org/wiki/File:Busan_Cinema_Center_BIFF_2023.jpg,399scout,CC BY-SA-4.0,https://creativecommons.org/licenses/by-sa/4.0,
ARCH_0551,Butaro District Hospital,MASS Design Group,,2011,Butaro,Rwanda,Africa,hospital,Contemporary,2010-today,nonindustrial,widely published public hospital,https://upload.wikimedia.org/wikipedia/commons/1/1d/Butaro_Hospital.jpg,https://commons.wikimedia.org/wiki/File:Butaro_Hospital.jpg,François Terrier,CC BY-2.0,https://creativecommons.org/licenses/by/2.0,
ARCH_0552,Kanazawa Umimirai Library,"Coelacanth K&H (Kazumi Kudo, Hiroshi Horiba)",,2011,Kanazawa,Japan,Japan,library,Contemporary,2010-today,nonindustrial,widely published perforated-box library,https://upload.wikimedia.org/wikipedia/commons/7/76/Kanazawa_Umimirai_Library_exterior_ac_%284%29.jpg,https://commons.wikimedia.org/wiki/File:Kanazawa_Umimirai_Library_exterior_ac_(4).jpg,Asturio Cantabrio,CC BY-SA-4.0,https://creativecommons.org/licenses/by-sa/4.0,
ARCH_0553,Museum aan de Stroom,Neutelings Riedijk,,2011,Antwerp,Belgium,Europe,museum,Contemporary,2010-today,nonindustrial,landmark of the Antwerp docks,https://upload.wikimedia.org/wikipedia/commons/4/4d/Museum_aan_de_stroom_2013-05-20%2C_1.JPG,"https://commons.wikimedia.org/wiki/File:Museum_aan_de_stroom_2013-05-20,_1.JPG",Jürgen Heimann,CC BY-3.0,https://creativecommons.org/licenses/by/3.0,
ARCH_0554,EYE Filmmuseum,Delugan Meissl,,2012,Amsterdam,Netherlands,Europe,museum / cinema,Contemporary sculptural,2010-today,nonindustrial,national film museum,https://upload.wikimedia.org/wikipedia/commons/2/23/Amsterdam_Eye_filmmuseum_at_the_IJ_-_panoramio.jpg,https://commons.wikimedia.org/wiki/File:Amsterdam_Eye_filmmuseum_at_the_IJ_-_panoramio.jpg,Henk Monster,CC BY-3.0,https://creativecommons.org/licenses/by/3.0,
ARCH_0555,Flame Towers,HOK,,2012,Baku,Azerbaijan,Middle East,mixed-use towers,Contemporary,2010-today,nonindustrial,landmark of Baku,https://upload.wikimedia.org/wikipedia/commons/e/eb/Flame_Towers_von_der_Uferpromenade.jpg,https://commons.wikimedia.org/wiki/File:Flame_Towers_von_der_Uferpromenade.jpg,KeuleKeulmann,CC BY-SA-4.0,https://creativecommons.org/licenses/by-sa/4.0,
ARCH_0556,Gran Torre Santiago,César Pelli,,2012,Santiago,Chile,Latin America,office tower,Contemporary,2010-today,nonindustrial,tallest building in South America,https://upload.wikimedia.org/wikipedia/commons/d/d2/Vista_Costanera_Center_I.jpg,https://commons.wikimedia.org/wiki/File:Vista_Costanera_Center_I.jpg,Rjcastillo,CC BY-SA-4.0,https://creativecommons.org/licenses/by-sa/4.0,Commons assessment: quality
ARCH_0557,Kilden Performing Arts Centre,ALA Architects,ALA Architects,2012,Kristiansand,Norway,Europe,theatre / concert hall,Contemporary / timber,2010-today,nonindustrial,widely documented; multiple awards,https://upload.wikimedia.org/wikipedia/commons/7/7a/Kilden_konsert-_og_teaterhus.jpg,https://commons.wikimedia.org/wiki/File:Kilden_konsert-_og_teaterhus.jpg,Knut Arne Gjertsen,CC BY-SA-4.0,https://creativecommons.org/licenses/by-sa/4.0,"seed from the batch-1 list (photograph approved in batch 1, left out by the batch-1 balancing step)"
ARCH_0558,Louvre-Lens,"Kazuyo Sejima, Ryue Nishizawa",SANAA,2012,Lens,France,Europe,museum,Minimalism,2010-today,nonindustrial,Pritzker Prize architects; EU Mies Award shortlist,https://upload.wikimedia.org/wikipedia/commons/5/53/Louvre-Lens.jpg,https://commons.wikimedia.org/wiki/File:Louvre-Lens.jpg,JackyM59,CC BY-SA-3.0,https://creativecommons.org/licenses/by-sa/3.0,"seed from the batch-1 list (photograph approved in batch 1, left out by the batch-1 balancing step); Commons assessment: quality"
ARCH_0559,Perth Arena,ARM Architecture,,2012,Perth,Australia,Oceania,sports arena,Contemporary,2010-today,nonindustrial,widely published arena,https://upload.wikimedia.org/wikipedia/commons/b/b1/RAC_Arena%2C_October_2018.jpg,"https://commons.wikimedia.org/wiki/File:RAC_Arena,_October_2018.jpg",Samuel Wiki,CC0,http://creativecommons.org/publicdomain/zero/1.0/deed.en,
ARCH_0560,Seoul City Hall,iArc (Yoo Kerl),,2012,Seoul,South Korea,Asia,city hall,Contemporary,2010-today,nonindustrial,new Seoul City Hall,https://upload.wikimedia.org/wikipedia/commons/b/b4/Seoul_City_Office_from_Subway_Station.jpg,https://commons.wikimedia.org/wiki/File:Seoul_City_Office_from_Subway_Station.jpg,Umaku,CC BY-SA-4.0,https://creativecommons.org/licenses/by-sa/4.0,
ARCH_0561,Cardboard Cathedral,Shigeru Ban,,2013,Christchurch,New Zealand,Oceania,cathedral,Contemporary / emergency architecture,2010-today,nonindustrial,transitional cathedral after the 2011 earthquake,https://upload.wikimedia.org/wikipedia/commons/2/2c/Cardboard_Cathedral_03.JPG,https://commons.wikimedia.org/wiki/File:Cardboard_Cathedral_03.JPG,Schwede66,CC BY-SA-3.0,https://creativecommons.org/licenses/by-sa/3.0,
ARCH_0562,Cidade das Artes,Christian de Portzamparc,,2013,Rio de Janeiro,Brazil,Latin America,concert hall,Contemporary,2010-today,nonindustrial,major concert hall of Rio,https://upload.wikimedia.org/wikipedia/commons/7/7a/Cidade_das_Artes.jpg,https://commons.wikimedia.org/wiki/File:Cidade_das_Artes.jpg,Tomaz Silva/Agência Brasil,CC BY-3.0-BR,https://creativecommons.org/licenses/by/3.0/br/deed.en,
ARCH_0563,POLIN Museum of the History of Polish Jews,"Rainer Mahlamäki, Ilmari Lahdelma",,2013,Warsaw,Poland,Europe,museum,Contemporary,2010-today,nonindustrial,European Museum of the Year 2016,https://upload.wikimedia.org/wikipedia/commons/2/26/Museum_of_the_History_of_Polish_Jews_in_Warsaw_building_0011.jpg,https://commons.wikimedia.org/wiki/File:Museum_of_the_History_of_Polish_Jews_in_Warsaw_building_0011.jpg,Wojciech Kryński,CC BY-SA-3.0-PL,https://creativecommons.org/licenses/by-sa/3.0/pl/deed.en,Commons assessment: valued
ARCH_0564,Tamedia Office Building,Shigeru Ban,,2013,Zurich,Switzerland,Europe,office building,Contemporary timber,2010-today,nonindustrial,timber office by Pritzker laureate Shigeru Ban,https://upload.wikimedia.org/wikipedia/commons/9/9a/Tamedia_Verlagshaus.JPG,https://commons.wikimedia.org/wiki/File:Tamedia_Verlagshaus.JPG,Gustav Broennimann,CC BY-3.0-CH,https://creativecommons.org/licenses/by/3.0/ch/deed.en,
ARCH_0565,Biomuseo,Frank Gehry,,2014,Panama City,Panama,Latin America,museum,Deconstructivism,2010-today,nonindustrial,only Gehry building in Latin America,https://upload.wikimedia.org/wikipedia/commons/d/d6/Biomuseo_rear_stereo_pair_R.agr_%28cropped%29.jpg,https://commons.wikimedia.org/wiki/File:Biomuseo_rear_stereo_pair_R.agr_(cropped).jpg,user:ArnoldReinhold,CC BY-SA-4.0,https://creativecommons.org/licenses/by-sa/4.0,
ARCH_0566,Kyoto National Museum Heisei Chishinkan,Yoshio Taniguchi,,2014,Kyoto,Japan,Japan,museum wing,Minimalism,2010-today,nonindustrial,new wing of the Kyoto National Museum,https://upload.wikimedia.org/wikipedia/commons/1/15/Kyoto_National_Museum_%28Higashiyama-Ku%29_Museum_hdsr_S5_104.jpg,https://commons.wikimedia.org/wiki/File:Kyoto_National_Museum_(Higashiyama-Ku)_Museum_hdsr_S5_104.jpg,Hyppolyte de Saint-Rambert,CC BY-4.0,https://creativecommons.org/licenses/by/4.0,
ARCH_0567,Markthal Rotterdam,MVRDV,MVRDV,2014,Rotterdam,Netherlands,Europe,market hall and housing,Contemporary,2010-today,nonindustrial,widely documented; multiple awards,https://upload.wikimedia.org/wikipedia/commons/c/c9/Markthal%2C_Rotterdam%2C_the_Netherlands_%282017%29.jpg,"https://commons.wikimedia.org/wiki/File:Markthal,_Rotterdam,_the_Netherlands_(2017).jpg",Calips,CC BY-SA-3.0,https://creativecommons.org/licenses/by-sa/3.0,"seed from the batch-1 list (photograph approved in batch 1, left out by the batch-1 balancing step)"
ARCH_0568,Moesgaard Museum,Henning Larsen,,2014,Aarhus,Denmark,Europe,museum,Contemporary,2010-today,nonindustrial,landscape roof museum,https://upload.wikimedia.org/wikipedia/commons/f/f4/Moesgaard%2C_Aarhus_Denemarken_%2845511131525%29.jpg,"https://commons.wikimedia.org/wiki/File:Moesgaard,_Aarhus_Denemarken_(45511131525).jpg","Nanda Sluijsmans from Den Haag, Nederland",CC BY-SA-2.0,https://creativecommons.org/licenses/by-sa/2.0,
ARCH_0569,Musée des Confluences,Coop Himmelb(l)au,Coop Himmelb(l)au,2014,Lyon,France,Europe,museum,Deconstructivism,2010-today,nonindustrial,widely documented,https://upload.wikimedia.org/wikipedia/commons/2/22/Lyon_-_Mus%C3%A9e_des_Confluences_%2849525806051%29.jpg,https://commons.wikimedia.org/wiki/File:Lyon_-_Mus%C3%A9e_des_Confluences_(49525806051).jpg,"Fred Romero from Paris, France",CC BY-2.0,https://creativecommons.org/licenses/by/2.0,"seed from the batch-1 list (photograph approved in batch 1, left out by the batch-1 balancing step)"
ARCH_0570,National Library of Latvia,Gunnar Birkerts,,2014,Riga,Latvia,Europe,library,Contemporary,2010-today,nonindustrial,Castle of Light; national library,https://upload.wikimedia.org/wikipedia/commons/4/4b/National_Library_%2830026353626%29.jpg,https://commons.wikimedia.org/wiki/File:National_Library_(30026353626).jpg,Rob Oo from NL,CC BY-2.0,https://creativecommons.org/licenses/by/2.0,
ARCH_0571,Rotterdam Centraal station,"Team CS (Benthem Crouwel, MVRDV, West 8)",,2014,Rotterdam,Netherlands,Europe,railway station,Contemporary,2010-today,nonindustrial,main station of Rotterdam,https://upload.wikimedia.org/wikipedia/commons/b/b4/Centraal_Station_Rotterdam_%2850497384676%29.jpg,https://commons.wikimedia.org/wiki/File:Centraal_Station_Rotterdam_(50497384676).jpg,"Nanda Sluijsmans from Den Haag, Nederland",CC BY-SA-2.0,https://creativecommons.org/licenses/by-sa/2.0,
ARCH_0572,Messner Mountain Museum Corones,Zaha Hadid,Zaha Hadid Architects,2015,Plan de Corones,Italy,Europe,museum,Parametricism,2010-today,nonindustrial,Pritzker Prize architect,https://upload.wikimedia.org/wikipedia/commons/0/04/Kronplatzgipfel_mit_dem_Eingang_des_MMM_Corones_%2803%29.jpg,https://commons.wikimedia.org/wiki/File:Kronplatzgipfel_mit_dem_Eingang_des_MMM_Corones_(03).jpg,Ordercrazy,CC0,http://creativecommons.org/publicdomain/zero/1.0/deed.en,"seed from the batch-1 list (photograph approved in batch 1, left out by the batch-1 balancing step)"
ARCH_0573,Philharmonie de Paris,Jean Nouvel,,2015,Paris,France,Europe,concert hall,Contemporary,2010-today,nonindustrial,Pritzker Prize architect,https://upload.wikimedia.org/wikipedia/commons/d/d3/Philharmonie_de_Paris_%40_La_Villette_%40_Paris_%2833892630246%29.jpg,https://commons.wikimedia.org/wiki/File:Philharmonie_de_Paris_@_La_Villette_@_Paris_(33892630246).jpg,"Guilhem Vellut from Annecy, France",CC BY-2.0,https://creativecommons.org/licenses/by/2.0,"seed from the batch-1 list (photograph approved in batch 1, left out by the batch-1 balancing step)"
ARCH_0574,The Broad,Diller Scofidio + Renfro,Diller Scofidio + Renfro,2015,Los Angeles,United States,North America,museum,Contemporary / parametric veil,2010-today,nonindustrial,widely documented,https://upload.wikimedia.org/wikipedia/commons/5/5e/Los_Angeles%2C_United_States_%28Unsplash_j5K6ambkGNk%29.jpg,"https://commons.wikimedia.org/wiki/File:Los_Angeles,_United_States_(Unsplash_j5K6ambkGNk).jpg",Tu Tram Pham tutrampham,CC0,http://creativecommons.org/publicdomain/zero/1.0/deed.en,"seed from the batch-1 list (photograph approved in batch 1, left out by the batch-1 balancing step)"
ARCH_0575,The Edge Amsterdam,PLP Architecture,PLP Architecture,2015,Amsterdam,Netherlands,Europe,office building,Sustainable architecture,2010-today,nonindustrial,highest BREEAM score at completion; widely cited,https://upload.wikimedia.org/wikipedia/commons/5/58/Zuidas_20210512_154826.jpg,https://commons.wikimedia.org/wiki/File:Zuidas_20210512_154826.jpg,MrAronymous,CC BY-SA-4.0,https://creativecommons.org/licenses/by-sa/4.0,"seed from the batch-1 list (photograph approved in batch 1, left out by the batch-1 balancing step)"
ARCH_0576,Toyama Kirari,Kengo Kuma,,2015,Toyama,Japan,Japan,library / glass art museum,Contemporary,2010-today,nonindustrial,public library and glass museum,https://upload.wikimedia.org/wikipedia/commons/8/81/TOYAMA_KIRARI_exterior_in_the_morning_ac_%283%29.jpg,https://commons.wikimedia.org/wiki/File:TOYAMA_KIRARI_exterior_in_the_morning_ac_(3).jpg,Asturio Cantabrio,CC BY-SA-4.0,https://creativecommons.org/licenses/by-sa/4.0,
ARCH_0577,Whitney Museum of American Art,Renzo Piano,Renzo Piano Building Workshop,2015,New York City,United States,North America,museum,Contemporary,2010-today,nonindustrial,Pritzker Prize architect,https://upload.wikimedia.org/wikipedia/commons/5/59/Whitney_Museum_of_American_Art_%2849051573133%29.jpg,https://commons.wikimedia.org/wiki/File:Whitney_Museum_of_American_Art_(49051573133).jpg,"Ajay Suresh from New York, NY, USA",CC BY-2.0,https://creativecommons.org/licenses/by/2.0,"seed from the batch-1 list (photograph approved in batch 1, left out by the batch-1 balancing step)"
ARCH_0578,Bahá'í Temple of South America,Hariri Pontarini Architects,,2016,Santiago,Chile,Latin America,temple,Contemporary,2010-today,nonindustrial,RAIC International Prize 2019,https://upload.wikimedia.org/wikipedia/commons/3/32/Templo_Bah%C3%A1%27%C3%AD_de_Sudam%C3%A9rica%2C_Santiago_20200208_03.jpg,"https://commons.wikimedia.org/wiki/File:Templo_Bah%C3%A1%27%C3%AD_de_Sudam%C3%A9rica,_Santiago_20200208_03.jpg",Carlos Figueroa,CC BY-SA-4.0,https://creativecommons.org/licenses/by-sa/4.0,Commons assessment: quality
ARCH_0579,Ginza Place,Klein Dytham architecture,,2016,Tokyo,Japan,Japan,retail building,Contemporary,2010-today,nonindustrial,landmark on the Ginza crossing,https://upload.wikimedia.org/wikipedia/commons/1/14/Ginza_Place_20241021.jpg,https://commons.wikimedia.org/wiki/File:Ginza_Place_20241021.jpg,"This Photo was taken by Supanut Arunoprayote.

Feel free to use any of my images, but please mention me as the author and may send me a message.  (สามารถใช้ภาพได้อิสระ แต่กรุณาใส่เครดิตผู้ถ่ายและอาจส่งข้อความบอกกล่าวด้วย) 



Please do not upload an updated image here without consultation with the Author. The author would like to make corrections only at his own source. This ensures that the changes are preserved.Please if you think that any changes should be required, please inform the author.Otherwise you can upload a new image with a new name. Please use one of the templates derivative or extract.",CC BY-4.0,https://creativecommons.org/licenses/by/4.0,
ARCH_0580,Hastings Pier,dRMM,,2016,Hastings,United Kingdom,Europe,pier / public space,Contemporary,2010-today,nonindustrial,RIBA Stirling Prize 2017,https://upload.wikimedia.org/wikipedia/commons/0/0d/Hastings_Pier_in_2018.jpg,https://commons.wikimedia.org/wiki/File:Hastings_Pier_in_2018.jpg,"Steve Parker from Ash Vale, UK",CC BY-2.0,https://creativecommons.org/licenses/by/2.0,
ARCH_0581,King Abdulaziz Center for World Culture,Snøhetta,,2016,Dhahran,Saudi Arabia,Middle East,cultural centre,Contemporary,2010-today,nonindustrial,Ithra cultural centre,https://upload.wikimedia.org/wikipedia/commons/3/35/King_Abdulaziz_Center_for_World_Culture_facade.jpg,https://commons.wikimedia.org/wiki/File:King_Abdulaziz_Center_for_World_Culture_facade.jpg,AhmadElq,CC BY-SA-4.0,https://creativecommons.org/licenses/by-sa/4.0,
ARCH_0582,MAAT (Lisbon),Amanda Levete (AL_A),,2016,Lisbon,Portugal,Europe,museum,Contemporary,2010-today,nonindustrial,"Museum of Art, Architecture and Technology",https://upload.wikimedia.org/wikipedia/commons/a/a5/Building_of_the_Museum_of_Art%2C_Architecture_and_Technology_in_Lisbon%2C_20250604_2006_9600.jpg,"https://commons.wikimedia.org/wiki/File:Building_of_the_Museum_of_Art,_Architecture_and_Technology_in_Lisbon,_20250604_2006_9600.jpg",Jakub Hałun,CC BY-4.0,https://creativecommons.org/licenses/by/4.0,Commons assessment: quality
ARCH_0583,Oculus (World Trade Center Transportation Hub),Santiago Calatrava,,2016,New York City,United States,North America,transit station,Structural expressionism,2010-today,nonindustrial,widely documented,https://upload.wikimedia.org/wikipedia/commons/e/e5/National_September_11_Memorial%2C_World_Trade_Center%2C_Manhattan%2C_New_York.jpg,"https://commons.wikimedia.org/wiki/File:National_September_11_Memorial,_World_Trade_Center,_Manhattan,_New_York.jpg",Christian David,CC BY-SA-4.0,https://creativecommons.org/licenses/by-sa/4.0,"seed from the batch-1 list (photograph approved in batch 1, left out by the batch-1 balancing step); Commons assessment: quality"
ARCH_0584,Rome Convention Center La Nuvola,"Massimiliano Fuksas, Doriana Fuksas",,2016,Rome,Italy,Europe,congress centre,Contemporary,2010-today,nonindustrial,major contemporary building in Rome,https://upload.wikimedia.org/wikipedia/commons/a/ad/Roma_Convention_Center_2018.jpg,https://commons.wikimedia.org/wiki/File:Roma_Convention_Center_2018.jpg,Carlo Dani,CC BY-SA-4.0,https://creativecommons.org/licenses/by-sa/4.0,
ARCH_0585,VIA 57 West,Bjarke Ingels,BIG,2016,New York City,United States,North America,collective housing,Contemporary,2010-today,nonindustrial,CTBUH Best Tall Building Americas 2016,https://upload.wikimedia.org/wikipedia/commons/2/25/Midtown_Manhattan_from_Weehawken_September_2021_002.jpg,https://commons.wikimedia.org/wiki/File:Midtown_Manhattan_from_Weehawken_September_2021_002.jpg,King of Hearts,CC BY-SA-4.0,https://creativecommons.org/licenses/by-sa/4.0,"seed from the batch-1 list (photograph approved in batch 1, left out by the batch-1 balancing step); Commons assessment: quality"
ARCH_0586,Apple Park,Norman Foster,Foster and Partners,2017,Cupertino,United States,North America,corporate headquarters,Contemporary / sustainable,2010-today,nonindustrial,widely documented corporate campus,https://upload.wikimedia.org/wikipedia/commons/e/eb/Apple_park_cupertino_2019.jpg,https://commons.wikimedia.org/wiki/File:Apple_park_cupertino_2019.jpg,Arne Müseler,CC BY-SA-3.0-DE,https://creativecommons.org/licenses/by-sa/3.0/de/deed.en,"seed from the batch-1 list (photograph approved in batch 1, left out by the batch-1 balancing step); Commons assessment: quality"
ARCH_0587,Bloomberg London,Norman Foster,Foster and Partners,2017,London,United Kingdom,Europe,office building,Sustainable contemporary,2010-today,nonindustrial,RIBA Stirling Prize 2018,https://upload.wikimedia.org/wikipedia/commons/0/03/Bloomberg_London_exterior_-_Cannon_Street%2C_Walbrook.jpg,"https://commons.wikimedia.org/wiki/File:Bloomberg_London_exterior_-_Cannon_Street,_Walbrook.jpg",The wub,CC BY-SA-4.0,https://creativecommons.org/licenses/by-sa/4.0,"seed from the batch-1 list (photograph approved in batch 1, left out by the batch-1 balancing step)"
ARCH_0588,Centro Botín,Renzo Piano,,2017,Santander,Spain,Europe,arts centre,Contemporary,2010-today,nonindustrial,waterfront arts centre,https://upload.wikimedia.org/wikipedia/commons/c/c4/Centro_Bot%C3%ADn%2C_Santander.jpg,"https://commons.wikimedia.org/wiki/File:Centro_Bot%C3%ADn,_Santander.jpg",Alonso de Mendoza,CC BY-SA-4.0,https://creativecommons.org/licenses/by-sa/4.0,
ARCH_0589,LEGO House,Bjarke Ingels,BIG,2017,Billund,Denmark,Europe,cultural centre / experience house,Contemporary,2010-today,nonindustrial,widely documented; corporate cultural building,https://upload.wikimedia.org/wikipedia/commons/b/bc/Billund_Lego_House_01.jpg,https://commons.wikimedia.org/wiki/File:Billund_Lego_House_01.jpg,Andrzej Otrębski,CC BY-SA-4.0,https://creativecommons.org/licenses/by-sa/4.0,"seed from the batch-1 list (photograph approved in batch 1, left out by the batch-1 balancing step)"
ARCH_0590,Amazon Spheres,NBBJ,NBBJ,2018,Seattle,United States,North America,corporate workplace / conservatory,Contemporary / parametric,2010-today,nonindustrial,widely documented corporate building,https://upload.wikimedia.org/wikipedia/commons/6/60/Seattle_Spheres_on_May_10%2C_2018.jpg,"https://commons.wikimedia.org/wiki/File:Seattle_Spheres_on_May_10,_2018.jpg",Biodin,CC BY-SA-4.0,https://creativecommons.org/licenses/by-sa/4.0,"seed from the batch-1 list (photograph approved in batch 1, left out by the batch-1 balancing step)"
ARCH_0591,Amos Rex,JKMM Architects,,2018,Helsinki,Finland,Europe,museum,Contemporary,2010-today,nonindustrial,underground museum with domed skylights,https://upload.wikimedia.org/wikipedia/commons/d/d1/Amos_Rex_aukio.jpg,https://commons.wikimedia.org/wiki/File:Amos_Rex_aukio.jpg,Kulttuurinavigaattori,CC BY-SA-4.0,https://creativecommons.org/licenses/by-sa/4.0,
ARCH_0592,Coal Drops Yard,Heatherwick Studio,,2018,London,United Kingdom,Europe,retail (coal store conversion),Adaptive reuse,2010-today,industrial,conversion of Victorian coal drops at King's Cross,https://upload.wikimedia.org/wikipedia/commons/a/a6/Coal_Drops_Yard_0550.jpg,https://commons.wikimedia.org/wiki/File:Coal_Drops_Yard_0550.jpg,ClemRutter,CC BY-SA-4.0,https://creativecommons.org/licenses/by-sa/4.0,
ARCH_0593,National Kaohsiung Center for the Arts,Mecanoo,,2018,Kaohsiung,Taiwan,Asia,performing arts centre,Contemporary,2010-today,nonindustrial,Weiwuying; largest single-roof performing arts centre,https://upload.wikimedia.org/wikipedia/commons/5/50/National_Kaohsiung_Center_for_the_Arts.JPG,https://commons.wikimedia.org/wiki/File:National_Kaohsiung_Center_for_the_Arts.JPG,Jimmy3357569,CC BY-SA-4.0,https://creativecommons.org/licenses/by-sa/4.0,
ARCH_0594,V&A Dundee,Kengo Kuma,,2018,Dundee,United Kingdom,Europe,museum,Contemporary,2010-today,nonindustrial,RIAS award; widely documented,https://upload.wikimedia.org/wikipedia/commons/c/c0/Dundee_110419_094.jpg,https://commons.wikimedia.org/wiki/File:Dundee_110419_094.jpg,Richard Szwejkowski,CC BY-SA-2.0,https://creativecommons.org/licenses/by-sa/2.0,"seed from the batch-1 list (photograph approved in batch 1, left out by the batch-1 balancing step)"
ARCH_0595,Djamaa el Djazaïr,KSP Jürgen Engel Architekten,,2019,Algiers,Algeria,Africa,mosque,Contemporary,2010-today,nonindustrial,tallest minaret in the world,https://upload.wikimedia.org/wikipedia/commons/c/ca/Djama%C3%A2_El_Djaza%C3%AFr_%E2%80%93_The_Great_Mosque_of_Algiers_1.jpg,https://commons.wikimedia.org/wiki/File:Djama%C3%A2_El_Djaza%C3%AFr_%E2%80%93_The_Great_Mosque_of_Algiers_1.jpg,Rachid Hamatou,CC BY-SA-4.0,https://creativecommons.org/licenses/by-sa/4.0,
ARCH_0596,Futurium,Richter Musikowski,,2019,Berlin,Germany,Europe,museum,Contemporary,2010-today,nonindustrial,science and future museum,https://upload.wikimedia.org/wikipedia/commons/d/d1/Mitte_Kapelle-Ufer_Futurium-001.jpg,https://commons.wikimedia.org/wiki/File:Mitte_Kapelle-Ufer_Futurium-001.jpg,Fridolin freudenfett,CC BY-SA-4.0,https://creativecommons.org/licenses/by-sa/4.0,
ARCH_0597,Deichman Bjørvika,"Atelier Oslo, Lundhagem",,2020,Oslo,Norway,Europe,library,Contemporary,2010-today,nonindustrial,Public Library of the Year 2021,https://upload.wikimedia.org/wikipedia/commons/c/c5/Deichman_Bj%C3%B8rvika_sett_fra_Operahuset_i_Oslo.jpg,https://commons.wikimedia.org/wiki/File:Deichman_Bj%C3%B8rvika_sett_fra_Operahuset_i_Oslo.jpg,Ssu,CC BY-SA-4.0,https://creativecommons.org/licenses/by-sa/4.0,
ARCH_0598,Kunsthaus Zürich Extension,David Chipperfield,David Chipperfield Architects,2020,Zurich,Switzerland,Europe,museum,Contemporary,2010-today,nonindustrial,Pritzker Prize architect,https://upload.wikimedia.org/wikipedia/commons/3/3a/Kunsthaus_Z%C3%BCrich_2011-08-06_17-34-28_ShiftN2.jpg,https://commons.wikimedia.org/wiki/File:Kunsthaus_Z%C3%BCrich_2011-08-06_17-34-28_ShiftN2.jpg,Roland zh,CC BY-SA-3.0,https://creativecommons.org/licenses/by-sa/3.0,"seed from the batch-1 list (photograph approved in batch 1, left out by the batch-1 balancing step)"
ARCH_0599,Munch Museum,Estudio Herreros,,2021,Oslo,Norway,Europe,museum,Contemporary,2010-today,nonindustrial,new Munch museum in Bjørvika,https://upload.wikimedia.org/wikipedia/commons/5/56/MUNCH_Museum_front_%282020%29_4.jpg,https://commons.wikimedia.org/wiki/File:MUNCH_Museum_front_(2020)_4.jpg,Premeditated,CC BY-SA-4.0,https://creativecommons.org/licenses/by-sa/4.0,
ARCH_0600,National Museum of Norway,Kleihues + Schuwerk,,2022,Oslo,Norway,Europe,museum,Contemporary,2010-today,nonindustrial,largest art museum in the Nordic countries,https://upload.wikimedia.org/wikipedia/commons/f/fe/2025-09-27-Nationalmuseum-Oslo.jpg,https://commons.wikimedia.org/wiki/File:2025-09-27-Nationalmuseum-Oslo.jpg,Gunnar Klack,CC BY-SA-4.0,https://creativecommons.org/licenses/by-sa/4.0,
