trial_id,participant_id,anonymous_code,session_id,protocol_version,prompt_code,seed,left_generated_image_id,left_condition,left_training_run,right_generated_image_id,right_condition,right_training_run,selected_side,winner_condition,response_time_ms,shown_at,answered_at,client_layout,quality_flags,excluded_from_analysis
161,211,P0211,245,2,C15,25478,2767,CONTROL,RUN-CONTROL-4,2383,AESTHETIC,RUN-AESTHETIC-4,Left,CONTROL,15585.0,2000-01-03T20:24:37.440Z,2000-01-03T20:25:00.003Z,horizontal,,False
162,211,P0211,245,2,B14,25478,2491,BASE,,2683,CONTROL,RUN-CONTROL-4,Tie,TIE,2756.0,2000-01-03T20:25:00.060Z,2000-01-03T20:25:03.037Z,horizontal,,False
163,211,P0211,245,2,C16,6127,2777,CONTROL,RUN-CONTROL-4,2585,BASE,,Left,CONTROL,2848.0,2000-01-03T20:25:03.048Z,2000-01-03T20:25:06.115Z,horizontal,,False
164,211,P0211,245,2,B01,85,2654,CONTROL,RUN-CONTROL-4,2270,AESTHETIC,RUN-AESTHETIC-4,Right,AESTHETIC,4848.0,2000-01-03T20:25:06.126Z,2000-01-03T20:25:11.187Z,horizontal,,False
165,211,P0211,245,2,A27,85,2460,BASE,,2268,AESTHETIC,RUN-AESTHETIC-4,Right,AESTHETIC,2410.0,2000-01-03T20:25:11.196Z,2000-01-03T20:25:13.850Z,horizontal,,False
166,211,P0211,245,2,B01,7,2662,CONTROL,RUN-CONTROL-4,2278,AESTHETIC,RUN-AESTHETIC-4,Left,CONTROL,3463.0,2000-01-03T20:25:13.864Z,2000-01-03T20:25:17.552Z,horizontal,,False
167,211,P0211,245,2,A07,6127,2617,CONTROL,RUN-CONTROL-4,2425,BASE,,Left,CONTROL,2198.0,2000-01-03T20:25:17.564Z,2000-01-03T20:25:19.971Z,horizontal,,False
168,211,P0211,245,2,C01,25478,2333,AESTHETIC,RUN-AESTHETIC-4,2525,BASE,,Left,AESTHETIC,4212.0,2000-01-03T20:25:20.007Z,2000-01-03T20:25:24.425Z,horizontal,,False
169,211,P0211,245,2,B23,25478,2507,BASE,,2315,AESTHETIC,RUN-AESTHETIC-4,Left,BASE,5316.0,2000-01-03T20:25:24.435Z,2000-01-03T20:25:29.963Z,horizontal,,False
170,211,P0211,245,2,C12,6127,2569,BASE,,2761,CONTROL,RUN-CONTROL-4,Tie,TIE,5071.0,2000-01-03T20:25:29.974Z,2000-01-03T20:25:35.258Z,horizontal,,False
171,211,P0211,245,2,B20,25478,2305,AESTHETIC,RUN-AESTHETIC-4,2497,BASE,,Left,AESTHETIC,2983.0,2000-01-03T20:25:35.269Z,2000-01-03T20:25:38.474Z,horizontal,,False
172,211,P0211,245,2,A22,25478,2445,BASE,,2637,CONTROL,RUN-CONTROL-4,Left,BASE,2084.0,2000-01-03T20:25:38.485Z,2000-01-03T20:25:40.775Z,horizontal,,False
173,211,P0211,245,2,C01,6127,2533,BASE,,2341,AESTHETIC,RUN-AESTHETIC-4,Right,AESTHETIC,2375.0,2000-01-03T20:25:40.784Z,2000-01-03T20:25:43.361Z,horizontal,,False
174,211,P0211,245,2,A07,25478,2609,CONTROL,RUN-CONTROL-4,2417,BASE,,Right,BASE,3383.0,2000-01-03T20:25:43.371Z,2000-01-03T20:25:46.972Z,horizontal,,False
175,211,P0211,245,2,C02,85,2720,CONTROL,RUN-CONTROL-4,2528,BASE,,Left,CONTROL,2501.0,2000-01-03T20:25:46.981Z,2000-01-03T20:25:49.683Z,horizontal,,False
176,211,P0211,245,2,C15,7,2584,BASE,,2392,AESTHETIC,RUN-AESTHETIC-4,Left,BASE,2717.0,2000-01-03T20:25:49.693Z,2000-01-03T20:25:52.970Z,horizontal,,False
177,211,P0211,245,2,C07,6127,2743,CONTROL,RUN-CONTROL-4,2551,BASE,,Right,BASE,2995.0,2000-01-03T20:25:52.982Z,2000-01-03T20:25:56.356Z,horizontal,,False
178,211,P0211,245,2,B02,25478,2655,CONTROL,RUN-CONTROL-4,2463,BASE,,Right,BASE,4200.0,2000-01-03T20:25:56.369Z,2000-01-03T20:26:00.797Z,horizontal,,False
179,211,P0211,245,2,C16,7,2586,BASE,,2394,AESTHETIC,RUN-AESTHETIC-4,Tie,TIE,3834.0,2000-01-03T20:26:00.807Z,2000-01-03T20:26:04.895Z,horizontal,,False
180,211,P0211,245,2,B19,7,2504,BASE,,2696,CONTROL,RUN-CONTROL-4,Left,BASE,2550.0,2000-01-03T20:26:04.904Z,2000-01-03T20:26:07.666Z,horizontal,,False
181,211,P0211,245,2,B19,25478,2495,BASE,,2687,CONTROL,RUN-CONTROL-4,Left,BASE,4240.0,2000-01-03T20:26:07.678Z,2000-01-03T20:26:12.139Z,horizontal,,False
182,211,P0211,245,2,A27,7,2276,AESTHETIC,RUN-AESTHETIC-4,2660,CONTROL,RUN-CONTROL-4,Left,AESTHETIC,3135.0,2000-01-03T20:26:12.149Z,2000-01-03T20:26:15.490Z,horizontal,,False
183,211,P0211,245,2,A27,85,2460,BASE,,2652,CONTROL,RUN-CONTROL-4,Right,CONTROL,74683.0,2000-01-03T20:26:15.505Z,2000-01-03T20:27:30.414Z,horizontal,,False
184,211,P0211,245,2,C07,25478,2735,CONTROL,RUN-CONTROL-4,2543,BASE,,Right,BASE,2338.0,2000-01-03T20:27:30.425Z,2000-01-03T20:27:32.980Z,horizontal,,False
185,211,P0211,245,2,C01,85,2334,AESTHETIC,RUN-AESTHETIC-4,2526,BASE,,Tie,TIE,1909.0,2000-01-03T20:27:32.996Z,2000-01-03T20:27:35.115Z,horizontal,,False
186,211,P0211,245,2,A26,7,2650,CONTROL,RUN-CONTROL-4,2266,AESTHETIC,RUN-AESTHETIC-4,Right,AESTHETIC,4316.0,2000-01-03T20:27:35.125Z,2000-01-03T20:27:39.658Z,horizontal,,False
187,211,P0211,245,2,C08,6127,2745,CONTROL,RUN-CONTROL-4,2553,BASE,,Left,CONTROL,2904.0,2000-01-03T20:27:39.669Z,2000-01-03T20:27:42.797Z,horizontal,,False
188,211,P0211,245,2,A22,6127,2453,BASE,,2261,AESTHETIC,RUN-AESTHETIC-4,Left,BASE,2266.0,2000-01-03T20:27:42.807Z,2000-01-03T20:27:45.292Z,horizontal,,False
189,211,P0211,245,2,C07,6127,2359,AESTHETIC,RUN-AESTHETIC-4,2551,BASE,,Left,AESTHETIC,2005.0,2000-01-03T20:27:45.304Z,2000-01-03T20:27:47.550Z,horizontal,,False
190,211,P0211,245,2,A02,7,2614,CONTROL,RUN-CONTROL-4,2422,BASE,,Left,CONTROL,1997.0,2000-01-03T20:27:47.561Z,2000-01-03T20:27:49.771Z,horizontal,,False
191,203,P0203,246,2,B01,7,2278,AESTHETIC,RUN-AESTHETIC-4,2470,BASE,,Right,BASE,4211.0,2000-01-01T00:00:22.225Z,2000-01-01T00:00:27.091Z,vertical,,False
192,203,P0203,246,2,B15,6127,2693,CONTROL,RUN-CONTROL-4,2309,AESTHETIC,RUN-AESTHETIC-4,Left,CONTROL,9392.0,2000-01-01T00:00:27.177Z,2000-01-01T00:00:36.802Z,vertical,,False
193,203,P0203,246,2,A07,7,2234,AESTHETIC,RUN-AESTHETIC-4,2618,CONTROL,RUN-CONTROL-4,Right,CONTROL,9349.0,2000-01-01T00:00:36.850Z,2000-01-01T00:00:46.417Z,vertical,,False
194,203,P0203,246,2,B01,85,2462,BASE,,2654,CONTROL,RUN-CONTROL-4,Right,CONTROL,8935.0,2000-01-01T00:00:46.431Z,2000-01-01T00:00:55.588Z,vertical,,False
195,203,P0203,246,2,B25,25478,2701,CONTROL,RUN-CONTROL-4,2509,BASE,,Right,BASE,9632.0,2000-01-01T00:00:55.601Z,2000-01-01T00:01:05.459Z,vertical,,False
196,203,P0203,246,2,C05,85,2732,CONTROL,RUN-CONTROL-4,2540,BASE,,Left,CONTROL,4552.0,2000-01-01T00:01:05.472Z,2000-01-01T00:01:10.242Z,vertical,,False
197,203,P0203,246,2,A22,85,2254,AESTHETIC,RUN-AESTHETIC-4,2638,CONTROL,RUN-CONTROL-4,Right,CONTROL,3145.0,2000-01-01T00:01:10.253Z,2000-01-01T00:01:13.627Z,vertical,,False
198,203,P0203,246,2,C18,85,2590,BASE,,2398,AESTHETIC,RUN-AESTHETIC-4,Right,AESTHETIC,3013.0,2000-01-01T00:01:13.640Z,2000-01-01T00:01:16.875Z,vertical,,False
199,203,P0203,246,2,B02,25478,2271,AESTHETIC,RUN-AESTHETIC-4,2463,BASE,,Left,AESTHETIC,3053.0,2000-01-01T00:01:16.886Z,2000-01-01T00:01:20.165Z,vertical,,False
200,203,P0203,246,2,C05,6127,2739,CONTROL,RUN-CONTROL-4,2355,AESTHETIC,RUN-AESTHETIC-4,Left,CONTROL,2063.0,2000-01-01T00:01:20.179Z,2000-01-01T00:01:22.457Z,vertical,,False
201,203,P0203,246,2,C20,6127,2793,CONTROL,RUN-CONTROL-4,2409,AESTHETIC,RUN-AESTHETIC-4,Right,AESTHETIC,1554.0,2000-01-01T00:01:22.468Z,2000-01-01T00:01:24.389Z,vertical,,False
202,203,P0203,246,2,C05,25478,2347,AESTHETIC,RUN-AESTHETIC-4,2731,CONTROL,RUN-CONTROL-4,Right,CONTROL,5023.0,2000-01-01T00:01:24.401Z,2000-01-01T00:01:29.660Z,vertical,,False
203,203,P0203,246,2,A08,7,2244,AESTHETIC,RUN-AESTHETIC-4,2628,CONTROL,RUN-CONTROL-4,Right,CONTROL,2235.0,2000-01-01T00:01:29.673Z,2000-01-01T00:01:32.130Z,vertical,,False
204,203,P0203,246,2,B06,6127,2291,AESTHETIC,RUN-AESTHETIC-4,2483,BASE,,Left,AESTHETIC,2382.0,2000-01-01T00:01:32.142Z,2000-01-01T00:01:34.742Z,vertical,,False
205,203,P0203,246,2,B19,25478,2303,AESTHETIC,RUN-AESTHETIC-4,2687,CONTROL,RUN-CONTROL-4,Right,CONTROL,4754.0,2000-01-01T00:01:34.756Z,2000-01-01T00:01:39.731Z,vertical,,False
206,203,P0203,246,2,C11,25478,2559,BASE,,2751,CONTROL,RUN-CONTROL-4,Right,CONTROL,2085.0,2000-01-01T00:01:39.742Z,2000-01-01T00:01:42.041Z,vertical,,False
207,203,P0203,246,2,C14,6127,2389,AESTHETIC,RUN-AESTHETIC-4,2773,CONTROL,RUN-CONTROL-4,Right,CONTROL,3755.0,2000-01-01T00:01:42.052Z,2000-01-01T00:01:46.045Z,vertical,,False
208,203,P0203,246,2,C12,7,2570,BASE,,2762,CONTROL,RUN-CONTROL-4,Left,BASE,4004.0,2000-01-01T00:01:46.056Z,2000-01-01T00:01:50.272Z,vertical,,False
209,203,P0203,246,2,B14,85,2300,AESTHETIC,RUN-AESTHETIC-4,2684,CONTROL,RUN-CONTROL-4,Right,CONTROL,3293.0,2000-01-01T00:01:50.283Z,2000-01-01T00:01:53.804Z,vertical,,False
210,203,P0203,246,2,A09,25478,2429,BASE,,2621,CONTROL,RUN-CONTROL-4,Left,BASE,1929.0,2000-01-01T00:01:53.816Z,2000-01-01T00:01:55.963Z,vertical,,False
211,203,P0203,246,2,B26,85,2512,BASE,,2704,CONTROL,RUN-CONTROL-4,Right,CONTROL,1618.0,2000-01-01T00:01:55.974Z,2000-01-01T00:01:57.810Z,vertical,,False
212,203,P0203,246,2,B19,85,2496,BASE,,2304,AESTHETIC,RUN-AESTHETIC-4,Right,AESTHETIC,1594.0,2000-01-01T00:01:57.820Z,2000-01-01T00:01:59.627Z,vertical,,False
213,203,P0203,246,2,B27,85,2322,AESTHETIC,RUN-AESTHETIC-4,2706,CONTROL,RUN-CONTROL-4,Left,AESTHETIC,2191.0,2000-01-01T00:01:59.638Z,2000-01-01T00:02:02.044Z,vertical,,False
214,203,P0203,246,2,B15,7,2502,BASE,,2310,AESTHETIC,RUN-AESTHETIC-4,Left,BASE,1937.0,2000-01-01T00:02:02.058Z,2000-01-01T00:02:04.217Z,vertical,,False
215,203,P0203,246,2,B19,85,2304,AESTHETIC,RUN-AESTHETIC-4,2688,CONTROL,RUN-CONTROL-4,Right,CONTROL,1657.0,2000-01-01T00:02:04.227Z,2000-01-01T00:02:06.108Z,vertical,,False
216,203,P0203,246,2,C19,85,2592,BASE,,2400,AESTHETIC,RUN-AESTHETIC-4,Right,AESTHETIC,1423.0,2000-01-01T00:02:06.121Z,2000-01-01T00:02:07.761Z,vertical,,False
217,203,P0203,246,2,B02,6127,2663,CONTROL,RUN-CONTROL-4,2279,AESTHETIC,RUN-AESTHETIC-4,Right,AESTHETIC,1670.0,2000-01-01T00:02:07.772Z,2000-01-01T00:02:09.660Z,vertical,,False
218,203,P0203,246,2,C12,25478,2369,AESTHETIC,RUN-AESTHETIC-4,2561,BASE,,Right,BASE,1912.0,2000-01-01T00:02:09.670Z,2000-01-01T00:02:11.826Z,vertical,,False
219,203,P0203,246,2,A25,85,2448,BASE,,2256,AESTHETIC,RUN-AESTHETIC-4,Right,AESTHETIC,8761.0,2000-01-01T00:02:11.838Z,2000-01-01T00:02:20.817Z,vertical,,False
220,203,P0203,246,2,C11,6127,2567,BASE,,2759,CONTROL,RUN-CONTROL-4,Left,BASE,3166.0,2000-01-01T00:02:20.830Z,2000-01-01T00:02:24.213Z,vertical,,False
221,256,P0256,250,2,B09,25478,2287,AESTHETIC,RUN-AESTHETIC-4,2479,BASE,,Right,BASE,7671.0,2000-01-01T00:00:07.211Z,2000-01-01T00:00:15.159Z,vertical,,False
222,256,P0256,250,2,C16,6127,2393,AESTHETIC,RUN-AESTHETIC-4,2777,CONTROL,RUN-CONTROL-4,Right,CONTROL,8075.0,2000-01-01T00:00:15.205Z,2000-01-01T00:00:23.534Z,vertical,,False
223,256,P0256,250,2,C18,7,2790,CONTROL,RUN-CONTROL-4,2598,BASE,,Right,BASE,5694.0,2000-01-01T00:00:23.545Z,2000-01-01T00:00:29.465Z,vertical,,False
224,256,P0256,250,2,C05,7,2356,AESTHETIC,RUN-AESTHETIC-4,2740,CONTROL,RUN-CONTROL-4,Left,AESTHETIC,2635.0,2000-01-01T00:00:29.475Z,2000-01-01T00:00:32.337Z,vertical,,False
225,256,P0256,250,2,B29,7,2532,BASE,,2724,CONTROL,RUN-CONTROL-4,Left,BASE,5140.0,2000-01-01T00:00:32.348Z,2000-01-01T00:00:37.716Z,vertical,,False
226,256,P0256,250,2,B27,85,2514,BASE,,2322,AESTHETIC,RUN-AESTHETIC-4,Right,AESTHETIC,2780.0,2000-01-01T00:00:37.727Z,2000-01-01T00:00:40.730Z,vertical,,False
227,256,P0256,250,2,A08,85,2236,AESTHETIC,RUN-AESTHETIC-4,2620,CONTROL,RUN-CONTROL-4,Right,CONTROL,6008.0,2000-01-01T00:00:40.741Z,2000-01-01T00:00:46.986Z,vertical,,False
228,256,P0256,250,2,A09,6127,2629,CONTROL,RUN-CONTROL-4,2437,BASE,,Left,CONTROL,1998.0,2000-01-01T00:00:46.997Z,2000-01-01T00:00:49.221Z,vertical,,False
229,256,P0256,250,2,A01,7,2420,BASE,,2612,CONTROL,RUN-CONTROL-4,Left,BASE,2312.0,2000-01-01T00:00:49.233Z,2000-01-01T00:00:51.771Z,vertical,,False
230,256,P0256,250,2,C06,85,2542,BASE,,2734,CONTROL,RUN-CONTROL-4,Left,BASE,2380.0,2000-01-01T00:00:51.782Z,2000-01-01T00:00:54.391Z,vertical,,False
231,256,P0256,250,2,B14,25478,2491,BASE,,2299,AESTHETIC,RUN-AESTHETIC-4,Right,AESTHETIC,2078.0,2000-01-01T00:00:54.402Z,2000-01-01T00:00:56.702Z,vertical,,False
232,256,P0256,250,2,B06,7,2484,BASE,,2292,AESTHETIC,RUN-AESTHETIC-4,Left,BASE,3449.0,2000-01-01T00:00:56.714Z,2000-01-01T00:01:00.392Z,vertical,,False
233,256,P0256,250,2,B27,6127,2329,AESTHETIC,RUN-AESTHETIC-4,2713,CONTROL,RUN-CONTROL-4,Left,AESTHETIC,3590.0,2000-01-01T00:01:00.403Z,2000-01-01T00:01:04.225Z,vertical,,False
234,256,P0256,250,2,B23,6127,2707,CONTROL,RUN-CONTROL-4,2515,BASE,,Right,BASE,3574.0,2000-01-01T00:01:04.235Z,2000-01-01T00:01:08.043Z,vertical,,False
235,256,P0256,250,2,C10,7,2566,BASE,,2374,AESTHETIC,RUN-AESTHETIC-4,Right,AESTHETIC,3010.0,2000-01-01T00:01:08.054Z,2000-01-01T00:01:11.293Z,vertical,,False
236,256,P0256,250,2,C12,25478,2753,CONTROL,RUN-CONTROL-4,2369,AESTHETIC,RUN-AESTHETIC-4,Left,CONTROL,2610.0,2000-01-01T00:01:11.304Z,2000-01-01T00:01:14.154Z,vertical,,False
237,256,P0256,250,2,C16,25478,2769,CONTROL,RUN-CONTROL-4,2577,BASE,,Right,BASE,2763.0,2000-01-01T00:01:14.164Z,2000-01-01T00:01:17.161Z,vertical,,False
238,256,P0256,250,2,C04,6127,2345,AESTHETIC,RUN-AESTHETIC-4,2729,CONTROL,RUN-CONTROL-4,Left,AESTHETIC,2937.0,2000-01-01T00:01:17.173Z,2000-01-01T00:01:20.339Z,vertical,,False
239,256,P0256,250,2,A07,25478,2225,AESTHETIC,RUN-AESTHETIC-4,2417,BASE,,Left,AESTHETIC,1934.0,2000-01-01T00:01:20.349Z,2000-01-01T00:01:22.505Z,vertical,,False
240,256,P0256,250,2,C19,6127,2791,CONTROL,RUN-CONTROL-4,2407,AESTHETIC,RUN-AESTHETIC-4,Right,AESTHETIC,1968.0,2000-01-01T00:01:22.516Z,2000-01-01T00:01:24.711Z,vertical,,False
241,256,P0256,250,2,B12,25478,2289,AESTHETIC,RUN-AESTHETIC-4,2481,BASE,,Right,BASE,2727.0,2000-01-01T00:01:24.721Z,2000-01-01T00:01:27.677Z,vertical,,False
242,256,P0256,250,2,C19,85,2400,AESTHETIC,RUN-AESTHETIC-4,2784,CONTROL,RUN-CONTROL-4,Right,CONTROL,2844.0,2000-01-01T00:01:27.687Z,2000-01-01T00:01:30.763Z,vertical,,False
243,256,P0256,250,2,C17,7,2404,AESTHETIC,RUN-AESTHETIC-4,2596,BASE,,Left,AESTHETIC,1792.0,2000-01-01T00:01:30.773Z,2000-01-01T00:01:32.791Z,vertical,,False
244,256,P0256,250,2,A25,6127,2455,BASE,,2647,CONTROL,RUN-CONTROL-4,Left,BASE,2103.0,2000-01-01T00:01:32.800Z,2000-01-01T00:01:35.150Z,vertical,,False
245,256,P0256,250,2,A02,25478,2605,CONTROL,RUN-CONTROL-4,2221,AESTHETIC,RUN-AESTHETIC-4,Left,CONTROL,2483.0,2000-01-01T00:01:35.161Z,2000-01-01T00:01:37.914Z,vertical,,False
246,256,P0256,250,2,A08,6127,2627,CONTROL,RUN-CONTROL-4,2243,AESTHETIC,RUN-AESTHETIC-4,Right,AESTHETIC,1701.0,2000-01-01T00:01:37.925Z,2000-01-01T00:01:39.866Z,vertical,,False
247,256,P0256,250,2,A27,6127,2275,AESTHETIC,RUN-AESTHETIC-4,2659,CONTROL,RUN-CONTROL-4,Left,AESTHETIC,1910.0,2000-01-01T00:01:39.877Z,2000-01-01T00:01:42.017Z,vertical,,False
248,256,P0256,250,2,B04,85,2466,BASE,,2658,CONTROL,RUN-CONTROL-4,Right,CONTROL,3222.0,2000-01-01T00:01:42.028Z,2000-01-01T00:01:45.483Z,vertical,,False
249,256,P0256,250,2,B04,85,2274,AESTHETIC,RUN-AESTHETIC-4,2466,BASE,,Left,AESTHETIC,1593.0,2000-01-01T00:01:45.494Z,2000-01-01T00:01:47.335Z,vertical,,False
250,256,P0256,250,2,C04,25478,2529,BASE,,2721,CONTROL,RUN-CONTROL-4,Left,BASE,1633.0,2000-01-01T00:01:47.345Z,2000-01-01T00:01:49.247Z,vertical,,False
251,50,P0050,251,2,A26,6127,2649,CONTROL,RUN-CONTROL-4,2457,BASE,,Left,CONTROL,4141.0,2000-01-01T00:01:09.602Z,2000-01-01T00:01:14.160Z,vertical,,True
252,50,P0050,251,2,C17,6127,2595,BASE,,2403,AESTHETIC,RUN-AESTHETIC-4,Left,BASE,1480.0,2000-01-01T00:01:14.170Z,2000-01-01T00:01:15.841Z,vertical,,True
253,50,P0050,251,2,C05,85,2540,BASE,,2348,AESTHETIC,RUN-AESTHETIC-4,Right,AESTHETIC,726.0,2000-01-01T00:01:15.850Z,2000-01-01T00:01:16.777Z,vertical,VeryFastResponse,True
254,50,P0050,251,2,C15,6127,2583,BASE,,2775,CONTROL,RUN-CONTROL-4,Left,BASE,118.0,2000-01-01T00:01:16.791Z,2000-01-01T00:01:17.098Z,vertical,VeryFastResponse,True
255,50,P0050,251,2,C08,6127,2553,BASE,,2361,AESTHETIC,RUN-AESTHETIC-4,Right,AESTHETIC,122.0,2000-01-01T00:01:17.110Z,2000-01-01T00:01:17.422Z,vertical,VeryFastResponse,True
256,50,P0050,251,2,B15,6127,2309,AESTHETIC,RUN-AESTHETIC-4,2501,BASE,,Left,AESTHETIC,94.0,2000-01-01T00:01:17.434Z,2000-01-01T00:01:17.722Z,vertical,VeryFastResponse,True
257,50,P0050,251,2,B01,85,2462,BASE,,2270,AESTHETIC,RUN-AESTHETIC-4,Right,AESTHETIC,100.0,2000-01-01T00:01:17.733Z,2000-01-01T00:01:18.016Z,vertical,VeryFastResponse,True
258,50,P0050,251,2,C10,6127,2565,BASE,,2373,AESTHETIC,RUN-AESTHETIC-4,Left,BASE,74.0,2000-01-01T00:01:18.027Z,2000-01-01T00:01:18.297Z,vertical,VeryFastResponse,True
259,50,P0050,251,2,B20,85,2690,CONTROL,RUN-CONTROL-4,2498,BASE,,Left,CONTROL,21.0,2000-01-01T00:01:18.308Z,2000-01-01T00:01:18.518Z,vertical,VeryFastResponse,True
260,50,P0050,251,2,B23,7,2516,BASE,,2708,CONTROL,RUN-CONTROL-4,Right,CONTROL,90.0,2000-01-01T00:01:18.531Z,2000-01-01T00:01:18.857Z,vertical,VeryFastResponse,True
261,50,P0050,251,2,C04,6127,2537,BASE,,2345,AESTHETIC,RUN-AESTHETIC-4,Right,AESTHETIC,40.0,2000-01-01T00:01:18.870Z,2000-01-01T00:01:19.162Z,vertical,VeryFastResponse,True
262,50,P0050,251,2,C12,85,2754,CONTROL,RUN-CONTROL-4,2370,AESTHETIC,RUN-AESTHETIC-4,Left,CONTROL,25.0,2000-01-01T00:01:19.172Z,2000-01-01T00:01:19.380Z,vertical,VeryFastResponse,True
263,50,P0050,251,2,C10,7,2374,AESTHETIC,RUN-AESTHETIC-4,2758,CONTROL,RUN-CONTROL-4,Left,AESTHETIC,158.0,2000-01-01T00:01:19.391Z,2000-01-01T00:01:19.736Z,vertical,VeryFastResponse,True
264,50,P0050,251,2,B26,25478,2319,AESTHETIC,RUN-AESTHETIC-4,2703,CONTROL,RUN-CONTROL-4,Right,CONTROL,75.0,2000-01-01T00:01:19.748Z,2000-01-01T00:01:20.011Z,vertical,VeryFastResponse,True
265,50,P0050,251,2,B27,7,2330,AESTHETIC,RUN-AESTHETIC-4,2522,BASE,,Left,AESTHETIC,66.0,2000-01-01T00:01:20.022Z,2000-01-01T00:01:20.296Z,vertical,VeryFastResponse,True
266,50,P0050,251,2,A04,7,2616,CONTROL,RUN-CONTROL-4,2232,AESTHETIC,RUN-AESTHETIC-4,Left,CONTROL,18.0,2000-01-01T00:01:20.307Z,2000-01-01T00:01:20.512Z,vertical,VeryFastResponse,True
267,50,P0050,251,2,B15,25478,2493,BASE,,2685,CONTROL,RUN-CONTROL-4,Right,CONTROL,2278.0,2000-01-01T00:01:20.522Z,2000-01-01T00:01:23.035Z,vertical,,True
268,50,P0050,251,2,B12,7,2682,CONTROL,RUN-CONTROL-4,2490,BASE,,Right,BASE,1093.0,2000-01-01T00:01:23.046Z,2000-01-01T00:01:24.335Z,vertical,,True
269,50,P0050,251,2,C12,25478,2753,CONTROL,RUN-CONTROL-4,2561,BASE,,Right,BASE,481.0,2000-01-01T00:01:24.346Z,2000-01-01T00:01:25.017Z,vertical,VeryFastResponse,True
270,50,P0050,251,2,C15,6127,2775,CONTROL,RUN-CONTROL-4,2391,AESTHETIC,RUN-AESTHETIC-4,Right,AESTHETIC,450.0,2000-01-01T00:01:25.029Z,2000-01-01T00:01:25.672Z,vertical,VeryFastResponse,True
271,50,P0050,251,2,B29,7,2724,CONTROL,RUN-CONTROL-4,2340,AESTHETIC,RUN-AESTHETIC-4,Left,CONTROL,420.0,2000-01-01T00:01:25.684Z,2000-01-01T00:01:26.304Z,vertical,VeryFastResponse,True
272,50,P0050,251,2,A13,85,2434,BASE,,2626,CONTROL,RUN-CONTROL-4,Left,BASE,460.0,2000-01-01T00:01:26.317Z,2000-01-01T00:01:26.978Z,vertical,VeryFastResponse,True
273,50,P0050,251,2,B25,25478,2701,CONTROL,RUN-CONTROL-4,2317,AESTHETIC,RUN-AESTHETIC-4,Left,CONTROL,351.0,2000-01-01T00:01:27.140Z,2000-01-01T00:01:27.688Z,vertical,VeryFastResponse,True
274,50,P0050,251,2,A09,6127,2437,BASE,,2245,AESTHETIC,RUN-AESTHETIC-4,Left,BASE,466.0,2000-01-01T00:01:27.698Z,2000-01-01T00:01:28.372Z,vertical,VeryFastResponse,True
275,50,P0050,251,2,C04,25478,2337,AESTHETIC,RUN-AESTHETIC-4,2529,BASE,,Left,AESTHETIC,456.0,2000-01-01T00:01:28.387Z,2000-01-01T00:01:29.089Z,vertical,VeryFastResponse,True
276,50,P0050,251,2,B23,25478,2699,CONTROL,RUN-CONTROL-4,2315,AESTHETIC,RUN-AESTHETIC-4,Left,CONTROL,358.0,2000-01-01T00:01:29.099Z,2000-01-01T00:01:29.681Z,vertical,VeryFastResponse,True
277,50,P0050,251,2,C11,7,2376,AESTHETIC,RUN-AESTHETIC-4,2760,CONTROL,RUN-CONTROL-4,Left,AESTHETIC,534.0,2000-01-01T00:01:29.693Z,2000-01-01T00:01:30.425Z,vertical,VeryFastResponse,True
278,50,P0050,251,2,B27,7,2522,BASE,,2714,CONTROL,RUN-CONTROL-4,Right,CONTROL,764.0,2000-01-01T00:01:30.436Z,2000-01-01T00:01:31.538Z,vertical,VeryFastResponse,True
279,50,P0050,251,2,C02,6127,2727,CONTROL,RUN-CONTROL-4,2343,AESTHETIC,RUN-AESTHETIC-4,Left,CONTROL,329.0,2000-01-01T00:01:31.550Z,2000-01-01T00:01:32.077Z,vertical,VeryFastResponse,True
280,50,P0050,251,2,C19,6127,2599,BASE,,2407,AESTHETIC,RUN-AESTHETIC-4,Right,AESTHETIC,141.0,2000-01-01T00:01:32.111Z,2000-01-01T00:01:32.526Z,vertical,VeryFastResponse,True
281,20,P0020,253,2,C11,85,2560,BASE,,2368,AESTHETIC,RUN-AESTHETIC-4,Right,AESTHETIC,3145.0,2000-01-02T07:49:17.854Z,2000-01-02T07:49:21.255Z,vertical,,False
282,20,P0020,253,2,C04,25478,2721,CONTROL,RUN-CONTROL-4,2337,AESTHETIC,RUN-AESTHETIC-4,Left,CONTROL,3264.0,2000-01-02T07:49:21.265Z,2000-01-02T07:49:24.767Z,vertical,,False
283,20,P0020,253,2,C19,7,2408,AESTHETIC,RUN-AESTHETIC-4,2792,CONTROL,RUN-CONTROL-4,Right,CONTROL,1809.0,2000-01-02T07:49:24.777Z,2000-01-02T07:49:26.830Z,vertical,,False
284,20,P0020,253,2,A02,25478,2605,CONTROL,RUN-CONTROL-4,2413,BASE,,Right,BASE,1944.0,2000-01-02T07:49:26.840Z,2000-01-02T07:49:29.053Z,vertical,,False
285,20,P0020,253,2,C14,85,2574,BASE,,2382,AESTHETIC,RUN-AESTHETIC-4,Right,AESTHETIC,4391.0,2000-01-02T07:49:29.088Z,2000-01-02T07:49:33.734Z,vertical,,False
286,20,P0020,253,2,A25,25478,2639,CONTROL,RUN-CONTROL-4,2447,BASE,,Right,BASE,1969.0,2000-01-02T07:49:33.744Z,2000-01-02T07:49:35.975Z,vertical,,False
287,20,P0020,253,2,C05,25478,2347,AESTHETIC,RUN-AESTHETIC-4,2539,BASE,,Right,BASE,1275.0,2000-01-02T07:49:35.986Z,2000-01-02T07:49:37.525Z,vertical,,False
288,20,P0020,253,2,C17,85,2588,BASE,,2396,AESTHETIC,RUN-AESTHETIC-4,Right,AESTHETIC,1264.0,2000-01-02T07:49:37.535Z,2000-01-02T07:49:39.046Z,vertical,,False
289,20,P0020,253,2,C15,7,2776,CONTROL,RUN-CONTROL-4,2392,AESTHETIC,RUN-AESTHETIC-4,Right,AESTHETIC,1358.0,2000-01-02T07:49:39.057Z,2000-01-02T07:49:40.645Z,vertical,,False
290,20,P0020,253,2,B29,25478,2523,BASE,,2331,AESTHETIC,RUN-AESTHETIC-4,Right,AESTHETIC,1170.0,2000-01-02T07:49:40.655Z,2000-01-02T07:49:42.084Z,vertical,,False
291,20,P0020,253,2,C07,85,2736,CONTROL,RUN-CONTROL-4,2352,AESTHETIC,RUN-AESTHETIC-4,Right,AESTHETIC,1884.0,2000-01-02T07:49:42.094Z,2000-01-02T07:49:44.245Z,vertical,,False
292,20,P0020,253,2,A26,7,2458,BASE,,2650,CONTROL,RUN-CONTROL-4,Right,CONTROL,1864.0,2000-01-02T07:49:44.254Z,2000-01-02T07:49:46.338Z,vertical,,False
293,20,P0020,253,2,C07,25478,2735,CONTROL,RUN-CONTROL-4,2351,AESTHETIC,RUN-AESTHETIC-4,Right,AESTHETIC,1083.0,2000-01-02T07:49:46.348Z,2000-01-02T07:49:47.701Z,vertical,,False
294,20,P0020,253,2,A11,85,2624,CONTROL,RUN-CONTROL-4,2240,AESTHETIC,RUN-AESTHETIC-4,Left,CONTROL,2675.0,2000-01-02T07:49:47.721Z,2000-01-02T07:49:50.645Z,vertical,,False
295,20,P0020,253,2,B23,6127,2707,CONTROL,RUN-CONTROL-4,2323,AESTHETIC,RUN-AESTHETIC-4,Right,AESTHETIC,1815.0,2000-01-02T07:49:50.656Z,2000-01-02T07:49:52.733Z,vertical,,False
296,20,P0020,253,2,C20,85,2786,CONTROL,RUN-CONTROL-4,2402,AESTHETIC,RUN-AESTHETIC-4,Right,AESTHETIC,1107.0,2000-01-02T07:49:52.745Z,2000-01-02T07:49:54.125Z,vertical,,False
297,20,P0020,253,2,B04,25478,2657,CONTROL,RUN-CONTROL-4,2465,BASE,,Right,BASE,2156.0,2000-01-02T07:49:54.136Z,2000-01-02T07:49:56.532Z,vertical,,False
298,20,P0020,253,2,A22,25478,2637,CONTROL,RUN-CONTROL-4,2253,AESTHETIC,RUN-AESTHETIC-4,Left,CONTROL,2353.0,2000-01-02T07:49:56.544Z,2000-01-02T07:49:59.167Z,vertical,,False
299,20,P0020,253,2,C19,7,2792,CONTROL,RUN-CONTROL-4,2600,BASE,,Left,CONTROL,3647.0,2000-01-02T07:49:59.177Z,2000-01-02T07:50:03.101Z,vertical,,False
300,20,P0020,253,2,A13,7,2442,BASE,,2250,AESTHETIC,RUN-AESTHETIC-4,Right,AESTHETIC,1404.0,2000-01-02T07:50:03.113Z,2000-01-02T07:50:04.765Z,vertical,,False
301,20,P0020,253,2,C08,25478,2545,BASE,,2737,CONTROL,RUN-CONTROL-4,Right,CONTROL,1325.0,2000-01-02T07:50:04.777Z,2000-01-02T07:50:06.366Z,vertical,,False
302,20,P0020,253,2,C17,6127,2595,BASE,,2787,CONTROL,RUN-CONTROL-4,Right,CONTROL,2466.0,2000-01-02T07:50:06.376Z,2000-01-02T07:50:09.094Z,vertical,,False
303,20,P0020,253,2,C04,85,2338,AESTHETIC,RUN-AESTHETIC-4,2722,CONTROL,RUN-CONTROL-4,Right,CONTROL,812.0,2000-01-02T07:50:09.105Z,2000-01-02T07:50:10.169Z,vertical,,False
304,20,P0020,253,2,C02,25478,2527,BASE,,2335,AESTHETIC,RUN-AESTHETIC-4,Right,AESTHETIC,1497.0,2000-01-02T07:50:10.190Z,2000-01-02T07:50:11.924Z,vertical,,False
305,20,P0020,253,2,A09,25478,2237,AESTHETIC,RUN-AESTHETIC-4,2429,BASE,,Right,BASE,1385.0,2000-01-02T07:50:11.935Z,2000-01-02T07:50:13.565Z,vertical,,False
306,20,P0020,253,2,A04,85,2416,BASE,,2608,CONTROL,RUN-CONTROL-4,Right,CONTROL,1177.0,2000-01-02T07:50:13.575Z,2000-01-02T07:50:14.973Z,vertical,,False
307,20,P0020,253,2,B23,25478,2699,CONTROL,RUN-CONTROL-4,2507,BASE,,Right,BASE,1214.0,2000-01-02T07:50:14.983Z,2000-01-02T07:50:16.485Z,vertical,,False
308,20,P0020,253,2,A25,6127,2455,BASE,,2263,AESTHETIC,RUN-AESTHETIC-4,Right,AESTHETIC,888.0,2000-01-02T07:50:16.494Z,2000-01-02T07:50:17.646Z,vertical,,False
309,20,P0020,253,2,B19,7,2312,AESTHETIC,RUN-AESTHETIC-4,2696,CONTROL,RUN-CONTROL-4,Right,CONTROL,769.0,2000-01-02T07:50:17.656Z,2000-01-02T07:50:18.654Z,vertical,VeryFastResponse,False
310,20,P0020,253,2,C01,85,2334,AESTHETIC,RUN-AESTHETIC-4,2718,CONTROL,RUN-CONTROL-4,Right,CONTROL,853.0,2000-01-02T07:50:18.666Z,2000-01-02T07:50:19.769Z,vertical,,False
311,34,P0034,254,2,C08,7,2362,AESTHETIC,RUN-AESTHETIC-4,2746,CONTROL,RUN-CONTROL-4,Right,CONTROL,27090.0,2000-01-02T23:35:57.606Z,2000-01-02T23:36:25.264Z,horizontal,,False
312,34,P0034,254,2,C16,7,2778,CONTROL,RUN-CONTROL-4,2586,BASE,,Left,CONTROL,15138.0,2000-01-02T23:36:25.275Z,2000-01-02T23:36:40.644Z,horizontal,,False
313,34,P0034,254,2,C16,85,2770,CONTROL,RUN-CONTROL-4,2578,BASE,,Right,BASE,14066.0,2000-01-02T23:36:40.656Z,2000-01-02T23:36:54.955Z,horizontal,,False
314,34,P0034,254,2,C08,25478,2737,CONTROL,RUN-CONTROL-4,2353,AESTHETIC,RUN-AESTHETIC-4,Left,CONTROL,11924.0,2000-01-02T23:36:54.965Z,2000-01-02T23:37:07.112Z,horizontal,,False
315,34,P0034,254,2,B26,7,2328,AESTHETIC,RUN-AESTHETIC-4,2712,CONTROL,RUN-CONTROL-4,Right,CONTROL,5273.0,2000-01-02T23:37:07.122Z,2000-01-02T23:37:12.716Z,horizontal,,False
316,34,P0034,254,2,B12,6127,2489,BASE,,2297,AESTHETIC,RUN-AESTHETIC-4,Left,BASE,9533.0,2000-01-02T23:37:12.726Z,2000-01-02T23:37:22.499Z,horizontal,,False
317,34,P0034,254,2,C12,6127,2569,BASE,,2377,AESTHETIC,RUN-AESTHETIC-4,Left,BASE,4525.0,2000-01-02T23:37:22.510Z,2000-01-02T23:37:27.269Z,horizontal,,False
318,34,P0034,254,2,C09,25478,2747,CONTROL,RUN-CONTROL-4,2555,BASE,,Right,BASE,4983.0,2000-01-02T23:37:27.278Z,2000-01-02T23:37:32.483Z,horizontal,,False
319,34,P0034,254,2,C02,85,2336,AESTHETIC,RUN-AESTHETIC-4,2528,BASE,,Right,BASE,4350.0,2000-01-02T23:37:32.495Z,2000-01-02T23:37:37.071Z,horizontal,,False
320,34,P0034,254,2,B15,6127,2693,CONTROL,RUN-CONTROL-4,2501,BASE,,Right,BASE,3768.0,2000-01-02T23:37:37.081Z,2000-01-02T23:37:41.070Z,horizontal,,False
321,34,P0034,254,2,B01,7,2662,CONTROL,RUN-CONTROL-4,2470,BASE,,Right,BASE,7219.0,2000-01-02T23:37:41.080Z,2000-01-02T23:37:48.518Z,horizontal,,False
322,34,P0034,254,2,C19,25478,2399,AESTHETIC,RUN-AESTHETIC-4,2591,BASE,,Left,AESTHETIC,4316.0,2000-01-02T23:37:48.527Z,2000-01-02T23:37:53.065Z,horizontal,,False
323,34,P0034,254,2,B15,25478,2685,CONTROL,RUN-CONTROL-4,2301,AESTHETIC,RUN-AESTHETIC-4,Left,CONTROL,6906.0,2000-01-02T23:37:53.076Z,2000-01-02T23:38:00.205Z,horizontal,,False
324,34,P0034,254,2,B26,25478,2703,CONTROL,RUN-CONTROL-4,2511,BASE,,Right,BASE,4237.0,2000-01-02T23:38:00.218Z,2000-01-02T23:38:04.678Z,horizontal,,False
325,34,P0034,254,2,C17,7,2788,CONTROL,RUN-CONTROL-4,2404,AESTHETIC,RUN-AESTHETIC-4,Left,CONTROL,10726.0,2000-01-02T23:38:04.688Z,2000-01-02T23:38:15.634Z,horizontal,,False
326,34,P0034,254,2,C15,25478,2575,BASE,,2767,CONTROL,RUN-CONTROL-4,Left,BASE,4457.0,2000-01-02T23:38:15.646Z,2000-01-02T23:38:20.318Z,horizontal,,False
327,34,P0034,254,2,A08,7,2436,BASE,,2244,AESTHETIC,RUN-AESTHETIC-4,Left,BASE,3724.0,2000-01-02T23:38:20.328Z,2000-01-02T23:38:24.279Z,horizontal,,False
328,34,P0034,254,2,B14,6127,2691,CONTROL,RUN-CONTROL-4,2307,AESTHETIC,RUN-AESTHETIC-4,Left,CONTROL,2470.0,2000-01-02T23:38:24.288Z,2000-01-02T23:38:26.985Z,horizontal,,False
329,34,P0034,254,2,A08,6127,2435,BASE,,2627,CONTROL,RUN-CONTROL-4,Right,CONTROL,2758.0,2000-01-02T23:38:26.994Z,2000-01-02T23:38:29.977Z,horizontal,,False
330,34,P0034,254,2,A13,7,2634,CONTROL,RUN-CONTROL-4,2250,AESTHETIC,RUN-AESTHETIC-4,Right,AESTHETIC,4803.0,2000-01-02T23:38:29.988Z,2000-01-02T23:38:35.014Z,horizontal,,False
331,34,P0034,254,2,A04,7,2232,AESTHETIC,RUN-AESTHETIC-4,2424,BASE,,Left,AESTHETIC,9613.0,2000-01-02T23:38:35.025Z,2000-01-02T23:38:44.852Z,horizontal,,False
332,34,P0034,254,2,B23,6127,2323,AESTHETIC,RUN-AESTHETIC-4,2515,BASE,,Right,BASE,6356.0,2000-01-02T23:38:44.863Z,2000-01-02T23:38:51.460Z,horizontal,,False
333,34,P0034,254,2,A27,25478,2267,AESTHETIC,RUN-AESTHETIC-4,2459,BASE,,Left,AESTHETIC,7952.0,2000-01-02T23:38:51.472Z,2000-01-02T23:38:59.664Z,horizontal,,False
334,34,P0034,254,2,C09,6127,2755,CONTROL,RUN-CONTROL-4,2563,BASE,,Left,CONTROL,5199.0,2000-01-02T23:38:59.677Z,2000-01-02T23:39:05.099Z,horizontal,,False
335,34,P0034,254,2,B14,7,2308,AESTHETIC,RUN-AESTHETIC-4,2692,CONTROL,RUN-CONTROL-4,Right,CONTROL,2790.0,2000-01-02T23:39:05.109Z,2000-01-02T23:39:08.141Z,horizontal,,False
336,34,P0034,254,2,C15,6127,2391,AESTHETIC,RUN-AESTHETIC-4,2583,BASE,,Right,BASE,2808.0,2000-01-02T23:39:08.152Z,2000-01-02T23:39:11.189Z,horizontal,,False
337,34,P0034,254,2,A27,85,2652,CONTROL,RUN-CONTROL-4,2268,AESTHETIC,RUN-AESTHETIC-4,Left,CONTROL,2160.0,2000-01-02T23:39:11.199Z,2000-01-02T23:39:13.584Z,horizontal,,False
338,34,P0034,254,2,B15,85,2686,CONTROL,RUN-CONTROL-4,2302,AESTHETIC,RUN-AESTHETIC-4,Right,AESTHETIC,3204.0,2000-01-02T23:39:13.594Z,2000-01-02T23:39:17.019Z,horizontal,,False
339,34,P0034,254,2,C18,85,2782,CONTROL,RUN-CONTROL-4,2590,BASE,,Right,BASE,6607.0,2000-01-02T23:39:17.105Z,2000-01-02T23:39:23.949Z,horizontal,,False
340,34,P0034,254,2,C13,6127,2387,AESTHETIC,RUN-AESTHETIC-4,2579,BASE,,Right,BASE,1941.0,2000-01-02T23:39:23.987Z,2000-01-02T23:39:26.158Z,horizontal,,False
341,229,P0229,256,2,A25,85,2640,CONTROL,RUN-CONTROL-4,2256,AESTHETIC,RUN-AESTHETIC-4,Right,AESTHETIC,15947.0,2000-01-03T09:56:29.090Z,2000-01-03T09:56:45.211Z,vertical,,False
342,229,P0229,256,2,A13,6127,2249,AESTHETIC,RUN-AESTHETIC-4,2441,BASE,,Right,BASE,23990.0,2000-01-03T09:56:45.221Z,2000-01-03T09:57:09.450Z,vertical,,False
343,229,P0229,256,2,A11,7,2440,BASE,,2248,AESTHETIC,RUN-AESTHETIC-4,Right,AESTHETIC,9188.0,2000-01-03T09:57:09.460Z,2000-01-03T09:57:18.910Z,vertical,,False
344,229,P0229,256,2,C19,6127,2599,BASE,,2791,CONTROL,RUN-CONTROL-4,Right,CONTROL,8046.0,2000-01-03T09:57:18.922Z,2000-01-03T09:57:27.210Z,vertical,,False
345,229,P0229,256,2,C20,25478,2593,BASE,,2401,AESTHETIC,RUN-AESTHETIC-4,Left,BASE,12119.0,2000-01-03T09:57:27.220Z,2000-01-03T09:57:39.572Z,vertical,,False
346,229,P0229,256,2,C12,7,2378,AESTHETIC,RUN-AESTHETIC-4,2570,BASE,,Right,BASE,5835.0,2000-01-03T09:57:39.583Z,2000-01-03T09:57:45.651Z,vertical,,False
347,229,P0229,256,2,C09,7,2756,CONTROL,RUN-CONTROL-4,2372,AESTHETIC,RUN-AESTHETIC-4,Right,AESTHETIC,5678.0,2000-01-03T09:57:45.663Z,2000-01-03T09:57:51.568Z,vertical,,False
348,229,P0229,256,2,A04,6127,2615,CONTROL,RUN-CONTROL-4,2231,AESTHETIC,RUN-AESTHETIC-4,Left,CONTROL,14771.0,2000-01-03T09:57:51.580Z,2000-01-03T09:58:06.589Z,vertical,,False
349,229,P0229,256,2,C18,25478,2781,CONTROL,RUN-CONTROL-4,2397,AESTHETIC,RUN-AESTHETIC-4,Right,AESTHETIC,6043.0,2000-01-03T09:58:06.604Z,2000-01-03T09:58:12.891Z,vertical,,False
350,229,P0229,256,2,C15,85,2576,BASE,,2768,CONTROL,RUN-CONTROL-4,Left,BASE,8523.0,2000-01-03T09:58:12.908Z,2000-01-03T09:58:21.670Z,vertical,,False
351,229,P0229,256,2,B14,7,2500,BASE,,2308,AESTHETIC,RUN-AESTHETIC-4,Right,AESTHETIC,3633.0,2000-01-03T09:58:21.681Z,2000-01-03T09:58:25.550Z,vertical,,False
352,229,P0229,256,2,C18,6127,2405,AESTHETIC,RUN-AESTHETIC-4,2789,CONTROL,RUN-CONTROL-4,Right,CONTROL,3724.0,2000-01-03T09:58:25.561Z,2000-01-03T09:58:29.530Z,vertical,,False
353,229,P0229,256,2,C04,7,2730,CONTROL,RUN-CONTROL-4,2538,BASE,,Right,BASE,3505.0,2000-01-03T09:58:29.541Z,2000-01-03T09:58:33.290Z,vertical,,False
354,229,P0229,256,2,A02,7,2230,AESTHETIC,RUN-AESTHETIC-4,2614,CONTROL,RUN-CONTROL-4,Left,AESTHETIC,6797.0,2000-01-03T09:58:33.300Z,2000-01-03T09:58:40.330Z,vertical,,False
355,229,P0229,256,2,C09,6127,2371,AESTHETIC,RUN-AESTHETIC-4,2755,CONTROL,RUN-CONTROL-4,Left,AESTHETIC,10584.0,2000-01-03T09:58:40.341Z,2000-01-03T09:58:51.199Z,vertical,,False
356,229,P0229,256,2,B20,25478,2497,BASE,,2689,CONTROL,RUN-CONTROL-4,Right,CONTROL,9526.0,2000-01-03T09:58:51.207Z,2000-01-03T09:59:00.970Z,vertical,,False
357,229,P0229,256,2,B29,25478,2715,CONTROL,RUN-CONTROL-4,2523,BASE,,Left,CONTROL,4033.0,2000-01-03T09:59:00.980Z,2000-01-03T09:59:05.251Z,vertical,,False
358,229,P0229,256,2,A13,85,2626,CONTROL,RUN-CONTROL-4,2242,AESTHETIC,RUN-AESTHETIC-4,Right,AESTHETIC,2536.0,2000-01-03T09:59:05.261Z,2000-01-03T09:59:08.027Z,vertical,,False
359,229,P0229,256,2,B19,6127,2311,AESTHETIC,RUN-AESTHETIC-4,2503,BASE,,Right,BASE,5938.0,2000-01-03T09:59:08.038Z,2000-01-03T09:59:14.242Z,vertical,,False
360,229,P0229,256,2,C08,6127,2361,AESTHETIC,RUN-AESTHETIC-4,2745,CONTROL,RUN-CONTROL-4,Left,AESTHETIC,3176.0,2000-01-03T09:59:14.251Z,2000-01-03T09:59:17.671Z,vertical,,False
361,229,P0229,256,2,A02,25478,2221,AESTHETIC,RUN-AESTHETIC-4,2413,BASE,,Left,AESTHETIC,2901.0,2000-01-03T09:59:17.682Z,2000-01-03T09:59:20.810Z,vertical,,False
362,229,P0229,256,2,B04,7,2666,CONTROL,RUN-CONTROL-4,2474,BASE,,Right,BASE,5106.0,2000-01-03T09:59:20.820Z,2000-01-03T09:59:26.149Z,vertical,,False
363,229,P0229,256,2,C16,25478,2385,AESTHETIC,RUN-AESTHETIC-4,2769,CONTROL,RUN-CONTROL-4,Left,AESTHETIC,5277.0,2000-01-03T09:59:26.160Z,2000-01-03T09:59:31.672Z,vertical,,False
364,229,P0229,256,2,B19,85,2688,CONTROL,RUN-CONTROL-4,2496,BASE,,Left,CONTROL,3134.0,2000-01-03T09:59:31.683Z,2000-01-03T09:59:35.051Z,vertical,,False
365,229,P0229,256,2,A26,7,2458,BASE,,2266,AESTHETIC,RUN-AESTHETIC-4,Right,AESTHETIC,5430.0,2000-01-03T09:59:35.061Z,2000-01-03T09:59:40.731Z,vertical,,False
366,229,P0229,256,2,B23,85,2508,BASE,,2700,CONTROL,RUN-CONTROL-4,Right,CONTROL,2783.0,2000-01-03T09:59:40.745Z,2000-01-03T09:59:43.751Z,vertical,,False
367,229,P0229,256,2,C04,85,2338,AESTHETIC,RUN-AESTHETIC-4,2530,BASE,,Left,AESTHETIC,3239.0,2000-01-03T09:59:43.762Z,2000-01-03T09:59:47.289Z,vertical,,False
368,229,P0229,256,2,A01,7,2228,AESTHETIC,RUN-AESTHETIC-4,2420,BASE,,Left,AESTHETIC,11723.0,2000-01-03T09:59:47.298Z,2000-01-03T09:59:59.269Z,vertical,,False
369,229,P0229,256,2,C15,25478,2383,AESTHETIC,RUN-AESTHETIC-4,2575,BASE,,Right,BASE,2770.0,2000-01-03T09:59:59.279Z,2000-01-03T10:00:02.293Z,vertical,,False
370,229,P0229,256,2,A09,6127,2245,AESTHETIC,RUN-AESTHETIC-4,2629,CONTROL,RUN-CONTROL-4,Left,AESTHETIC,10186.0,2000-01-03T10:00:02.305Z,2000-01-03T10:00:12.729Z,vertical,,False
371,111,P0111,261,2,A11,6127,2247,AESTHETIC,RUN-AESTHETIC-4,2439,BASE,,Right,BASE,4933.0,2000-01-03T10:27:43.345Z,2000-01-03T10:27:49.011Z,vertical,,False
372,111,P0111,261,2,C16,7,2394,AESTHETIC,RUN-AESTHETIC-4,2778,CONTROL,RUN-CONTROL-4,Left,AESTHETIC,5364.0,2000-01-03T10:27:49.025Z,2000-01-03T10:27:54.663Z,vertical,,False
373,111,P0111,261,2,B19,25478,2495,BASE,,2303,AESTHETIC,RUN-AESTHETIC-4,Right,AESTHETIC,4639.0,2000-01-03T10:27:54.673Z,2000-01-03T10:27:59.582Z,vertical,,False
374,111,P0111,261,2,A15,25478,2251,AESTHETIC,RUN-AESTHETIC-4,2635,CONTROL,RUN-CONTROL-4,Left,AESTHETIC,2212.0,2000-01-03T10:27:59.592Z,2000-01-03T10:28:02.082Z,vertical,,False
375,111,P0111,261,2,C18,7,2790,CONTROL,RUN-CONTROL-4,2406,AESTHETIC,RUN-AESTHETIC-4,Right,AESTHETIC,3421.0,2000-01-03T10:28:02.091Z,2000-01-03T10:28:05.773Z,vertical,,False
376,111,P0111,261,2,B20,7,2506,BASE,,2698,CONTROL,RUN-CONTROL-4,Left,BASE,2287.0,2000-01-03T10:28:05.783Z,2000-01-03T10:28:08.313Z,vertical,,False
377,111,P0111,261,2,A15,25478,2443,BASE,,2251,AESTHETIC,RUN-AESTHETIC-4,Left,BASE,2293.0,2000-01-03T10:28:08.323Z,2000-01-03T10:28:10.892Z,vertical,,False
378,111,P0111,261,2,C10,6127,2757,CONTROL,RUN-CONTROL-4,2565,BASE,,Right,BASE,5455.0,2000-01-03T10:28:10.903Z,2000-01-03T10:28:16.622Z,vertical,,False
379,111,P0111,261,2,B26,85,2320,AESTHETIC,RUN-AESTHETIC-4,2704,CONTROL,RUN-CONTROL-4,Left,AESTHETIC,3642.0,2000-01-03T10:28:16.633Z,2000-01-03T10:28:20.542Z,vertical,,False
380,111,P0111,261,2,B06,6127,2675,CONTROL,RUN-CONTROL-4,2483,BASE,,Left,CONTROL,1958.0,2000-01-03T10:28:20.551Z,2000-01-03T10:28:22.792Z,vertical,,False
381,111,P0111,261,2,A22,85,2254,AESTHETIC,RUN-AESTHETIC-4,2446,BASE,,Left,AESTHETIC,2468.0,2000-01-03T10:28:22.802Z,2000-01-03T10:28:25.553Z,vertical,,False
382,111,P0111,261,2,A07,6127,2425,BASE,,2233,AESTHETIC,RUN-AESTHETIC-4,Left,BASE,2215.0,2000-01-03T10:28:25.563Z,2000-01-03T10:28:28.054Z,vertical,,False
383,111,P0111,261,2,C14,7,2390,AESTHETIC,RUN-AESTHETIC-4,2774,CONTROL,RUN-CONTROL-4,Right,CONTROL,1731.0,2000-01-03T10:28:28.064Z,2000-01-03T10:28:30.070Z,vertical,,False
384,111,P0111,261,2,A11,6127,2631,CONTROL,RUN-CONTROL-4,2247,AESTHETIC,RUN-AESTHETIC-4,Left,CONTROL,1939.0,2000-01-03T10:28:30.081Z,2000-01-03T10:28:32.292Z,vertical,,False
385,111,P0111,261,2,C09,25478,2363,AESTHETIC,RUN-AESTHETIC-4,2555,BASE,,Left,AESTHETIC,1723.0,2000-01-03T10:28:32.301Z,2000-01-03T10:28:34.305Z,vertical,,False
386,111,P0111,261,2,B25,6127,2517,BASE,,2325,AESTHETIC,RUN-AESTHETIC-4,Right,AESTHETIC,1769.0,2000-01-03T10:28:34.316Z,2000-01-03T10:28:36.362Z,vertical,,False
387,111,P0111,261,2,B12,7,2298,AESTHETIC,RUN-AESTHETIC-4,2490,BASE,,Left,AESTHETIC,3285.0,2000-01-03T10:28:36.373Z,2000-01-03T10:28:39.955Z,vertical,,False
388,111,P0111,261,2,C20,6127,2409,AESTHETIC,RUN-AESTHETIC-4,2601,BASE,,Right,BASE,1912.0,2000-01-03T10:28:39.965Z,2000-01-03T10:28:42.153Z,vertical,,False
389,111,P0111,261,2,A11,85,2624,CONTROL,RUN-CONTROL-4,2432,BASE,,Right,BASE,2053.0,2000-01-03T10:28:42.163Z,2000-01-03T10:28:44.463Z,vertical,,False
390,111,P0111,261,2,B04,25478,2657,CONTROL,RUN-CONTROL-4,2273,AESTHETIC,RUN-AESTHETIC-4,Right,AESTHETIC,2812.0,2000-01-03T10:28:44.473Z,2000-01-03T10:28:47.562Z,vertical,,False
391,111,P0111,261,2,B15,7,2694,CONTROL,RUN-CONTROL-4,2502,BASE,,Left,CONTROL,1717.0,2000-01-03T10:28:47.573Z,2000-01-03T10:28:49.574Z,vertical,,False
392,111,P0111,261,2,C05,6127,2355,AESTHETIC,RUN-AESTHETIC-4,2547,BASE,,Right,BASE,2553.0,2000-01-03T10:28:49.585Z,2000-01-03T10:28:52.420Z,vertical,,False
393,111,P0111,261,2,A01,7,2228,AESTHETIC,RUN-AESTHETIC-4,2612,CONTROL,RUN-CONTROL-4,Right,CONTROL,1860.0,2000-01-03T10:28:52.433Z,2000-01-03T10:28:54.573Z,vertical,,False
394,111,P0111,261,2,A08,25478,2619,CONTROL,RUN-CONTROL-4,2235,AESTHETIC,RUN-AESTHETIC-4,Right,AESTHETIC,1683.0,2000-01-03T10:28:54.589Z,2000-01-03T10:28:56.542Z,vertical,,False
395,111,P0111,261,2,B20,85,2306,AESTHETIC,RUN-AESTHETIC-4,2498,BASE,,Left,AESTHETIC,2015.0,2000-01-03T10:28:56.555Z,2000-01-03T10:28:58.853Z,vertical,,False
396,111,P0111,261,2,C17,25478,2587,BASE,,2395,AESTHETIC,RUN-AESTHETIC-4,Right,AESTHETIC,1360.0,2000-01-03T10:28:58.864Z,2000-01-03T10:29:00.503Z,vertical,,False
397,111,P0111,261,2,C19,25478,2783,CONTROL,RUN-CONTROL-4,2399,AESTHETIC,RUN-AESTHETIC-4,Right,AESTHETIC,1781.0,2000-01-03T10:29:00.514Z,2000-01-03T10:29:02.590Z,vertical,,False
398,111,P0111,261,2,A09,7,2438,BASE,,2630,CONTROL,RUN-CONTROL-4,Right,CONTROL,2165.0,2000-01-03T10:29:02.601Z,2000-01-03T10:29:05.044Z,vertical,,False
399,111,P0111,261,2,B08,7,2294,AESTHETIC,RUN-AESTHETIC-4,2678,CONTROL,RUN-CONTROL-4,Right,CONTROL,2401.0,2000-01-03T10:29:05.054Z,2000-01-03T10:29:07.742Z,vertical,,False
400,111,P0111,261,2,A13,7,2634,CONTROL,RUN-CONTROL-4,2442,BASE,,Left,CONTROL,1806.0,2000-01-03T10:29:07.752Z,2000-01-03T10:29:09.841Z,vertical,,False
401,4,P0004,262,2,B23,85,2316,AESTHETIC,RUN-AESTHETIC-4,2508,BASE,,Tie,TIE,10246.0,2000-01-03T09:59:58.199Z,2000-01-03T10:00:09.266Z,vertical,,False
402,4,P0004,262,2,B06,7,2484,BASE,,2676,CONTROL,RUN-CONTROL-4,Left,BASE,9026.0,2000-01-03T10:00:09.277Z,2000-01-03T10:00:18.822Z,vertical,,False
403,4,P0004,262,2,A22,7,2262,AESTHETIC,RUN-AESTHETIC-4,2646,CONTROL,RUN-CONTROL-4,Tie,TIE,7936.0,2000-01-03T10:00:18.834Z,2000-01-03T10:00:27.038Z,vertical,,False
404,4,P0004,262,2,B20,25478,2305,AESTHETIC,RUN-AESTHETIC-4,2689,CONTROL,RUN-CONTROL-4,Right,CONTROL,6158.0,2000-01-03T10:00:27.049Z,2000-01-03T10:00:33.466Z,vertical,,False
405,4,P0004,262,2,B02,25478,2655,CONTROL,RUN-CONTROL-4,2271,AESTHETIC,RUN-AESTHETIC-4,Right,AESTHETIC,8638.0,2000-01-03T10:00:33.476Z,2000-01-03T10:00:43.260Z,vertical,,False
406,4,P0004,262,2,B19,7,2504,BASE,,2312,AESTHETIC,RUN-AESTHETIC-4,Tie,TIE,6757.0,2000-01-03T10:00:43.269Z,2000-01-03T10:00:50.795Z,vertical,,False
407,4,P0004,262,2,C09,7,2372,AESTHETIC,RUN-AESTHETIC-4,2564,BASE,,Right,BASE,4102.0,2000-01-03T10:00:50.805Z,2000-01-03T10:00:55.409Z,vertical,,False
408,4,P0004,262,2,C11,6127,2375,AESTHETIC,RUN-AESTHETIC-4,2759,CONTROL,RUN-CONTROL-4,Tie,TIE,6859.0,2000-01-03T10:00:55.419Z,2000-01-03T10:01:02.559Z,vertical,,False
409,4,P0004,262,2,A22,6127,2261,AESTHETIC,RUN-AESTHETIC-4,2645,CONTROL,RUN-CONTROL-4,Tie,TIE,10035.0,2000-01-03T10:01:02.570Z,2000-01-03T10:01:12.862Z,vertical,,False
410,4,P0004,262,2,A07,7,2618,CONTROL,RUN-CONTROL-4,2426,BASE,,Tie,TIE,3650.0,2000-01-03T10:01:12.873Z,2000-01-03T10:01:17.032Z,vertical,,False
411,4,P0004,262,2,C14,85,2766,CONTROL,RUN-CONTROL-4,2382,AESTHETIC,RUN-AESTHETIC-4,Left,CONTROL,6006.0,2000-01-03T10:01:17.042Z,2000-01-03T10:01:23.598Z,vertical,,False
412,4,P0004,262,2,C12,85,2370,AESTHETIC,RUN-AESTHETIC-4,2562,BASE,,Right,BASE,1911.0,2000-01-03T10:01:23.609Z,2000-01-03T10:01:25.792Z,vertical,,False
413,4,P0004,262,2,B27,25478,2705,CONTROL,RUN-CONTROL-4,2321,AESTHETIC,RUN-AESTHETIC-4,Right,AESTHETIC,2142.0,2000-01-03T10:01:25.805Z,2000-01-03T10:01:28.233Z,vertical,,False
414,4,P0004,262,2,C12,85,2754,CONTROL,RUN-CONTROL-4,2562,BASE,,Right,BASE,2223.0,2000-01-03T10:01:28.242Z,2000-01-03T10:01:30.714Z,vertical,,False
415,4,P0004,262,2,B20,6127,2313,AESTHETIC,RUN-AESTHETIC-4,2697,CONTROL,RUN-CONTROL-4,Left,AESTHETIC,5918.0,2000-01-03T10:01:30.724Z,2000-01-03T10:01:36.901Z,vertical,,False
416,4,P0004,262,2,C01,6127,2533,BASE,,2725,CONTROL,RUN-CONTROL-4,Right,CONTROL,10662.0,2000-01-03T10:01:36.911Z,2000-01-03T10:01:47.832Z,vertical,,False
417,4,P0004,262,2,C20,25478,2401,AESTHETIC,RUN-AESTHETIC-4,2785,CONTROL,RUN-CONTROL-4,Tie,TIE,2344.0,2000-01-03T10:01:47.843Z,2000-01-03T10:01:50.432Z,vertical,,False
418,4,P0004,262,2,A22,85,2638,CONTROL,RUN-CONTROL-4,2446,BASE,,Tie,TIE,1374.0,2000-01-03T10:01:50.443Z,2000-01-03T10:01:52.052Z,vertical,,False
419,4,P0004,262,2,C05,85,2732,CONTROL,RUN-CONTROL-4,2348,AESTHETIC,RUN-AESTHETIC-4,Left,CONTROL,3727.0,2000-01-03T10:01:52.064Z,2000-01-03T10:01:56.048Z,vertical,,False
420,4,P0004,262,2,C15,85,2384,AESTHETIC,RUN-AESTHETIC-4,2768,CONTROL,RUN-CONTROL-4,Right,CONTROL,7081.0,2000-01-03T10:01:56.059Z,2000-01-03T10:02:03.397Z,vertical,,False
421,4,P0004,262,2,C13,6127,2771,CONTROL,RUN-CONTROL-4,2579,BASE,,Right,BASE,2861.0,2000-01-03T10:02:03.406Z,2000-01-03T10:02:06.511Z,vertical,,False
422,4,P0004,262,2,A26,6127,2265,AESTHETIC,RUN-AESTHETIC-4,2457,BASE,,Tie,TIE,38073.0,2000-01-03T10:02:06.521Z,2000-01-03T10:02:44.834Z,vertical,,False
423,4,P0004,262,2,A09,7,2246,AESTHETIC,RUN-AESTHETIC-4,2630,CONTROL,RUN-CONTROL-4,Left,AESTHETIC,4208.0,2000-01-03T10:02:44.844Z,2000-01-03T10:02:49.513Z,vertical,,False
424,4,P0004,262,2,A27,6127,2275,AESTHETIC,RUN-AESTHETIC-4,2467,BASE,,Tie,TIE,2509.0,2000-01-03T10:02:49.527Z,2000-01-03T10:02:52.496Z,vertical,,False
425,4,P0004,262,2,C04,6127,2537,BASE,,2729,CONTROL,RUN-CONTROL-4,Tie,TIE,2396.0,2000-01-03T10:02:52.506Z,2000-01-03T10:02:55.182Z,vertical,,False
426,4,P0004,262,2,C04,7,2346,AESTHETIC,RUN-AESTHETIC-4,2538,BASE,,Left,AESTHETIC,6144.0,2000-01-03T10:02:55.194Z,2000-01-03T10:03:01.622Z,vertical,,False
427,4,P0004,262,2,C09,25478,2747,CONTROL,RUN-CONTROL-4,2363,AESTHETIC,RUN-AESTHETIC-4,Tie,TIE,3285.0,2000-01-03T10:03:01.632Z,2000-01-03T10:03:05.160Z,vertical,,False
428,4,P0004,262,2,C01,25478,2717,CONTROL,RUN-CONTROL-4,2333,AESTHETIC,RUN-AESTHETIC-4,Tie,TIE,1623.0,2000-01-03T10:03:05.171Z,2000-01-03T10:03:07.217Z,vertical,,False
429,4,P0004,262,2,A25,7,2456,BASE,,2648,CONTROL,RUN-CONTROL-4,Right,CONTROL,7954.0,2000-01-03T10:03:07.226Z,2000-01-03T10:03:18.178Z,vertical,,False
430,4,P0004,262,2,B04,85,2658,CONTROL,RUN-CONTROL-4,2274,AESTHETIC,RUN-AESTHETIC-4,Left,CONTROL,2983.0,2000-01-03T10:03:18.188Z,2000-01-03T10:03:21.670Z,vertical,,False
431,67,P0067,263,2,C08,25478,2353,AESTHETIC,RUN-AESTHETIC-4,2545,BASE,,Left,AESTHETIC,11754.0,2000-01-01T00:03:39.046Z,2000-01-01T00:03:51.547Z,vertical,,False
432,67,P0067,263,2,C13,7,2772,CONTROL,RUN-CONTROL-4,2580,BASE,,Right,BASE,2727.0,2000-01-01T00:03:51.556Z,2000-01-01T00:03:54.571Z,vertical,,False
433,67,P0067,263,2,B01,6127,2469,BASE,,2277,AESTHETIC,RUN-AESTHETIC-4,Left,BASE,12612.0,2000-01-01T00:03:54.582Z,2000-01-01T00:04:07.475Z,vertical,,False
434,67,P0067,263,2,C14,25478,2765,CONTROL,RUN-CONTROL-4,2573,BASE,,Left,CONTROL,4784.0,2000-01-01T00:04:07.485Z,2000-01-01T00:04:12.575Z,vertical,,False
435,67,P0067,263,2,A09,7,2246,AESTHETIC,RUN-AESTHETIC-4,2438,BASE,,Right,BASE,6279.0,2000-01-01T00:04:12.587Z,2000-01-01T00:04:19.148Z,vertical,,False
436,67,P0067,263,2,C08,85,2738,CONTROL,RUN-CONTROL-4,2354,AESTHETIC,RUN-AESTHETIC-4,Right,AESTHETIC,4557.0,2000-01-01T00:04:19.159Z,2000-01-01T00:04:24.034Z,vertical,,False
437,67,P0067,263,2,C18,6127,2597,BASE,,2405,AESTHETIC,RUN-AESTHETIC-4,Right,AESTHETIC,2789.0,2000-01-01T00:04:24.043Z,2000-01-01T00:04:27.134Z,vertical,,False
438,67,P0067,263,2,C19,25478,2591,BASE,,2783,CONTROL,RUN-CONTROL-4,Left,BASE,6927.0,2000-01-01T00:04:27.144Z,2000-01-01T00:04:34.355Z,vertical,,False
439,67,P0067,263,2,C06,25478,2733,CONTROL,RUN-CONTROL-4,2541,BASE,,Tie,TIE,7438.0,2000-01-01T00:04:34.365Z,2000-01-01T00:04:42.088Z,vertical,,False
440,67,P0067,263,2,A25,6127,2647,CONTROL,RUN-CONTROL-4,2263,AESTHETIC,RUN-AESTHETIC-4,Right,AESTHETIC,7834.0,2000-01-01T00:04:42.098Z,2000-01-01T00:04:50.216Z,vertical,,False
441,67,P0067,263,2,C08,7,2362,AESTHETIC,RUN-AESTHETIC-4,2554,BASE,,Tie,TIE,1810.0,2000-01-01T00:04:50.226Z,2000-01-01T00:04:52.329Z,vertical,,False
442,67,P0067,263,2,B02,6127,2663,CONTROL,RUN-CONTROL-4,2471,BASE,,Left,CONTROL,4509.0,2000-01-01T00:04:52.339Z,2000-01-01T00:04:57.116Z,vertical,,False
443,67,P0067,263,2,B08,7,2294,AESTHETIC,RUN-AESTHETIC-4,2486,BASE,,Right,BASE,2305.0,2000-01-01T00:04:57.128Z,2000-01-01T00:04:59.718Z,vertical,,False
444,67,P0067,263,2,B08,7,2486,BASE,,2678,CONTROL,RUN-CONTROL-4,Right,CONTROL,2386.0,2000-01-01T00:04:59.734Z,2000-01-01T00:05:02.428Z,vertical,,False
445,67,P0067,263,2,C02,6127,2535,BASE,,2343,AESTHETIC,RUN-AESTHETIC-4,Left,BASE,3471.0,2000-01-01T00:05:02.439Z,2000-01-01T00:05:06.188Z,vertical,,False
446,67,P0067,263,2,C02,25478,2527,BASE,,2719,CONTROL,RUN-CONTROL-4,Tie,TIE,1590.0,2000-01-01T00:05:06.199Z,2000-01-01T00:05:08.088Z,vertical,,False
447,67,P0067,263,2,C18,25478,2589,BASE,,2781,CONTROL,RUN-CONTROL-4,Tie,TIE,1411.0,2000-01-01T00:05:08.098Z,2000-01-01T00:05:09.797Z,vertical,,False
448,67,P0067,263,2,A04,6127,2231,AESTHETIC,RUN-AESTHETIC-4,2423,BASE,,Right,BASE,4455.0,2000-01-01T00:05:09.807Z,2000-01-01T00:05:14.540Z,vertical,,False
449,67,P0067,263,2,B06,7,2292,AESTHETIC,RUN-AESTHETIC-4,2676,CONTROL,RUN-CONTROL-4,Tie,TIE,1813.0,2000-01-01T00:05:14.550Z,2000-01-01T00:05:16.661Z,vertical,,False
450,67,P0067,263,2,A08,85,2428,BASE,,2620,CONTROL,RUN-CONTROL-4,Right,CONTROL,2030.0,2000-01-01T00:05:16.671Z,2000-01-01T00:05:18.971Z,vertical,,False
451,67,P0067,263,2,C05,7,2356,AESTHETIC,RUN-AESTHETIC-4,2548,BASE,,Tie,TIE,1754.0,2000-01-01T00:05:18.989Z,2000-01-01T00:05:21.049Z,vertical,,False
452,67,P0067,263,2,B01,6127,2469,BASE,,2661,CONTROL,RUN-CONTROL-4,Tie,TIE,2332.0,2000-01-01T00:05:21.060Z,2000-01-01T00:05:23.698Z,vertical,,False
453,67,P0067,263,2,C06,85,2350,AESTHETIC,RUN-AESTHETIC-4,2734,CONTROL,RUN-CONTROL-4,Tie,TIE,1497.0,2000-01-01T00:05:23.710Z,2000-01-01T00:05:25.487Z,vertical,,False
454,67,P0067,263,2,C05,25478,2539,BASE,,2731,CONTROL,RUN-CONTROL-4,Tie,TIE,1388.0,2000-01-01T00:05:25.497Z,2000-01-01T00:05:27.166Z,vertical,,False
455,67,P0067,263,2,A27,7,2660,CONTROL,RUN-CONTROL-4,2468,BASE,,Tie,TIE,1473.0,2000-01-01T00:05:27.178Z,2000-01-01T00:05:28.926Z,vertical,,False
456,67,P0067,263,2,B12,7,2298,AESTHETIC,RUN-AESTHETIC-4,2682,CONTROL,RUN-CONTROL-4,Tie,TIE,1301.0,2000-01-01T00:05:28.937Z,2000-01-01T00:05:30.509Z,vertical,,False
457,67,P0067,263,2,A04,7,2424,BASE,,2616,CONTROL,RUN-CONTROL-4,Tie,TIE,2464.0,2000-01-01T00:05:30.520Z,2000-01-01T00:05:33.266Z,vertical,,False
458,67,P0067,263,2,A27,6127,2659,CONTROL,RUN-CONTROL-4,2467,BASE,,Tie,TIE,1141.0,2000-01-01T00:05:33.276Z,2000-01-01T00:05:34.722Z,vertical,,False
459,67,P0067,263,2,B26,7,2328,AESTHETIC,RUN-AESTHETIC-4,2520,BASE,,Tie,TIE,1174.0,2000-01-01T00:05:34.731Z,2000-01-01T00:05:36.179Z,vertical,,False
460,67,P0067,263,2,B02,85,2272,AESTHETIC,RUN-AESTHETIC-4,2464,BASE,,Tie,TIE,1086.0,2000-01-01T00:05:36.192Z,2000-01-01T00:05:37.555Z,vertical,,False
461,280,P0280,264,2,A08,25478,2235,AESTHETIC,RUN-AESTHETIC-4,2427,BASE,,Right,BASE,7303.0,2000-01-01T00:00:09.960Z,2000-01-01T00:00:18.147Z,horizontal,,False
462,280,P0280,264,2,A02,7,2230,AESTHETIC,RUN-AESTHETIC-4,2422,BASE,,Tie,TIE,10266.0,2000-01-01T00:00:18.157Z,2000-01-01T00:00:28.640Z,horizontal,,False
463,280,P0280,264,2,C01,85,2718,CONTROL,RUN-CONTROL-4,2526,BASE,,Tie,TIE,3051.0,2000-01-01T00:00:28.650Z,2000-01-01T00:00:31.918Z,horizontal,,False
464,280,P0280,264,2,C18,85,2782,CONTROL,RUN-CONTROL-4,2398,AESTHETIC,RUN-AESTHETIC-4,Left,CONTROL,8986.0,2000-01-01T00:00:31.934Z,2000-01-01T00:00:41.141Z,horizontal,,False
465,280,P0280,264,2,B14,7,2692,CONTROL,RUN-CONTROL-4,2500,BASE,,Tie,TIE,2841.0,2000-01-01T00:00:41.158Z,2000-01-01T00:00:44.236Z,horizontal,,False
466,280,P0280,264,2,B20,7,2506,BASE,,2314,AESTHETIC,RUN-AESTHETIC-4,Tie,TIE,3462.0,2000-01-01T00:00:44.246Z,2000-01-01T00:00:47.932Z,horizontal,,False
467,280,P0280,264,2,A11,25478,2623,CONTROL,RUN-CONTROL-4,2431,BASE,,Right,BASE,5925.0,2000-01-01T00:00:47.941Z,2000-01-01T00:00:54.085Z,horizontal,,False
468,280,P0280,264,2,B01,25478,2653,CONTROL,RUN-CONTROL-4,2461,BASE,,Tie,TIE,8247.0,2000-01-01T00:00:54.095Z,2000-01-01T00:01:02.594Z,horizontal,,False
469,280,P0280,264,2,C13,7,2580,BASE,,2388,AESTHETIC,RUN-AESTHETIC-4,Tie,TIE,5047.0,2000-01-01T00:01:02.605Z,2000-01-01T00:01:07.893Z,horizontal,,False
470,280,P0280,264,2,B27,6127,2521,BASE,,2329,AESTHETIC,RUN-AESTHETIC-4,Right,AESTHETIC,10074.0,2000-01-01T00:01:08.055Z,2000-01-01T00:01:18.342Z,horizontal,,False
471,280,P0280,264,2,C07,6127,2359,AESTHETIC,RUN-AESTHETIC-4,2743,CONTROL,RUN-CONTROL-4,Tie,TIE,394019.0,2000-01-01T00:01:18.352Z,2000-01-01T00:07:52.798Z,horizontal,,False
472,280,P0280,264,2,B25,25478,2317,AESTHETIC,RUN-AESTHETIC-4,2509,BASE,,Tie,TIE,1335.0,2000-01-01T00:07:52.807Z,2000-01-01T00:07:54.363Z,horizontal,,False
473,280,P0280,264,2,A11,25478,2239,AESTHETIC,RUN-AESTHETIC-4,2623,CONTROL,RUN-CONTROL-4,Tie,TIE,9235.0,2000-01-01T00:07:54.373Z,2000-01-01T00:08:03.837Z,horizontal,,False
474,280,P0280,264,2,C05,6127,2739,CONTROL,RUN-CONTROL-4,2547,BASE,,Left,CONTROL,2691.0,2000-01-01T00:08:03.848Z,2000-01-01T00:08:06.758Z,horizontal,,False
475,280,P0280,264,2,A04,25478,2607,CONTROL,RUN-CONTROL-4,2415,BASE,,Right,BASE,5636.0,2000-01-01T00:08:06.767Z,2000-01-01T00:08:12.616Z,horizontal,,False
476,280,P0280,264,2,B14,6127,2307,AESTHETIC,RUN-AESTHETIC-4,2499,BASE,,Tie,TIE,1605.0,2000-01-01T00:08:12.627Z,2000-01-01T00:08:14.450Z,horizontal,,False
477,280,P0280,264,2,C14,6127,2773,CONTROL,RUN-CONTROL-4,2581,BASE,,Tie,TIE,1562.0,2000-01-01T00:08:14.459Z,2000-01-01T00:08:16.232Z,horizontal,,False
478,280,P0280,264,2,B19,6127,2695,CONTROL,RUN-CONTROL-4,2311,AESTHETIC,RUN-AESTHETIC-4,Left,CONTROL,5084.0,2000-01-01T00:08:16.243Z,2000-01-01T00:08:21.560Z,horizontal,,False
479,280,P0280,264,2,A15,25478,2635,CONTROL,RUN-CONTROL-4,2443,BASE,,Tie,TIE,1646.0,2000-01-01T00:08:21.570Z,2000-01-01T00:08:23.449Z,horizontal,,False
480,280,P0280,264,2,C02,6127,2727,CONTROL,RUN-CONTROL-4,2535,BASE,,Tie,TIE,3907.0,2000-01-01T00:08:23.459Z,2000-01-01T00:08:27.780Z,horizontal,,False
481,280,P0280,264,2,B06,6127,2675,CONTROL,RUN-CONTROL-4,2291,AESTHETIC,RUN-AESTHETIC-4,Tie,TIE,2863.0,2000-01-01T00:08:27.791Z,2000-01-01T00:08:30.861Z,horizontal,,False
482,280,P0280,264,2,B26,7,2712,CONTROL,RUN-CONTROL-4,2520,BASE,,Left,CONTROL,6523.0,2000-01-01T00:08:30.871Z,2000-01-01T00:08:37.619Z,horizontal,,False
483,280,P0280,264,2,C07,25478,2351,AESTHETIC,RUN-AESTHETIC-4,2543,BASE,,Tie,TIE,1580.0,2000-01-01T00:08:37.630Z,2000-01-01T00:08:39.419Z,horizontal,,False
484,280,P0280,264,2,C09,6127,2371,AESTHETIC,RUN-AESTHETIC-4,2563,BASE,,Tie,TIE,7616.0,2000-01-01T00:08:39.430Z,2000-01-01T00:08:47.297Z,horizontal,,False
485,280,P0280,264,2,A27,25478,2651,CONTROL,RUN-CONTROL-4,2459,BASE,,Right,BASE,4510.0,2000-01-01T00:08:47.306Z,2000-01-01T00:08:52.054Z,horizontal,,False
486,280,P0280,264,2,A13,6127,2633,CONTROL,RUN-CONTROL-4,2249,AESTHETIC,RUN-AESTHETIC-4,Tie,TIE,1313.0,2000-01-01T00:08:52.065Z,2000-01-01T00:08:53.590Z,horizontal,,False
487,280,P0280,264,2,C20,7,2410,AESTHETIC,RUN-AESTHETIC-4,2602,BASE,,Tie,TIE,1116.0,2000-01-01T00:08:53.599Z,2000-01-01T00:08:54.928Z,horizontal,,False
488,280,P0280,264,2,A07,7,2426,BASE,,2234,AESTHETIC,RUN-AESTHETIC-4,Tie,TIE,1255.0,2000-01-01T00:08:54.937Z,2000-01-01T00:08:56.417Z,horizontal,,False
489,280,P0280,264,2,B23,7,2516,BASE,,2324,AESTHETIC,RUN-AESTHETIC-4,Tie,TIE,1599.0,2000-01-01T00:08:56.427Z,2000-01-01T00:08:58.256Z,horizontal,,False
490,280,P0280,264,2,B23,7,2708,CONTROL,RUN-CONTROL-4,2324,AESTHETIC,RUN-AESTHETIC-4,Left,CONTROL,4735.0,2000-01-01T00:08:58.267Z,2000-01-01T00:09:03.223Z,horizontal,,False
491,246,P0246,266,2,B26,6127,2327,AESTHETIC,RUN-AESTHETIC-4,2519,BASE,,Right,BASE,3759.0,2000-01-01T00:00:41.574Z,2000-01-01T00:00:46.096Z,vertical,,False
492,246,P0246,266,2,C02,25478,2335,AESTHETIC,RUN-AESTHETIC-4,2719,CONTROL,RUN-CONTROL-4,Right,CONTROL,3512.0,2000-01-01T00:00:46.106Z,2000-01-01T00:00:49.907Z,vertical,,False
493,246,P0246,266,2,C12,7,2762,CONTROL,RUN-CONTROL-4,2378,AESTHETIC,RUN-AESTHETIC-4,Right,AESTHETIC,2887.0,2000-01-01T00:00:49.917Z,2000-01-01T00:00:53.042Z,vertical,,False
494,246,P0246,266,2,C13,7,2388,AESTHETIC,RUN-AESTHETIC-4,2772,CONTROL,RUN-CONTROL-4,Right,CONTROL,1739.0,2000-01-01T00:00:53.054Z,2000-01-01T00:00:55.052Z,vertical,,False
495,246,P0246,266,2,A09,25478,2621,CONTROL,RUN-CONTROL-4,2237,AESTHETIC,RUN-AESTHETIC-4,Right,AESTHETIC,2285.0,2000-01-01T00:00:55.063Z,2000-01-01T00:00:57.603Z,vertical,,False
496,246,P0246,266,2,C17,7,2788,CONTROL,RUN-CONTROL-4,2596,BASE,,Right,BASE,1534.0,2000-01-01T00:00:57.613Z,2000-01-01T00:00:59.415Z,vertical,,False
497,246,P0246,266,2,B27,25478,2705,CONTROL,RUN-CONTROL-4,2513,BASE,,Right,BASE,4703.0,2000-01-01T00:00:59.428Z,2000-01-01T00:01:05.043Z,vertical,,False
498,246,P0246,266,2,A02,6127,2613,CONTROL,RUN-CONTROL-4,2229,AESTHETIC,RUN-AESTHETIC-4,Right,AESTHETIC,1554.0,2000-01-01T00:01:05.053Z,2000-01-01T00:01:06.852Z,vertical,,False
499,246,P0246,266,2,C14,25478,2573,BASE,,2381,AESTHETIC,RUN-AESTHETIC-4,Right,AESTHETIC,1278.0,2000-01-01T00:01:06.862Z,2000-01-01T00:01:08.382Z,vertical,,False
500,246,P0246,266,2,A02,6127,2421,BASE,,2229,AESTHETIC,RUN-AESTHETIC-4,Right,AESTHETIC,1942.0,2000-01-01T00:01:08.394Z,2000-01-01T00:01:10.585Z,vertical,,False
501,246,P0246,266,2,A07,25478,2609,CONTROL,RUN-CONTROL-4,2225,AESTHETIC,RUN-AESTHETIC-4,Right,AESTHETIC,2556.0,2000-01-01T00:01:10.597Z,2000-01-01T00:01:13.373Z,vertical,,False
502,246,P0246,266,2,C20,25478,2593,BASE,,2785,CONTROL,RUN-CONTROL-4,Right,CONTROL,3514.0,2000-01-01T00:01:13.383Z,2000-01-01T00:01:17.152Z,vertical,,False
503,246,P0246,266,2,B12,25478,2673,CONTROL,RUN-CONTROL-4,2289,AESTHETIC,RUN-AESTHETIC-4,Right,AESTHETIC,1930.0,2000-01-01T00:01:17.162Z,2000-01-01T00:01:19.353Z,vertical,,False
504,246,P0246,266,2,A25,7,2264,AESTHETIC,RUN-AESTHETIC-4,2648,CONTROL,RUN-CONTROL-4,Right,CONTROL,1941.0,2000-01-01T00:01:19.364Z,2000-01-01T00:01:21.563Z,vertical,,False
505,246,P0246,266,2,A27,25478,2267,AESTHETIC,RUN-AESTHETIC-4,2651,CONTROL,RUN-CONTROL-4,Right,CONTROL,1647.0,2000-01-01T00:01:21.573Z,2000-01-01T00:01:23.462Z,vertical,,False
506,246,P0246,266,2,A25,25478,2255,AESTHETIC,RUN-AESTHETIC-4,2447,BASE,,Right,BASE,1086.0,2000-01-01T00:01:23.472Z,2000-01-01T00:01:24.819Z,vertical,,False
507,246,P0246,266,2,A08,25478,2619,CONTROL,RUN-CONTROL-4,2427,BASE,,Right,BASE,2206.0,2000-01-01T00:01:24.828Z,2000-01-01T00:01:28.010Z,vertical,,False
508,246,P0246,266,2,A13,6127,2633,CONTROL,RUN-CONTROL-4,2441,BASE,,Right,BASE,1222.0,2000-01-01T00:01:28.021Z,2000-01-01T00:01:29.468Z,vertical,,False
509,246,P0246,266,2,A08,7,2628,CONTROL,RUN-CONTROL-4,2436,BASE,,Right,BASE,1696.0,2000-01-01T00:01:29.480Z,2000-01-01T00:01:33.299Z,vertical,,False
510,246,P0246,266,2,B12,25478,2673,CONTROL,RUN-CONTROL-4,2481,BASE,,Right,BASE,1795.0,2000-01-01T00:01:33.309Z,2000-01-01T00:01:35.354Z,vertical,,False
511,246,P0246,266,2,B27,6127,2713,CONTROL,RUN-CONTROL-4,2521,BASE,,Right,BASE,3295.0,2000-01-01T00:01:35.364Z,2000-01-01T00:01:38.933Z,vertical,,False
512,246,P0246,266,2,C14,7,2582,BASE,,2390,AESTHETIC,RUN-AESTHETIC-4,Right,AESTHETIC,2201.0,2000-01-01T00:01:38.944Z,2000-01-01T00:01:41.411Z,vertical,,False
513,246,P0246,266,2,A08,6127,2435,BASE,,2243,AESTHETIC,RUN-AESTHETIC-4,Right,AESTHETIC,3490.0,2000-01-01T00:01:41.422Z,2000-01-01T00:01:45.166Z,vertical,,False
514,246,P0246,266,2,B20,7,2698,CONTROL,RUN-CONTROL-4,2314,AESTHETIC,RUN-AESTHETIC-4,Right,AESTHETIC,1727.0,2000-01-01T00:01:45.175Z,2000-01-01T00:01:47.141Z,vertical,,False
515,246,P0246,266,2,B04,7,2666,CONTROL,RUN-CONTROL-4,2282,AESTHETIC,RUN-AESTHETIC-4,Left,CONTROL,3314.0,2000-01-01T00:01:47.153Z,2000-01-01T00:01:50.750Z,vertical,,False
516,246,P0246,266,2,A04,85,2608,CONTROL,RUN-CONTROL-4,2224,AESTHETIC,RUN-AESTHETIC-4,Right,AESTHETIC,2517.0,2000-01-01T00:01:50.762Z,2000-01-01T00:01:53.535Z,vertical,,False
517,246,P0246,266,2,C18,6127,2789,CONTROL,RUN-CONTROL-4,2597,BASE,,Right,BASE,2736.0,2000-01-01T00:01:53.545Z,2000-01-01T00:01:56.711Z,vertical,,False
518,246,P0246,266,2,A22,7,2262,AESTHETIC,RUN-AESTHETIC-4,2454,BASE,,Left,AESTHETIC,1986.0,2000-01-01T00:01:56.721Z,2000-01-01T00:01:59.001Z,vertical,,False
519,246,P0246,266,2,C11,6127,2375,AESTHETIC,RUN-AESTHETIC-4,2567,BASE,,Right,BASE,1318.0,2000-01-01T00:01:59.012Z,2000-01-01T00:02:00.572Z,vertical,,False
520,246,P0246,266,2,A04,25478,2223,AESTHETIC,RUN-AESTHETIC-4,2607,CONTROL,RUN-CONTROL-4,Right,CONTROL,1851.0,2000-01-01T00:02:00.583Z,2000-01-01T00:02:02.688Z,vertical,,False
521,167,P0167,270,2,B09,25478,2479,BASE,,2671,CONTROL,RUN-CONTROL-4,Right,CONTROL,7819.0,2000-01-01T00:03:24.398Z,2000-01-01T00:03:33.062Z,vertical,,False
522,167,P0167,270,2,A04,6127,2615,CONTROL,RUN-CONTROL-4,2423,BASE,,Right,BASE,9478.0,2000-01-01T00:03:33.071Z,2000-01-01T00:03:43.000Z,vertical,,False
523,167,P0167,270,2,A25,25478,2639,CONTROL,RUN-CONTROL-4,2255,AESTHETIC,RUN-AESTHETIC-4,Right,AESTHETIC,2765.0,2000-01-01T00:03:43.015Z,2000-01-01T00:03:46.027Z,vertical,,False
524,167,P0167,270,2,A07,6127,2617,CONTROL,RUN-CONTROL-4,2233,AESTHETIC,RUN-AESTHETIC-4,Left,CONTROL,6819.0,2000-01-01T00:03:46.037Z,2000-01-01T00:03:53.224Z,vertical,,False
525,167,P0167,270,2,A01,6127,2227,AESTHETIC,RUN-AESTHETIC-4,2419,BASE,,Right,BASE,2916.0,2000-01-01T00:03:53.235Z,2000-01-01T00:03:56.429Z,vertical,,False
526,167,P0167,270,2,A11,85,2240,AESTHETIC,RUN-AESTHETIC-4,2432,BASE,,Right,BASE,5223.0,2000-01-01T00:03:56.438Z,2000-01-01T00:04:02.007Z,vertical,,False
527,167,P0167,270,2,B14,85,2300,AESTHETIC,RUN-AESTHETIC-4,2492,BASE,,Tie,TIE,5632.0,2000-01-01T00:04:02.023Z,2000-01-01T00:04:07.891Z,vertical,,False
528,167,P0167,270,2,A01,6127,2227,AESTHETIC,RUN-AESTHETIC-4,2611,CONTROL,RUN-CONTROL-4,Right,CONTROL,2613.0,2000-01-01T00:04:07.901Z,2000-01-01T00:04:10.783Z,vertical,,False
529,167,P0167,270,2,C11,85,2752,CONTROL,RUN-CONTROL-4,2560,BASE,,Tie,TIE,2007.0,2000-01-01T00:04:10.793Z,2000-01-01T00:04:13.047Z,vertical,,False
530,167,P0167,270,2,C14,6127,2581,BASE,,2389,AESTHETIC,RUN-AESTHETIC-4,Tie,TIE,1262.0,2000-01-01T00:04:13.057Z,2000-01-01T00:04:14.608Z,vertical,,False
531,167,P0167,270,2,B02,85,2272,AESTHETIC,RUN-AESTHETIC-4,2656,CONTROL,RUN-CONTROL-4,Right,CONTROL,2139.0,2000-01-01T00:04:14.620Z,2000-01-01T00:04:17.037Z,vertical,,False
532,167,P0167,270,2,C16,25478,2385,AESTHETIC,RUN-AESTHETIC-4,2577,BASE,,Right,BASE,5090.0,2000-01-01T00:04:17.046Z,2000-01-01T00:04:22.571Z,vertical,,False
533,167,P0167,270,2,C01,6127,2341,AESTHETIC,RUN-AESTHETIC-4,2725,CONTROL,RUN-CONTROL-4,Right,CONTROL,3405.0,2000-01-01T00:04:22.582Z,2000-01-01T00:04:26.246Z,vertical,,False
534,167,P0167,270,2,C04,7,2730,CONTROL,RUN-CONTROL-4,2346,AESTHETIC,RUN-AESTHETIC-4,Tie,TIE,1972.0,2000-01-01T00:04:26.257Z,2000-01-01T00:04:28.468Z,vertical,,False
535,167,P0167,270,2,C10,6127,2757,CONTROL,RUN-CONTROL-4,2373,AESTHETIC,RUN-AESTHETIC-4,Tie,TIE,2777.0,2000-01-01T00:04:28.478Z,2000-01-01T00:04:31.525Z,vertical,,False
536,167,P0167,270,2,B15,85,2494,BASE,,2302,AESTHETIC,RUN-AESTHETIC-4,Right,AESTHETIC,4825.0,2000-01-01T00:04:31.536Z,2000-01-01T00:04:36.617Z,vertical,,False
537,167,P0167,270,2,B19,6127,2503,BASE,,2695,CONTROL,RUN-CONTROL-4,Right,CONTROL,2480.0,2000-01-01T00:04:36.631Z,2000-01-01T00:04:39.380Z,vertical,,False
538,167,P0167,270,2,B09,25478,2287,AESTHETIC,RUN-AESTHETIC-4,2671,CONTROL,RUN-CONTROL-4,Right,CONTROL,1975.0,2000-01-01T00:04:39.390Z,2000-01-01T00:04:41.601Z,vertical,,False
539,167,P0167,270,2,B09,6127,2679,CONTROL,RUN-CONTROL-4,2295,AESTHETIC,RUN-AESTHETIC-4,Tie,TIE,1897.0,2000-01-01T00:04:41.609Z,2000-01-01T00:04:43.765Z,vertical,,False
540,167,P0167,270,2,A11,6127,2439,BASE,,2631,CONTROL,RUN-CONTROL-4,Right,CONTROL,3463.0,2000-01-01T00:04:43.775Z,2000-01-01T00:04:47.480Z,vertical,,False
541,167,P0167,270,2,A25,7,2264,AESTHETIC,RUN-AESTHETIC-4,2456,BASE,,Tie,TIE,25396.0,2000-01-01T00:04:47.491Z,2000-01-01T00:05:13.129Z,vertical,,False
542,167,P0167,270,2,B25,6127,2517,BASE,,2709,CONTROL,RUN-CONTROL-4,Tie,TIE,18473.0,2000-01-01T00:05:13.140Z,2000-01-01T00:05:31.886Z,vertical,,False
543,167,P0167,270,2,A22,7,2646,CONTROL,RUN-CONTROL-4,2454,BASE,,Right,BASE,1866.0,2000-01-01T00:05:31.897Z,2000-01-01T00:05:41.990Z,vertical,,False
544,167,P0167,270,2,C19,85,2784,CONTROL,RUN-CONTROL-4,2592,BASE,,Right,BASE,3360.0,2000-01-01T00:05:42.000Z,2000-01-01T00:05:45.644Z,vertical,,False
545,167,P0167,270,2,B14,25478,2299,AESTHETIC,RUN-AESTHETIC-4,2683,CONTROL,RUN-CONTROL-4,Tie,TIE,3099.0,2000-01-01T00:05:45.654Z,2000-01-01T00:05:48.996Z,vertical,,False
546,167,P0167,270,2,A02,6127,2613,CONTROL,RUN-CONTROL-4,2421,BASE,,Tie,TIE,1572.0,2000-01-01T00:05:49.006Z,2000-01-01T00:05:50.818Z,vertical,,False
547,167,P0167,270,2,B25,6127,2709,CONTROL,RUN-CONTROL-4,2325,AESTHETIC,RUN-AESTHETIC-4,Tie,TIE,1678.0,2000-01-01T00:05:50.829Z,2000-01-01T00:05:52.941Z,vertical,,False
548,167,P0167,270,2,B09,6127,2295,AESTHETIC,RUN-AESTHETIC-4,2487,BASE,,Tie,TIE,1334.0,2000-01-01T00:05:52.951Z,2000-01-01T00:05:54.522Z,vertical,,False
549,167,P0167,270,2,C17,85,2396,AESTHETIC,RUN-AESTHETIC-4,2780,CONTROL,RUN-CONTROL-4,Right,CONTROL,2750.0,2000-01-01T00:05:54.534Z,2000-01-01T00:05:57.547Z,vertical,,False
550,167,P0167,270,2,A11,7,2440,BASE,,2632,CONTROL,RUN-CONTROL-4,Right,CONTROL,2722.0,2000-01-01T00:05:57.557Z,2000-01-01T00:06:00.530Z,vertical,,False
551,128,P0128,271,2,B26,25478,2319,AESTHETIC,RUN-AESTHETIC-4,2511,BASE,,Left,AESTHETIC,4741.0,2000-01-01T00:00:10.964Z,2000-01-01T00:00:15.908Z,vertical,,False
552,128,P0128,271,2,C19,7,2600,BASE,,2408,AESTHETIC,RUN-AESTHETIC-4,Left,BASE,6343.0,2000-01-01T00:00:15.919Z,2000-01-01T00:00:22.497Z,vertical,,False
553,128,P0128,271,2,C17,25478,2779,CONTROL,RUN-CONTROL-4,2395,AESTHETIC,RUN-AESTHETIC-4,Right,AESTHETIC,1713.0,2000-01-01T00:00:22.508Z,2000-01-01T00:00:24.424Z,vertical,,False
554,128,P0128,271,2,C20,85,2594,BASE,,2402,AESTHETIC,RUN-AESTHETIC-4,Left,BASE,2598.0,2000-01-01T00:00:24.434Z,2000-01-01T00:00:27.240Z,vertical,,False
555,128,P0128,271,2,B12,6127,2297,AESTHETIC,RUN-AESTHETIC-4,2681,CONTROL,RUN-CONTROL-4,Right,CONTROL,2894.0,2000-01-01T00:00:27.250Z,2000-01-01T00:00:30.347Z,vertical,,False
556,128,P0128,271,2,B04,7,2474,BASE,,2282,AESTHETIC,RUN-AESTHETIC-4,Left,BASE,2022.0,2000-01-01T00:00:30.357Z,2000-01-01T00:00:32.579Z,vertical,,False
557,128,P0128,271,2,B20,6127,2313,AESTHETIC,RUN-AESTHETIC-4,2505,BASE,,Right,BASE,2670.0,2000-01-01T00:00:32.588Z,2000-01-01T00:00:35.479Z,vertical,,False
558,128,P0128,271,2,C20,6127,2601,BASE,,2793,CONTROL,RUN-CONTROL-4,Right,CONTROL,3250.0,2000-01-01T00:00:35.489Z,2000-01-01T00:00:38.940Z,vertical,,False
559,128,P0128,271,2,C18,25478,2589,BASE,,2397,AESTHETIC,RUN-AESTHETIC-4,Right,AESTHETIC,1597.0,2000-01-01T00:00:38.950Z,2000-01-01T00:00:40.751Z,vertical,,False
560,128,P0128,271,2,C08,85,2546,BASE,,2738,CONTROL,RUN-CONTROL-4,Right,CONTROL,1917.0,2000-01-01T00:00:40.763Z,2000-01-01T00:00:42.906Z,vertical,,False
561,128,P0128,271,2,C10,7,2758,CONTROL,RUN-CONTROL-4,2566,BASE,,Right,BASE,5560.0,2000-01-01T00:00:42.916Z,2000-01-01T00:00:48.706Z,vertical,,False
562,128,P0128,271,2,B02,85,2656,CONTROL,RUN-CONTROL-4,2464,BASE,,Right,BASE,7375.0,2000-01-01T00:00:48.716Z,2000-01-01T00:00:56.306Z,vertical,,False
563,128,P0128,271,2,C07,85,2544,BASE,,2736,CONTROL,RUN-CONTROL-4,Right,CONTROL,4238.0,2000-01-01T00:00:56.317Z,2000-01-01T00:01:00.771Z,vertical,,False
564,128,P0128,271,2,C05,7,2740,CONTROL,RUN-CONTROL-4,2548,BASE,,Right,BASE,3786.0,2000-01-01T00:01:00.783Z,2000-01-01T00:01:04.781Z,vertical,,False
565,128,P0128,271,2,A08,85,2236,AESTHETIC,RUN-AESTHETIC-4,2428,BASE,,Right,BASE,4081.0,2000-01-01T00:01:04.792Z,2000-01-01T00:01:09.081Z,vertical,,False
566,128,P0128,271,2,A26,25478,2257,AESTHETIC,RUN-AESTHETIC-4,2641,CONTROL,RUN-CONTROL-4,Right,CONTROL,2628.0,2000-01-01T00:01:09.092Z,2000-01-01T00:01:11.936Z,vertical,,False
567,128,P0128,271,2,C08,85,2546,BASE,,2354,AESTHETIC,RUN-AESTHETIC-4,Right,AESTHETIC,1797.0,2000-01-01T00:01:11.946Z,2000-01-01T00:01:13.958Z,vertical,,False
568,128,P0128,271,2,B01,25478,2269,AESTHETIC,RUN-AESTHETIC-4,2461,BASE,,Left,AESTHETIC,2116.0,2000-01-01T00:01:13.968Z,2000-01-01T00:01:16.286Z,vertical,,False
569,128,P0128,271,2,B14,6127,2691,CONTROL,RUN-CONTROL-4,2499,BASE,,Right,BASE,1659.0,2000-01-01T00:01:16.295Z,2000-01-01T00:01:18.165Z,vertical,,False
570,128,P0128,271,2,C09,7,2564,BASE,,2756,CONTROL,RUN-CONTROL-4,Left,BASE,2064.0,2000-01-01T00:01:18.176Z,2000-01-01T00:01:20.468Z,vertical,,False
571,128,P0128,271,2,B29,7,2532,BASE,,2340,AESTHETIC,RUN-AESTHETIC-4,Right,AESTHETIC,2038.0,2000-01-01T00:01:20.478Z,2000-01-01T00:01:22.729Z,vertical,,False
572,128,P0128,271,2,C16,85,2386,AESTHETIC,RUN-AESTHETIC-4,2770,CONTROL,RUN-CONTROL-4,Right,CONTROL,2022.0,2000-01-01T00:01:22.739Z,2000-01-01T00:01:24.972Z,vertical,,False
573,128,P0128,271,2,B06,85,2284,AESTHETIC,RUN-AESTHETIC-4,2476,BASE,,Right,BASE,4471.0,2000-01-01T00:01:24.986Z,2000-01-01T00:01:29.689Z,vertical,,False
574,128,P0128,271,2,B15,25478,2301,AESTHETIC,RUN-AESTHETIC-4,2493,BASE,,Right,BASE,1553.0,2000-01-01T00:01:29.781Z,2000-01-01T00:01:31.569Z,vertical,,False
575,128,P0128,271,2,A26,25478,2257,AESTHETIC,RUN-AESTHETIC-4,2449,BASE,,Left,AESTHETIC,2828.0,2000-01-01T00:01:31.579Z,2000-01-01T00:01:34.615Z,vertical,,False
576,128,P0128,271,2,B12,6127,2681,CONTROL,RUN-CONTROL-4,2489,BASE,,Right,BASE,2386.0,2000-01-01T00:01:34.626Z,2000-01-01T00:01:37.227Z,vertical,,False
577,128,P0128,271,2,B29,25478,2715,CONTROL,RUN-CONTROL-4,2331,AESTHETIC,RUN-AESTHETIC-4,Right,AESTHETIC,3123.0,2000-01-01T00:01:37.236Z,2000-01-01T00:01:40.581Z,vertical,,False
578,128,P0128,271,2,C14,85,2574,BASE,,2766,CONTROL,RUN-CONTROL-4,Left,BASE,2171.0,2000-01-01T00:01:40.595Z,2000-01-01T00:01:42.968Z,vertical,,False
579,128,P0128,271,2,C08,7,2554,BASE,,2746,CONTROL,RUN-CONTROL-4,Left,BASE,2670.0,2000-01-01T00:01:42.980Z,2000-01-01T00:01:45.857Z,vertical,,False
580,128,P0128,271,2,B26,85,2320,AESTHETIC,RUN-AESTHETIC-4,2512,BASE,,Right,BASE,1622.0,2000-01-01T00:01:45.870Z,2000-01-01T00:01:47.695Z,vertical,,False
581,189,P0189,274,2,C16,6127,2393,AESTHETIC,RUN-AESTHETIC-4,2585,BASE,,Right,BASE,9981.0,2000-01-01T00:03:15.659Z,2000-01-01T00:03:26.257Z,horizontal,,False
582,189,P0189,274,2,C18,7,2598,BASE,,2406,AESTHETIC,RUN-AESTHETIC-4,Left,BASE,2657.0,2000-01-01T00:03:26.270Z,2000-01-01T00:03:29.153Z,horizontal,,False
583,189,P0189,274,2,A26,25478,2641,CONTROL,RUN-CONTROL-4,2449,BASE,,Left,CONTROL,1677.0,2000-01-01T00:03:29.165Z,2000-01-01T00:03:31.094Z,horizontal,,False
584,189,P0189,274,2,A01,6127,2611,CONTROL,RUN-CONTROL-4,2419,BASE,,Right,BASE,8890.0,2000-01-01T00:03:31.107Z,2000-01-01T00:03:40.258Z,horizontal,,False
585,189,P0189,274,2,C11,85,2752,CONTROL,RUN-CONTROL-4,2368,AESTHETIC,RUN-AESTHETIC-4,Right,AESTHETIC,9962.0,2000-01-01T00:03:40.269Z,2000-01-01T00:03:50.460Z,horizontal,,False
586,189,P0189,274,2,B06,85,2668,CONTROL,RUN-CONTROL-4,2476,BASE,,Right,BASE,1497.0,2000-01-01T00:03:50.471Z,2000-01-01T00:03:52.183Z,horizontal,,False
587,189,P0189,274,2,B15,7,2694,CONTROL,RUN-CONTROL-4,2310,AESTHETIC,RUN-AESTHETIC-4,Left,CONTROL,2170.0,2000-01-01T00:03:52.197Z,2000-01-01T00:03:54.580Z,horizontal,,False
588,189,P0189,274,2,B04,25478,2465,BASE,,2273,AESTHETIC,RUN-AESTHETIC-4,Left,BASE,4971.0,2000-01-01T00:03:54.670Z,2000-01-01T00:03:59.879Z,horizontal,,False
589,189,P0189,274,2,C07,85,2352,AESTHETIC,RUN-AESTHETIC-4,2544,BASE,,Right,BASE,3423.0,2000-01-01T00:03:59.891Z,2000-01-01T00:04:03.529Z,horizontal,,False
590,189,P0189,274,2,A22,6127,2453,BASE,,2645,CONTROL,RUN-CONTROL-4,Left,BASE,1664.0,2000-01-01T00:04:03.539Z,2000-01-01T00:04:05.413Z,horizontal,,False
591,189,P0189,274,2,B27,85,2706,CONTROL,RUN-CONTROL-4,2514,BASE,,Right,BASE,1445.0,2000-01-01T00:04:05.425Z,2000-01-01T00:04:07.118Z,horizontal,,False
592,189,P0189,274,2,C14,7,2582,BASE,,2774,CONTROL,RUN-CONTROL-4,Tie,TIE,5303.0,2000-01-01T00:04:07.129Z,2000-01-01T00:04:12.654Z,horizontal,,False
593,189,P0189,274,2,C16,85,2578,BASE,,2386,AESTHETIC,RUN-AESTHETIC-4,Right,AESTHETIC,2280.0,2000-01-01T00:04:12.671Z,2000-01-01T00:04:15.163Z,horizontal,,False
594,189,P0189,274,2,C11,7,2568,BASE,,2376,AESTHETIC,RUN-AESTHETIC-4,Left,BASE,3685.0,2000-01-01T00:04:15.174Z,2000-01-01T00:04:19.084Z,horizontal,,False
595,189,P0189,274,2,C13,6127,2387,AESTHETIC,RUN-AESTHETIC-4,2771,CONTROL,RUN-CONTROL-4,Right,CONTROL,3843.0,2000-01-01T00:04:19.094Z,2000-01-01T00:04:23.150Z,horizontal,,False
596,189,P0189,274,2,B01,6127,2661,CONTROL,RUN-CONTROL-4,2277,AESTHETIC,RUN-AESTHETIC-4,Right,AESTHETIC,5251.0,2000-01-01T00:04:23.161Z,2000-01-01T00:04:28.631Z,horizontal,,False
597,189,P0189,274,2,C04,85,2722,CONTROL,RUN-CONTROL-4,2530,BASE,,Left,CONTROL,2207.0,2000-01-01T00:04:28.641Z,2000-01-01T00:04:31.063Z,horizontal,,False
598,189,P0189,274,2,B06,85,2284,AESTHETIC,RUN-AESTHETIC-4,2668,CONTROL,RUN-CONTROL-4,Left,AESTHETIC,2205.0,2000-01-01T00:04:31.073Z,2000-01-01T00:04:33.528Z,horizontal,,False
599,189,P0189,274,2,B26,6127,2711,CONTROL,RUN-CONTROL-4,2327,AESTHETIC,RUN-AESTHETIC-4,Right,AESTHETIC,3790.0,2000-01-01T00:04:33.538Z,2000-01-01T00:04:37.550Z,horizontal,,False
600,189,P0189,274,2,C06,25478,2349,AESTHETIC,RUN-AESTHETIC-4,2733,CONTROL,RUN-CONTROL-4,Right,CONTROL,5562.0,2000-01-01T00:04:37.566Z,2000-01-01T00:04:43.344Z,horizontal,,False
601,189,P0189,274,2,A04,25478,2415,BASE,,2223,AESTHETIC,RUN-AESTHETIC-4,Left,BASE,1584.0,2000-01-01T00:04:43.355Z,2000-01-01T00:04:45.169Z,horizontal,,False
602,189,P0189,274,2,A26,6127,2649,CONTROL,RUN-CONTROL-4,2265,AESTHETIC,RUN-AESTHETIC-4,Right,AESTHETIC,2833.0,2000-01-01T00:04:45.179Z,2000-01-01T00:04:48.226Z,horizontal,,False
603,189,P0189,274,2,C17,85,2780,CONTROL,RUN-CONTROL-4,2588,BASE,,Left,CONTROL,2384.0,2000-01-01T00:04:48.237Z,2000-01-01T00:04:50.831Z,horizontal,,False
604,189,P0189,274,2,C02,85,2336,AESTHETIC,RUN-AESTHETIC-4,2720,CONTROL,RUN-CONTROL-4,Tie,TIE,7342.0,2000-01-01T00:04:50.840Z,2000-01-01T00:04:58.422Z,horizontal,,False
605,189,P0189,274,2,A27,7,2468,BASE,,2276,AESTHETIC,RUN-AESTHETIC-4,Right,AESTHETIC,7483.0,2000-01-01T00:04:58.433Z,2000-01-01T00:05:06.135Z,horizontal,,False
606,189,P0189,274,2,B15,85,2494,BASE,,2686,CONTROL,RUN-CONTROL-4,Left,BASE,3823.0,2000-01-01T00:05:06.145Z,2000-01-01T00:05:10.178Z,horizontal,,False
607,189,P0189,274,2,A22,25478,2445,BASE,,2253,AESTHETIC,RUN-AESTHETIC-4,Left,BASE,2129.0,2000-01-01T00:05:10.188Z,2000-01-01T00:05:12.556Z,horizontal,,False
608,189,P0189,274,2,C17,25478,2779,CONTROL,RUN-CONTROL-4,2587,BASE,,Right,BASE,1815.0,2000-01-01T00:05:12.567Z,2000-01-01T00:05:14.601Z,horizontal,,False
609,189,P0189,274,2,C11,7,2568,BASE,,2760,CONTROL,RUN-CONTROL-4,Left,BASE,2201.0,2000-01-01T00:05:14.612Z,2000-01-01T00:05:17.027Z,horizontal,,False
610,189,P0189,274,2,C06,25478,2349,AESTHETIC,RUN-AESTHETIC-4,2541,BASE,,Left,AESTHETIC,9449.0,2000-01-01T00:05:17.036Z,2000-01-01T00:05:26.716Z,horizontal,,False
611,65,P0065,275,2,A25,85,2448,BASE,,2640,CONTROL,RUN-CONTROL-4,Right,CONTROL,12288.0,2000-01-01T00:00:15.411Z,2000-01-01T00:00:28.053Z,vertical,,False
612,65,P0065,275,2,C15,7,2776,CONTROL,RUN-CONTROL-4,2584,BASE,,Right,BASE,5312.0,2000-01-01T00:00:28.063Z,2000-01-01T00:00:33.591Z,vertical,,False
613,65,P0065,275,2,C19,7,2408,AESTHETIC,RUN-AESTHETIC-4,2600,BASE,,Left,AESTHETIC,4193.0,2000-01-01T00:00:33.601Z,2000-01-01T00:00:38.076Z,vertical,,False
614,65,P0065,275,2,B26,6127,2519,BASE,,2711,CONTROL,RUN-CONTROL-4,Left,BASE,2253.0,2000-01-01T00:00:38.087Z,2000-01-01T00:00:40.653Z,vertical,,False
615,65,P0065,275,2,C20,7,2410,AESTHETIC,RUN-AESTHETIC-4,2794,CONTROL,RUN-CONTROL-4,Left,AESTHETIC,1541.0,2000-01-01T00:00:40.663Z,2000-01-01T00:00:42.422Z,vertical,,False
616,65,P0065,275,2,B14,85,2684,CONTROL,RUN-CONTROL-4,2492,BASE,,Right,BASE,2348.0,2000-01-01T00:00:42.432Z,2000-01-01T00:00:44.998Z,vertical,,False
617,65,P0065,275,2,A11,25478,2431,BASE,,2239,AESTHETIC,RUN-AESTHETIC-4,Right,AESTHETIC,3615.0,2000-01-01T00:00:45.010Z,2000-01-01T00:00:48.842Z,vertical,,False
618,65,P0065,275,2,C17,6127,2787,CONTROL,RUN-CONTROL-4,2403,AESTHETIC,RUN-AESTHETIC-4,Right,AESTHETIC,4856.0,2000-01-01T00:00:48.854Z,2000-01-01T00:00:53.926Z,vertical,,False
619,65,P0065,275,2,A13,7,2442,BASE,,2250,AESTHETIC,RUN-AESTHETIC-4,Right,AESTHETIC,2231.0,2000-01-01T00:00:53.937Z,2000-01-01T00:00:56.373Z,vertical,,False
620,65,P0065,275,2,C12,6127,2761,CONTROL,RUN-CONTROL-4,2377,AESTHETIC,RUN-AESTHETIC-4,Right,AESTHETIC,6632.0,2000-01-01T00:00:56.382Z,2000-01-01T00:01:03.225Z,vertical,,False
621,65,P0065,275,2,A13,85,2434,BASE,,2242,AESTHETIC,RUN-AESTHETIC-4,Left,BASE,2030.0,2000-01-01T00:01:03.234Z,2000-01-01T00:01:05.479Z,vertical,,False
622,65,P0065,275,2,C01,25478,2525,BASE,,2717,CONTROL,RUN-CONTROL-4,Left,BASE,1505.0,2000-01-01T00:01:05.491Z,2000-01-01T00:01:07.208Z,vertical,,False
623,65,P0065,275,2,C14,25478,2765,CONTROL,RUN-CONTROL-4,2381,AESTHETIC,RUN-AESTHETIC-4,Right,AESTHETIC,1174.0,2000-01-01T00:01:07.220Z,2000-01-01T00:01:08.627Z,vertical,,False
624,65,P0065,275,2,C15,85,2576,BASE,,2384,AESTHETIC,RUN-AESTHETIC-4,Right,AESTHETIC,6275.0,2000-01-01T00:01:08.640Z,2000-01-01T00:01:15.125Z,vertical,,False
625,65,P0065,275,2,A04,85,2416,BASE,,2224,AESTHETIC,RUN-AESTHETIC-4,Right,AESTHETIC,2631.0,2000-01-01T00:01:15.135Z,2000-01-01T00:01:17.983Z,vertical,,False
626,65,P0065,275,2,C11,25478,2559,BASE,,2367,AESTHETIC,RUN-AESTHETIC-4,Right,AESTHETIC,1973.0,2000-01-01T00:01:17.992Z,2000-01-01T00:01:20.202Z,vertical,,False
627,65,P0065,275,2,B23,85,2316,AESTHETIC,RUN-AESTHETIC-4,2700,CONTROL,RUN-CONTROL-4,Left,AESTHETIC,2139.0,2000-01-01T00:01:20.212Z,2000-01-01T00:01:22.562Z,vertical,,False
628,65,P0065,275,2,B02,6127,2279,AESTHETIC,RUN-AESTHETIC-4,2471,BASE,,Right,BASE,1987.0,2000-01-01T00:01:22.580Z,2000-01-01T00:01:24.778Z,vertical,,False
629,65,P0065,275,2,B09,6127,2487,BASE,,2679,CONTROL,RUN-CONTROL-4,Right,CONTROL,1887.0,2000-01-01T00:01:24.793Z,2000-01-01T00:01:26.899Z,vertical,,False
630,65,P0065,275,2,B20,6127,2505,BASE,,2697,CONTROL,RUN-CONTROL-4,Right,CONTROL,1402.0,2000-01-01T00:01:26.909Z,2000-01-01T00:01:28.546Z,vertical,,False
631,65,P0065,275,2,B27,25478,2321,AESTHETIC,RUN-AESTHETIC-4,2513,BASE,,Right,BASE,4052.0,2000-01-01T00:01:28.556Z,2000-01-01T00:01:32.826Z,vertical,,False
632,65,P0065,275,2,C14,6127,2581,BASE,,2773,CONTROL,RUN-CONTROL-4,Left,BASE,930.0,2000-01-01T00:01:32.838Z,2000-01-01T00:01:34.002Z,vertical,,False
633,65,P0065,275,2,A11,7,2248,AESTHETIC,RUN-AESTHETIC-4,2632,CONTROL,RUN-CONTROL-4,Left,AESTHETIC,4567.0,2000-01-01T00:01:34.023Z,2000-01-01T00:01:38.808Z,vertical,,False
634,65,P0065,275,2,C06,85,2350,AESTHETIC,RUN-AESTHETIC-4,2542,BASE,,Right,BASE,2327.0,2000-01-01T00:01:38.818Z,2000-01-01T00:01:41.398Z,vertical,,False
635,65,P0065,275,2,B27,7,2330,AESTHETIC,RUN-AESTHETIC-4,2714,CONTROL,RUN-CONTROL-4,Left,AESTHETIC,3051.0,2000-01-01T00:01:41.408Z,2000-01-01T00:01:44.749Z,vertical,,False
636,65,P0065,275,2,C11,25478,2751,CONTROL,RUN-CONTROL-4,2367,AESTHETIC,RUN-AESTHETIC-4,Right,AESTHETIC,1336.0,2000-01-01T00:01:44.760Z,2000-01-01T00:01:46.315Z,vertical,,False
637,65,P0065,275,2,B01,25478,2653,CONTROL,RUN-CONTROL-4,2269,AESTHETIC,RUN-AESTHETIC-4,Right,AESTHETIC,7488.0,2000-01-01T00:01:46.326Z,2000-01-01T00:01:54.029Z,vertical,,False
638,65,P0065,275,2,C20,7,2794,CONTROL,RUN-CONTROL-4,2602,BASE,,Right,BASE,1431.0,2000-01-01T00:01:54.039Z,2000-01-01T00:01:55.705Z,vertical,,False
639,65,P0065,275,2,B20,85,2306,AESTHETIC,RUN-AESTHETIC-4,2690,CONTROL,RUN-CONTROL-4,Left,AESTHETIC,1597.0,2000-01-01T00:01:55.719Z,2000-01-01T00:01:57.538Z,vertical,,False
640,65,P0065,275,2,C20,85,2786,CONTROL,RUN-CONTROL-4,2594,BASE,,Right,BASE,2622.0,2000-01-01T00:01:57.548Z,2000-01-01T00:02:00.385Z,vertical,,False
641,135,P0135,278,2,B29,25478,2715,CONTROL,RUN-CONTROL-4,2331,AESTHETIC,RUN-AESTHETIC-4,Left,CONTROL,5616.0,2000-01-03T10:56:39.743Z,2000-01-03T10:56:46.713Z,vertical,,False
642,135,P0135,278,2,B26,85,2320,AESTHETIC,RUN-AESTHETIC-4,2512,BASE,,Right,BASE,2500.0,2000-01-03T10:56:46.759Z,2000-01-03T10:56:49.834Z,vertical,,False
643,135,P0135,278,2,A07,7,2234,AESTHETIC,RUN-AESTHETIC-4,2618,CONTROL,RUN-CONTROL-4,Left,AESTHETIC,3071.0,2000-01-03T10:56:49.846Z,2000-01-03T10:56:53.221Z,vertical,,False
644,135,P0135,278,2,B20,7,2698,CONTROL,RUN-CONTROL-4,2314,AESTHETIC,RUN-AESTHETIC-4,Left,CONTROL,1696.0,2000-01-03T10:56:53.231Z,2000-01-03T10:56:55.297Z,vertical,,False
645,135,P0135,278,2,C20,6127,2409,AESTHETIC,RUN-AESTHETIC-4,2793,CONTROL,RUN-CONTROL-4,Right,CONTROL,3446.0,2000-01-03T10:56:55.307Z,2000-01-03T10:56:59.093Z,vertical,,False
646,135,P0135,278,2,C12,85,2562,BASE,,2370,AESTHETIC,RUN-AESTHETIC-4,Right,AESTHETIC,2032.0,2000-01-03T10:56:59.110Z,2000-01-03T10:57:01.469Z,vertical,,False
647,135,P0135,278,2,C12,6127,2377,AESTHETIC,RUN-AESTHETIC-4,2761,CONTROL,RUN-CONTROL-4,Left,AESTHETIC,3660.0,2000-01-03T10:57:01.480Z,2000-01-03T10:57:05.439Z,vertical,,False
648,135,P0135,278,2,B04,85,2274,AESTHETIC,RUN-AESTHETIC-4,2466,BASE,,Left,AESTHETIC,2049.0,2000-01-03T10:57:05.469Z,2000-01-03T10:57:07.822Z,vertical,,False
649,135,P0135,278,2,B20,25478,2305,AESTHETIC,RUN-AESTHETIC-4,2689,CONTROL,RUN-CONTROL-4,Left,AESTHETIC,2716.0,2000-01-03T10:57:07.832Z,2000-01-03T10:57:10.890Z,vertical,,False
650,135,P0135,278,2,B20,85,2498,BASE,,2306,AESTHETIC,RUN-AESTHETIC-4,Left,BASE,3307.0,2000-01-03T10:57:10.900Z,2000-01-03T10:57:14.539Z,vertical,,False
651,135,P0135,278,2,B27,25478,2321,AESTHETIC,RUN-AESTHETIC-4,2705,CONTROL,RUN-CONTROL-4,Left,AESTHETIC,3088.0,2000-01-03T10:57:14.551Z,2000-01-03T10:57:17.934Z,vertical,,False
652,135,P0135,278,2,B25,6127,2517,BASE,,2325,AESTHETIC,RUN-AESTHETIC-4,Left,BASE,1594.0,2000-01-03T10:57:17.946Z,2000-01-03T10:57:19.848Z,vertical,,False
653,135,P0135,278,2,C16,25478,2577,BASE,,2385,AESTHETIC,RUN-AESTHETIC-4,Left,BASE,2209.0,2000-01-03T10:57:19.867Z,2000-01-03T10:57:22.517Z,vertical,,False
654,135,P0135,278,2,C20,6127,2601,BASE,,2793,CONTROL,RUN-CONTROL-4,Right,CONTROL,3879.0,2000-01-03T10:57:22.528Z,2000-01-03T10:57:26.723Z,vertical,,False
655,135,P0135,278,2,B12,6127,2297,AESTHETIC,RUN-AESTHETIC-4,2489,BASE,,Left,AESTHETIC,2147.0,2000-01-03T10:57:26.752Z,2000-01-03T10:57:29.206Z,vertical,,False
656,135,P0135,278,2,C15,85,2768,CONTROL,RUN-CONTROL-4,2384,AESTHETIC,RUN-AESTHETIC-4,Right,AESTHETIC,2175.0,2000-01-03T10:57:29.217Z,2000-01-03T10:57:31.676Z,vertical,,False
657,135,P0135,278,2,C11,25478,2559,BASE,,2751,CONTROL,RUN-CONTROL-4,Left,BASE,1526.0,2000-01-03T10:57:31.687Z,2000-01-03T10:57:33.556Z,vertical,,False
658,135,P0135,278,2,B12,6127,2297,AESTHETIC,RUN-AESTHETIC-4,2681,CONTROL,RUN-CONTROL-4,Left,AESTHETIC,1769.0,2000-01-03T10:57:33.567Z,2000-01-03T10:57:35.671Z,vertical,,False
659,135,P0135,278,2,C11,85,2368,AESTHETIC,RUN-AESTHETIC-4,2752,CONTROL,RUN-CONTROL-4,Right,CONTROL,3233.0,2000-01-03T10:57:35.708Z,2000-01-03T10:57:39.247Z,vertical,,False
660,135,P0135,278,2,A11,6127,2439,BASE,,2631,CONTROL,RUN-CONTROL-4,Left,BASE,1393.0,2000-01-03T10:57:39.257Z,2000-01-03T10:57:40.947Z,vertical,,False
661,135,P0135,278,2,A25,7,2456,BASE,,2648,CONTROL,RUN-CONTROL-4,Left,BASE,2854.0,2000-01-03T10:57:40.960Z,2000-01-03T10:57:44.116Z,vertical,,False
662,135,P0135,278,2,C04,7,2730,CONTROL,RUN-CONTROL-4,2538,BASE,,Right,BASE,2994.0,2000-01-03T10:57:44.129Z,2000-01-03T10:57:47.428Z,vertical,,False
663,135,P0135,278,2,C17,85,2396,AESTHETIC,RUN-AESTHETIC-4,2588,BASE,,Left,AESTHETIC,3014.0,2000-01-03T10:57:47.437Z,2000-01-03T10:57:50.769Z,vertical,,False
664,135,P0135,278,2,A11,25478,2623,CONTROL,RUN-CONTROL-4,2239,AESTHETIC,RUN-AESTHETIC-4,Left,CONTROL,4988.0,2000-01-03T10:57:50.779Z,2000-01-03T10:57:56.103Z,vertical,,False
665,135,P0135,278,2,A07,6127,2617,CONTROL,RUN-CONTROL-4,2233,AESTHETIC,RUN-AESTHETIC-4,Right,AESTHETIC,2770.0,2000-01-03T10:57:56.115Z,2000-01-03T10:57:59.192Z,vertical,,False
666,135,P0135,278,2,B15,7,2310,AESTHETIC,RUN-AESTHETIC-4,2694,CONTROL,RUN-CONTROL-4,Right,CONTROL,1294.0,2000-01-03T10:57:59.202Z,2000-01-03T10:58:00.813Z,vertical,,False
667,135,P0135,278,2,C11,6127,2375,AESTHETIC,RUN-AESTHETIC-4,2759,CONTROL,RUN-CONTROL-4,Right,CONTROL,4090.0,2000-01-03T10:58:00.824Z,2000-01-03T10:58:05.248Z,vertical,,False
668,135,P0135,278,2,A27,7,2276,AESTHETIC,RUN-AESTHETIC-4,2660,CONTROL,RUN-CONTROL-4,Left,AESTHETIC,5686.0,2000-01-03T10:58:05.259Z,2000-01-03T10:58:11.235Z,vertical,,False
669,135,P0135,278,2,B27,6127,2713,CONTROL,RUN-CONTROL-4,2521,BASE,,Right,BASE,5951.0,2000-01-03T10:58:11.245Z,2000-01-03T10:58:17.484Z,vertical,,False
670,135,P0135,278,2,B29,7,2724,CONTROL,RUN-CONTROL-4,2340,AESTHETIC,RUN-AESTHETIC-4,Right,AESTHETIC,1909.0,2000-01-03T10:58:17.495Z,2000-01-03T10:58:19.699Z,vertical,,False
671,144,P0144,280,2,C15,25478,2575,BASE,,2767,CONTROL,RUN-CONTROL-4,Left,BASE,8929.0,2000-01-01T00:03:16.372Z,2000-01-01T00:03:25.763Z,horizontal,,False
672,144,P0144,280,2,C09,6127,2371,AESTHETIC,RUN-AESTHETIC-4,2755,CONTROL,RUN-CONTROL-4,Left,AESTHETIC,7856.0,2000-01-01T00:03:25.773Z,2000-01-01T00:03:33.871Z,horizontal,,False
673,144,P0144,280,2,C07,85,2736,CONTROL,RUN-CONTROL-4,2544,BASE,,Right,BASE,7672.0,2000-01-01T00:03:33.881Z,2000-01-01T00:03:41.785Z,horizontal,,False
674,144,P0144,280,2,A11,85,2432,BASE,,2240,AESTHETIC,RUN-AESTHETIC-4,Left,BASE,3791.0,2000-01-01T00:03:41.796Z,2000-01-01T00:03:45.808Z,horizontal,,False
675,144,P0144,280,2,C13,6127,2771,CONTROL,RUN-CONTROL-4,2387,AESTHETIC,RUN-AESTHETIC-4,Left,CONTROL,10406.0,2000-01-01T00:03:45.819Z,2000-01-01T00:03:56.443Z,horizontal,,False
676,144,P0144,280,2,A13,85,2434,BASE,,2242,AESTHETIC,RUN-AESTHETIC-4,Right,AESTHETIC,4687.0,2000-01-01T00:03:56.453Z,2000-01-01T00:04:01.355Z,horizontal,,False
677,144,P0144,280,2,C07,25478,2735,CONTROL,RUN-CONTROL-4,2351,AESTHETIC,RUN-AESTHETIC-4,Right,AESTHETIC,1716.0,2000-01-01T00:04:01.366Z,2000-01-01T00:04:03.298Z,horizontal,,False
678,144,P0144,280,2,C10,7,2374,AESTHETIC,RUN-AESTHETIC-4,2566,BASE,,Left,AESTHETIC,2786.0,2000-01-01T00:04:03.309Z,2000-01-01T00:04:06.312Z,horizontal,,False
679,144,P0144,280,2,B02,85,2656,CONTROL,RUN-CONTROL-4,2272,AESTHETIC,RUN-AESTHETIC-4,Tie,TIE,5289.0,2000-01-01T00:04:06.322Z,2000-01-01T00:04:11.842Z,horizontal,,False
680,144,P0144,280,2,A07,6127,2425,BASE,,2617,CONTROL,RUN-CONTROL-4,Tie,TIE,1055.0,2000-01-01T00:04:11.852Z,2000-01-01T00:04:13.121Z,horizontal,,False
681,144,P0144,280,2,C14,25478,2573,BASE,,2381,AESTHETIC,RUN-AESTHETIC-4,Tie,TIE,1546.0,2000-01-01T00:04:13.138Z,2000-01-01T00:04:14.894Z,horizontal,,False
682,144,P0144,280,2,C17,25478,2587,BASE,,2779,CONTROL,RUN-CONTROL-4,Right,CONTROL,2520.0,2000-01-01T00:04:14.904Z,2000-01-01T00:04:17.635Z,horizontal,,False
683,144,P0144,280,2,C08,6127,2553,BASE,,2361,AESTHETIC,RUN-AESTHETIC-4,Tie,TIE,1086.0,2000-01-01T00:04:17.646Z,2000-01-01T00:04:18.999Z,horizontal,,False
684,144,P0144,280,2,A25,6127,2455,BASE,,2647,CONTROL,RUN-CONTROL-4,Right,CONTROL,9796.0,2000-01-01T00:04:19.009Z,2000-01-01T00:04:29.021Z,horizontal,,False
685,144,P0144,280,2,A11,25478,2431,BASE,,2239,AESTHETIC,RUN-AESTHETIC-4,Left,BASE,4285.0,2000-01-01T00:04:29.034Z,2000-01-01T00:04:33.547Z,horizontal,,False
686,144,P0144,280,2,C01,25478,2717,CONTROL,RUN-CONTROL-4,2333,AESTHETIC,RUN-AESTHETIC-4,Left,CONTROL,4206.0,2000-01-01T00:04:33.557Z,2000-01-01T00:04:38.003Z,horizontal,,False
687,144,P0144,280,2,C11,25478,2367,AESTHETIC,RUN-AESTHETIC-4,2559,BASE,,Right,BASE,7715.0,2000-01-01T00:04:38.025Z,2000-01-01T00:04:45.954Z,horizontal,,False
688,144,P0144,280,2,C14,7,2390,AESTHETIC,RUN-AESTHETIC-4,2582,BASE,,Tie,TIE,1911.0,2000-01-01T00:04:45.965Z,2000-01-01T00:04:48.115Z,horizontal,,False
689,144,P0144,280,2,C07,6127,2359,AESTHETIC,RUN-AESTHETIC-4,2551,BASE,,Right,BASE,2619.0,2000-01-01T00:04:48.124Z,2000-01-01T00:04:50.958Z,horizontal,,False
690,144,P0144,280,2,C01,25478,2525,BASE,,2717,CONTROL,RUN-CONTROL-4,Right,CONTROL,2071.0,2000-01-01T00:04:50.968Z,2000-01-01T00:04:53.263Z,horizontal,,False
691,144,P0144,280,2,C01,85,2526,BASE,,2718,CONTROL,RUN-CONTROL-4,Left,BASE,4577.0,2000-01-01T00:04:53.273Z,2000-01-01T00:04:58.076Z,horizontal,,False
692,144,P0144,280,2,B29,7,2724,CONTROL,RUN-CONTROL-4,2532,BASE,,Tie,TIE,1694.0,2000-01-01T00:04:58.086Z,2000-01-01T00:05:00.006Z,horizontal,,False
693,144,P0144,280,2,B02,25478,2271,AESTHETIC,RUN-AESTHETIC-4,2655,CONTROL,RUN-CONTROL-4,Tie,TIE,915.0,2000-01-01T00:05:00.018Z,2000-01-01T00:05:01.150Z,horizontal,,False
694,144,P0144,280,2,C05,85,2348,AESTHETIC,RUN-AESTHETIC-4,2732,CONTROL,RUN-CONTROL-4,Tie,TIE,1267.0,2000-01-01T00:05:01.160Z,2000-01-01T00:05:02.645Z,horizontal,,False
695,144,P0144,280,2,C15,7,2776,CONTROL,RUN-CONTROL-4,2392,AESTHETIC,RUN-AESTHETIC-4,Left,CONTROL,2463.0,2000-01-01T00:05:02.656Z,2000-01-01T00:05:05.337Z,horizontal,,False
696,144,P0144,280,2,A08,25478,2235,AESTHETIC,RUN-AESTHETIC-4,2427,BASE,,Right,BASE,1524.0,2000-01-01T00:05:05.349Z,2000-01-01T00:05:07.087Z,horizontal,,False
697,144,P0144,280,2,A13,7,2442,BASE,,2634,CONTROL,RUN-CONTROL-4,Tie,TIE,2612.0,2000-01-01T00:05:07.099Z,2000-01-01T00:05:09.928Z,horizontal,,False
698,144,P0144,280,2,B23,6127,2515,BASE,,2707,CONTROL,RUN-CONTROL-4,Tie,TIE,1761.0,2000-01-01T00:05:09.938Z,2000-01-01T00:05:11.919Z,horizontal,,False
699,144,P0144,280,2,B14,25478,2491,BASE,,2299,AESTHETIC,RUN-AESTHETIC-4,Tie,TIE,765.0,2000-01-01T00:05:11.929Z,2000-01-01T00:05:12.917Z,horizontal,VeryFastResponse,False
700,144,P0144,280,2,C08,7,2746,CONTROL,RUN-CONTROL-4,2554,BASE,,Tie,TIE,848.0,2000-01-01T00:05:12.931Z,2000-01-01T00:05:14.016Z,horizontal,,False
701,285,P0285,281,2,C20,6127,2409,AESTHETIC,RUN-AESTHETIC-4,2601,BASE,,Left,AESTHETIC,7109.0,2000-01-03T05:15:22.491Z,2000-01-03T05:15:29.750Z,vertical,,False
702,285,P0285,281,2,B26,6127,2711,CONTROL,RUN-CONTROL-4,2327,AESTHETIC,RUN-AESTHETIC-4,Right,AESTHETIC,3875.0,2000-01-03T05:15:29.762Z,2000-01-03T05:15:33.861Z,vertical,,False
703,285,P0285,281,2,B12,7,2298,AESTHETIC,RUN-AESTHETIC-4,2682,CONTROL,RUN-CONTROL-4,Right,CONTROL,3582.0,2000-01-03T05:15:33.874Z,2000-01-03T05:15:37.682Z,vertical,,False
704,285,P0285,281,2,B20,85,2690,CONTROL,RUN-CONTROL-4,2498,BASE,,Left,CONTROL,4474.0,2000-01-03T05:15:37.692Z,2000-01-03T05:15:42.387Z,vertical,,False
705,285,P0285,281,2,B15,25478,2685,CONTROL,RUN-CONTROL-4,2493,BASE,,Right,BASE,2943.0,2000-01-03T05:15:42.396Z,2000-01-03T05:15:45.981Z,vertical,,False
706,285,P0285,281,2,C08,7,2554,BASE,,2362,AESTHETIC,RUN-AESTHETIC-4,Right,AESTHETIC,2637.0,2000-01-03T05:15:45.991Z,2000-01-03T05:15:48.896Z,vertical,,False
707,285,P0285,281,2,A08,85,2236,AESTHETIC,RUN-AESTHETIC-4,2620,CONTROL,RUN-CONTROL-4,Left,AESTHETIC,3019.0,2000-01-03T05:15:48.907Z,2000-01-03T05:15:52.154Z,vertical,,False
708,285,P0285,281,2,A09,25478,2621,CONTROL,RUN-CONTROL-4,2429,BASE,,Left,CONTROL,2905.0,2000-01-03T05:15:52.166Z,2000-01-03T05:15:55.299Z,vertical,,False
709,285,P0285,281,2,C18,7,2406,AESTHETIC,RUN-AESTHETIC-4,2598,BASE,,Right,BASE,4363.0,2000-01-03T05:15:55.309Z,2000-01-03T05:15:59.894Z,vertical,,False
710,285,P0285,281,2,C05,85,2540,BASE,,2348,AESTHETIC,RUN-AESTHETIC-4,Right,AESTHETIC,2281.0,2000-01-03T05:15:59.906Z,2000-01-03T05:16:02.536Z,vertical,,False
711,285,P0285,281,2,B02,85,2656,CONTROL,RUN-CONTROL-4,2464,BASE,,Right,BASE,1986.0,2000-01-03T05:16:02.546Z,2000-01-03T05:16:04.783Z,vertical,,False
712,285,P0285,281,2,A15,25478,2635,CONTROL,RUN-CONTROL-4,2443,BASE,,Left,CONTROL,2700.0,2000-01-03T05:16:04.794Z,2000-01-03T05:16:07.713Z,vertical,,False
713,285,P0285,281,2,C04,7,2730,CONTROL,RUN-CONTROL-4,2346,AESTHETIC,RUN-AESTHETIC-4,Left,CONTROL,4865.0,2000-01-03T05:16:07.723Z,2000-01-03T05:16:12.808Z,vertical,,False
714,285,P0285,281,2,B06,85,2668,CONTROL,RUN-CONTROL-4,2284,AESTHETIC,RUN-AESTHETIC-4,Right,AESTHETIC,4226.0,2000-01-03T05:16:12.817Z,2000-01-03T05:16:17.263Z,vertical,,False
715,285,P0285,281,2,B23,6127,2515,BASE,,2323,AESTHETIC,RUN-AESTHETIC-4,Right,AESTHETIC,3696.0,2000-01-03T05:16:17.273Z,2000-01-03T05:16:21.196Z,vertical,,False
716,285,P0285,281,2,B06,7,2484,BASE,,2676,CONTROL,RUN-CONTROL-4,Right,CONTROL,3307.0,2000-01-03T05:16:21.206Z,2000-01-03T05:16:24.739Z,vertical,,False
717,285,P0285,281,2,C07,85,2352,AESTHETIC,RUN-AESTHETIC-4,2736,CONTROL,RUN-CONTROL-4,Left,AESTHETIC,6253.0,2000-01-03T05:16:24.749Z,2000-01-03T05:16:31.233Z,vertical,,False
718,285,P0285,281,2,C10,6127,2565,BASE,,2757,CONTROL,RUN-CONTROL-4,Left,BASE,3441.0,2000-01-03T05:16:31.244Z,2000-01-03T05:16:34.907Z,vertical,,False
719,285,P0285,281,2,A09,25478,2237,AESTHETIC,RUN-AESTHETIC-4,2429,BASE,,Left,AESTHETIC,2084.0,2000-01-03T05:16:34.950Z,2000-01-03T05:16:37.256Z,vertical,,False
720,285,P0285,281,2,A27,85,2460,BASE,,2652,CONTROL,RUN-CONTROL-4,Right,CONTROL,3522.0,2000-01-03T05:16:37.268Z,2000-01-03T05:16:41.013Z,vertical,,False
721,285,P0285,281,2,A08,7,2244,AESTHETIC,RUN-AESTHETIC-4,2628,CONTROL,RUN-CONTROL-4,Left,AESTHETIC,3680.0,2000-01-03T05:16:41.023Z,2000-01-03T05:16:44.926Z,vertical,,False
722,285,P0285,281,2,C13,7,2772,CONTROL,RUN-CONTROL-4,2580,BASE,,Right,BASE,4513.0,2000-01-03T05:16:44.936Z,2000-01-03T05:16:49.687Z,vertical,,False
723,285,P0285,281,2,C02,85,2336,AESTHETIC,RUN-AESTHETIC-4,2720,CONTROL,RUN-CONTROL-4,Left,AESTHETIC,2217.0,2000-01-03T05:16:49.697Z,2000-01-03T05:16:52.134Z,vertical,,False
724,285,P0285,281,2,B14,85,2684,CONTROL,RUN-CONTROL-4,2300,AESTHETIC,RUN-AESTHETIC-4,Right,AESTHETIC,5028.0,2000-01-03T05:16:52.145Z,2000-01-03T05:16:57.393Z,vertical,,False
725,285,P0285,281,2,C16,6127,2393,AESTHETIC,RUN-AESTHETIC-4,2585,BASE,,Right,BASE,4872.0,2000-01-03T05:16:57.405Z,2000-01-03T05:17:02.518Z,vertical,,False
726,285,P0285,281,2,A08,25478,2427,BASE,,2619,CONTROL,RUN-CONTROL-4,Left,BASE,3167.0,2000-01-03T05:17:02.527Z,2000-01-03T05:17:05.925Z,vertical,,False
727,285,P0285,281,2,A22,25478,2445,BASE,,2253,AESTHETIC,RUN-AESTHETIC-4,Right,AESTHETIC,2115.0,2000-01-03T05:17:05.956Z,2000-01-03T05:17:08.295Z,vertical,,False
728,285,P0285,281,2,A25,6127,2263,AESTHETIC,RUN-AESTHETIC-4,2647,CONTROL,RUN-CONTROL-4,Right,CONTROL,8001.0,2000-01-03T05:17:08.306Z,2000-01-03T05:17:16.548Z,vertical,,False
729,285,P0285,281,2,C05,6127,2547,BASE,,2355,AESTHETIC,RUN-AESTHETIC-4,Right,AESTHETIC,4215.0,2000-01-03T05:17:16.557Z,2000-01-03T05:17:20.993Z,vertical,,False
730,285,P0285,281,2,B19,6127,2503,BASE,,2695,CONTROL,RUN-CONTROL-4,Left,BASE,6607.0,2000-01-03T05:17:21.004Z,2000-01-03T05:17:27.848Z,vertical,,False
731,281,P0281,283,2,A09,7,2246,AESTHETIC,RUN-AESTHETIC-4,2438,BASE,,Tie,TIE,13133.0,2000-01-03T11:13:28.740Z,2000-01-03T11:13:42.431Z,vertical,,False
732,281,P0281,283,2,C09,7,2564,BASE,,2756,CONTROL,RUN-CONTROL-4,Right,CONTROL,25702.0,2000-01-03T11:13:42.441Z,2000-01-03T11:14:08.432Z,vertical,,False
733,281,P0281,283,2,C18,6127,2597,BASE,,2405,AESTHETIC,RUN-AESTHETIC-4,Left,BASE,8155.0,2000-01-03T11:14:08.442Z,2000-01-03T11:14:16.880Z,vertical,,False
734,281,P0281,283,2,C04,85,2530,BASE,,2722,CONTROL,RUN-CONTROL-4,Left,BASE,13900.0,2000-01-03T11:14:16.891Z,2000-01-03T11:14:31.062Z,vertical,,False
735,281,P0281,283,2,A22,7,2454,BASE,,2646,CONTROL,RUN-CONTROL-4,Tie,TIE,7100.0,2000-01-03T11:14:31.072Z,2000-01-03T11:14:38.775Z,vertical,,False
736,281,P0281,283,2,C02,85,2336,AESTHETIC,RUN-AESTHETIC-4,2528,BASE,,Right,BASE,20309.0,2000-01-03T11:14:38.785Z,2000-01-03T11:14:59.373Z,vertical,,False
737,281,P0281,283,2,B14,6127,2691,CONTROL,RUN-CONTROL-4,2307,AESTHETIC,RUN-AESTHETIC-4,Tie,TIE,3024.0,2000-01-03T11:14:59.383Z,2000-01-03T11:15:02.703Z,vertical,,False
738,281,P0281,283,2,A02,7,2422,BASE,,2230,AESTHETIC,RUN-AESTHETIC-4,Right,AESTHETIC,5406.0,2000-01-03T11:15:02.713Z,2000-01-03T11:15:08.380Z,vertical,,False
739,281,P0281,283,2,B23,7,2324,AESTHETIC,RUN-AESTHETIC-4,2516,BASE,,Tie,TIE,5537.0,2000-01-03T11:15:08.390Z,2000-01-03T11:15:14.183Z,vertical,,False
740,281,P0281,283,2,C12,25478,2753,CONTROL,RUN-CONTROL-4,2369,AESTHETIC,RUN-AESTHETIC-4,Left,CONTROL,8067.0,2000-01-03T11:15:14.194Z,2000-01-03T11:15:22.540Z,vertical,,False
741,281,P0281,283,2,C08,25478,2737,CONTROL,RUN-CONTROL-4,2545,BASE,,Left,CONTROL,2674.0,2000-01-03T11:15:22.552Z,2000-01-03T11:15:26.613Z,vertical,,False
742,281,P0281,283,2,B19,85,2688,CONTROL,RUN-CONTROL-4,2496,BASE,,Left,CONTROL,1982.0,2000-01-03T11:15:26.622Z,2000-01-03T11:15:29.359Z,vertical,,False
743,281,P0281,283,2,A09,6127,2437,BASE,,2629,CONTROL,RUN-CONTROL-4,Left,BASE,3236.0,2000-01-03T11:15:29.368Z,2000-01-03T11:15:32.870Z,vertical,,False
744,281,P0281,283,2,C11,85,2560,BASE,,2752,CONTROL,RUN-CONTROL-4,Right,CONTROL,1217.0,2000-01-03T11:15:32.880Z,2000-01-03T11:15:34.378Z,vertical,,False
745,281,P0281,283,2,C11,7,2760,CONTROL,RUN-CONTROL-4,2568,BASE,,Right,BASE,3014.0,2000-01-03T11:15:34.388Z,2000-01-03T11:15:37.678Z,vertical,,False
746,281,P0281,283,2,C05,25478,2731,CONTROL,RUN-CONTROL-4,2347,AESTHETIC,RUN-AESTHETIC-4,Left,CONTROL,2237.0,2000-01-03T11:15:37.689Z,2000-01-03T11:15:40.223Z,vertical,,False
747,281,P0281,283,2,C04,6127,2537,BASE,,2729,CONTROL,RUN-CONTROL-4,Right,CONTROL,17877.0,2000-01-03T11:15:40.233Z,2000-01-03T11:15:58.530Z,vertical,,False
748,281,P0281,283,2,B14,25478,2299,AESTHETIC,RUN-AESTHETIC-4,2683,CONTROL,RUN-CONTROL-4,Tie,TIE,1786.0,2000-01-03T11:15:58.544Z,2000-01-03T11:16:00.606Z,vertical,,False
749,281,P0281,283,2,C16,6127,2585,BASE,,2777,CONTROL,RUN-CONTROL-4,Left,BASE,3922.0,2000-01-03T11:16:00.615Z,2000-01-03T11:16:04.789Z,vertical,,False
750,281,P0281,283,2,B26,85,2512,BASE,,2704,CONTROL,RUN-CONTROL-4,Tie,TIE,2997.0,2000-01-03T11:16:04.800Z,2000-01-03T11:16:08.080Z,vertical,,False
751,281,P0281,283,2,B25,25478,2317,AESTHETIC,RUN-AESTHETIC-4,2509,BASE,,Tie,TIE,1862.0,2000-01-03T11:16:08.090Z,2000-01-03T11:16:10.230Z,vertical,,False
752,281,P0281,283,2,C09,6127,2371,AESTHETIC,RUN-AESTHETIC-4,2563,BASE,,Right,BASE,1818.0,2000-01-03T11:16:10.239Z,2000-01-03T11:16:12.326Z,vertical,,False
753,281,P0281,283,2,B06,6127,2483,BASE,,2675,CONTROL,RUN-CONTROL-4,Right,CONTROL,4741.0,2000-01-03T11:16:12.337Z,2000-01-03T11:16:17.504Z,vertical,,False
754,281,P0281,283,2,B15,85,2494,BASE,,2302,AESTHETIC,RUN-AESTHETIC-4,Right,AESTHETIC,1859.0,2000-01-03T11:16:17.514Z,2000-01-03T11:16:19.637Z,vertical,,False
755,281,P0281,283,2,C15,25478,2383,AESTHETIC,RUN-AESTHETIC-4,2575,BASE,,Left,AESTHETIC,1617.0,2000-01-03T11:16:19.647Z,2000-01-03T11:16:21.529Z,vertical,,False
756,281,P0281,283,2,B01,25478,2461,BASE,,2269,AESTHETIC,RUN-AESTHETIC-4,Left,BASE,1428.0,2000-01-03T11:16:21.538Z,2000-01-03T11:16:23.768Z,vertical,,False
757,281,P0281,283,2,C15,6127,2775,CONTROL,RUN-CONTROL-4,2391,AESTHETIC,RUN-AESTHETIC-4,Left,CONTROL,1773.0,2000-01-03T11:16:23.778Z,2000-01-03T11:16:26.046Z,vertical,,False
758,281,P0281,283,2,A09,6127,2245,AESTHETIC,RUN-AESTHETIC-4,2629,CONTROL,RUN-CONTROL-4,Tie,TIE,1453.0,2000-01-03T11:16:26.058Z,2000-01-03T11:16:27.760Z,vertical,,False
759,281,P0281,283,2,B27,6127,2521,BASE,,2329,AESTHETIC,RUN-AESTHETIC-4,Right,AESTHETIC,2655.0,2000-01-03T11:16:27.771Z,2000-01-03T11:16:30.679Z,vertical,,False
760,281,P0281,283,2,A15,25478,2251,AESTHETIC,RUN-AESTHETIC-4,2635,CONTROL,RUN-CONTROL-4,Right,CONTROL,1644.0,2000-01-03T11:16:30.689Z,2000-01-03T11:16:32.612Z,vertical,,False
761,44,P0044,284,2,C05,85,2540,BASE,,2732,CONTROL,RUN-CONTROL-4,Right,CONTROL,8015.0,2000-01-01T00:00:25.568Z,2000-01-01T00:00:33.769Z,horizontal,,False
762,44,P0044,284,2,C18,85,2398,AESTHETIC,RUN-AESTHETIC-4,2590,BASE,,Right,BASE,5764.0,2000-01-01T00:00:33.780Z,2000-01-01T00:00:39.845Z,horizontal,,False
763,44,P0044,284,2,A07,7,2618,CONTROL,RUN-CONTROL-4,2426,BASE,,Left,CONTROL,5456.0,2000-01-01T00:00:39.857Z,2000-01-01T00:00:45.613Z,horizontal,,False
764,44,P0044,284,2,B06,7,2484,BASE,,2292,AESTHETIC,RUN-AESTHETIC-4,Left,BASE,3635.0,2000-01-01T00:00:45.623Z,2000-01-01T00:00:49.538Z,horizontal,,False
765,44,P0044,284,2,C20,25478,2785,CONTROL,RUN-CONTROL-4,2401,AESTHETIC,RUN-AESTHETIC-4,Left,CONTROL,3939.0,2000-01-01T00:00:49.547Z,2000-01-01T00:00:54.001Z,horizontal,,False
766,44,P0044,284,2,C16,7,2586,BASE,,2778,CONTROL,RUN-CONTROL-4,Left,BASE,2309.0,2000-01-01T00:00:54.011Z,2000-01-01T00:00:56.627Z,horizontal,,False
767,44,P0044,284,2,B06,6127,2483,BASE,,2291,AESTHETIC,RUN-AESTHETIC-4,Left,BASE,3362.0,2000-01-01T00:00:56.638Z,2000-01-01T00:01:00.292Z,horizontal,,False
768,44,P0044,284,2,C15,7,2392,AESTHETIC,RUN-AESTHETIC-4,2584,BASE,,Left,AESTHETIC,4092.0,2000-01-01T00:01:00.302Z,2000-01-01T00:01:04.609Z,horizontal,,False
769,44,P0044,284,2,C05,7,2740,CONTROL,RUN-CONTROL-4,2548,BASE,,Right,BASE,2485.0,2000-01-01T00:01:04.619Z,2000-01-01T00:01:07.330Z,horizontal,,False
770,44,P0044,284,2,B12,7,2490,BASE,,2298,AESTHETIC,RUN-AESTHETIC-4,Right,AESTHETIC,1822.0,2000-01-01T00:01:07.340Z,2000-01-01T00:01:09.371Z,horizontal,,False
771,44,P0044,284,2,B23,25478,2507,BASE,,2699,CONTROL,RUN-CONTROL-4,Left,BASE,2300.0,2000-01-01T00:01:09.384Z,2000-01-01T00:01:11.886Z,horizontal,,False
772,44,P0044,284,2,A04,6127,2423,BASE,,2231,AESTHETIC,RUN-AESTHETIC-4,Right,AESTHETIC,7155.0,2000-01-01T00:01:11.900Z,2000-01-01T00:01:19.258Z,horizontal,,False
773,44,P0044,284,2,C18,25478,2589,BASE,,2781,CONTROL,RUN-CONTROL-4,Left,BASE,2608.0,2000-01-01T00:01:19.270Z,2000-01-01T00:01:22.079Z,horizontal,,False
774,44,P0044,284,2,A26,7,2266,AESTHETIC,RUN-AESTHETIC-4,2650,CONTROL,RUN-CONTROL-4,Left,AESTHETIC,3457.0,2000-01-01T00:01:22.088Z,2000-01-01T00:01:25.985Z,horizontal,,False
775,44,P0044,284,2,B04,25478,2465,BASE,,2657,CONTROL,RUN-CONTROL-4,Right,CONTROL,3334.0,2000-01-01T00:01:25.995Z,2000-01-01T00:01:29.652Z,horizontal,,False
776,44,P0044,284,2,C06,85,2734,CONTROL,RUN-CONTROL-4,2542,BASE,,Right,BASE,3135.0,2000-01-01T00:01:29.662Z,2000-01-01T00:01:32.996Z,horizontal,,False
777,44,P0044,284,2,C06,25478,2733,CONTROL,RUN-CONTROL-4,2541,BASE,,Left,CONTROL,4114.0,2000-01-01T00:01:33.006Z,2000-01-01T00:01:37.338Z,horizontal,,False
778,44,P0044,284,2,A25,25478,2255,AESTHETIC,RUN-AESTHETIC-4,2447,BASE,,Left,AESTHETIC,3585.0,2000-01-01T00:01:37.349Z,2000-01-01T00:01:41.253Z,horizontal,,False
779,44,P0044,284,2,A02,6127,2421,BASE,,2229,AESTHETIC,RUN-AESTHETIC-4,Left,BASE,7014.0,2000-01-01T00:01:41.263Z,2000-01-01T00:01:48.549Z,horizontal,,False
780,44,P0044,284,2,C13,6127,2579,BASE,,2771,CONTROL,RUN-CONTROL-4,Left,BASE,2228.0,2000-01-01T00:01:48.558Z,2000-01-01T00:01:51.145Z,horizontal,,False
781,44,P0044,284,2,B26,25478,2703,CONTROL,RUN-CONTROL-4,2319,AESTHETIC,RUN-AESTHETIC-4,Right,AESTHETIC,9793.0,2000-01-01T00:01:51.156Z,2000-01-01T00:02:01.184Z,horizontal,,False
782,44,P0044,284,2,A11,6127,2631,CONTROL,RUN-CONTROL-4,2247,AESTHETIC,RUN-AESTHETIC-4,Left,CONTROL,3625.0,2000-01-01T00:02:01.195Z,2000-01-01T00:02:05.072Z,horizontal,,False
783,44,P0044,284,2,A01,7,2612,CONTROL,RUN-CONTROL-4,2420,BASE,,Right,BASE,4438.0,2000-01-01T00:02:05.082Z,2000-01-01T00:02:10.021Z,horizontal,,False
784,44,P0044,284,2,A22,6127,2261,AESTHETIC,RUN-AESTHETIC-4,2453,BASE,,Left,AESTHETIC,4344.0,2000-01-01T00:02:10.031Z,2000-01-01T00:02:14.740Z,horizontal,,False
785,44,P0044,284,2,A07,25478,2609,CONTROL,RUN-CONTROL-4,2417,BASE,,Right,BASE,3564.0,2000-01-01T00:02:14.769Z,2000-01-01T00:02:18.572Z,horizontal,,False
786,44,P0044,284,2,C06,25478,2541,BASE,,2349,AESTHETIC,RUN-AESTHETIC-4,Right,AESTHETIC,2899.0,2000-01-01T00:02:18.582Z,2000-01-01T00:02:21.716Z,horizontal,,False
787,44,P0044,284,2,C19,25478,2591,BASE,,2399,AESTHETIC,RUN-AESTHETIC-4,Left,BASE,8371.0,2000-01-01T00:02:21.725Z,2000-01-01T00:02:30.369Z,horizontal,,False
788,44,P0044,284,2,B06,6127,2291,AESTHETIC,RUN-AESTHETIC-4,2675,CONTROL,RUN-CONTROL-4,Right,CONTROL,4214.0,2000-01-01T00:02:30.379Z,2000-01-01T00:02:34.839Z,horizontal,,False
789,44,P0044,284,2,A27,6127,2467,BASE,,2659,CONTROL,RUN-CONTROL-4,Right,CONTROL,2260.0,2000-01-01T00:02:34.848Z,2000-01-01T00:02:37.313Z,horizontal,,False
790,44,P0044,284,2,A08,85,2428,BASE,,2620,CONTROL,RUN-CONTROL-4,Right,CONTROL,2052.0,2000-01-01T00:02:37.323Z,2000-01-01T00:02:39.587Z,horizontal,,False
791,41,P0041,290,3,C18,7,2406,AESTHETIC,RUN-AESTHETIC-4,2790,CONTROL,RUN-CONTROL-4,Right,CONTROL,26454.0,2000-01-01T00:00:17.867Z,2000-01-01T00:00:45.037Z,vertical,,True
792,41,P0041,290,3,A02,25478,2413,BASE,,2605,CONTROL,RUN-CONTROL-4,Right,CONTROL,6897.0,2000-01-01T00:00:45.049Z,2000-01-01T00:00:52.363Z,vertical,,True
793,41,P0041,290,3,B29,25478,2523,BASE,,2331,AESTHETIC,RUN-AESTHETIC-4,Left,BASE,13054.0,2000-01-01T00:00:52.373Z,2000-01-01T00:01:05.708Z,vertical,,True
794,41,P0041,290,3,B25,6127,2517,BASE,,2709,CONTROL,RUN-CONTROL-4,Left,BASE,8907.0,2000-01-01T00:01:05.719Z,2000-01-01T00:01:15.049Z,vertical,,True
795,41,P0041,290,3,A22,25478,2637,CONTROL,RUN-CONTROL-4,2445,BASE,,Right,BASE,25740.0,2000-01-01T00:01:15.060Z,2000-01-01T00:01:41.106Z,vertical,,True
796,41,P0041,290,3,B27,6127,2713,CONTROL,RUN-CONTROL-4,2329,AESTHETIC,RUN-AESTHETIC-4,Left,CONTROL,13330.0,2000-01-01T00:01:41.115Z,2000-01-01T00:01:54.746Z,vertical,,True
797,41,P0041,290,3,A09,7,2630,CONTROL,RUN-CONTROL-4,2246,AESTHETIC,RUN-AESTHETIC-4,Right,AESTHETIC,2272.0,2000-01-01T00:01:54.757Z,2000-01-01T00:01:57.346Z,vertical,,True
798,41,P0041,290,3,C02,85,2528,BASE,,2720,CONTROL,RUN-CONTROL-4,Tie,TIE,9796.0,2000-01-01T00:01:57.357Z,2000-01-01T00:02:07.444Z,vertical,,True
799,41,P0041,290,3,C08,85,2546,BASE,,2738,CONTROL,RUN-CONTROL-4,Right,CONTROL,5732.0,2000-01-01T00:02:07.455Z,2000-01-01T00:02:13.465Z,vertical,,True
800,41,P0041,290,3,B08,7,2486,BASE,,2294,AESTHETIC,RUN-AESTHETIC-4,Left,BASE,3344.0,2000-01-01T00:02:13.475Z,2000-01-01T00:02:17.100Z,vertical,,True
801,41,P0041,290,3,A27,7,2660,CONTROL,RUN-CONTROL-4,2468,BASE,,Right,BASE,5957.0,2000-01-01T00:02:17.110Z,2000-01-01T00:02:23.338Z,vertical,,True
802,41,P0041,290,3,C02,25478,2335,AESTHETIC,RUN-AESTHETIC-4,2527,BASE,,Left,AESTHETIC,5785.0,2000-01-01T00:02:23.349Z,2000-01-01T00:02:29.418Z,vertical,,True
803,41,P0041,290,3,C18,6127,2405,AESTHETIC,RUN-AESTHETIC-4,2789,CONTROL,RUN-CONTROL-4,Tie,TIE,4646.0,2000-01-01T00:02:29.428Z,2000-01-01T00:02:34.350Z,vertical,,True
804,41,P0041,290,3,B14,6127,2307,AESTHETIC,RUN-AESTHETIC-4,2499,BASE,,Left,AESTHETIC,18797.0,2000-01-01T00:02:34.359Z,2000-01-01T00:02:53.404Z,vertical,,True
805,41,P0041,290,3,C20,7,2602,BASE,,2794,CONTROL,RUN-CONTROL-4,Tie,TIE,95135.0,2000-01-01T00:02:53.414Z,2000-01-01T00:04:29.606Z,vertical,,True
806,41,P0041,290,3,A11,7,2248,AESTHETIC,RUN-AESTHETIC-4,2632,CONTROL,RUN-CONTROL-4,Right,CONTROL,200709.0,2000-01-01T00:04:29.616Z,2000-01-01T00:07:51.859Z,vertical,,True
807,41,P0041,290,3,C09,25478,2555,BASE,,2747,CONTROL,RUN-CONTROL-4,,,,2000-01-01T00:07:51.870Z,,,,True
808,41,P0041,290,3,B23,85,2508,BASE,,2700,CONTROL,RUN-CONTROL-4,,,,,,,,True
809,41,P0041,290,3,A02,6127,2613,CONTROL,RUN-CONTROL-4,2229,AESTHETIC,RUN-AESTHETIC-4,,,,,,,,True
810,41,P0041,290,3,A01,7,2228,AESTHETIC,RUN-AESTHETIC-4,2612,CONTROL,RUN-CONTROL-4,,,,,,,,True
811,41,P0041,290,3,B26,7,2712,CONTROL,RUN-CONTROL-4,2520,BASE,,,,,,,,,True
812,41,P0041,290,3,A22,6127,2261,AESTHETIC,RUN-AESTHETIC-4,2645,CONTROL,RUN-CONTROL-4,,,,,,,,True
813,41,P0041,290,3,C16,7,2778,CONTROL,RUN-CONTROL-4,2394,AESTHETIC,RUN-AESTHETIC-4,,,,,,,,True
814,41,P0041,290,3,B04,7,2666,CONTROL,RUN-CONTROL-4,2474,BASE,,,,,,,,,True
815,41,P0041,290,3,B01,6127,2661,CONTROL,RUN-CONTROL-4,2277,AESTHETIC,RUN-AESTHETIC-4,,,,,,,,True
816,41,P0041,290,3,B20,6127,2505,BASE,,2697,CONTROL,RUN-CONTROL-4,,,,,,,,True
817,41,P0041,290,3,A22,85,2254,AESTHETIC,RUN-AESTHETIC-4,2446,BASE,,,,,,,,,True
818,41,P0041,290,3,B04,25478,2273,AESTHETIC,RUN-AESTHETIC-4,2657,CONTROL,RUN-CONTROL-4,,,,,,,,True
819,41,P0041,290,3,C05,7,2740,CONTROL,RUN-CONTROL-4,2356,AESTHETIC,RUN-AESTHETIC-4,,,,,,,,True
820,41,P0041,290,3,A07,25478,2609,CONTROL,RUN-CONTROL-4,2225,AESTHETIC,RUN-AESTHETIC-4,,,,,,,,True
821,210,P0210,292,3,C06,25478,2349,AESTHETIC,RUN-AESTHETIC-4,2733,CONTROL,RUN-CONTROL-4,Tie,TIE,7331.0,2000-01-01T00:02:11.113Z,2000-01-01T00:02:19.238Z,vertical,,False
822,210,P0210,292,3,A04,85,2416,BASE,,2224,AESTHETIC,RUN-AESTHETIC-4,Tie,TIE,2389.0,2000-01-01T00:02:19.248Z,2000-01-01T00:02:21.916Z,vertical,,False
823,210,P0210,292,3,B27,25478,2513,BASE,,2321,AESTHETIC,RUN-AESTHETIC-4,Right,AESTHETIC,2621.0,2000-01-01T00:02:21.925Z,2000-01-01T00:02:24.824Z,vertical,,False
824,210,P0210,292,3,B12,6127,2681,CONTROL,RUN-CONTROL-4,2489,BASE,,Left,CONTROL,4348.0,2000-01-01T00:02:24.834Z,2000-01-01T00:02:29.475Z,vertical,,False
825,210,P0210,292,3,B19,25478,2303,AESTHETIC,RUN-AESTHETIC-4,2495,BASE,,Left,AESTHETIC,5618.0,2000-01-01T00:02:29.485Z,2000-01-01T00:02:35.385Z,vertical,,False
826,210,P0210,292,3,A15,25478,2443,BASE,,2251,AESTHETIC,RUN-AESTHETIC-4,Right,AESTHETIC,2472.0,2000-01-01T00:02:35.421Z,2000-01-01T00:02:38.166Z,vertical,,False
827,210,P0210,292,3,C17,6127,2403,AESTHETIC,RUN-AESTHETIC-4,2787,CONTROL,RUN-CONTROL-4,Right,CONTROL,2272.0,2000-01-01T00:02:38.177Z,2000-01-01T00:02:40.737Z,vertical,,False
828,210,P0210,292,3,C09,25478,2555,BASE,,2363,AESTHETIC,RUN-AESTHETIC-4,Right,AESTHETIC,1346.0,2000-01-01T00:02:40.747Z,2000-01-01T00:02:42.375Z,vertical,,False
829,210,P0210,292,3,C14,7,2774,CONTROL,RUN-CONTROL-4,2582,BASE,,Right,BASE,2060.0,2000-01-01T00:02:42.385Z,2000-01-01T00:02:44.756Z,vertical,,False
830,210,P0210,292,3,A09,6127,2245,AESTHETIC,RUN-AESTHETIC-4,2437,BASE,,Right,BASE,1481.0,2000-01-01T00:02:44.765Z,2000-01-01T00:02:46.516Z,vertical,,False
831,210,P0210,292,3,C20,85,2786,CONTROL,RUN-CONTROL-4,2402,AESTHETIC,RUN-AESTHETIC-4,Right,AESTHETIC,1421.0,2000-01-01T00:02:46.529Z,2000-01-01T00:02:48.257Z,vertical,,False
832,210,P0210,292,3,B20,6127,2313,AESTHETIC,RUN-AESTHETIC-4,2505,BASE,,Left,AESTHETIC,4021.0,2000-01-01T00:02:48.272Z,2000-01-01T00:02:52.587Z,vertical,,False
833,210,P0210,292,3,B09,6127,2679,CONTROL,RUN-CONTROL-4,2487,BASE,,Right,BASE,1728.0,2000-01-01T00:02:52.598Z,2000-01-01T00:02:54.596Z,vertical,,False
834,210,P0210,292,3,C20,85,2402,AESTHETIC,RUN-AESTHETIC-4,2594,BASE,,Right,BASE,1333.0,2000-01-01T00:02:54.615Z,2000-01-01T00:02:56.235Z,vertical,,False
835,210,P0210,292,3,B01,25478,2461,BASE,,2653,CONTROL,RUN-CONTROL-4,Left,BASE,1610.0,2000-01-01T00:02:56.245Z,2000-01-01T00:02:58.126Z,vertical,,False
836,210,P0210,292,3,B15,7,2694,CONTROL,RUN-CONTROL-4,2502,BASE,,Left,CONTROL,1825.0,2000-01-01T00:02:58.136Z,2000-01-01T00:03:00.246Z,vertical,,False
837,210,P0210,292,3,B19,7,2696,CONTROL,RUN-CONTROL-4,2312,AESTHETIC,RUN-AESTHETIC-4,Right,AESTHETIC,2782.0,2000-01-01T00:03:00.258Z,2000-01-01T00:03:03.318Z,vertical,,False
838,210,P0210,292,3,A27,7,2468,BASE,,2276,AESTHETIC,RUN-AESTHETIC-4,Left,BASE,1530.0,2000-01-01T00:03:03.328Z,2000-01-01T00:03:05.136Z,vertical,,False
839,210,P0210,292,3,C07,25478,2543,BASE,,2735,CONTROL,RUN-CONTROL-4,Left,BASE,1326.0,2000-01-01T00:03:05.160Z,2000-01-01T00:03:06.768Z,vertical,,False
840,210,P0210,292,3,B02,25478,2463,BASE,,2655,CONTROL,RUN-CONTROL-4,Tie,TIE,1778.0,2000-01-01T00:03:06.778Z,2000-01-01T00:03:08.817Z,vertical,,False
841,210,P0210,292,3,B23,85,2316,AESTHETIC,RUN-AESTHETIC-4,2508,BASE,,Tie,TIE,1191.0,2000-01-01T00:03:08.827Z,2000-01-01T00:03:10.316Z,vertical,,False
842,210,P0210,292,3,C20,7,2794,CONTROL,RUN-CONTROL-4,2410,AESTHETIC,RUN-AESTHETIC-4,Tie,TIE,934.0,2000-01-01T00:03:10.327Z,2000-01-01T00:03:11.548Z,vertical,,False
843,210,P0210,292,3,A25,7,2264,AESTHETIC,RUN-AESTHETIC-4,2456,BASE,,Right,BASE,1367.0,2000-01-01T00:03:11.559Z,2000-01-01T00:03:13.197Z,vertical,,False
844,210,P0210,292,3,A01,6127,2419,BASE,,2611,CONTROL,RUN-CONTROL-4,Left,BASE,2125.0,2000-01-01T00:03:13.208Z,2000-01-01T00:03:15.597Z,vertical,,False
845,210,P0210,292,3,C04,6127,2537,BASE,,2345,AESTHETIC,RUN-AESTHETIC-4,Left,BASE,1627.0,2000-01-01T00:03:15.611Z,2000-01-01T00:03:17.519Z,vertical,,False
846,210,P0210,292,3,C17,7,2596,BASE,,2788,CONTROL,RUN-CONTROL-4,Tie,TIE,1790.0,2000-01-01T00:03:17.530Z,2000-01-01T00:03:19.646Z,vertical,,False
847,210,P0210,292,3,B06,7,2292,AESTHETIC,RUN-AESTHETIC-4,2676,CONTROL,RUN-CONTROL-4,Tie,TIE,827.0,2000-01-01T00:03:19.666Z,2000-01-01T00:03:20.882Z,vertical,,False
848,210,P0210,292,3,B27,85,2322,AESTHETIC,RUN-AESTHETIC-4,2514,BASE,,Right,BASE,1307.0,2000-01-01T00:03:20.893Z,2000-01-01T00:03:22.526Z,vertical,,False
849,210,P0210,292,3,B08,7,2678,CONTROL,RUN-CONTROL-4,2294,AESTHETIC,RUN-AESTHETIC-4,Tie,TIE,1436.0,2000-01-01T00:03:22.558Z,2000-01-01T00:03:24.267Z,vertical,,False
850,210,P0210,292,3,C14,7,2774,CONTROL,RUN-CONTROL-4,2390,AESTHETIC,RUN-AESTHETIC-4,Tie,TIE,837.0,2000-01-01T00:03:24.277Z,2000-01-01T00:03:25.408Z,vertical,,False
851,251,P0251,293,3,B19,85,2688,CONTROL,RUN-CONTROL-4,2304,AESTHETIC,RUN-AESTHETIC-4,Right,AESTHETIC,6492.0,2000-01-01T00:06:58.644Z,2000-01-01T00:07:05.529Z,horizontal,,False
852,251,P0251,293,3,B14,7,2692,CONTROL,RUN-CONTROL-4,2308,AESTHETIC,RUN-AESTHETIC-4,Right,AESTHETIC,13693.0,2000-01-01T00:07:05.562Z,2000-01-01T00:07:19.461Z,horizontal,,False
853,251,P0251,293,3,A04,25478,2223,AESTHETIC,RUN-AESTHETIC-4,2415,BASE,,Left,AESTHETIC,23142.0,2000-01-01T00:07:19.503Z,2000-01-01T00:07:42.875Z,horizontal,,False
854,251,P0251,293,3,B26,25478,2511,BASE,,2319,AESTHETIC,RUN-AESTHETIC-4,Tie,TIE,6821.0,2000-01-01T00:07:42.885Z,2000-01-01T00:07:49.917Z,horizontal,,False
855,251,P0251,293,3,A04,6127,2615,CONTROL,RUN-CONTROL-4,2231,AESTHETIC,RUN-AESTHETIC-4,Tie,TIE,12702.0,2000-01-01T00:07:49.928Z,2000-01-01T00:08:02.849Z,horizontal,,False
856,251,P0251,293,3,A07,7,2426,BASE,,2234,AESTHETIC,RUN-AESTHETIC-4,Right,AESTHETIC,17739.0,2000-01-01T00:08:02.861Z,2000-01-01T00:08:20.817Z,horizontal,,False
857,251,P0251,293,3,C20,85,2594,BASE,,2786,CONTROL,RUN-CONTROL-4,Left,BASE,3990.0,2000-01-01T00:08:20.826Z,2000-01-01T00:08:25.028Z,horizontal,,False
858,251,P0251,293,3,C08,85,2354,AESTHETIC,RUN-AESTHETIC-4,2738,CONTROL,RUN-CONTROL-4,Tie,TIE,17953.0,2000-01-01T00:08:25.038Z,2000-01-01T00:08:43.198Z,horizontal,,False
859,251,P0251,293,3,A25,85,2256,AESTHETIC,RUN-AESTHETIC-4,2640,CONTROL,RUN-CONTROL-4,Left,AESTHETIC,16740.0,2000-01-01T00:08:43.208Z,2000-01-01T00:09:00.169Z,horizontal,,False
860,251,P0251,293,3,A26,7,2266,AESTHETIC,RUN-AESTHETIC-4,2458,BASE,,Left,AESTHETIC,13622.0,2000-01-01T00:09:00.179Z,2000-01-01T00:09:14.136Z,horizontal,,False
861,251,P0251,293,3,B23,25478,2315,AESTHETIC,RUN-AESTHETIC-4,2507,BASE,,Right,BASE,24717.0,2000-01-01T00:09:14.147Z,2000-01-01T00:09:39.070Z,horizontal,,False
862,251,P0251,293,3,C04,7,2346,AESTHETIC,RUN-AESTHETIC-4,2538,BASE,,Left,AESTHETIC,4664.0,2000-01-01T00:09:39.081Z,2000-01-01T00:09:43.961Z,horizontal,,False
863,251,P0251,293,3,A04,6127,2615,CONTROL,RUN-CONTROL-4,2423,BASE,,Tie,TIE,2257.0,2000-01-01T00:09:43.972Z,2000-01-01T00:09:46.436Z,horizontal,,False
864,251,P0251,293,3,B15,85,2302,AESTHETIC,RUN-AESTHETIC-4,2686,CONTROL,RUN-CONTROL-4,Tie,TIE,7022.0,2000-01-01T00:09:46.447Z,2000-01-01T00:09:53.687Z,horizontal,,False
865,251,P0251,293,3,C05,6127,2739,CONTROL,RUN-CONTROL-4,2355,AESTHETIC,RUN-AESTHETIC-4,Left,CONTROL,4790.0,2000-01-01T00:09:53.699Z,2000-01-01T00:09:58.700Z,horizontal,,False
866,251,P0251,293,3,C13,6127,2579,BASE,,2387,AESTHETIC,RUN-AESTHETIC-4,Tie,TIE,15932.0,2000-01-01T00:09:58.732Z,2000-01-01T00:10:14.869Z,horizontal,,False
867,251,P0251,293,3,B23,6127,2323,AESTHETIC,RUN-AESTHETIC-4,2707,CONTROL,RUN-CONTROL-4,Left,AESTHETIC,6223.0,2000-01-01T00:10:14.886Z,2000-01-01T00:10:21.323Z,horizontal,,False
868,251,P0251,293,3,C06,85,2734,CONTROL,RUN-CONTROL-4,2350,AESTHETIC,RUN-AESTHETIC-4,Tie,TIE,3807.0,2000-01-01T00:10:21.334Z,2000-01-01T00:10:25.353Z,horizontal,,False
869,251,P0251,293,3,B15,85,2494,BASE,,2686,CONTROL,RUN-CONTROL-4,Tie,TIE,2254.0,2000-01-01T00:10:25.365Z,2000-01-01T00:10:27.831Z,horizontal,,False
870,251,P0251,293,3,A26,7,2458,BASE,,2650,CONTROL,RUN-CONTROL-4,Tie,TIE,6502.0,2000-01-01T00:10:27.841Z,2000-01-01T00:10:34.559Z,horizontal,,False
871,251,P0251,293,3,C16,25478,2577,BASE,,2769,CONTROL,RUN-CONTROL-4,Left,BASE,3521.0,2000-01-01T00:10:34.571Z,2000-01-01T00:10:38.315Z,horizontal,,False
872,251,P0251,293,3,B23,7,2708,CONTROL,RUN-CONTROL-4,2516,BASE,,Left,CONTROL,3818.0,2000-01-01T00:10:38.326Z,2000-01-01T00:10:42.344Z,horizontal,,False
873,251,P0251,293,3,C17,6127,2403,AESTHETIC,RUN-AESTHETIC-4,2595,BASE,,Left,AESTHETIC,5683.0,2000-01-01T00:10:42.352Z,2000-01-01T00:10:48.237Z,horizontal,,False
874,251,P0251,293,3,C15,25478,2767,CONTROL,RUN-CONTROL-4,2383,AESTHETIC,RUN-AESTHETIC-4,Left,CONTROL,7713.0,2000-01-01T00:10:48.248Z,2000-01-01T00:10:56.165Z,horizontal,,False
875,251,P0251,293,3,B26,6127,2711,CONTROL,RUN-CONTROL-4,2519,BASE,,Tie,TIE,11719.0,2000-01-01T00:10:56.179Z,2000-01-01T00:11:08.103Z,horizontal,,False
876,251,P0251,293,3,C15,6127,2583,BASE,,2391,AESTHETIC,RUN-AESTHETIC-4,Left,BASE,9389.0,2000-01-01T00:11:08.116Z,2000-01-01T00:11:17.707Z,horizontal,,False
877,251,P0251,293,3,B19,85,2496,BASE,,2304,AESTHETIC,RUN-AESTHETIC-4,Right,AESTHETIC,3155.0,2000-01-01T00:11:17.725Z,2000-01-01T00:11:21.080Z,horizontal,,False
878,251,P0251,293,3,C10,7,2758,CONTROL,RUN-CONTROL-4,2566,BASE,,Right,BASE,3667.0,2000-01-01T00:11:21.090Z,2000-01-01T00:11:24.966Z,horizontal,,False
879,251,P0251,293,3,C17,7,2596,BASE,,2404,AESTHETIC,RUN-AESTHETIC-4,Tie,TIE,5227.0,2000-01-01T00:11:24.977Z,2000-01-01T00:11:30.427Z,horizontal,,False
880,251,P0251,293,3,C16,85,2578,BASE,,2770,CONTROL,RUN-CONTROL-4,Tie,TIE,5832.0,2000-01-01T00:11:30.437Z,2000-01-01T00:11:36.489Z,horizontal,,False
881,249,P0249,294,3,C18,25478,2397,AESTHETIC,RUN-AESTHETIC-4,2589,BASE,,Left,AESTHETIC,17943.0,2000-01-03T11:08:15.871Z,2000-01-03T11:08:34.098Z,vertical,,False
882,249,P0249,294,3,C08,25478,2545,BASE,,2353,AESTHETIC,RUN-AESTHETIC-4,Left,BASE,9063.0,2000-01-03T11:08:34.107Z,2000-01-03T11:08:43.435Z,vertical,,False
883,249,P0249,294,3,B02,6127,2663,CONTROL,RUN-CONTROL-4,2279,AESTHETIC,RUN-AESTHETIC-4,Right,AESTHETIC,8564.0,2000-01-03T11:08:43.469Z,2000-01-03T11:08:52.297Z,vertical,,False
884,249,P0249,294,3,B04,25478,2273,AESTHETIC,RUN-AESTHETIC-4,2465,BASE,,Right,BASE,5872.0,2000-01-03T11:08:52.307Z,2000-01-03T11:08:58.428Z,vertical,,False
885,249,P0249,294,3,C07,85,2544,BASE,,2352,AESTHETIC,RUN-AESTHETIC-4,Right,AESTHETIC,10706.0,2000-01-03T11:08:58.461Z,2000-01-03T11:09:09.460Z,vertical,,False
886,249,P0249,294,3,B08,7,2486,BASE,,2678,CONTROL,RUN-CONTROL-4,Tie,TIE,18999.0,2000-01-03T11:09:09.470Z,2000-01-03T11:09:28.975Z,vertical,,False
887,249,P0249,294,3,C10,6127,2565,BASE,,2373,AESTHETIC,RUN-AESTHETIC-4,Left,BASE,4838.0,2000-01-03T11:09:28.985Z,2000-01-03T11:09:34.069Z,vertical,,False
888,249,P0249,294,3,B02,6127,2279,AESTHETIC,RUN-AESTHETIC-4,2471,BASE,,Right,BASE,2112.0,2000-01-03T11:09:34.078Z,2000-01-03T11:09:36.440Z,vertical,,False
889,249,P0249,294,3,C11,7,2760,CONTROL,RUN-CONTROL-4,2376,AESTHETIC,RUN-AESTHETIC-4,Right,AESTHETIC,4910.0,2000-01-03T11:09:36.449Z,2000-01-03T11:09:41.609Z,vertical,,False
890,249,P0249,294,3,B04,7,2282,AESTHETIC,RUN-AESTHETIC-4,2666,CONTROL,RUN-CONTROL-4,Right,CONTROL,4563.0,2000-01-03T11:09:41.620Z,2000-01-03T11:09:46.448Z,vertical,,False
891,249,P0249,294,3,C12,6127,2569,BASE,,2377,AESTHETIC,RUN-AESTHETIC-4,Left,BASE,3099.0,2000-01-03T11:09:46.458Z,2000-01-03T11:09:49.820Z,vertical,,False
892,249,P0249,294,3,A04,25478,2415,BASE,,2607,CONTROL,RUN-CONTROL-4,Right,CONTROL,6780.0,2000-01-03T11:09:49.833Z,2000-01-03T11:09:56.860Z,vertical,,False
893,249,P0249,294,3,A02,7,2614,CONTROL,RUN-CONTROL-4,2422,BASE,,Left,CONTROL,1801.0,2000-01-03T11:09:56.870Z,2000-01-03T11:09:58.942Z,vertical,,False
894,249,P0249,294,3,B15,25478,2301,AESTHETIC,RUN-AESTHETIC-4,2685,CONTROL,RUN-CONTROL-4,Right,CONTROL,2974.0,2000-01-03T11:09:58.953Z,2000-01-03T11:10:02.200Z,vertical,,False
895,249,P0249,294,3,B26,7,2328,AESTHETIC,RUN-AESTHETIC-4,2712,CONTROL,RUN-CONTROL-4,Right,CONTROL,6002.0,2000-01-03T11:10:02.211Z,2000-01-03T11:10:08.465Z,vertical,,False
896,249,P0249,294,3,A01,6127,2419,BASE,,2227,AESTHETIC,RUN-AESTHETIC-4,Right,AESTHETIC,11235.0,2000-01-03T11:10:08.477Z,2000-01-03T11:10:19.968Z,vertical,,False
897,249,P0249,294,3,C16,25478,2385,AESTHETIC,RUN-AESTHETIC-4,2769,CONTROL,RUN-CONTROL-4,Left,AESTHETIC,2148.0,2000-01-03T11:10:19.978Z,2000-01-03T11:10:22.409Z,vertical,,False
898,249,P0249,294,3,B01,6127,2277,AESTHETIC,RUN-AESTHETIC-4,2469,BASE,,Right,BASE,2020.0,2000-01-03T11:10:22.420Z,2000-01-03T11:10:24.709Z,vertical,,False
899,249,P0249,294,3,C10,6127,2373,AESTHETIC,RUN-AESTHETIC-4,2757,CONTROL,RUN-CONTROL-4,Left,AESTHETIC,6359.0,2000-01-03T11:10:24.726Z,2000-01-03T11:10:31.371Z,vertical,,False
900,249,P0249,294,3,B15,7,2502,BASE,,2310,AESTHETIC,RUN-AESTHETIC-4,Left,BASE,3863.0,2000-01-03T11:10:31.381Z,2000-01-03T11:10:35.510Z,vertical,,False
901,249,P0249,294,3,C09,25478,2363,AESTHETIC,RUN-AESTHETIC-4,2747,CONTROL,RUN-CONTROL-4,Left,AESTHETIC,4484.0,2000-01-03T11:10:35.522Z,2000-01-03T11:10:40.270Z,vertical,,False
902,249,P0249,294,3,C12,25478,2369,AESTHETIC,RUN-AESTHETIC-4,2561,BASE,,Left,AESTHETIC,5289.0,2000-01-03T11:10:40.281Z,2000-01-03T11:10:45.826Z,vertical,,False
903,249,P0249,294,3,A04,7,2616,CONTROL,RUN-CONTROL-4,2424,BASE,,Right,BASE,4268.0,2000-01-03T11:10:45.836Z,2000-01-03T11:10:50.359Z,vertical,,False
904,249,P0249,294,3,A04,7,2232,AESTHETIC,RUN-AESTHETIC-4,2424,BASE,,Right,BASE,4693.0,2000-01-03T11:10:50.369Z,2000-01-03T11:10:55.329Z,vertical,,False
905,249,P0249,294,3,C19,25478,2783,CONTROL,RUN-CONTROL-4,2399,AESTHETIC,RUN-AESTHETIC-4,Left,CONTROL,8189.0,2000-01-03T11:10:55.348Z,2000-01-03T11:11:03.807Z,vertical,,False
906,249,P0249,294,3,A26,25478,2449,BASE,,2257,AESTHETIC,RUN-AESTHETIC-4,Right,AESTHETIC,3795.0,2000-01-03T11:11:03.818Z,2000-01-03T11:11:07.897Z,vertical,,False
907,249,P0249,294,3,C01,6127,2725,CONTROL,RUN-CONTROL-4,2533,BASE,,Right,BASE,6730.0,2000-01-03T11:11:07.907Z,2000-01-03T11:11:14.909Z,vertical,,False
908,249,P0249,294,3,C01,6127,2533,BASE,,2341,AESTHETIC,RUN-AESTHETIC-4,Right,AESTHETIC,2047.0,2000-01-03T11:11:14.919Z,2000-01-03T11:11:17.240Z,vertical,,False
909,249,P0249,294,3,C12,7,2762,CONTROL,RUN-CONTROL-4,2378,AESTHETIC,RUN-AESTHETIC-4,Right,AESTHETIC,2191.0,2000-01-03T11:11:17.251Z,2000-01-03T11:11:19.701Z,vertical,,False
910,249,P0249,294,3,C01,6127,2341,AESTHETIC,RUN-AESTHETIC-4,2725,CONTROL,RUN-CONTROL-4,Right,CONTROL,7630.0,2000-01-03T11:11:19.711Z,2000-01-03T11:11:27.628Z,vertical,,False
911,266,P0266,297,3,B02,6127,2663,CONTROL,RUN-CONTROL-4,2471,BASE,,Right,BASE,9857.0,2000-01-03T07:18:14.352Z,2000-01-03T07:18:25.178Z,vertical,,False
912,266,P0266,297,3,A08,6127,2243,AESTHETIC,RUN-AESTHETIC-4,2435,BASE,,Left,AESTHETIC,11701.0,2000-01-03T07:18:25.188Z,2000-01-03T07:18:37.197Z,vertical,,False
913,266,P0266,297,3,B09,25478,2671,CONTROL,RUN-CONTROL-4,2479,BASE,,Right,BASE,7175.0,2000-01-03T07:18:37.207Z,2000-01-03T07:18:44.638Z,vertical,,False
914,266,P0266,297,3,C16,7,2394,AESTHETIC,RUN-AESTHETIC-4,2586,BASE,,Left,AESTHETIC,9861.0,2000-01-03T07:18:44.649Z,2000-01-03T07:18:54.777Z,vertical,,False
915,266,P0266,297,3,A02,25478,2413,BASE,,2221,AESTHETIC,RUN-AESTHETIC-4,Left,BASE,6033.0,2000-01-03T07:18:54.788Z,2000-01-03T07:19:01.319Z,vertical,,False
916,266,P0266,297,3,C05,6127,2739,CONTROL,RUN-CONTROL-4,2547,BASE,,Tie,TIE,5253.0,2000-01-03T07:19:01.329Z,2000-01-03T07:19:06.865Z,vertical,,False
917,266,P0266,297,3,C11,6127,2759,CONTROL,RUN-CONTROL-4,2567,BASE,,Tie,TIE,7812.0,2000-01-03T07:19:06.875Z,2000-01-03T07:19:14.976Z,vertical,,False
918,266,P0266,297,3,A22,7,2646,CONTROL,RUN-CONTROL-4,2262,AESTHETIC,RUN-AESTHETIC-4,Tie,TIE,1614.0,2000-01-03T07:19:14.988Z,2000-01-03T07:19:16.859Z,vertical,,False
919,266,P0266,297,3,C19,7,2792,CONTROL,RUN-CONTROL-4,2600,BASE,,Right,BASE,8115.0,2000-01-03T07:19:16.869Z,2000-01-03T07:19:25.417Z,vertical,,False
920,266,P0266,297,3,A04,7,2232,AESTHETIC,RUN-AESTHETIC-4,2616,CONTROL,RUN-CONTROL-4,Tie,TIE,2798.0,2000-01-03T07:19:25.428Z,2000-01-03T07:19:28.499Z,vertical,,False
921,266,P0266,297,3,C02,6127,2727,CONTROL,RUN-CONTROL-4,2343,AESTHETIC,RUN-AESTHETIC-4,Tie,TIE,5966.0,2000-01-03T07:19:28.509Z,2000-01-03T07:19:34.768Z,vertical,,False
922,266,P0266,297,3,B01,85,2270,AESTHETIC,RUN-AESTHETIC-4,2462,BASE,,Left,AESTHETIC,3620.0,2000-01-03T07:19:34.778Z,2000-01-03T07:19:38.651Z,vertical,,False
923,266,P0266,297,3,C18,85,2590,BASE,,2782,CONTROL,RUN-CONTROL-4,Right,CONTROL,2928.0,2000-01-03T07:19:38.660Z,2000-01-03T07:19:41.876Z,vertical,,False
924,266,P0266,297,3,C11,25478,2367,AESTHETIC,RUN-AESTHETIC-4,2751,CONTROL,RUN-CONTROL-4,Tie,TIE,3482.0,2000-01-03T07:19:41.887Z,2000-01-03T07:19:45.632Z,vertical,,False
925,266,P0266,297,3,B19,7,2312,AESTHETIC,RUN-AESTHETIC-4,2504,BASE,,Tie,TIE,2270.0,2000-01-03T07:19:45.643Z,2000-01-03T07:19:48.174Z,vertical,,False
926,266,P0266,297,3,A22,85,2638,CONTROL,RUN-CONTROL-4,2254,AESTHETIC,RUN-AESTHETIC-4,Right,AESTHETIC,15513.0,2000-01-03T07:19:48.184Z,2000-01-03T07:20:03.971Z,vertical,,False
927,266,P0266,297,3,A11,7,2248,AESTHETIC,RUN-AESTHETIC-4,2440,BASE,,Left,AESTHETIC,3931.0,2000-01-03T07:20:03.981Z,2000-01-03T07:20:08.194Z,vertical,,False
928,266,P0266,297,3,C10,7,2374,AESTHETIC,RUN-AESTHETIC-4,2758,CONTROL,RUN-CONTROL-4,Right,CONTROL,2951.0,2000-01-03T07:20:08.206Z,2000-01-03T07:20:11.431Z,vertical,,False
929,266,P0266,297,3,B15,6127,2501,BASE,,2693,CONTROL,RUN-CONTROL-4,Right,CONTROL,2567.0,2000-01-03T07:20:11.442Z,2000-01-03T07:20:14.275Z,vertical,,False
930,266,P0266,297,3,A26,6127,2265,AESTHETIC,RUN-AESTHETIC-4,2649,CONTROL,RUN-CONTROL-4,Tie,TIE,3659.0,2000-01-03T07:20:14.285Z,2000-01-03T07:20:18.199Z,vertical,,False
931,266,P0266,297,3,A01,6127,2227,AESTHETIC,RUN-AESTHETIC-4,2611,CONTROL,RUN-CONTROL-4,Tie,TIE,6195.0,2000-01-03T07:20:18.209Z,2000-01-03T07:20:24.749Z,vertical,,False
932,266,P0266,297,3,C04,6127,2345,AESTHETIC,RUN-AESTHETIC-4,2729,CONTROL,RUN-CONTROL-4,Tie,TIE,2916.0,2000-01-03T07:20:24.760Z,2000-01-03T07:20:27.954Z,vertical,,False
933,266,P0266,297,3,A11,85,2432,BASE,,2624,CONTROL,RUN-CONTROL-4,Left,BASE,5556.0,2000-01-03T07:20:27.966Z,2000-01-03T07:20:33.786Z,vertical,,False
934,266,P0266,297,3,B14,7,2500,BASE,,2692,CONTROL,RUN-CONTROL-4,Right,CONTROL,7564.0,2000-01-03T07:20:33.799Z,2000-01-03T07:20:41.668Z,vertical,,False
935,266,P0266,297,3,C20,25478,2593,BASE,,2401,AESTHETIC,RUN-AESTHETIC-4,Tie,TIE,8046.0,2000-01-03T07:20:41.679Z,2000-01-03T07:20:50.046Z,vertical,,False
936,266,P0266,297,3,C08,85,2354,AESTHETIC,RUN-AESTHETIC-4,2546,BASE,,Tie,TIE,4536.0,2000-01-03T07:20:50.058Z,2000-01-03T07:20:54.855Z,vertical,,False
937,266,P0266,297,3,A26,25478,2257,AESTHETIC,RUN-AESTHETIC-4,2641,CONTROL,RUN-CONTROL-4,Tie,TIE,2797.0,2000-01-03T07:20:54.865Z,2000-01-03T07:20:58.090Z,vertical,,False
938,266,P0266,297,3,A08,6127,2627,CONTROL,RUN-CONTROL-4,2243,AESTHETIC,RUN-AESTHETIC-4,Right,AESTHETIC,5844.0,2000-01-03T07:20:58.102Z,2000-01-03T07:21:04.209Z,vertical,,False
939,266,P0266,297,3,A22,6127,2645,CONTROL,RUN-CONTROL-4,2453,BASE,,Right,BASE,3511.0,2000-01-03T07:21:04.220Z,2000-01-03T07:21:07.978Z,vertical,,False
940,266,P0266,297,3,A13,7,2634,CONTROL,RUN-CONTROL-4,2250,AESTHETIC,RUN-AESTHETIC-4,Right,AESTHETIC,107.0,2000-01-03T07:21:07.991Z,2000-01-03T07:21:08.353Z,vertical,VeryFastResponse,True
941,233,P0233,299,3,A25,25478,2447,BASE,,2639,CONTROL,RUN-CONTROL-4,Left,BASE,8433.0,2000-01-01T00:02:08.551Z,2000-01-01T00:02:17.393Z,horizontal,,False
942,233,P0233,299,3,C08,7,2362,AESTHETIC,RUN-AESTHETIC-4,2746,CONTROL,RUN-CONTROL-4,Right,CONTROL,1793.0,2000-01-01T00:02:17.403Z,2000-01-01T00:02:19.408Z,horizontal,,False
943,233,P0233,299,3,A22,85,2446,BASE,,2638,CONTROL,RUN-CONTROL-4,Left,BASE,1943.0,2000-01-01T00:02:19.418Z,2000-01-01T00:02:21.568Z,horizontal,,False
944,233,P0233,299,3,B20,25478,2689,CONTROL,RUN-CONTROL-4,2497,BASE,,Right,BASE,1829.0,2000-01-01T00:02:21.578Z,2000-01-01T00:02:23.631Z,horizontal,,False
945,233,P0233,299,3,A27,6127,2275,AESTHETIC,RUN-AESTHETIC-4,2659,CONTROL,RUN-CONTROL-4,Right,CONTROL,1448.0,2000-01-01T00:02:23.642Z,2000-01-01T00:02:25.300Z,horizontal,,False
946,233,P0233,299,3,C13,7,2388,AESTHETIC,RUN-AESTHETIC-4,2772,CONTROL,RUN-CONTROL-4,Left,AESTHETIC,1645.0,2000-01-01T00:02:25.312Z,2000-01-01T00:02:27.177Z,horizontal,,False
947,233,P0233,299,3,C14,85,2766,CONTROL,RUN-CONTROL-4,2574,BASE,,Left,CONTROL,1420.0,2000-01-01T00:02:27.186Z,2000-01-01T00:02:28.821Z,horizontal,,False
948,233,P0233,299,3,A22,7,2454,BASE,,2262,AESTHETIC,RUN-AESTHETIC-4,Left,BASE,3271.0,2000-01-01T00:02:28.833Z,2000-01-01T00:02:32.315Z,horizontal,,False
949,233,P0233,299,3,C17,25478,2779,CONTROL,RUN-CONTROL-4,2395,AESTHETIC,RUN-AESTHETIC-4,Left,CONTROL,1033.0,2000-01-01T00:02:32.325Z,2000-01-01T00:02:33.581Z,horizontal,,False
950,233,P0233,299,3,C17,85,2396,AESTHETIC,RUN-AESTHETIC-4,2780,CONTROL,RUN-CONTROL-4,Right,CONTROL,2772.0,2000-01-01T00:02:33.592Z,2000-01-01T00:02:36.572Z,horizontal,,False
951,233,P0233,299,3,B19,6127,2695,CONTROL,RUN-CONTROL-4,2311,AESTHETIC,RUN-AESTHETIC-4,Right,AESTHETIC,2140.0,2000-01-01T00:02:36.583Z,2000-01-01T00:02:38.927Z,horizontal,,False
952,233,P0233,299,3,A04,85,2224,AESTHETIC,RUN-AESTHETIC-4,2608,CONTROL,RUN-CONTROL-4,Left,AESTHETIC,1991.0,2000-01-01T00:02:38.939Z,2000-01-01T00:02:41.168Z,horizontal,,False
953,233,P0233,299,3,B12,25478,2673,CONTROL,RUN-CONTROL-4,2289,AESTHETIC,RUN-AESTHETIC-4,Left,CONTROL,2661.0,2000-01-01T00:02:41.178Z,2000-01-01T00:02:44.058Z,horizontal,,False
954,233,P0233,299,3,B14,6127,2691,CONTROL,RUN-CONTROL-4,2499,BASE,,Right,BASE,2069.0,2000-01-01T00:02:44.069Z,2000-01-01T00:02:46.391Z,horizontal,,False
955,233,P0233,299,3,A09,7,2438,BASE,,2630,CONTROL,RUN-CONTROL-4,Left,BASE,2368.0,2000-01-01T00:02:46.399Z,2000-01-01T00:02:48.978Z,horizontal,,False
956,233,P0233,299,3,A08,7,2436,BASE,,2244,AESTHETIC,RUN-AESTHETIC-4,Left,BASE,3865.0,2000-01-01T00:02:48.992Z,2000-01-01T00:02:53.087Z,horizontal,,False
957,233,P0233,299,3,C19,25478,2783,CONTROL,RUN-CONTROL-4,2591,BASE,,Left,CONTROL,1555.0,2000-01-01T00:02:53.134Z,2000-01-01T00:02:54.898Z,horizontal,,False
958,233,P0233,299,3,C09,6127,2755,CONTROL,RUN-CONTROL-4,2563,BASE,,Right,BASE,1694.0,2000-01-01T00:02:54.909Z,2000-01-01T00:02:56.835Z,horizontal,,False
959,233,P0233,299,3,A13,6127,2633,CONTROL,RUN-CONTROL-4,2441,BASE,,Tie,TIE,1947.0,2000-01-01T00:02:56.846Z,2000-01-01T00:02:59.000Z,horizontal,,False
960,233,P0233,299,3,C07,6127,2743,CONTROL,RUN-CONTROL-4,2551,BASE,,Left,CONTROL,2863.0,2000-01-01T00:02:59.012Z,2000-01-01T00:03:02.088Z,horizontal,,False
961,233,P0233,299,3,C01,85,2334,AESTHETIC,RUN-AESTHETIC-4,2718,CONTROL,RUN-CONTROL-4,Tie,TIE,1835.0,2000-01-01T00:03:02.098Z,2000-01-01T00:03:04.168Z,horizontal,,False
962,233,P0233,299,3,C16,85,2386,AESTHETIC,RUN-AESTHETIC-4,2770,CONTROL,RUN-CONTROL-4,Right,CONTROL,2325.0,2000-01-01T00:03:04.178Z,2000-01-01T00:03:06.711Z,horizontal,,False
963,233,P0233,299,3,A04,85,2416,BASE,,2608,CONTROL,RUN-CONTROL-4,Left,BASE,2887.0,2000-01-01T00:03:06.723Z,2000-01-01T00:03:09.831Z,horizontal,,False
964,233,P0233,299,3,B14,85,2684,CONTROL,RUN-CONTROL-4,2492,BASE,,Tie,TIE,1796.0,2000-01-01T00:03:09.842Z,2000-01-01T00:03:11.856Z,horizontal,,False
965,233,P0233,299,3,A25,85,2448,BASE,,2640,CONTROL,RUN-CONTROL-4,Left,BASE,2429.0,2000-01-01T00:03:11.865Z,2000-01-01T00:03:14.515Z,horizontal,,False
966,233,P0233,299,3,C18,85,2782,CONTROL,RUN-CONTROL-4,2398,AESTHETIC,RUN-AESTHETIC-4,Left,CONTROL,2237.0,2000-01-01T00:03:14.526Z,2000-01-01T00:03:17.081Z,horizontal,,False
967,233,P0233,299,3,A25,25478,2639,CONTROL,RUN-CONTROL-4,2255,AESTHETIC,RUN-AESTHETIC-4,Right,AESTHETIC,1612.0,2000-01-01T00:03:17.093Z,2000-01-01T00:03:18.923Z,horizontal,,False
968,233,P0233,299,3,B02,85,2464,BASE,,2272,AESTHETIC,RUN-AESTHETIC-4,Left,BASE,2496.0,2000-01-01T00:03:18.938Z,2000-01-01T00:03:21.633Z,horizontal,,False
969,233,P0233,299,3,C05,25478,2347,AESTHETIC,RUN-AESTHETIC-4,2539,BASE,,Left,AESTHETIC,1402.0,2000-01-01T00:03:21.645Z,2000-01-01T00:03:23.249Z,horizontal,,False
970,233,P0233,299,3,C12,7,2570,BASE,,2378,AESTHETIC,RUN-AESTHETIC-4,Right,AESTHETIC,3833.0,2000-01-01T00:03:23.259Z,2000-01-01T00:03:27.296Z,horizontal,,False
971,49,P0049,300,3,B19,7,2504,BASE,,2696,CONTROL,RUN-CONTROL-4,Left,BASE,6262.0,2000-01-03T11:30:42.466Z,2000-01-03T11:30:48.924Z,vertical,,True
972,49,P0049,300,3,A13,85,2434,BASE,,2626,CONTROL,RUN-CONTROL-4,Right,CONTROL,2362.0,2000-01-03T11:30:48.934Z,2000-01-03T11:30:51.551Z,vertical,,True
973,49,P0049,300,3,B27,25478,2513,BASE,,2705,CONTROL,RUN-CONTROL-4,Left,BASE,1972.0,2000-01-03T11:30:51.561Z,2000-01-03T11:30:53.799Z,vertical,,True
974,49,P0049,300,3,A04,25478,2223,AESTHETIC,RUN-AESTHETIC-4,2607,CONTROL,RUN-CONTROL-4,Left,AESTHETIC,2657.0,2000-01-03T11:30:53.810Z,2000-01-03T11:30:56.700Z,vertical,,True
975,49,P0049,300,3,A01,7,2228,AESTHETIC,RUN-AESTHETIC-4,2420,BASE,,Right,BASE,4162.0,2000-01-03T11:30:56.718Z,2000-01-03T11:31:01.133Z,vertical,,True
976,49,P0049,300,3,C05,7,2356,AESTHETIC,RUN-AESTHETIC-4,2548,BASE,,Left,AESTHETIC,3760.0,2000-01-03T11:31:01.143Z,2000-01-03T11:31:05.157Z,vertical,,True
977,49,P0049,300,3,C13,7,2580,BASE,,2388,AESTHETIC,RUN-AESTHETIC-4,Left,BASE,2422.0,2000-01-03T11:31:05.168Z,2000-01-03T11:31:07.853Z,vertical,,True
978,49,P0049,300,3,C08,25478,2737,CONTROL,RUN-CONTROL-4,2353,AESTHETIC,RUN-AESTHETIC-4,Right,AESTHETIC,9626.0,2000-01-03T11:31:07.863Z,2000-01-03T11:31:18.016Z,vertical,,True
979,49,P0049,300,3,B20,7,2698,CONTROL,RUN-CONTROL-4,2506,BASE,,Left,CONTROL,2086.0,2000-01-03T11:31:18.026Z,2000-01-03T11:31:20.470Z,vertical,,True
980,49,P0049,300,3,C15,85,2384,AESTHETIC,RUN-AESTHETIC-4,2576,BASE,,Left,AESTHETIC,6005.0,2000-01-03T11:31:20.482Z,2000-01-03T11:31:26.746Z,vertical,,True
981,49,P0049,300,3,B09,6127,2295,AESTHETIC,RUN-AESTHETIC-4,2679,CONTROL,RUN-CONTROL-4,Right,CONTROL,3436.0,2000-01-03T11:31:26.758Z,2000-01-03T11:33:22.187Z,vertical,,True
982,49,P0049,300,3,B01,85,2654,CONTROL,RUN-CONTROL-4,2270,AESTHETIC,RUN-AESTHETIC-4,Right,AESTHETIC,2705.0,2000-01-03T11:33:22.198Z,2000-01-03T11:33:25.149Z,vertical,,True
983,49,P0049,300,3,C02,25478,2335,AESTHETIC,RUN-AESTHETIC-4,2719,CONTROL,RUN-CONTROL-4,Right,CONTROL,4748.0,2000-01-03T11:33:25.159Z,2000-01-03T11:33:30.171Z,vertical,,True
984,49,P0049,300,3,A27,25478,2459,BASE,,2267,AESTHETIC,RUN-AESTHETIC-4,Left,BASE,2520.0,2000-01-03T11:33:30.181Z,2000-01-03T11:33:32.971Z,vertical,,True
985,49,P0049,300,3,B09,6127,2487,BASE,,2295,AESTHETIC,RUN-AESTHETIC-4,Left,BASE,31315.0,2000-01-03T11:33:32.981Z,2000-01-03T11:34:04.662Z,vertical,,True
986,49,P0049,300,3,B14,25478,2683,CONTROL,RUN-CONTROL-4,2491,BASE,,Left,CONTROL,2112.0,2000-01-03T11:34:04.672Z,2000-01-03T11:34:07.028Z,vertical,,True
987,49,P0049,300,3,B04,7,2282,AESTHETIC,RUN-AESTHETIC-4,2474,BASE,,Left,AESTHETIC,2003.0,2000-01-03T11:34:07.038Z,2000-01-03T11:34:09.260Z,vertical,,True
988,49,P0049,300,3,B06,85,2476,BASE,,2284,AESTHETIC,RUN-AESTHETIC-4,Right,AESTHETIC,1864.0,2000-01-03T11:34:09.273Z,2000-01-03T11:34:11.390Z,vertical,,True
989,49,P0049,300,3,B14,85,2492,BASE,,2300,AESTHETIC,RUN-AESTHETIC-4,Left,BASE,1517.0,2000-01-03T11:34:11.401Z,2000-01-03T11:34:13.174Z,vertical,,True
990,49,P0049,300,3,C11,7,2568,BASE,,2376,AESTHETIC,RUN-AESTHETIC-4,Right,AESTHETIC,2383.0,2000-01-03T11:34:13.185Z,2000-01-03T11:34:15.822Z,vertical,,True
991,49,P0049,300,3,C15,85,2768,CONTROL,RUN-CONTROL-4,2576,BASE,,Left,CONTROL,4438.0,2000-01-03T11:34:15.840Z,2000-01-03T11:34:20.536Z,vertical,,True
992,49,P0049,300,3,C08,6127,2745,CONTROL,RUN-CONTROL-4,2553,BASE,,Left,CONTROL,3341.0,2000-01-03T11:34:20.548Z,2000-01-03T11:34:24.136Z,vertical,,True
993,49,P0049,300,3,C14,6127,2389,AESTHETIC,RUN-AESTHETIC-4,2581,BASE,,Left,AESTHETIC,2093.0,2000-01-03T11:34:24.146Z,2000-01-03T11:34:26.503Z,vertical,,True
994,49,P0049,300,3,C16,85,2386,AESTHETIC,RUN-AESTHETIC-4,2578,BASE,,Left,AESTHETIC,9524.0,2000-01-03T11:34:26.513Z,2000-01-03T11:34:36.300Z,vertical,,True
995,49,P0049,300,3,C04,25478,2721,CONTROL,RUN-CONTROL-4,2337,AESTHETIC,RUN-AESTHETIC-4,Left,CONTROL,9128.0,2000-01-03T11:34:36.312Z,2000-01-03T11:34:45.795Z,vertical,,True
996,49,P0049,300,3,B01,7,2662,CONTROL,RUN-CONTROL-4,2470,BASE,,Right,BASE,1828.0,2000-01-03T11:34:45.806Z,2000-01-03T11:34:47.889Z,vertical,,True
997,49,P0049,300,3,B19,25478,2687,CONTROL,RUN-CONTROL-4,2303,AESTHETIC,RUN-AESTHETIC-4,Left,CONTROL,1632.0,2000-01-03T11:34:47.899Z,2000-01-03T11:34:57.666Z,vertical,,True
998,49,P0049,300,3,C04,85,2338,AESTHETIC,RUN-AESTHETIC-4,2530,BASE,,Left,AESTHETIC,1298.0,2000-01-03T11:34:57.676Z,2000-01-03T11:34:59.201Z,vertical,,True
999,49,P0049,300,3,C01,25478,2525,BASE,,2333,AESTHETIC,RUN-AESTHETIC-4,Right,AESTHETIC,1480.0,2000-01-03T11:34:59.211Z,2000-01-03T11:35:00.913Z,vertical,,True
1000,49,P0049,300,3,B01,25478,2653,CONTROL,RUN-CONTROL-4,2269,AESTHETIC,RUN-AESTHETIC-4,Right,AESTHETIC,2341.0,2000-01-03T11:35:00.924Z,2000-01-03T11:35:03.503Z,vertical,,True
1001,206,P0206,302,3,A08,85,2428,BASE,,2236,AESTHETIC,RUN-AESTHETIC-4,Left,BASE,9832.0,2000-01-03T07:19:40.958Z,2000-01-03T07:19:50.975Z,vertical,,False
1002,206,P0206,302,3,B06,85,2476,BASE,,2668,CONTROL,RUN-CONTROL-4,Right,CONTROL,13735.0,2000-01-03T07:19:50.990Z,2000-01-03T07:20:04.952Z,vertical,,False
1003,206,P0206,302,3,C19,6127,2791,CONTROL,RUN-CONTROL-4,2599,BASE,,Left,CONTROL,8782.0,2000-01-03T07:20:04.961Z,2000-01-03T07:20:13.950Z,vertical,,False
1004,206,P0206,302,3,A13,6127,2249,AESTHETIC,RUN-AESTHETIC-4,2633,CONTROL,RUN-CONTROL-4,Right,CONTROL,6025.0,2000-01-03T07:20:13.960Z,2000-01-03T07:20:20.189Z,vertical,,False
1005,206,P0206,302,3,A11,7,2632,CONTROL,RUN-CONTROL-4,2440,BASE,,Left,CONTROL,8677.0,2000-01-03T07:20:20.199Z,2000-01-03T07:20:29.132Z,vertical,,False
1006,206,P0206,302,3,B23,7,2708,CONTROL,RUN-CONTROL-4,2324,AESTHETIC,RUN-AESTHETIC-4,Left,CONTROL,5493.0,2000-01-03T07:20:29.142Z,2000-01-03T07:20:34.876Z,vertical,,False
1007,206,P0206,302,3,A08,7,2436,BASE,,2628,CONTROL,RUN-CONTROL-4,Left,BASE,3309.0,2000-01-03T07:20:34.886Z,2000-01-03T07:20:38.481Z,vertical,,False
1008,206,P0206,302,3,B26,7,2328,AESTHETIC,RUN-AESTHETIC-4,2520,BASE,,Right,BASE,6030.0,2000-01-03T07:20:38.491Z,2000-01-03T07:20:44.879Z,vertical,,False
1009,206,P0206,302,3,C20,25478,2785,CONTROL,RUN-CONTROL-4,2593,BASE,,Right,BASE,4127.0,2000-01-03T07:20:44.891Z,2000-01-03T07:20:49.232Z,vertical,,False
1010,206,P0206,302,3,B04,85,2658,CONTROL,RUN-CONTROL-4,2274,AESTHETIC,RUN-AESTHETIC-4,Left,CONTROL,6222.0,2000-01-03T07:20:49.245Z,2000-01-03T07:20:55.675Z,vertical,,False
1011,206,P0206,302,3,B26,6127,2519,BASE,,2327,AESTHETIC,RUN-AESTHETIC-4,Left,BASE,2050.0,2000-01-03T07:20:55.687Z,2000-01-03T07:20:57.949Z,vertical,,False
1012,206,P0206,302,3,C14,25478,2765,CONTROL,RUN-CONTROL-4,2573,BASE,,Right,BASE,4316.0,2000-01-03T07:20:57.972Z,2000-01-03T07:21:02.682Z,vertical,,False
1013,206,P0206,302,3,C09,7,2564,BASE,,2372,AESTHETIC,RUN-AESTHETIC-4,Left,BASE,1941.0,2000-01-03T07:21:02.706Z,2000-01-03T07:21:04.983Z,vertical,,False
1014,206,P0206,302,3,C15,6127,2583,BASE,,2775,CONTROL,RUN-CONTROL-4,Left,BASE,2496.0,2000-01-03T07:21:04.993Z,2000-01-03T07:21:07.694Z,vertical,,False
1015,206,P0206,302,3,C19,6127,2407,AESTHETIC,RUN-AESTHETIC-4,2791,CONTROL,RUN-CONTROL-4,Right,CONTROL,6894.0,2000-01-03T07:21:07.704Z,2000-01-03T07:21:14.887Z,vertical,,False
1016,206,P0206,302,3,C11,85,2560,BASE,,2368,AESTHETIC,RUN-AESTHETIC-4,Right,AESTHETIC,12123.0,2000-01-03T07:21:14.910Z,2000-01-03T07:21:27.239Z,vertical,,False
1017,206,P0206,302,3,B12,25478,2481,BASE,,2289,AESTHETIC,RUN-AESTHETIC-4,Left,BASE,2978.0,2000-01-03T07:21:27.250Z,2000-01-03T07:21:30.441Z,vertical,,False
1018,206,P0206,302,3,B20,25478,2497,BASE,,2305,AESTHETIC,RUN-AESTHETIC-4,Right,AESTHETIC,17744.0,2000-01-03T07:21:30.454Z,2000-01-03T07:21:48.405Z,vertical,,False
1019,206,P0206,302,3,B26,25478,2703,CONTROL,RUN-CONTROL-4,2511,BASE,,Left,CONTROL,6294.0,2000-01-03T07:21:48.414Z,2000-01-03T07:21:54.908Z,vertical,,False
1020,206,P0206,302,3,B14,7,2308,AESTHETIC,RUN-AESTHETIC-4,2500,BASE,,Left,AESTHETIC,4823.0,2000-01-03T07:21:54.918Z,2000-01-03T07:21:59.946Z,vertical,,False
1021,206,P0206,302,3,B19,25478,2687,CONTROL,RUN-CONTROL-4,2495,BASE,,Right,BASE,6602.0,2000-01-03T07:21:59.956Z,2000-01-03T07:22:06.790Z,vertical,,False
1022,206,P0206,302,3,A26,25478,2449,BASE,,2641,CONTROL,RUN-CONTROL-4,Right,CONTROL,3736.0,2000-01-03T07:22:06.800Z,2000-01-03T07:22:10.761Z,vertical,,False
1023,206,P0206,302,3,C06,85,2350,AESTHETIC,RUN-AESTHETIC-4,2542,BASE,,Right,BASE,6552.0,2000-01-03T07:22:10.773Z,2000-01-03T07:22:17.528Z,vertical,,False
1024,206,P0206,302,3,C12,85,2754,CONTROL,RUN-CONTROL-4,2370,AESTHETIC,RUN-AESTHETIC-4,Right,AESTHETIC,3134.0,2000-01-03T07:22:17.539Z,2000-01-03T07:22:20.881Z,vertical,,False
1025,206,P0206,302,3,A11,25478,2623,CONTROL,RUN-CONTROL-4,2431,BASE,,Right,BASE,3212.0,2000-01-03T07:22:20.891Z,2000-01-03T07:22:24.312Z,vertical,,False
1026,206,P0206,302,3,B29,25478,2523,BASE,,2715,CONTROL,RUN-CONTROL-4,Right,CONTROL,2934.0,2000-01-03T07:22:24.323Z,2000-01-03T07:22:27.463Z,vertical,,False
1027,206,P0206,302,3,C17,25478,2395,AESTHETIC,RUN-AESTHETIC-4,2587,BASE,,Right,BASE,4696.0,2000-01-03T07:22:27.482Z,2000-01-03T07:22:32.379Z,vertical,,False
1028,206,P0206,302,3,C18,6127,2789,CONTROL,RUN-CONTROL-4,2597,BASE,,Right,BASE,3403.0,2000-01-03T07:22:32.388Z,2000-01-03T07:22:35.999Z,vertical,,False
1029,206,P0206,302,3,C12,25478,2753,CONTROL,RUN-CONTROL-4,2561,BASE,,Right,BASE,3334.0,2000-01-03T07:22:36.011Z,2000-01-03T07:22:39.545Z,vertical,,False
1030,206,P0206,302,3,C14,6127,2389,AESTHETIC,RUN-AESTHETIC-4,2773,CONTROL,RUN-CONTROL-4,Right,CONTROL,5125.0,2000-01-03T07:22:39.554Z,2000-01-03T07:22:44.887Z,vertical,,False
1031,140,P0140,303,3,B01,85,2654,CONTROL,RUN-CONTROL-4,2462,BASE,,Left,CONTROL,14310.0,2000-01-02T06:19:48.000Z,2000-01-02T06:20:02.671Z,vertical,,False
1032,140,P0140,303,3,B27,7,2714,CONTROL,RUN-CONTROL-4,2522,BASE,,Left,CONTROL,6852.0,2000-01-02T06:20:02.681Z,2000-01-02T06:20:09.822Z,vertical,,False
1033,140,P0140,303,3,A13,85,2626,CONTROL,RUN-CONTROL-4,2242,AESTHETIC,RUN-AESTHETIC-4,Tie,TIE,21492.0,2000-01-02T06:20:09.834Z,2000-01-02T06:20:31.696Z,vertical,,False
1034,140,P0140,303,3,B23,25478,2699,CONTROL,RUN-CONTROL-4,2315,AESTHETIC,RUN-AESTHETIC-4,Left,CONTROL,13763.0,2000-01-02T06:20:31.851Z,2000-01-02T06:20:45.927Z,vertical,,False
1035,140,P0140,303,3,C14,25478,2381,AESTHETIC,RUN-AESTHETIC-4,2765,CONTROL,RUN-CONTROL-4,Right,CONTROL,12153.0,2000-01-02T06:20:45.937Z,2000-01-02T06:20:58.531Z,vertical,,False
1036,140,P0140,303,3,A08,6127,2435,BASE,,2627,CONTROL,RUN-CONTROL-4,Right,CONTROL,5112.0,2000-01-02T06:20:58.541Z,2000-01-02T06:21:03.926Z,vertical,,False
1037,140,P0140,303,3,A27,25478,2267,AESTHETIC,RUN-AESTHETIC-4,2651,CONTROL,RUN-CONTROL-4,Right,CONTROL,4149.0,2000-01-02T06:21:03.936Z,2000-01-02T06:21:08.344Z,vertical,,False
1038,140,P0140,303,3,B20,85,2690,CONTROL,RUN-CONTROL-4,2306,AESTHETIC,RUN-AESTHETIC-4,Left,CONTROL,4976.0,2000-01-02T06:21:08.354Z,2000-01-02T06:21:13.611Z,vertical,,False
1039,140,P0140,303,3,A11,85,2240,AESTHETIC,RUN-AESTHETIC-4,2624,CONTROL,RUN-CONTROL-4,Left,AESTHETIC,3831.0,2000-01-02T06:21:13.622Z,2000-01-02T06:21:17.721Z,vertical,,False
1040,140,P0140,303,3,B23,85,2316,AESTHETIC,RUN-AESTHETIC-4,2700,CONTROL,RUN-CONTROL-4,Left,AESTHETIC,29902.0,2000-01-02T06:21:17.732Z,2000-01-02T06:21:47.923Z,vertical,,False
1041,140,P0140,303,3,C07,6127,2359,AESTHETIC,RUN-AESTHETIC-4,2743,CONTROL,RUN-CONTROL-4,Left,AESTHETIC,15025.0,2000-01-02T06:21:47.934Z,2000-01-02T06:22:03.416Z,vertical,,False
1042,140,P0140,303,3,A25,85,2256,AESTHETIC,RUN-AESTHETIC-4,2448,BASE,,Right,BASE,9145.0,2000-01-02T06:22:03.426Z,2000-01-02T06:22:12.847Z,vertical,,False
1043,140,P0140,303,3,A11,6127,2439,BASE,,2247,AESTHETIC,RUN-AESTHETIC-4,Left,BASE,30515.0,2000-01-02T06:22:12.860Z,2000-01-02T06:22:43.651Z,vertical,,False
1044,140,P0140,303,3,C18,25478,2781,CONTROL,RUN-CONTROL-4,2397,AESTHETIC,RUN-AESTHETIC-4,Left,CONTROL,6808.0,2000-01-02T06:22:43.662Z,2000-01-02T06:22:50.738Z,vertical,,False
1045,140,P0140,303,3,C09,7,2372,AESTHETIC,RUN-AESTHETIC-4,2756,CONTROL,RUN-CONTROL-4,Left,AESTHETIC,11827.0,2000-01-02T06:22:50.752Z,2000-01-02T06:23:03.118Z,vertical,,False
1046,140,P0140,303,3,C12,85,2562,BASE,,2754,CONTROL,RUN-CONTROL-4,Right,CONTROL,5261.0,2000-01-02T06:23:03.129Z,2000-01-02T06:23:08.671Z,vertical,,False
1047,140,P0140,303,3,B25,25478,2701,CONTROL,RUN-CONTROL-4,2317,AESTHETIC,RUN-AESTHETIC-4,Right,AESTHETIC,7238.0,2000-01-02T06:23:08.681Z,2000-01-02T06:23:16.210Z,vertical,,False
1048,140,P0140,303,3,A26,6127,2265,AESTHETIC,RUN-AESTHETIC-4,2457,BASE,,Tie,TIE,4949.0,2000-01-02T06:23:16.220Z,2000-01-02T06:23:21.447Z,vertical,,False
1049,140,P0140,303,3,C12,7,2762,CONTROL,RUN-CONTROL-4,2570,BASE,,Left,CONTROL,8133.0,2000-01-02T06:23:21.459Z,2000-01-02T06:23:29.871Z,vertical,,False
1050,140,P0140,303,3,B29,7,2340,AESTHETIC,RUN-AESTHETIC-4,2532,BASE,,Left,AESTHETIC,8945.0,2000-01-02T06:23:29.882Z,2000-01-02T06:23:39.103Z,vertical,,False
1051,140,P0140,303,3,A07,25478,2225,AESTHETIC,RUN-AESTHETIC-4,2417,BASE,,Right,BASE,3426.0,2000-01-02T06:23:39.116Z,2000-01-02T06:23:42.818Z,vertical,,False
1052,140,P0140,303,3,A27,25478,2459,BASE,,2651,CONTROL,RUN-CONTROL-4,Left,BASE,8496.0,2000-01-02T06:23:42.829Z,2000-01-02T06:23:51.681Z,vertical,,False
1053,140,P0140,303,3,C04,25478,2529,BASE,,2337,AESTHETIC,RUN-AESTHETIC-4,Left,BASE,2661.0,2000-01-02T06:23:51.691Z,2000-01-02T06:23:54.621Z,vertical,,False
1054,140,P0140,303,3,C01,85,2526,BASE,,2334,AESTHETIC,RUN-AESTHETIC-4,Tie,TIE,2690.0,2000-01-02T06:23:54.630Z,2000-01-02T06:23:57.612Z,vertical,,False
1055,140,P0140,303,3,B27,85,2706,CONTROL,RUN-CONTROL-4,2514,BASE,,Left,CONTROL,12221.0,2000-01-02T06:23:57.624Z,2000-01-02T06:24:10.117Z,vertical,,False
1056,140,P0140,303,3,C02,25478,2527,BASE,,2719,CONTROL,RUN-CONTROL-4,Tie,TIE,3046.0,2000-01-02T06:24:10.130Z,2000-01-02T06:24:13.472Z,vertical,,False
1057,140,P0140,303,3,A26,6127,2649,CONTROL,RUN-CONTROL-4,2457,BASE,,Right,BASE,7451.0,2000-01-02T06:24:13.483Z,2000-01-02T06:24:21.207Z,vertical,,False
1058,140,P0140,303,3,C17,85,2588,BASE,,2780,CONTROL,RUN-CONTROL-4,Right,CONTROL,3236.0,2000-01-02T06:24:21.218Z,2000-01-02T06:24:24.719Z,vertical,,False
1059,140,P0140,303,3,B12,25478,2481,BASE,,2673,CONTROL,RUN-CONTROL-4,Right,CONTROL,5173.0,2000-01-02T06:24:24.728Z,2000-01-02T06:24:30.177Z,vertical,,False
1060,140,P0140,303,3,A25,7,2264,AESTHETIC,RUN-AESTHETIC-4,2648,CONTROL,RUN-CONTROL-4,Right,CONTROL,4920.0,2000-01-02T06:24:30.190Z,2000-01-02T06:24:35.368Z,vertical,,False
1061,192,P0192,306,3,A02,7,2614,CONTROL,RUN-CONTROL-4,2230,AESTHETIC,RUN-AESTHETIC-4,Left,CONTROL,356118.0,2000-01-01T00:00:04.288Z,2000-01-01T00:16:45.743Z,vertical,,True
1062,192,P0192,306,3,C17,7,2788,CONTROL,RUN-CONTROL-4,2404,AESTHETIC,RUN-AESTHETIC-4,,,,2000-01-01T00:16:45.753Z,,,,True
1063,192,P0192,306,3,C19,85,2400,AESTHETIC,RUN-AESTHETIC-4,2784,CONTROL,RUN-CONTROL-4,,,,,,,,True
1064,192,P0192,306,3,C04,25478,2529,BASE,,2721,CONTROL,RUN-CONTROL-4,,,,,,,,True
1065,192,P0192,306,3,B25,25478,2701,CONTROL,RUN-CONTROL-4,2509,BASE,,,,,,,,,True
1066,192,P0192,306,3,C14,85,2574,BASE,,2382,AESTHETIC,RUN-AESTHETIC-4,,,,,,,,True
1067,192,P0192,306,3,B25,6127,2325,AESTHETIC,RUN-AESTHETIC-4,2709,CONTROL,RUN-CONTROL-4,,,,,,,,True
1068,192,P0192,306,3,A13,6127,2249,AESTHETIC,RUN-AESTHETIC-4,2441,BASE,,,,,,,,,True
1069,192,P0192,306,3,C11,6127,2567,BASE,,2375,AESTHETIC,RUN-AESTHETIC-4,,,,,,,,True
1070,192,P0192,306,3,C18,7,2598,BASE,,2790,CONTROL,RUN-CONTROL-4,,,,,,,,True
1071,192,P0192,306,3,B09,25478,2479,BASE,,2287,AESTHETIC,RUN-AESTHETIC-4,,,,,,,,True
1072,192,P0192,306,3,B09,25478,2287,AESTHETIC,RUN-AESTHETIC-4,2671,CONTROL,RUN-CONTROL-4,,,,,,,,True
1073,192,P0192,306,3,C20,7,2410,AESTHETIC,RUN-AESTHETIC-4,2602,BASE,,,,,,,,,True
1074,192,P0192,306,3,B15,25478,2301,AESTHETIC,RUN-AESTHETIC-4,2493,BASE,,,,,,,,,True
1075,192,P0192,306,3,C08,6127,2745,CONTROL,RUN-CONTROL-4,2361,AESTHETIC,RUN-AESTHETIC-4,,,,,,,,True
1076,192,P0192,306,3,B15,6127,2501,BASE,,2309,AESTHETIC,RUN-AESTHETIC-4,,,,,,,,True
1077,192,P0192,306,3,C12,6127,2761,CONTROL,RUN-CONTROL-4,2569,BASE,,,,,,,,,True
1078,192,P0192,306,3,C07,25478,2351,AESTHETIC,RUN-AESTHETIC-4,2543,BASE,,,,,,,,,True
1079,192,P0192,306,3,A09,25478,2621,CONTROL,RUN-CONTROL-4,2237,AESTHETIC,RUN-AESTHETIC-4,,,,,,,,True
1080,192,P0192,306,3,A27,85,2268,AESTHETIC,RUN-AESTHETIC-4,2460,BASE,,,,,,,,,True
1081,192,P0192,306,3,B12,7,2490,BASE,,2682,CONTROL,RUN-CONTROL-4,,,,,,,,True
1082,192,P0192,306,3,B20,7,2506,BASE,,2314,AESTHETIC,RUN-AESTHETIC-4,,,,,,,,True
1083,192,P0192,306,3,C15,7,2776,CONTROL,RUN-CONTROL-4,2584,BASE,,,,,,,,,True
1084,192,P0192,306,3,C04,85,2722,CONTROL,RUN-CONTROL-4,2338,AESTHETIC,RUN-AESTHETIC-4,,,,,,,,True
1085,192,P0192,306,3,B01,7,2662,CONTROL,RUN-CONTROL-4,2278,AESTHETIC,RUN-AESTHETIC-4,,,,,,,,True
1086,192,P0192,306,3,C19,85,2784,CONTROL,RUN-CONTROL-4,2592,BASE,,,,,,,,,True
1087,192,P0192,306,3,A02,6127,2613,CONTROL,RUN-CONTROL-4,2421,BASE,,,,,,,,,True
1088,192,P0192,306,3,B27,85,2706,CONTROL,RUN-CONTROL-4,2322,AESTHETIC,RUN-AESTHETIC-4,,,,,,,,True
1089,192,P0192,306,3,A27,6127,2467,BASE,,2275,AESTHETIC,RUN-AESTHETIC-4,,,,,,,,True
1090,192,P0192,306,3,C17,6127,2595,BASE,,2787,CONTROL,RUN-CONTROL-4,,,,,,,,True
1091,93,P0093,309,3,B26,85,2320,AESTHETIC,RUN-AESTHETIC-4,2704,CONTROL,RUN-CONTROL-4,Left,AESTHETIC,8516.0,2000-01-03T22:14:52.462Z,2000-01-03T22:15:01.819Z,vertical,,False
1092,93,P0093,309,3,B20,6127,2697,CONTROL,RUN-CONTROL-4,2313,AESTHETIC,RUN-AESTHETIC-4,Right,AESTHETIC,7101.0,2000-01-03T22:15:01.830Z,2000-01-03T22:15:09.159Z,vertical,,False
1093,93,P0093,309,3,A02,25478,2605,CONTROL,RUN-CONTROL-4,2221,AESTHETIC,RUN-AESTHETIC-4,Right,AESTHETIC,6427.0,2000-01-03T22:15:09.170Z,2000-01-03T22:15:15.809Z,vertical,,False
1094,93,P0093,309,3,B01,7,2470,BASE,,2278,AESTHETIC,RUN-AESTHETIC-4,Left,BASE,4829.0,2000-01-03T22:15:15.819Z,2000-01-03T22:15:20.896Z,vertical,,False
1095,93,P0093,309,3,A25,6127,2455,BASE,,2263,AESTHETIC,RUN-AESTHETIC-4,Right,AESTHETIC,2174.0,2000-01-03T22:15:20.909Z,2000-01-03T22:15:23.303Z,vertical,,False
1096,93,P0093,309,3,B15,6127,2309,AESTHETIC,RUN-AESTHETIC-4,2693,CONTROL,RUN-CONTROL-4,Left,AESTHETIC,2423.0,2000-01-03T22:15:23.314Z,2000-01-03T22:15:25.955Z,vertical,,False
1097,93,P0093,309,3,A25,85,2448,BASE,,2640,CONTROL,RUN-CONTROL-4,Right,CONTROL,2668.0,2000-01-03T22:15:25.967Z,2000-01-03T22:15:28.853Z,vertical,,False
1098,93,P0093,309,3,C02,6127,2535,BASE,,2343,AESTHETIC,RUN-AESTHETIC-4,Right,AESTHETIC,10551.0,2000-01-03T22:15:28.863Z,2000-01-03T22:15:40.049Z,vertical,,False
1099,93,P0093,309,3,A02,7,2422,BASE,,2230,AESTHETIC,RUN-AESTHETIC-4,Right,AESTHETIC,2349.0,2000-01-03T22:15:40.059Z,2000-01-03T22:15:42.631Z,vertical,,False
1100,93,P0093,309,3,C19,7,2408,AESTHETIC,RUN-AESTHETIC-4,2792,CONTROL,RUN-CONTROL-4,Right,CONTROL,2431.0,2000-01-03T22:15:42.640Z,2000-01-03T22:15:45.289Z,vertical,,False
1101,93,P0093,309,3,A22,25478,2637,CONTROL,RUN-CONTROL-4,2253,AESTHETIC,RUN-AESTHETIC-4,Right,AESTHETIC,1488.0,2000-01-03T22:15:45.299Z,2000-01-03T22:15:47.000Z,vertical,,False
1102,93,P0093,309,3,C14,85,2382,AESTHETIC,RUN-AESTHETIC-4,2766,CONTROL,RUN-CONTROL-4,Left,AESTHETIC,1794.0,2000-01-03T22:15:47.009Z,2000-01-03T22:15:49.022Z,vertical,,False
1103,93,P0093,309,3,B27,7,2330,AESTHETIC,RUN-AESTHETIC-4,2522,BASE,,Left,AESTHETIC,4674.0,2000-01-03T22:15:49.031Z,2000-01-03T22:15:53.930Z,vertical,,False
1104,93,P0093,309,3,A22,7,2262,AESTHETIC,RUN-AESTHETIC-4,2454,BASE,,Right,BASE,4338.0,2000-01-03T22:15:53.939Z,2000-01-03T22:15:58.496Z,vertical,,False
1105,93,P0093,309,3,C02,85,2336,AESTHETIC,RUN-AESTHETIC-4,2528,BASE,,Right,BASE,2039.0,2000-01-03T22:15:58.506Z,2000-01-03T22:16:00.792Z,vertical,,False
1106,93,P0093,309,3,B27,7,2714,CONTROL,RUN-CONTROL-4,2330,AESTHETIC,RUN-AESTHETIC-4,Right,AESTHETIC,3271.0,2000-01-03T22:16:00.802Z,2000-01-03T22:16:04.694Z,vertical,,False
1107,93,P0093,309,3,A07,6127,2425,BASE,,2233,AESTHETIC,RUN-AESTHETIC-4,Right,AESTHETIC,5923.0,2000-01-03T22:16:04.705Z,2000-01-03T22:16:10.851Z,vertical,,False
1108,93,P0093,309,3,B01,6127,2661,CONTROL,RUN-CONTROL-4,2469,BASE,,Right,BASE,2046.0,2000-01-03T22:16:10.861Z,2000-01-03T22:16:13.118Z,vertical,,False
1109,93,P0093,309,3,C10,7,2758,CONTROL,RUN-CONTROL-4,2566,BASE,,Left,CONTROL,2843.0,2000-01-03T22:16:13.129Z,2000-01-03T22:16:16.627Z,vertical,,False
1110,93,P0093,309,3,A27,85,2268,AESTHETIC,RUN-AESTHETIC-4,2652,CONTROL,RUN-CONTROL-4,Tie,TIE,1737.0,2000-01-03T22:16:16.637Z,2000-01-03T22:16:18.705Z,vertical,,False
1111,93,P0093,309,3,C16,6127,2393,AESTHETIC,RUN-AESTHETIC-4,2777,CONTROL,RUN-CONTROL-4,Left,AESTHETIC,1915.0,2000-01-03T22:16:18.715Z,2000-01-03T22:16:20.847Z,vertical,,False
1112,93,P0093,309,3,C19,85,2592,BASE,,2400,AESTHETIC,RUN-AESTHETIC-4,Left,BASE,2717.0,2000-01-03T22:16:20.857Z,2000-01-03T22:16:24.195Z,vertical,,False
1113,93,P0093,309,3,C19,6127,2407,AESTHETIC,RUN-AESTHETIC-4,2599,BASE,,Left,AESTHETIC,2605.0,2000-01-03T22:16:24.206Z,2000-01-03T22:16:27.035Z,vertical,,False
1114,93,P0093,309,3,C05,25478,2731,CONTROL,RUN-CONTROL-4,2539,BASE,,Tie,TIE,1899.0,2000-01-03T22:16:27.046Z,2000-01-03T22:16:29.168Z,vertical,,False
1115,93,P0093,309,3,B02,25478,2463,BASE,,2271,AESTHETIC,RUN-AESTHETIC-4,Left,BASE,2219.0,2000-01-03T22:16:29.179Z,2000-01-03T22:16:31.620Z,vertical,,False
1116,93,P0093,309,3,C02,6127,2535,BASE,,2727,CONTROL,RUN-CONTROL-4,Right,CONTROL,3171.0,2000-01-03T22:16:31.630Z,2000-01-03T22:16:35.022Z,vertical,,False
1117,93,P0093,309,3,B04,85,2466,BASE,,2658,CONTROL,RUN-CONTROL-4,Tie,TIE,2768.0,2000-01-03T22:16:35.034Z,2000-01-03T22:16:38.026Z,vertical,,False
1118,93,P0093,309,3,C09,6127,2563,BASE,,2371,AESTHETIC,RUN-AESTHETIC-4,Tie,TIE,2300.0,2000-01-03T22:16:38.036Z,2000-01-03T22:16:40.562Z,vertical,,False
1119,93,P0093,309,3,A08,25478,2235,AESTHETIC,RUN-AESTHETIC-4,2619,CONTROL,RUN-CONTROL-4,Left,AESTHETIC,2084.0,2000-01-03T22:16:40.573Z,2000-01-03T22:16:42.876Z,vertical,,False
1120,93,P0093,309,3,B19,6127,2311,AESTHETIC,RUN-AESTHETIC-4,2503,BASE,,Right,BASE,2048.0,2000-01-03T22:16:42.886Z,2000-01-03T22:16:45.326Z,vertical,,False
1121,48,P0048,311,3,A27,85,2652,CONTROL,RUN-CONTROL-4,2460,BASE,,Left,CONTROL,26346.0,2000-01-01T00:00:21.873Z,2000-01-01T00:00:49.055Z,vertical,,False
1122,48,P0048,311,3,A25,6127,2647,CONTROL,RUN-CONTROL-4,2455,BASE,,Left,CONTROL,4456.0,2000-01-01T00:00:49.066Z,2000-01-01T00:00:53.780Z,vertical,,False
1123,48,P0048,311,3,C19,85,2400,AESTHETIC,RUN-AESTHETIC-4,2784,CONTROL,RUN-CONTROL-4,Right,CONTROL,9031.0,2000-01-01T00:00:53.789Z,2000-01-01T00:01:03.097Z,vertical,,False
1124,48,P0048,311,3,A02,7,2614,CONTROL,RUN-CONTROL-4,2422,BASE,,Left,CONTROL,10542.0,2000-01-01T00:01:03.107Z,2000-01-01T00:01:14.292Z,vertical,,False
1125,48,P0048,311,3,A22,7,2646,CONTROL,RUN-CONTROL-4,2454,BASE,,Left,CONTROL,4121.0,2000-01-01T00:01:14.302Z,2000-01-01T00:02:10.832Z,vertical,,False
1126,48,P0048,311,3,A08,25478,2235,AESTHETIC,RUN-AESTHETIC-4,2619,CONTROL,RUN-CONTROL-4,Right,CONTROL,5953.0,2000-01-01T00:02:10.845Z,2000-01-01T00:02:17.071Z,vertical,,False
1127,48,P0048,311,3,A11,7,2632,CONTROL,RUN-CONTROL-4,2248,AESTHETIC,RUN-AESTHETIC-4,Left,CONTROL,5242.0,2000-01-01T00:02:17.081Z,2000-01-01T00:02:22.589Z,vertical,,False
1128,48,P0048,311,3,C16,25478,2577,BASE,,2769,CONTROL,RUN-CONTROL-4,Left,BASE,9175.0,2000-01-01T00:02:22.600Z,2000-01-01T00:02:32.050Z,vertical,,False
1129,48,P0048,311,3,C08,25478,2545,BASE,,2737,CONTROL,RUN-CONTROL-4,Left,BASE,23237.0,2000-01-01T00:02:32.059Z,2000-01-01T00:02:55.952Z,vertical,,False
1130,48,P0048,311,3,B12,6127,2297,AESTHETIC,RUN-AESTHETIC-4,2489,BASE,,Left,AESTHETIC,23002.0,2000-01-01T00:02:55.962Z,2000-01-01T00:03:19.632Z,vertical,,False
1131,48,P0048,311,3,A25,85,2256,AESTHETIC,RUN-AESTHETIC-4,2640,CONTROL,RUN-CONTROL-4,Right,CONTROL,12476.0,2000-01-01T00:03:19.643Z,2000-01-01T00:03:32.382Z,vertical,,False
1132,48,P0048,311,3,B27,25478,2513,BASE,,2705,CONTROL,RUN-CONTROL-4,Right,CONTROL,18598.0,2000-01-01T00:03:32.392Z,2000-01-01T00:03:51.646Z,vertical,,False
1133,48,P0048,311,3,C12,7,2762,CONTROL,RUN-CONTROL-4,2570,BASE,,Left,CONTROL,7776.0,2000-01-01T00:03:51.659Z,2000-01-01T00:03:59.706Z,vertical,,False
1134,48,P0048,311,3,A04,7,2232,AESTHETIC,RUN-AESTHETIC-4,2424,BASE,,Right,BASE,6043.0,2000-01-01T00:03:59.718Z,2000-01-01T00:04:06.053Z,vertical,,False
1135,48,P0048,311,3,A08,7,2628,CONTROL,RUN-CONTROL-4,2244,AESTHETIC,RUN-AESTHETIC-4,Left,CONTROL,9395.0,2000-01-01T00:04:06.063Z,2000-01-01T00:04:15.713Z,vertical,,False
1136,48,P0048,311,3,A11,7,2440,BASE,,2248,AESTHETIC,RUN-AESTHETIC-4,Right,AESTHETIC,13396.0,2000-01-01T00:04:15.722Z,2000-01-01T00:04:29.373Z,vertical,,False
1137,48,P0048,311,3,A26,25478,2449,BASE,,2641,CONTROL,RUN-CONTROL-4,Right,CONTROL,4842.0,2000-01-01T00:04:29.383Z,2000-01-01T00:04:34.501Z,vertical,,False
1138,48,P0048,311,3,C09,25478,2555,BASE,,2363,AESTHETIC,RUN-AESTHETIC-4,Right,AESTHETIC,5548.0,2000-01-01T00:04:34.511Z,2000-01-01T00:04:40.323Z,vertical,,False
1139,48,P0048,311,3,C12,25478,2753,CONTROL,RUN-CONTROL-4,2561,BASE,,Left,CONTROL,4090.0,2000-01-01T00:04:40.334Z,2000-01-01T00:04:44.682Z,vertical,,False
1140,48,P0048,311,3,C18,25478,2781,CONTROL,RUN-CONTROL-4,2397,AESTHETIC,RUN-AESTHETIC-4,Left,CONTROL,9853.0,2000-01-01T00:04:44.690Z,2000-01-01T00:04:54.813Z,vertical,,False
1141,48,P0048,311,3,B09,6127,2295,AESTHETIC,RUN-AESTHETIC-4,2679,CONTROL,RUN-CONTROL-4,Right,CONTROL,9882.0,2000-01-01T00:04:54.828Z,2000-01-01T00:05:04.973Z,vertical,,False
1142,48,P0048,311,3,C01,85,2526,BASE,,2718,CONTROL,RUN-CONTROL-4,Left,BASE,9916.0,2000-01-01T00:05:04.983Z,2000-01-01T00:05:15.170Z,vertical,,False
1143,48,P0048,311,3,C20,85,2594,BASE,,2786,CONTROL,RUN-CONTROL-4,Left,BASE,3868.0,2000-01-01T00:05:15.180Z,2000-01-01T00:05:19.310Z,vertical,,False
1144,48,P0048,311,3,B15,6127,2309,AESTHETIC,RUN-AESTHETIC-4,2501,BASE,,Left,AESTHETIC,4509.0,2000-01-01T00:05:19.322Z,2000-01-01T00:05:24.093Z,vertical,,False
1145,48,P0048,311,3,C15,7,2584,BASE,,2776,CONTROL,RUN-CONTROL-4,Left,BASE,5445.0,2000-01-01T00:05:24.103Z,2000-01-01T00:05:29.813Z,vertical,,False
1146,48,P0048,311,3,B12,25478,2481,BASE,,2673,CONTROL,RUN-CONTROL-4,Right,CONTROL,10247.0,2000-01-01T00:05:29.823Z,2000-01-01T00:05:40.333Z,vertical,,False
1147,48,P0048,311,3,A26,7,2458,BASE,,2266,AESTHETIC,RUN-AESTHETIC-4,Right,AESTHETIC,8665.0,2000-01-01T00:05:40.370Z,2000-01-01T00:05:49.737Z,vertical,,False
1148,48,P0048,311,3,A04,7,2616,CONTROL,RUN-CONTROL-4,2424,BASE,,Right,BASE,4647.0,2000-01-01T00:05:49.747Z,2000-01-01T00:05:54.669Z,vertical,,False
1149,48,P0048,311,3,C14,7,2390,AESTHETIC,RUN-AESTHETIC-4,2582,BASE,,Right,BASE,3906.0,2000-01-01T00:05:54.680Z,2000-01-01T00:05:58.857Z,vertical,,False
1150,48,P0048,311,3,C05,6127,2547,BASE,,2739,CONTROL,RUN-CONTROL-4,Left,BASE,6922.0,2000-01-01T00:05:58.867Z,2000-01-01T00:06:06.074Z,vertical,,False
1151,273,P0273,312,3,A15,25478,2443,BASE,,2251,AESTHETIC,RUN-AESTHETIC-4,Tie,TIE,10322.0,2000-01-03T11:19:39.617Z,2000-01-03T11:19:50.547Z,vertical,,False
1152,273,P0273,312,3,B27,6127,2521,BASE,,2329,AESTHETIC,RUN-AESTHETIC-4,Tie,TIE,6290.0,2000-01-03T11:19:50.564Z,2000-01-03T11:19:57.088Z,vertical,,False
1153,273,P0273,312,3,A27,85,2460,BASE,,2268,AESTHETIC,RUN-AESTHETIC-4,Left,BASE,4272.0,2000-01-03T11:19:57.101Z,2000-01-03T11:20:01.595Z,vertical,,False
1154,273,P0273,312,3,B14,7,2500,BASE,,2308,AESTHETIC,RUN-AESTHETIC-4,Left,BASE,3237.0,2000-01-03T11:20:01.606Z,2000-01-03T11:20:05.077Z,vertical,,False
1155,273,P0273,312,3,A08,6127,2435,BASE,,2627,CONTROL,RUN-CONTROL-4,Left,BASE,4808.0,2000-01-03T11:20:05.088Z,2000-01-03T11:20:10.148Z,vertical,,False
1156,273,P0273,312,3,C08,85,2354,AESTHETIC,RUN-AESTHETIC-4,2738,CONTROL,RUN-CONTROL-4,Tie,TIE,4052.0,2000-01-03T11:20:10.160Z,2000-01-03T11:20:14.462Z,vertical,,False
1157,273,P0273,312,3,C01,25478,2333,AESTHETIC,RUN-AESTHETIC-4,2717,CONTROL,RUN-CONTROL-4,Tie,TIE,2016.0,2000-01-03T11:20:14.634Z,2000-01-03T11:20:16.900Z,vertical,,False
1158,273,P0273,312,3,C12,25478,2369,AESTHETIC,RUN-AESTHETIC-4,2753,CONTROL,RUN-CONTROL-4,Tie,TIE,2057.0,2000-01-03T11:20:16.911Z,2000-01-03T11:20:19.197Z,vertical,,False
1159,273,P0273,312,3,C12,6127,2761,CONTROL,RUN-CONTROL-4,2377,AESTHETIC,RUN-AESTHETIC-4,Tie,TIE,1591.0,2000-01-03T11:20:19.216Z,2000-01-03T11:20:21.047Z,vertical,,False
1160,273,P0273,312,3,B26,25478,2319,AESTHETIC,RUN-AESTHETIC-4,2703,CONTROL,RUN-CONTROL-4,Tie,TIE,1840.0,2000-01-03T11:20:21.061Z,2000-01-03T11:20:23.137Z,vertical,,False
1161,273,P0273,312,3,C19,25478,2783,CONTROL,RUN-CONTROL-4,2591,BASE,,Tie,TIE,2917.0,2000-01-03T11:20:23.147Z,2000-01-03T11:20:26.315Z,vertical,,False
1162,273,P0273,312,3,C20,25478,2785,CONTROL,RUN-CONTROL-4,2401,AESTHETIC,RUN-AESTHETIC-4,Right,AESTHETIC,4508.0,2000-01-03T11:20:26.325Z,2000-01-03T11:20:31.068Z,vertical,,False
1163,273,P0273,312,3,A08,6127,2435,BASE,,2243,AESTHETIC,RUN-AESTHETIC-4,Left,BASE,2701.0,2000-01-03T11:20:31.107Z,2000-01-03T11:20:34.049Z,vertical,,False
1164,273,P0273,312,3,C08,7,2746,CONTROL,RUN-CONTROL-4,2554,BASE,,Tie,TIE,7038.0,2000-01-03T11:20:34.060Z,2000-01-03T11:20:41.337Z,vertical,,False
1165,273,P0273,312,3,B14,7,2500,BASE,,2692,CONTROL,RUN-CONTROL-4,Left,BASE,2881.0,2000-01-03T11:20:41.348Z,2000-01-03T11:20:44.467Z,vertical,,False
1166,273,P0273,312,3,C17,7,2788,CONTROL,RUN-CONTROL-4,2404,AESTHETIC,RUN-AESTHETIC-4,Tie,TIE,2630.0,2000-01-03T11:20:44.477Z,2000-01-03T11:20:47.346Z,vertical,,False
1167,273,P0273,312,3,B20,7,2698,CONTROL,RUN-CONTROL-4,2314,AESTHETIC,RUN-AESTHETIC-4,Tie,TIE,13133.0,2000-01-03T11:20:47.355Z,2000-01-03T11:21:00.729Z,vertical,,False
1168,273,P0273,312,3,B04,85,2466,BASE,,2274,AESTHETIC,RUN-AESTHETIC-4,Right,AESTHETIC,11882.0,2000-01-03T11:21:00.741Z,2000-01-03T11:21:12.876Z,vertical,,False
1169,273,P0273,312,3,B20,85,2690,CONTROL,RUN-CONTROL-4,2306,AESTHETIC,RUN-AESTHETIC-4,Tie,TIE,4199.0,2000-01-03T11:21:12.886Z,2000-01-03T11:21:17.345Z,vertical,,False
1170,273,P0273,312,3,C12,85,2754,CONTROL,RUN-CONTROL-4,2370,AESTHETIC,RUN-AESTHETIC-4,Tie,TIE,1509.0,2000-01-03T11:21:17.359Z,2000-01-03T11:21:19.092Z,vertical,,False
1171,273,P0273,312,3,A13,85,2434,BASE,,2626,CONTROL,RUN-CONTROL-4,Tie,TIE,1741.0,2000-01-03T11:21:19.101Z,2000-01-03T11:21:21.080Z,vertical,,False
1172,273,P0273,312,3,C12,85,2370,AESTHETIC,RUN-AESTHETIC-4,2562,BASE,,Tie,TIE,1640.0,2000-01-03T11:21:21.090Z,2000-01-03T11:21:22.969Z,vertical,,False
1173,273,P0273,312,3,C20,7,2602,BASE,,2794,CONTROL,RUN-CONTROL-4,Tie,TIE,5110.0,2000-01-03T11:21:22.979Z,2000-01-03T11:21:28.340Z,vertical,,False
1174,273,P0273,312,3,C19,6127,2599,BASE,,2407,AESTHETIC,RUN-AESTHETIC-4,Right,AESTHETIC,4476.0,2000-01-03T11:21:28.351Z,2000-01-03T11:21:33.059Z,vertical,,False
1175,273,P0273,312,3,C05,7,2740,CONTROL,RUN-CONTROL-4,2548,BASE,,Tie,TIE,1689.0,2000-01-03T11:21:33.073Z,2000-01-03T11:21:34.999Z,vertical,,False
1176,273,P0273,312,3,C06,85,2350,AESTHETIC,RUN-AESTHETIC-4,2734,CONTROL,RUN-CONTROL-4,Tie,TIE,1603.0,2000-01-03T11:21:35.011Z,2000-01-03T11:21:36.848Z,vertical,,False
1177,273,P0273,312,3,C05,85,2732,CONTROL,RUN-CONTROL-4,2540,BASE,,Right,BASE,2367.0,2000-01-03T11:21:36.860Z,2000-01-03T11:21:39.467Z,vertical,,False
1178,273,P0273,312,3,C18,7,2598,BASE,,2790,CONTROL,RUN-CONTROL-4,Tie,TIE,3450.0,2000-01-03T11:21:39.477Z,2000-01-03T11:21:43.158Z,vertical,,False
1179,273,P0273,312,3,C02,25478,2719,CONTROL,RUN-CONTROL-4,2335,AESTHETIC,RUN-AESTHETIC-4,Tie,TIE,1944.0,2000-01-03T11:21:43.169Z,2000-01-03T11:21:45.347Z,vertical,,False
1180,273,P0273,312,3,A27,25478,2651,CONTROL,RUN-CONTROL-4,2459,BASE,,Tie,TIE,10658.0,2000-01-03T11:21:45.357Z,2000-01-03T11:21:56.247Z,vertical,,False
1181,116,P0116,313,3,B25,6127,2517,BASE,,2325,AESTHETIC,RUN-AESTHETIC-4,Right,AESTHETIC,13469.0,2000-01-01T00:04:55.771Z,2000-01-01T00:05:09.817Z,vertical,,False
1182,116,P0116,313,3,A07,7,2234,AESTHETIC,RUN-AESTHETIC-4,2426,BASE,,Left,AESTHETIC,5989.0,2000-01-01T00:05:09.828Z,2000-01-01T00:05:16.067Z,vertical,,False
1183,116,P0116,313,3,C11,25478,2559,BASE,,2751,CONTROL,RUN-CONTROL-4,Left,BASE,4713.0,2000-01-01T00:05:16.077Z,2000-01-01T00:05:21.032Z,vertical,,False
1184,116,P0116,313,3,A11,6127,2439,BASE,,2247,AESTHETIC,RUN-AESTHETIC-4,Left,BASE,4860.0,2000-01-01T00:05:21.041Z,2000-01-01T00:05:26.135Z,vertical,,False
1185,116,P0116,313,3,A04,85,2608,CONTROL,RUN-CONTROL-4,2224,AESTHETIC,RUN-AESTHETIC-4,Right,AESTHETIC,4746.0,2000-01-01T00:05:26.144Z,2000-01-01T00:05:31.140Z,vertical,,False
1186,116,P0116,313,3,C20,6127,2601,BASE,,2409,AESTHETIC,RUN-AESTHETIC-4,Right,AESTHETIC,8960.0,2000-01-01T00:05:31.151Z,2000-01-01T00:05:40.366Z,vertical,,False
1187,116,P0116,313,3,B01,85,2462,BASE,,2654,CONTROL,RUN-CONTROL-4,Right,CONTROL,13171.0,2000-01-01T00:05:40.374Z,2000-01-01T00:05:53.862Z,vertical,,False
1188,116,P0116,313,3,B04,85,2466,BASE,,2658,CONTROL,RUN-CONTROL-4,Right,CONTROL,2908.0,2000-01-01T00:05:53.872Z,2000-01-01T00:05:57.027Z,vertical,,False
1189,116,P0116,313,3,A04,6127,2231,AESTHETIC,RUN-AESTHETIC-4,2423,BASE,,Left,AESTHETIC,5419.0,2000-01-01T00:05:57.040Z,2000-01-01T00:06:02.707Z,vertical,,False
1190,116,P0116,313,3,A04,25478,2607,CONTROL,RUN-CONTROL-4,2415,BASE,,Left,CONTROL,7983.0,2000-01-01T00:06:02.716Z,2000-01-01T00:06:10.927Z,vertical,,False
1191,116,P0116,313,3,B15,85,2494,BASE,,2686,CONTROL,RUN-CONTROL-4,Right,CONTROL,4020.0,2000-01-01T00:06:10.940Z,2000-01-01T00:06:15.204Z,vertical,,False
1192,116,P0116,313,3,A11,85,2240,AESTHETIC,RUN-AESTHETIC-4,2432,BASE,,Left,AESTHETIC,6320.0,2000-01-01T00:06:15.214Z,2000-01-01T00:06:22.277Z,vertical,,False
1193,116,P0116,313,3,A22,85,2446,BASE,,2638,CONTROL,RUN-CONTROL-4,Right,CONTROL,2636.0,2000-01-01T00:06:22.286Z,2000-01-01T00:06:25.155Z,vertical,,False
1194,116,P0116,313,3,B26,7,2328,AESTHETIC,RUN-AESTHETIC-4,2520,BASE,,Right,BASE,2353.0,2000-01-01T00:06:25.165Z,2000-01-01T00:06:27.778Z,vertical,,False
1195,116,P0116,313,3,A02,6127,2613,CONTROL,RUN-CONTROL-4,2229,AESTHETIC,RUN-AESTHETIC-4,Right,AESTHETIC,1857.0,2000-01-01T00:06:27.790Z,2000-01-01T00:06:29.894Z,vertical,,False
1196,116,P0116,313,3,B20,25478,2305,AESTHETIC,RUN-AESTHETIC-4,2497,BASE,,Left,AESTHETIC,2021.0,2000-01-01T00:06:29.905Z,2000-01-01T00:06:32.176Z,vertical,,False
1197,116,P0116,313,3,B19,7,2696,CONTROL,RUN-CONTROL-4,2504,BASE,,Right,BASE,3749.0,2000-01-01T00:06:32.187Z,2000-01-01T00:06:36.168Z,vertical,,False
1198,116,P0116,313,3,B14,6127,2691,CONTROL,RUN-CONTROL-4,2307,AESTHETIC,RUN-AESTHETIC-4,Right,AESTHETIC,2792.0,2000-01-01T00:06:36.178Z,2000-01-01T00:06:39.217Z,vertical,,False
1199,116,P0116,313,3,B02,25478,2655,CONTROL,RUN-CONTROL-4,2463,BASE,,Right,BASE,5549.0,2000-01-01T00:06:39.228Z,2000-01-01T00:06:45.026Z,vertical,,False
1200,116,P0116,313,3,C19,85,2592,BASE,,2400,AESTHETIC,RUN-AESTHETIC-4,Left,BASE,4999.0,2000-01-01T00:06:45.036Z,2000-01-01T00:06:50.296Z,vertical,,False
1201,116,P0116,313,3,C07,25478,2543,BASE,,2735,CONTROL,RUN-CONTROL-4,Right,CONTROL,2115.0,2000-01-01T00:06:50.305Z,2000-01-01T00:06:52.857Z,vertical,,False
1202,116,P0116,313,3,A26,6127,2265,AESTHETIC,RUN-AESTHETIC-4,2457,BASE,,Left,AESTHETIC,4998.0,2000-01-01T00:06:52.867Z,2000-01-01T00:06:58.144Z,vertical,,False
1203,116,P0116,313,3,C20,85,2402,AESTHETIC,RUN-AESTHETIC-4,2594,BASE,,Right,BASE,2178.0,2000-01-01T00:06:58.156Z,2000-01-01T00:07:00.567Z,vertical,,False
1204,116,P0116,313,3,A11,25478,2623,CONTROL,RUN-CONTROL-4,2239,AESTHETIC,RUN-AESTHETIC-4,Left,CONTROL,13891.0,2000-01-01T00:07:00.577Z,2000-01-01T00:07:14.707Z,vertical,,False
1205,116,P0116,313,3,A22,6127,2453,BASE,,2645,CONTROL,RUN-CONTROL-4,Left,BASE,8607.0,2000-01-01T00:07:14.740Z,2000-01-01T00:07:23.576Z,vertical,,False
1206,116,P0116,313,3,C14,25478,2765,CONTROL,RUN-CONTROL-4,2573,BASE,,Left,CONTROL,2471.0,2000-01-01T00:07:23.585Z,2000-01-01T00:07:26.323Z,vertical,,False
1207,116,P0116,313,3,B01,6127,2277,AESTHETIC,RUN-AESTHETIC-4,2661,CONTROL,RUN-CONTROL-4,Right,CONTROL,3109.0,2000-01-01T00:07:26.333Z,2000-01-01T00:07:29.687Z,vertical,,False
1208,116,P0116,313,3,C10,6127,2373,AESTHETIC,RUN-AESTHETIC-4,2757,CONTROL,RUN-CONTROL-4,Right,CONTROL,1613.0,2000-01-01T00:07:29.697Z,2000-01-01T00:07:31.562Z,vertical,,False
1209,116,P0116,313,3,B08,7,2294,AESTHETIC,RUN-AESTHETIC-4,2678,CONTROL,RUN-CONTROL-4,Left,AESTHETIC,1769.0,2000-01-01T00:07:31.572Z,2000-01-01T00:07:33.585Z,vertical,,False
1210,116,P0116,313,3,A26,6127,2649,CONTROL,RUN-CONTROL-4,2457,BASE,,Left,CONTROL,3937.0,2000-01-01T00:07:33.750Z,2000-01-01T00:07:37.928Z,vertical,,False
1211,223,P0223,315,3,B27,85,2322,AESTHETIC,RUN-AESTHETIC-4,2706,CONTROL,RUN-CONTROL-4,Right,CONTROL,7617.0,2000-01-01T00:02:06.214Z,2000-01-01T00:02:14.457Z,vertical,,False
1212,223,P0223,315,3,B23,6127,2707,CONTROL,RUN-CONTROL-4,2323,AESTHETIC,RUN-AESTHETIC-4,Right,AESTHETIC,4290.0,2000-01-01T00:02:14.469Z,2000-01-01T00:02:19.034Z,vertical,,False
1213,223,P0223,315,3,C15,7,2392,AESTHETIC,RUN-AESTHETIC-4,2584,BASE,,Right,BASE,7089.0,2000-01-01T00:02:19.051Z,2000-01-01T00:02:26.397Z,vertical,,False
1214,223,P0223,315,3,C02,6127,2727,CONTROL,RUN-CONTROL-4,2343,AESTHETIC,RUN-AESTHETIC-4,Tie,TIE,5146.0,2000-01-01T00:02:26.407Z,2000-01-01T00:02:31.764Z,vertical,,False
1215,223,P0223,315,3,C19,7,2600,BASE,,2792,CONTROL,RUN-CONTROL-4,Right,CONTROL,8754.0,2000-01-01T00:02:31.775Z,2000-01-01T00:02:40.743Z,vertical,,False
1216,223,P0223,315,3,B15,6127,2501,BASE,,2693,CONTROL,RUN-CONTROL-4,Tie,TIE,3886.0,2000-01-01T00:02:40.753Z,2000-01-01T00:02:44.883Z,vertical,,False
1217,223,P0223,315,3,B01,25478,2653,CONTROL,RUN-CONTROL-4,2461,BASE,,Tie,TIE,1276.0,2000-01-01T00:02:44.893Z,2000-01-01T00:02:46.419Z,vertical,,False
1218,223,P0223,315,3,A25,7,2264,AESTHETIC,RUN-AESTHETIC-4,2648,CONTROL,RUN-CONTROL-4,Right,CONTROL,7819.0,2000-01-01T00:02:46.430Z,2000-01-01T00:02:54.477Z,vertical,,False
1219,223,P0223,315,3,A04,85,2416,BASE,,2224,AESTHETIC,RUN-AESTHETIC-4,Left,BASE,6137.0,2000-01-01T00:02:54.489Z,2000-01-01T00:03:00.842Z,vertical,,False
1220,223,P0223,315,3,C20,6127,2409,AESTHETIC,RUN-AESTHETIC-4,2793,CONTROL,RUN-CONTROL-4,Tie,TIE,1711.0,2000-01-01T00:03:00.851Z,2000-01-01T00:03:02.793Z,vertical,,False
1221,223,P0223,315,3,B19,25478,2687,CONTROL,RUN-CONTROL-4,2303,AESTHETIC,RUN-AESTHETIC-4,Tie,TIE,805.0,2000-01-01T00:03:02.803Z,2000-01-01T00:03:03.829Z,vertical,,False
1222,223,P0223,315,3,A25,6127,2455,BASE,,2263,AESTHETIC,RUN-AESTHETIC-4,Left,BASE,8038.0,2000-01-01T00:03:03.843Z,2000-01-01T00:03:12.139Z,vertical,,False
1223,223,P0223,315,3,B23,7,2708,CONTROL,RUN-CONTROL-4,2516,BASE,,Left,CONTROL,1745.0,2000-01-01T00:03:12.150Z,2000-01-01T00:03:14.106Z,vertical,,False
1224,223,P0223,315,3,C05,7,2548,BASE,,2356,AESTHETIC,RUN-AESTHETIC-4,Left,BASE,1818.0,2000-01-01T00:03:14.118Z,2000-01-01T00:03:16.153Z,vertical,,False
1225,223,P0223,315,3,A04,7,2232,AESTHETIC,RUN-AESTHETIC-4,2616,CONTROL,RUN-CONTROL-4,Tie,TIE,2826.0,2000-01-01T00:03:16.164Z,2000-01-01T00:03:19.226Z,vertical,,False
1226,223,P0223,315,3,B04,7,2282,AESTHETIC,RUN-AESTHETIC-4,2666,CONTROL,RUN-CONTROL-4,Tie,TIE,1131.0,2000-01-01T00:03:19.238Z,2000-01-01T00:03:20.580Z,vertical,,False
1227,223,P0223,315,3,A08,6127,2243,AESTHETIC,RUN-AESTHETIC-4,2627,CONTROL,RUN-CONTROL-4,Tie,TIE,2618.0,2000-01-01T00:03:20.590Z,2000-01-01T00:03:23.439Z,vertical,,False
1228,223,P0223,315,3,A04,25478,2607,CONTROL,RUN-CONTROL-4,2223,AESTHETIC,RUN-AESTHETIC-4,Left,CONTROL,2936.0,2000-01-01T00:03:23.448Z,2000-01-01T00:03:26.605Z,vertical,,False
1229,223,P0223,315,3,C08,85,2738,CONTROL,RUN-CONTROL-4,2546,BASE,,Tie,TIE,1353.0,2000-01-01T00:03:26.615Z,2000-01-01T00:03:28.216Z,vertical,,False
1230,223,P0223,315,3,A07,6127,2617,CONTROL,RUN-CONTROL-4,2425,BASE,,Tie,TIE,2160.0,2000-01-01T00:03:28.227Z,2000-01-01T00:03:30.608Z,vertical,,False
1231,223,P0223,315,3,C14,85,2574,BASE,,2766,CONTROL,RUN-CONTROL-4,Tie,TIE,870.0,2000-01-01T00:03:30.618Z,2000-01-01T00:03:31.714Z,vertical,,False
1232,223,P0223,315,3,B15,25478,2685,CONTROL,RUN-CONTROL-4,2301,AESTHETIC,RUN-AESTHETIC-4,Tie,TIE,936.0,2000-01-01T00:03:31.725Z,2000-01-01T00:03:32.919Z,vertical,,False
1233,223,P0223,315,3,C07,25478,2351,AESTHETIC,RUN-AESTHETIC-4,2543,BASE,,Tie,TIE,1338.0,2000-01-01T00:03:32.930Z,2000-01-01T00:03:34.508Z,vertical,,False
1234,223,P0223,315,3,C07,6127,2551,BASE,,2359,AESTHETIC,RUN-AESTHETIC-4,Tie,TIE,757.0,2000-01-01T00:03:34.518Z,2000-01-01T00:03:35.562Z,vertical,VeryFastResponse,False
1235,223,P0223,315,3,A13,85,2242,AESTHETIC,RUN-AESTHETIC-4,2626,CONTROL,RUN-CONTROL-4,Right,CONTROL,1627.0,2000-01-01T00:03:35.574Z,2000-01-01T00:03:37.417Z,vertical,,False
1236,223,P0223,315,3,C11,85,2368,AESTHETIC,RUN-AESTHETIC-4,2752,CONTROL,RUN-CONTROL-4,Tie,TIE,1139.0,2000-01-01T00:03:37.428Z,2000-01-01T00:03:38.793Z,vertical,,False
1237,223,P0223,315,3,C20,85,2786,CONTROL,RUN-CONTROL-4,2402,AESTHETIC,RUN-AESTHETIC-4,Tie,TIE,2186.0,2000-01-01T00:03:38.801Z,2000-01-01T00:03:41.184Z,vertical,,False
1238,223,P0223,315,3,B23,25478,2507,BASE,,2699,CONTROL,RUN-CONTROL-4,Right,CONTROL,3507.0,2000-01-01T00:03:41.194Z,2000-01-01T00:03:44.963Z,vertical,,False
1239,223,P0223,315,3,B01,6127,2661,CONTROL,RUN-CONTROL-4,2469,BASE,,Tie,TIE,1217.0,2000-01-01T00:03:44.972Z,2000-01-01T00:03:46.418Z,vertical,,False
1240,223,P0223,315,3,A09,6127,2245,AESTHETIC,RUN-AESTHETIC-4,2437,BASE,,Tie,TIE,1627.0,2000-01-01T00:03:46.428Z,2000-01-01T00:03:48.297Z,vertical,,False
1241,84,P0084,318,3,A01,7,2420,BASE,,2612,CONTROL,RUN-CONTROL-4,Left,BASE,4371.0,2000-01-03T22:10:57.629Z,2000-01-03T22:11:02.719Z,vertical,,False
1242,84,P0084,318,3,C08,85,2546,BASE,,2354,AESTHETIC,RUN-AESTHETIC-4,Left,BASE,3808.0,2000-01-03T22:11:02.730Z,2000-01-03T22:11:06.811Z,vertical,,False
1243,84,P0084,318,3,C08,6127,2361,AESTHETIC,RUN-AESTHETIC-4,2745,CONTROL,RUN-CONTROL-4,Tie,TIE,3139.0,2000-01-03T22:11:06.821Z,2000-01-03T22:11:10.220Z,vertical,,False
1244,84,P0084,318,3,B14,85,2300,AESTHETIC,RUN-AESTHETIC-4,2684,CONTROL,RUN-CONTROL-4,Tie,TIE,1667.0,2000-01-03T22:11:10.231Z,2000-01-03T22:11:12.162Z,vertical,,False
1245,84,P0084,318,3,C16,85,2578,BASE,,2386,AESTHETIC,RUN-AESTHETIC-4,Tie,TIE,4357.0,2000-01-03T22:11:12.171Z,2000-01-03T22:11:16.770Z,vertical,,False
1246,84,P0084,318,3,B01,25478,2653,CONTROL,RUN-CONTROL-4,2269,AESTHETIC,RUN-AESTHETIC-4,Tie,TIE,1574.0,2000-01-03T22:11:16.780Z,2000-01-03T22:11:18.609Z,vertical,,False
1247,84,P0084,318,3,B23,6127,2515,BASE,,2323,AESTHETIC,RUN-AESTHETIC-4,Tie,TIE,4442.0,2000-01-03T22:11:18.620Z,2000-01-03T22:11:23.317Z,vertical,,False
1248,84,P0084,318,3,C07,85,2544,BASE,,2736,CONTROL,RUN-CONTROL-4,Tie,TIE,1666.0,2000-01-03T22:11:23.327Z,2000-01-03T22:11:25.241Z,vertical,,False
1249,84,P0084,318,3,A26,7,2266,AESTHETIC,RUN-AESTHETIC-4,2650,CONTROL,RUN-CONTROL-4,Tie,TIE,4508.0,2000-01-03T22:11:25.250Z,2000-01-03T22:11:29.991Z,vertical,,False
1250,84,P0084,318,3,B01,85,2654,CONTROL,RUN-CONTROL-4,2270,AESTHETIC,RUN-AESTHETIC-4,Tie,TIE,1883.0,2000-01-03T22:11:30.002Z,2000-01-03T22:11:32.170Z,vertical,,False
1251,84,P0084,318,3,A02,6127,2421,BASE,,2229,AESTHETIC,RUN-AESTHETIC-4,Tie,TIE,1701.0,2000-01-03T22:11:32.179Z,2000-01-03T22:11:34.138Z,vertical,,False
1252,84,P0084,318,3,A25,25478,2447,BASE,,2639,CONTROL,RUN-CONTROL-4,Left,BASE,4335.0,2000-01-03T22:11:34.151Z,2000-01-03T22:11:38.730Z,vertical,,False
1253,84,P0084,318,3,B15,7,2310,AESTHETIC,RUN-AESTHETIC-4,2694,CONTROL,RUN-CONTROL-4,Tie,TIE,1887.0,2000-01-03T22:11:38.742Z,2000-01-03T22:11:40.890Z,vertical,,False
1254,84,P0084,318,3,A08,85,2428,BASE,,2236,AESTHETIC,RUN-AESTHETIC-4,Tie,TIE,1078.0,2000-01-03T22:11:40.902Z,2000-01-03T22:11:42.242Z,vertical,,False
1255,84,P0084,318,3,A11,6127,2247,AESTHETIC,RUN-AESTHETIC-4,2631,CONTROL,RUN-CONTROL-4,Tie,TIE,14579.0,2000-01-03T22:11:42.253Z,2000-01-03T22:11:57.119Z,vertical,,False
1256,84,P0084,318,3,B23,7,2324,AESTHETIC,RUN-AESTHETIC-4,2708,CONTROL,RUN-CONTROL-4,Left,AESTHETIC,2620.0,2000-01-03T22:11:57.131Z,2000-01-03T22:12:00.001Z,vertical,,False
1257,84,P0084,318,3,C15,85,2384,AESTHETIC,RUN-AESTHETIC-4,2768,CONTROL,RUN-CONTROL-4,Tie,TIE,4234.0,2000-01-03T22:12:00.011Z,2000-01-03T22:12:04.515Z,vertical,,False
1258,84,P0084,318,3,C16,6127,2393,AESTHETIC,RUN-AESTHETIC-4,2777,CONTROL,RUN-CONTROL-4,Left,AESTHETIC,4912.0,2000-01-03T22:12:04.526Z,2000-01-03T22:12:09.848Z,vertical,,False
1259,84,P0084,318,3,C04,85,2338,AESTHETIC,RUN-AESTHETIC-4,2530,BASE,,Right,BASE,1865.0,2000-01-03T22:12:09.859Z,2000-01-03T22:12:12.006Z,vertical,,False
1260,84,P0084,318,3,A02,6127,2421,BASE,,2613,CONTROL,RUN-CONTROL-4,Tie,TIE,2163.0,2000-01-03T22:12:12.017Z,2000-01-03T22:12:14.455Z,vertical,,False
1261,84,P0084,318,3,B29,25478,2523,BASE,,2331,AESTHETIC,RUN-AESTHETIC-4,Tie,TIE,1433.0,2000-01-03T22:12:14.464Z,2000-01-03T22:12:16.161Z,vertical,,False
1262,84,P0084,318,3,C20,6127,2601,BASE,,2793,CONTROL,RUN-CONTROL-4,Tie,TIE,1271.0,2000-01-03T22:12:16.178Z,2000-01-03T22:12:17.701Z,vertical,,False
1263,84,P0084,318,3,B26,6127,2327,AESTHETIC,RUN-AESTHETIC-4,2711,CONTROL,RUN-CONTROL-4,Tie,TIE,1269.0,2000-01-03T22:12:17.711Z,2000-01-03T22:12:19.232Z,vertical,,False
1264,84,P0084,318,3,B15,6127,2309,AESTHETIC,RUN-AESTHETIC-4,2693,CONTROL,RUN-CONTROL-4,Tie,TIE,1509.0,2000-01-03T22:12:19.242Z,2000-01-03T22:12:21.021Z,vertical,,False
1265,84,P0084,318,3,C18,85,2398,AESTHETIC,RUN-AESTHETIC-4,2590,BASE,,Tie,TIE,1324.0,2000-01-03T22:12:21.032Z,2000-01-03T22:12:22.610Z,vertical,,False
1266,84,P0084,318,3,B20,6127,2697,CONTROL,RUN-CONTROL-4,2505,BASE,,Right,BASE,2186.0,2000-01-03T22:12:22.620Z,2000-01-03T22:12:25.077Z,vertical,,False
1267,84,P0084,318,3,C15,25478,2767,CONTROL,RUN-CONTROL-4,2575,BASE,,Tie,TIE,2705.0,2000-01-03T22:12:25.113Z,2000-01-03T22:12:28.059Z,vertical,,False
1268,84,P0084,318,3,A27,25478,2459,BASE,,2267,AESTHETIC,RUN-AESTHETIC-4,Tie,TIE,3183.0,2000-01-03T22:12:28.069Z,2000-01-03T22:12:31.521Z,vertical,,False
1269,84,P0084,318,3,C01,25478,2525,BASE,,2333,AESTHETIC,RUN-AESTHETIC-4,Right,AESTHETIC,2167.0,2000-01-03T22:12:31.531Z,2000-01-03T22:12:33.950Z,vertical,,False
1270,84,P0084,318,3,C05,25478,2347,AESTHETIC,RUN-AESTHETIC-4,2731,CONTROL,RUN-CONTROL-4,Right,CONTROL,1617.0,2000-01-03T22:12:33.958Z,2000-01-03T22:12:35.840Z,vertical,,False
1271,294,P0294,319,3,A01,6127,2611,CONTROL,RUN-CONTROL-4,2419,BASE,,Right,BASE,9745.0,2000-01-01T02:34:35.866Z,2000-01-01T02:34:45.958Z,vertical,,False
1272,294,P0294,319,3,A13,7,2634,CONTROL,RUN-CONTROL-4,2442,BASE,,Left,CONTROL,5165.0,2000-01-01T02:34:45.968Z,2000-01-01T02:34:51.318Z,vertical,,False
1273,294,P0294,319,3,A11,6127,2439,BASE,,2631,CONTROL,RUN-CONTROL-4,Right,CONTROL,1937.0,2000-01-01T02:34:51.332Z,2000-01-01T02:34:53.462Z,vertical,,False
1274,294,P0294,319,3,C12,25478,2561,BASE,,2369,AESTHETIC,RUN-AESTHETIC-4,Left,BASE,3944.0,2000-01-01T02:34:53.473Z,2000-01-01T02:34:57.604Z,vertical,,False
1275,294,P0294,319,3,C13,6127,2579,BASE,,2771,CONTROL,RUN-CONTROL-4,Left,BASE,5676.0,2000-01-01T02:34:57.618Z,2000-01-01T02:35:03.482Z,vertical,,False
1276,294,P0294,319,3,C14,25478,2765,CONTROL,RUN-CONTROL-4,2381,AESTHETIC,RUN-AESTHETIC-4,Right,AESTHETIC,3885.0,2000-01-01T02:35:03.495Z,2000-01-01T02:35:07.576Z,vertical,,False
1277,294,P0294,319,3,B04,25478,2465,BASE,,2273,AESTHETIC,RUN-AESTHETIC-4,Left,BASE,3667.0,2000-01-01T02:35:07.738Z,2000-01-01T02:35:11.706Z,vertical,,False
1278,294,P0294,319,3,C07,25478,2351,AESTHETIC,RUN-AESTHETIC-4,2735,CONTROL,RUN-CONTROL-4,Left,AESTHETIC,2309.0,2000-01-01T02:35:11.717Z,2000-01-01T02:35:14.212Z,vertical,,False
1279,294,P0294,319,3,C06,25478,2349,AESTHETIC,RUN-AESTHETIC-4,2541,BASE,,Left,AESTHETIC,2470.0,2000-01-01T02:35:14.222Z,2000-01-01T02:35:16.882Z,vertical,,False
1280,294,P0294,319,3,B19,85,2688,CONTROL,RUN-CONTROL-4,2304,AESTHETIC,RUN-AESTHETIC-4,Right,AESTHETIC,1933.0,2000-01-01T02:35:16.893Z,2000-01-01T02:35:19.026Z,vertical,,False
1281,294,P0294,319,3,C18,6127,2597,BASE,,2405,AESTHETIC,RUN-AESTHETIC-4,Right,AESTHETIC,1360.0,2000-01-01T02:35:19.036Z,2000-01-01T02:35:20.588Z,vertical,,False
1282,294,P0294,319,3,C13,6127,2387,AESTHETIC,RUN-AESTHETIC-4,2579,BASE,,Right,BASE,997.0,2000-01-01T02:35:20.598Z,2000-01-01T02:35:21.788Z,vertical,,False
1283,294,P0294,319,3,A13,6127,2441,BASE,,2633,CONTROL,RUN-CONTROL-4,Left,BASE,1715.0,2000-01-01T02:35:21.797Z,2000-01-01T02:35:23.703Z,vertical,,False
1284,294,P0294,319,3,C14,6127,2581,BASE,,2773,CONTROL,RUN-CONTROL-4,Right,CONTROL,4597.0,2000-01-01T02:35:23.713Z,2000-01-01T02:35:28.495Z,vertical,,False
1285,294,P0294,319,3,B29,7,2724,CONTROL,RUN-CONTROL-4,2340,AESTHETIC,RUN-AESTHETIC-4,Right,AESTHETIC,2100.0,2000-01-01T02:35:28.505Z,2000-01-01T02:35:30.794Z,vertical,,False
1286,294,P0294,319,3,C14,85,2382,AESTHETIC,RUN-AESTHETIC-4,2766,CONTROL,RUN-CONTROL-4,Right,CONTROL,1922.0,2000-01-01T02:35:30.806Z,2000-01-01T02:35:32.924Z,vertical,,False
1287,294,P0294,319,3,B14,6127,2499,BASE,,2691,CONTROL,RUN-CONTROL-4,Right,CONTROL,2145.0,2000-01-01T02:35:32.934Z,2000-01-01T02:35:35.280Z,vertical,,False
1288,294,P0294,319,3,C10,6127,2565,BASE,,2757,CONTROL,RUN-CONTROL-4,Left,BASE,1558.0,2000-01-01T02:35:35.303Z,2000-01-01T02:35:37.052Z,vertical,,False
1289,294,P0294,319,3,B15,85,2686,CONTROL,RUN-CONTROL-4,2302,AESTHETIC,RUN-AESTHETIC-4,Right,AESTHETIC,2533.0,2000-01-01T02:35:37.062Z,2000-01-01T02:35:39.784Z,vertical,,False
1290,294,P0294,319,3,C19,6127,2791,CONTROL,RUN-CONTROL-4,2407,AESTHETIC,RUN-AESTHETIC-4,Left,CONTROL,1506.0,2000-01-01T02:35:39.795Z,2000-01-01T02:35:41.495Z,vertical,,False
1291,294,P0294,319,3,A08,25478,2619,CONTROL,RUN-CONTROL-4,2427,BASE,,Left,CONTROL,1328.0,2000-01-01T02:35:41.506Z,2000-01-01T02:35:43.028Z,vertical,,False
1292,294,P0294,319,3,B06,7,2484,BASE,,2676,CONTROL,RUN-CONTROL-4,Left,BASE,1122.0,2000-01-01T02:35:43.038Z,2000-01-01T02:35:44.353Z,vertical,,False
1293,294,P0294,319,3,C09,7,2756,CONTROL,RUN-CONTROL-4,2372,AESTHETIC,RUN-AESTHETIC-4,Right,AESTHETIC,1982.0,2000-01-01T02:35:44.368Z,2000-01-01T02:35:46.537Z,vertical,,False
1294,294,P0294,319,3,C01,6127,2533,BASE,,2341,AESTHETIC,RUN-AESTHETIC-4,Left,BASE,1660.0,2000-01-01T02:35:46.547Z,2000-01-01T02:35:48.402Z,vertical,,False
1295,294,P0294,319,3,C14,25478,2573,BASE,,2381,AESTHETIC,RUN-AESTHETIC-4,Right,AESTHETIC,1818.0,2000-01-01T02:35:48.412Z,2000-01-01T02:35:50.417Z,vertical,,False
1296,294,P0294,319,3,B15,7,2502,BASE,,2310,AESTHETIC,RUN-AESTHETIC-4,Left,BASE,1214.0,2000-01-01T02:35:50.427Z,2000-01-01T02:35:51.830Z,vertical,,False
1297,294,P0294,319,3,B26,85,2320,AESTHETIC,RUN-AESTHETIC-4,2512,BASE,,Right,BASE,2106.0,2000-01-01T02:35:51.841Z,2000-01-01T02:35:54.141Z,vertical,,False
1298,294,P0294,319,3,C06,85,2542,BASE,,2734,CONTROL,RUN-CONTROL-4,Right,CONTROL,3195.0,2000-01-01T02:35:54.152Z,2000-01-01T02:35:57.538Z,vertical,,False
1299,294,P0294,319,3,C16,25478,2385,AESTHETIC,RUN-AESTHETIC-4,2769,CONTROL,RUN-CONTROL-4,Right,CONTROL,965.0,2000-01-01T02:35:57.548Z,2000-01-01T02:35:58.704Z,vertical,,False
1300,294,P0294,319,3,B02,25478,2271,AESTHETIC,RUN-AESTHETIC-4,2463,BASE,,Left,AESTHETIC,1983.0,2000-01-01T02:35:58.714Z,2000-01-01T02:36:00.885Z,vertical,,False
1301,124,P0124,320,3,A27,85,2652,CONTROL,RUN-CONTROL-4,2268,AESTHETIC,RUN-AESTHETIC-4,Left,CONTROL,14132.0,2000-01-03T05:41:40.920Z,2000-01-03T05:41:55.354Z,vertical,,False
1302,124,P0124,320,3,B12,25478,2289,AESTHETIC,RUN-AESTHETIC-4,2481,BASE,,Right,BASE,2153.0,2000-01-03T05:41:55.364Z,2000-01-03T05:41:57.763Z,vertical,,False
1303,124,P0124,320,3,B02,85,2656,CONTROL,RUN-CONTROL-4,2464,BASE,,Right,BASE,2865.0,2000-01-03T05:41:57.773Z,2000-01-03T05:42:00.880Z,vertical,,False
1304,124,P0124,320,3,B02,25478,2655,CONTROL,RUN-CONTROL-4,2271,AESTHETIC,RUN-AESTHETIC-4,Right,AESTHETIC,3199.0,2000-01-03T05:42:00.895Z,2000-01-03T05:42:04.328Z,vertical,,False
1305,124,P0124,320,3,C11,85,2368,AESTHETIC,RUN-AESTHETIC-4,2560,BASE,,Right,BASE,2255.0,2000-01-03T05:42:04.340Z,2000-01-03T05:42:06.828Z,vertical,,False
1306,124,P0124,320,3,C16,25478,2385,AESTHETIC,RUN-AESTHETIC-4,2577,BASE,,Left,AESTHETIC,4583.0,2000-01-03T05:42:06.840Z,2000-01-03T05:42:11.705Z,vertical,,False
1307,124,P0124,320,3,A04,85,2416,BASE,,2608,CONTROL,RUN-CONTROL-4,Left,BASE,2171.0,2000-01-03T05:42:11.716Z,2000-01-03T05:42:14.134Z,vertical,,False
1308,124,P0124,320,3,B23,25478,2315,AESTHETIC,RUN-AESTHETIC-4,2507,BASE,,Right,BASE,2773.0,2000-01-03T05:42:14.143Z,2000-01-03T05:42:17.150Z,vertical,,False
1309,124,P0124,320,3,C15,6127,2775,CONTROL,RUN-CONTROL-4,2583,BASE,,Left,CONTROL,4145.0,2000-01-03T05:42:17.164Z,2000-01-03T05:42:21.549Z,vertical,,False
1310,124,P0124,320,3,C17,6127,2403,AESTHETIC,RUN-AESTHETIC-4,2787,CONTROL,RUN-CONTROL-4,Left,AESTHETIC,2101.0,2000-01-03T05:42:21.559Z,2000-01-03T05:42:23.888Z,vertical,,False
1311,124,P0124,320,3,C17,25478,2779,CONTROL,RUN-CONTROL-4,2395,AESTHETIC,RUN-AESTHETIC-4,Left,CONTROL,3987.0,2000-01-03T05:42:23.897Z,2000-01-03T05:42:28.114Z,vertical,,False
1312,124,P0124,320,3,C19,25478,2591,BASE,,2399,AESTHETIC,RUN-AESTHETIC-4,Left,BASE,1869.0,2000-01-03T05:42:28.124Z,2000-01-03T05:42:30.241Z,vertical,,False
1313,124,P0124,320,3,A08,7,2436,BASE,,2628,CONTROL,RUN-CONTROL-4,Left,BASE,1420.0,2000-01-03T05:42:30.254Z,2000-01-03T05:42:31.924Z,vertical,,False
1314,124,P0124,320,3,B29,25478,2715,CONTROL,RUN-CONTROL-4,2331,AESTHETIC,RUN-AESTHETIC-4,Right,AESTHETIC,2782.0,2000-01-03T05:42:31.934Z,2000-01-03T05:42:34.942Z,vertical,,False
1315,124,P0124,320,3,B06,85,2284,AESTHETIC,RUN-AESTHETIC-4,2668,CONTROL,RUN-CONTROL-4,Left,AESTHETIC,3602.0,2000-01-03T05:42:34.963Z,2000-01-03T05:42:38.786Z,vertical,,False
1316,124,P0124,320,3,C18,6127,2597,BASE,,2789,CONTROL,RUN-CONTROL-4,Left,BASE,2204.0,2000-01-03T05:42:38.797Z,2000-01-03T05:42:41.230Z,vertical,,False
1317,124,P0124,320,3,C08,7,2362,AESTHETIC,RUN-AESTHETIC-4,2746,CONTROL,RUN-CONTROL-4,Left,AESTHETIC,5577.0,2000-01-03T05:42:41.241Z,2000-01-03T05:42:47.046Z,vertical,,False
1318,124,P0124,320,3,B02,85,2272,AESTHETIC,RUN-AESTHETIC-4,2464,BASE,,Right,BASE,5493.0,2000-01-03T05:42:47.056Z,2000-01-03T05:42:52.793Z,vertical,,False
1319,124,P0124,320,3,C04,85,2722,CONTROL,RUN-CONTROL-4,2338,AESTHETIC,RUN-AESTHETIC-4,Right,AESTHETIC,2707.0,2000-01-03T05:42:52.811Z,2000-01-03T05:42:55.753Z,vertical,,False
1320,124,P0124,320,3,C10,7,2758,CONTROL,RUN-CONTROL-4,2374,AESTHETIC,RUN-AESTHETIC-4,Left,CONTROL,1734.0,2000-01-03T05:42:55.763Z,2000-01-03T05:42:57.733Z,vertical,,False
1321,124,P0124,320,3,A07,25478,2417,BASE,,2225,AESTHETIC,RUN-AESTHETIC-4,Left,BASE,2190.0,2000-01-03T05:42:57.744Z,2000-01-03T05:43:00.170Z,vertical,,False
1322,124,P0124,320,3,A27,6127,2275,AESTHETIC,RUN-AESTHETIC-4,2467,BASE,,Left,AESTHETIC,1652.0,2000-01-03T05:43:00.179Z,2000-01-03T05:43:02.068Z,vertical,,False
1323,124,P0124,320,3,C06,25478,2349,AESTHETIC,RUN-AESTHETIC-4,2733,CONTROL,RUN-CONTROL-4,Left,AESTHETIC,2069.0,2000-01-03T05:43:02.077Z,2000-01-03T05:43:04.383Z,vertical,,False
1324,124,P0124,320,3,C04,25478,2337,AESTHETIC,RUN-AESTHETIC-4,2721,CONTROL,RUN-CONTROL-4,Left,AESTHETIC,1898.0,2000-01-03T05:43:04.392Z,2000-01-03T05:43:06.516Z,vertical,,False
1325,124,P0124,320,3,B19,25478,2495,BASE,,2687,CONTROL,RUN-CONTROL-4,Left,BASE,2358.0,2000-01-03T05:43:06.525Z,2000-01-03T05:43:09.124Z,vertical,,False
1326,124,P0124,320,3,C05,25478,2347,AESTHETIC,RUN-AESTHETIC-4,2539,BASE,,Left,AESTHETIC,1421.0,2000-01-03T05:43:09.134Z,2000-01-03T05:43:10.785Z,vertical,,False
1327,124,P0124,320,3,B23,85,2700,CONTROL,RUN-CONTROL-4,2316,AESTHETIC,RUN-AESTHETIC-4,Left,CONTROL,2041.0,2000-01-03T05:43:10.797Z,2000-01-03T05:43:13.073Z,vertical,,False
1328,124,P0124,320,3,C01,85,2526,BASE,,2334,AESTHETIC,RUN-AESTHETIC-4,Left,BASE,1770.0,2000-01-03T05:43:13.085Z,2000-01-03T05:43:15.102Z,vertical,,False
1329,124,P0124,320,3,C14,85,2574,BASE,,2382,AESTHETIC,RUN-AESTHETIC-4,Left,BASE,1939.0,2000-01-03T05:43:15.112Z,2000-01-03T05:43:17.291Z,vertical,,False
1330,124,P0124,320,3,C16,7,2586,BASE,,2394,AESTHETIC,RUN-AESTHETIC-4,Left,BASE,1723.0,2000-01-03T05:43:17.300Z,2000-01-03T05:43:19.252Z,vertical,,False
1331,183,P0183,323,3,B29,7,2532,BASE,,2340,AESTHETIC,RUN-AESTHETIC-4,,,,2000-01-01T01:05:21.511Z,,,,False
1332,183,P0183,323,3,C02,6127,2343,AESTHETIC,RUN-AESTHETIC-4,2535,BASE,,,,,,,,,False
1333,183,P0183,323,3,C17,85,2588,BASE,,2780,CONTROL,RUN-CONTROL-4,,,,,,,,False
1334,183,P0183,323,3,B27,85,2322,AESTHETIC,RUN-AESTHETIC-4,2514,BASE,,,,,,,,,False
1335,183,P0183,323,3,C02,85,2336,AESTHETIC,RUN-AESTHETIC-4,2720,CONTROL,RUN-CONTROL-4,,,,,,,,False
1336,183,P0183,323,3,A27,6127,2275,AESTHETIC,RUN-AESTHETIC-4,2659,CONTROL,RUN-CONTROL-4,,,,,,,,False
1337,183,P0183,323,3,B06,6127,2675,CONTROL,RUN-CONTROL-4,2291,AESTHETIC,RUN-AESTHETIC-4,,,,,,,,False
1338,183,P0183,323,3,C13,7,2388,AESTHETIC,RUN-AESTHETIC-4,2580,BASE,,,,,,,,,False
1339,183,P0183,323,3,B06,6127,2675,CONTROL,RUN-CONTROL-4,2483,BASE,,,,,,,,,False
1340,183,P0183,323,3,C01,85,2718,CONTROL,RUN-CONTROL-4,2334,AESTHETIC,RUN-AESTHETIC-4,,,,,,,,False
1341,183,P0183,323,3,B12,7,2682,CONTROL,RUN-CONTROL-4,2298,AESTHETIC,RUN-AESTHETIC-4,,,,,,,,False
1342,183,P0183,323,3,C17,6127,2403,AESTHETIC,RUN-AESTHETIC-4,2595,BASE,,,,,,,,,False
1343,183,P0183,323,3,C04,25478,2529,BASE,,2337,AESTHETIC,RUN-AESTHETIC-4,,,,,,,,False
1344,183,P0183,323,3,B19,6127,2695,CONTROL,RUN-CONTROL-4,2311,AESTHETIC,RUN-AESTHETIC-4,,,,,,,,False
1345,183,P0183,323,3,C14,7,2774,CONTROL,RUN-CONTROL-4,2390,AESTHETIC,RUN-AESTHETIC-4,,,,,,,,False
1346,183,P0183,323,3,A07,7,2426,BASE,,2618,CONTROL,RUN-CONTROL-4,,,,,,,,False
1347,183,P0183,323,3,B12,7,2490,BASE,,2298,AESTHETIC,RUN-AESTHETIC-4,,,,,,,,False
1348,183,P0183,323,3,C04,6127,2537,BASE,,2729,CONTROL,RUN-CONTROL-4,,,,,,,,False
1349,183,P0183,323,3,C19,7,2408,AESTHETIC,RUN-AESTHETIC-4,2792,CONTROL,RUN-CONTROL-4,,,,,,,,False
1350,183,P0183,323,3,C09,25478,2555,BASE,,2747,CONTROL,RUN-CONTROL-4,,,,,,,,False
1351,183,P0183,323,3,A13,85,2434,BASE,,2242,AESTHETIC,RUN-AESTHETIC-4,,,,,,,,False
1352,183,P0183,323,3,B27,6127,2329,AESTHETIC,RUN-AESTHETIC-4,2713,CONTROL,RUN-CONTROL-4,,,,,,,,False
1353,183,P0183,323,3,B12,7,2490,BASE,,2682,CONTROL,RUN-CONTROL-4,,,,,,,,False
1354,183,P0183,323,3,B14,25478,2299,AESTHETIC,RUN-AESTHETIC-4,2683,CONTROL,RUN-CONTROL-4,,,,,,,,False
1355,183,P0183,323,3,C02,25478,2527,BASE,,2719,CONTROL,RUN-CONTROL-4,,,,,,,,False
1356,183,P0183,323,3,C11,25478,2367,AESTHETIC,RUN-AESTHETIC-4,2559,BASE,,,,,,,,,False
1357,183,P0183,323,3,B25,6127,2709,CONTROL,RUN-CONTROL-4,2325,AESTHETIC,RUN-AESTHETIC-4,,,,,,,,False
1358,183,P0183,323,3,A09,7,2246,AESTHETIC,RUN-AESTHETIC-4,2438,BASE,,,,,,,,,False
1359,183,P0183,323,3,C09,6127,2755,CONTROL,RUN-CONTROL-4,2563,BASE,,,,,,,,,False
1360,183,P0183,323,3,C06,85,2542,BASE,,2350,AESTHETIC,RUN-AESTHETIC-4,,,,,,,,False
1361,236,P0236,324,3,C09,7,2372,AESTHETIC,RUN-AESTHETIC-4,2564,BASE,,Right,BASE,7902.0,2000-01-03T08:04:51.185Z,2000-01-03T08:04:59.504Z,vertical,,False
1362,236,P0236,324,3,B20,7,2314,AESTHETIC,RUN-AESTHETIC-4,2506,BASE,,Right,BASE,2788.0,2000-01-03T08:04:59.515Z,2000-01-03T08:05:02.525Z,vertical,,False
1363,236,P0236,324,3,B26,6127,2711,CONTROL,RUN-CONTROL-4,2519,BASE,,Right,BASE,3767.0,2000-01-03T08:05:02.536Z,2000-01-03T08:05:06.513Z,vertical,,False
1364,236,P0236,324,3,C07,85,2352,AESTHETIC,RUN-AESTHETIC-4,2736,CONTROL,RUN-CONTROL-4,Left,AESTHETIC,4602.0,2000-01-03T08:05:06.529Z,2000-01-03T08:05:11.395Z,vertical,,False
1365,236,P0236,324,3,A08,85,2236,AESTHETIC,RUN-AESTHETIC-4,2620,CONTROL,RUN-CONTROL-4,Right,CONTROL,6477.0,2000-01-03T08:05:11.406Z,2000-01-03T08:05:18.088Z,vertical,,False
1366,236,P0236,324,3,B01,7,2278,AESTHETIC,RUN-AESTHETIC-4,2662,CONTROL,RUN-CONTROL-4,Tie,TIE,3887.0,2000-01-03T08:05:18.098Z,2000-01-03T08:05:22.208Z,vertical,,False
1367,236,P0236,324,3,A09,7,2438,BASE,,2630,CONTROL,RUN-CONTROL-4,Tie,TIE,1516.0,2000-01-03T08:05:22.219Z,2000-01-03T08:05:23.949Z,vertical,,False
1368,236,P0236,324,3,C04,7,2538,BASE,,2730,CONTROL,RUN-CONTROL-4,Right,CONTROL,2932.0,2000-01-03T08:05:23.960Z,2000-01-03T08:05:27.118Z,vertical,,False
1369,236,P0236,324,3,A04,6127,2615,CONTROL,RUN-CONTROL-4,2231,AESTHETIC,RUN-AESTHETIC-4,Tie,TIE,4291.0,2000-01-03T08:05:27.128Z,2000-01-03T08:05:31.727Z,vertical,,False
1370,236,P0236,324,3,C11,25478,2367,AESTHETIC,RUN-AESTHETIC-4,2751,CONTROL,RUN-CONTROL-4,Tie,TIE,2812.0,2000-01-03T08:05:31.738Z,2000-01-03T08:05:34.768Z,vertical,,False
1371,236,P0236,324,3,B06,7,2676,CONTROL,RUN-CONTROL-4,2292,AESTHETIC,RUN-AESTHETIC-4,Tie,TIE,2327.0,2000-01-03T08:05:34.779Z,2000-01-03T08:05:37.321Z,vertical,,False
1372,236,P0236,324,3,C02,6127,2535,BASE,,2727,CONTROL,RUN-CONTROL-4,Right,CONTROL,3821.0,2000-01-03T08:05:37.332Z,2000-01-03T08:05:41.372Z,vertical,,False
1373,236,P0236,324,3,B26,25478,2703,CONTROL,RUN-CONTROL-4,2511,BASE,,Left,CONTROL,2892.0,2000-01-03T08:05:41.382Z,2000-01-03T08:05:44.490Z,vertical,,False
1374,236,P0236,324,3,B27,6127,2521,BASE,,2713,CONTROL,RUN-CONTROL-4,Right,CONTROL,5124.0,2000-01-03T08:05:44.500Z,2000-01-03T08:05:49.845Z,vertical,,False
1375,236,P0236,324,3,B27,25478,2705,CONTROL,RUN-CONTROL-4,2321,AESTHETIC,RUN-AESTHETIC-4,Left,CONTROL,2086.0,2000-01-03T08:05:49.856Z,2000-01-03T08:05:52.164Z,vertical,,False
1376,236,P0236,324,3,B27,7,2714,CONTROL,RUN-CONTROL-4,2330,AESTHETIC,RUN-AESTHETIC-4,Right,AESTHETIC,9059.0,2000-01-03T08:05:52.174Z,2000-01-03T08:06:01.458Z,vertical,,False
1377,236,P0236,324,3,C04,25478,2721,CONTROL,RUN-CONTROL-4,2529,BASE,,Right,BASE,2616.0,2000-01-03T08:06:01.468Z,2000-01-03T08:06:04.312Z,vertical,,False
1378,236,P0236,324,3,C17,25478,2395,AESTHETIC,RUN-AESTHETIC-4,2587,BASE,,Tie,TIE,3692.0,2000-01-03T08:06:04.323Z,2000-01-03T08:06:08.241Z,vertical,,False
1379,236,P0236,324,3,C16,7,2586,BASE,,2778,CONTROL,RUN-CONTROL-4,Right,CONTROL,2485.0,2000-01-03T08:06:08.252Z,2000-01-03T08:06:10.963Z,vertical,,False
1380,236,P0236,324,3,A07,25478,2609,CONTROL,RUN-CONTROL-4,2417,BASE,,Tie,TIE,1734.0,2000-01-03T08:06:10.974Z,2000-01-03T08:06:12.920Z,vertical,,False
1381,236,P0236,324,3,C20,25478,2785,CONTROL,RUN-CONTROL-4,2593,BASE,,Right,BASE,3854.0,2000-01-03T08:06:12.930Z,2000-01-03T08:06:16.996Z,vertical,,False
1382,236,P0236,324,3,B14,25478,2491,BASE,,2683,CONTROL,RUN-CONTROL-4,Tie,TIE,2382.0,2000-01-03T08:06:17.006Z,2000-01-03T08:06:19.608Z,vertical,,False
1383,236,P0236,324,3,A01,6127,2227,AESTHETIC,RUN-AESTHETIC-4,2611,CONTROL,RUN-CONTROL-4,Right,CONTROL,3399.0,2000-01-03T08:06:19.618Z,2000-01-03T08:06:23.239Z,vertical,,False
1384,236,P0236,324,3,A01,7,2228,AESTHETIC,RUN-AESTHETIC-4,2420,BASE,,Right,BASE,4352.0,2000-01-03T08:06:23.249Z,2000-01-03T08:06:27.808Z,vertical,,False
1385,236,P0236,324,3,C08,25478,2353,AESTHETIC,RUN-AESTHETIC-4,2545,BASE,,Right,BASE,2200.0,2000-01-03T08:06:27.817Z,2000-01-03T08:06:30.238Z,vertical,,False
1386,236,P0236,324,3,B20,85,2306,AESTHETIC,RUN-AESTHETIC-4,2498,BASE,,Tie,TIE,1301.0,2000-01-03T08:06:30.248Z,2000-01-03T08:06:31.762Z,vertical,,False
1387,236,P0236,324,3,A22,25478,2637,CONTROL,RUN-CONTROL-4,2253,AESTHETIC,RUN-AESTHETIC-4,Right,AESTHETIC,6486.0,2000-01-03T08:06:31.771Z,2000-01-03T08:06:38.481Z,vertical,,False
1388,236,P0236,324,3,C16,7,2394,AESTHETIC,RUN-AESTHETIC-4,2778,CONTROL,RUN-CONTROL-4,Right,CONTROL,4429.0,2000-01-03T08:06:38.491Z,2000-01-03T08:06:43.128Z,vertical,,False
1389,236,P0236,324,3,B25,6127,2517,BASE,,2709,CONTROL,RUN-CONTROL-4,Tie,TIE,1691.0,2000-01-03T08:06:43.139Z,2000-01-03T08:06:45.035Z,vertical,,False
1390,236,P0236,324,3,C05,6127,2355,AESTHETIC,RUN-AESTHETIC-4,2739,CONTROL,RUN-CONTROL-4,Left,AESTHETIC,3085.0,2000-01-03T08:06:45.051Z,2000-01-03T08:06:48.365Z,vertical,,False
1391,77,P0077,325,3,C15,7,2392,AESTHETIC,RUN-AESTHETIC-4,2776,CONTROL,RUN-CONTROL-4,Right,CONTROL,4798.0,2000-01-01T00:00:04.562Z,2000-01-01T00:00:09.636Z,vertical,,False
1392,77,P0077,325,3,C15,85,2384,AESTHETIC,RUN-AESTHETIC-4,2576,BASE,,Right,BASE,3882.0,2000-01-01T00:00:09.848Z,2000-01-01T00:00:14.097Z,vertical,,False
1393,77,P0077,325,3,C16,85,2386,AESTHETIC,RUN-AESTHETIC-4,2770,CONTROL,RUN-CONTROL-4,Left,AESTHETIC,2749.0,2000-01-01T00:00:14.108Z,2000-01-01T00:00:17.267Z,vertical,,False
1394,77,P0077,325,3,A07,6127,2617,CONTROL,RUN-CONTROL-4,2233,AESTHETIC,RUN-AESTHETIC-4,Right,AESTHETIC,2696.0,2000-01-01T00:00:17.279Z,2000-01-01T00:00:20.392Z,vertical,,False
1395,77,P0077,325,3,C18,7,2406,AESTHETIC,RUN-AESTHETIC-4,2790,CONTROL,RUN-CONTROL-4,Left,AESTHETIC,2106.0,2000-01-01T00:00:20.403Z,2000-01-01T00:00:22.868Z,vertical,,False
1396,77,P0077,325,3,B08,7,2678,CONTROL,RUN-CONTROL-4,2486,BASE,,Right,BASE,2350.0,2000-01-01T00:00:22.879Z,2000-01-01T00:00:25.571Z,vertical,,False
1397,77,P0077,325,3,A25,85,2256,AESTHETIC,RUN-AESTHETIC-4,2448,BASE,,Left,AESTHETIC,1906.0,2000-01-01T00:00:25.580Z,2000-01-01T00:00:27.748Z,vertical,,False
1398,77,P0077,325,3,B25,25478,2509,BASE,,2317,AESTHETIC,RUN-AESTHETIC-4,Right,AESTHETIC,1747.0,2000-01-01T00:00:27.758Z,2000-01-01T00:00:29.768Z,vertical,,False
1399,77,P0077,325,3,B15,7,2694,CONTROL,RUN-CONTROL-4,2502,BASE,,Left,CONTROL,2718.0,2000-01-01T00:00:29.778Z,2000-01-01T00:00:32.909Z,vertical,,False
1400,77,P0077,325,3,B26,6127,2327,AESTHETIC,RUN-AESTHETIC-4,2519,BASE,,Right,BASE,1398.0,2000-01-01T00:00:32.920Z,2000-01-01T00:00:34.648Z,vertical,,False
1401,77,P0077,325,3,C09,6127,2371,AESTHETIC,RUN-AESTHETIC-4,2755,CONTROL,RUN-CONTROL-4,Left,AESTHETIC,3502.0,2000-01-01T00:00:34.660Z,2000-01-01T00:00:38.715Z,vertical,,False
1402,77,P0077,325,3,B20,25478,2497,BASE,,2689,CONTROL,RUN-CONTROL-4,Left,BASE,1578.0,2000-01-01T00:00:38.728Z,2000-01-01T00:00:40.672Z,vertical,,False
1403,77,P0077,325,3,C09,7,2564,BASE,,2756,CONTROL,RUN-CONTROL-4,Left,BASE,2678.0,2000-01-01T00:00:40.682Z,2000-01-01T00:00:43.809Z,vertical,,False
1404,77,P0077,325,3,B01,7,2662,CONTROL,RUN-CONTROL-4,2470,BASE,,Left,CONTROL,1551.0,2000-01-01T00:00:43.819Z,2000-01-01T00:00:45.642Z,vertical,,False
1405,77,P0077,325,3,B19,85,2688,CONTROL,RUN-CONTROL-4,2496,BASE,,Left,CONTROL,3702.0,2000-01-01T00:00:45.653Z,2000-01-01T00:00:49.761Z,vertical,,False
1406,77,P0077,325,3,A09,25478,2429,BASE,,2237,AESTHETIC,RUN-AESTHETIC-4,Right,AESTHETIC,1105.0,2000-01-01T00:00:49.771Z,2000-01-01T00:00:51.258Z,vertical,,False
1407,77,P0077,325,3,C13,7,2772,CONTROL,RUN-CONTROL-4,2580,BASE,,Right,BASE,1701.0,2000-01-01T00:00:51.269Z,2000-01-01T00:00:53.393Z,vertical,,False
1408,77,P0077,325,3,B08,7,2486,BASE,,2294,AESTHETIC,RUN-AESTHETIC-4,Left,BASE,2205.0,2000-01-01T00:00:53.405Z,2000-01-01T00:00:56.589Z,vertical,,False
1409,77,P0077,325,3,C05,85,2348,AESTHETIC,RUN-AESTHETIC-4,2732,CONTROL,RUN-CONTROL-4,Right,CONTROL,3712.0,2000-01-01T00:00:56.600Z,2000-01-01T00:01:00.735Z,vertical,,False
1410,77,P0077,325,3,C10,6127,2565,BASE,,2373,AESTHETIC,RUN-AESTHETIC-4,Right,AESTHETIC,1099.0,2000-01-01T00:01:00.746Z,2000-01-01T00:01:02.222Z,vertical,,False
1411,77,P0077,325,3,A09,25478,2621,CONTROL,RUN-CONTROL-4,2237,AESTHETIC,RUN-AESTHETIC-4,Right,AESTHETIC,1200.0,2000-01-01T00:01:02.242Z,2000-01-01T00:01:03.743Z,vertical,,False
1412,77,P0077,325,3,B19,6127,2695,CONTROL,RUN-CONTROL-4,2503,BASE,,Left,CONTROL,1729.0,2000-01-01T00:01:03.753Z,2000-01-01T00:01:05.905Z,vertical,,False
1413,77,P0077,325,3,A13,7,2250,AESTHETIC,RUN-AESTHETIC-4,2442,BASE,,Left,AESTHETIC,1343.0,2000-01-01T00:01:05.918Z,2000-01-01T00:01:07.682Z,vertical,,False
1414,77,P0077,325,3,A09,6127,2629,CONTROL,RUN-CONTROL-4,2437,BASE,,Right,BASE,1089.0,2000-01-01T00:01:07.699Z,2000-01-01T00:01:09.160Z,vertical,,False
1415,77,P0077,325,3,B15,25478,2493,BASE,,2301,AESTHETIC,RUN-AESTHETIC-4,Right,AESTHETIC,2105.0,2000-01-01T00:01:09.171Z,2000-01-01T00:01:11.613Z,vertical,,False
1416,77,P0077,325,3,A08,85,2620,CONTROL,RUN-CONTROL-4,2428,BASE,,Right,BASE,1496.0,2000-01-01T00:01:11.625Z,2000-01-01T00:01:13.434Z,vertical,,False
1417,77,P0077,325,3,B14,25478,2299,AESTHETIC,RUN-AESTHETIC-4,2491,BASE,,Left,AESTHETIC,2573.0,2000-01-01T00:01:13.445Z,2000-01-01T00:01:16.382Z,vertical,,False
1418,77,P0077,325,3,C18,25478,2781,CONTROL,RUN-CONTROL-4,2589,BASE,,Left,CONTROL,1235.0,2000-01-01T00:01:16.394Z,2000-01-01T00:01:18.006Z,vertical,,False
1419,77,P0077,325,3,C13,6127,2771,CONTROL,RUN-CONTROL-4,2387,AESTHETIC,RUN-AESTHETIC-4,Right,AESTHETIC,1007.0,2000-01-01T00:01:18.022Z,2000-01-01T00:01:19.511Z,vertical,,False
1420,77,P0077,325,3,B09,25478,2671,CONTROL,RUN-CONTROL-4,2479,BASE,,Left,CONTROL,1356.0,2000-01-01T00:01:19.521Z,2000-01-01T00:01:21.310Z,vertical,,False
1421,244,P0244,328,3,B26,85,2704,CONTROL,RUN-CONTROL-4,2320,AESTHETIC,RUN-AESTHETIC-4,Right,AESTHETIC,4472.0,2000-01-01T00:01:39.793Z,2000-01-01T00:01:44.940Z,vertical,,False
1422,244,P0244,328,3,C12,7,2570,BASE,,2378,AESTHETIC,RUN-AESTHETIC-4,Left,BASE,2661.0,2000-01-01T00:01:44.949Z,2000-01-01T00:01:47.899Z,vertical,,False
1423,244,P0244,328,3,A09,25478,2621,CONTROL,RUN-CONTROL-4,2429,BASE,,Left,CONTROL,2203.0,2000-01-01T00:01:47.912Z,2000-01-01T00:01:50.474Z,vertical,,False
1424,244,P0244,328,3,B09,25478,2479,BASE,,2287,AESTHETIC,RUN-AESTHETIC-4,Right,AESTHETIC,1258.0,2000-01-01T00:01:50.484Z,2000-01-01T00:01:52.058Z,vertical,,False
1425,244,P0244,328,3,C11,6127,2759,CONTROL,RUN-CONTROL-4,2375,AESTHETIC,RUN-AESTHETIC-4,Right,AESTHETIC,3840.0,2000-01-01T00:01:52.068Z,2000-01-01T00:01:56.187Z,vertical,,False
1426,244,P0244,328,3,C04,7,2730,CONTROL,RUN-CONTROL-4,2346,AESTHETIC,RUN-AESTHETIC-4,Right,AESTHETIC,1660.0,2000-01-01T00:01:56.197Z,2000-01-01T00:01:58.130Z,vertical,,False
1427,244,P0244,328,3,B02,6127,2663,CONTROL,RUN-CONTROL-4,2279,AESTHETIC,RUN-AESTHETIC-4,Right,AESTHETIC,2691.0,2000-01-01T00:01:58.140Z,2000-01-01T00:02:01.097Z,vertical,,False
1428,244,P0244,328,3,A01,6127,2419,BASE,,2227,AESTHETIC,RUN-AESTHETIC-4,Left,BASE,1729.0,2000-01-01T00:02:01.109Z,2000-01-01T00:02:03.133Z,vertical,,False
1429,244,P0244,328,3,C12,6127,2569,BASE,,2761,CONTROL,RUN-CONTROL-4,Left,BASE,3618.0,2000-01-01T00:02:03.143Z,2000-01-01T00:02:07.058Z,vertical,,False
1430,244,P0244,328,3,C05,25478,2539,BASE,,2731,CONTROL,RUN-CONTROL-4,Left,BASE,1455.0,2000-01-01T00:02:07.068Z,2000-01-01T00:02:08.818Z,vertical,,False
1431,244,P0244,328,3,C14,6127,2581,BASE,,2389,AESTHETIC,RUN-AESTHETIC-4,Right,AESTHETIC,4275.0,2000-01-01T00:02:08.827Z,2000-01-01T00:02:13.373Z,vertical,,False
1432,244,P0244,328,3,B23,25478,2699,CONTROL,RUN-CONTROL-4,2315,AESTHETIC,RUN-AESTHETIC-4,Left,CONTROL,1539.0,2000-01-01T00:02:13.383Z,2000-01-01T00:02:15.252Z,vertical,,False
1433,244,P0244,328,3,B04,7,2474,BASE,,2282,AESTHETIC,RUN-AESTHETIC-4,Right,AESTHETIC,1414.0,2000-01-01T00:02:15.261Z,2000-01-01T00:02:16.933Z,vertical,,False
1434,244,P0244,328,3,A01,7,2612,CONTROL,RUN-CONTROL-4,2228,AESTHETIC,RUN-AESTHETIC-4,Left,CONTROL,1708.0,2000-01-01T00:02:16.944Z,2000-01-01T00:02:18.917Z,vertical,,False
1435,244,P0244,328,3,C11,85,2752,CONTROL,RUN-CONTROL-4,2560,BASE,,Right,BASE,1096.0,2000-01-01T00:02:18.929Z,2000-01-01T00:02:20.278Z,vertical,,False
1436,244,P0244,328,3,C13,7,2388,AESTHETIC,RUN-AESTHETIC-4,2772,CONTROL,RUN-CONTROL-4,Left,AESTHETIC,1246.0,2000-01-01T00:02:20.287Z,2000-01-01T00:02:21.827Z,vertical,,False
1437,244,P0244,328,3,A13,7,2634,CONTROL,RUN-CONTROL-4,2250,AESTHETIC,RUN-AESTHETIC-4,Left,CONTROL,1399.0,2000-01-01T00:02:21.845Z,2000-01-01T00:02:23.532Z,vertical,,False
1438,244,P0244,328,3,B29,25478,2523,BASE,,2715,CONTROL,RUN-CONTROL-4,Left,BASE,2761.0,2000-01-01T00:02:23.545Z,2000-01-01T00:02:26.578Z,vertical,,False
1439,244,P0244,328,3,A25,25478,2255,AESTHETIC,RUN-AESTHETIC-4,2639,CONTROL,RUN-CONTROL-4,Left,AESTHETIC,1384.0,2000-01-01T00:02:26.590Z,2000-01-01T00:02:28.258Z,vertical,,False
1440,244,P0244,328,3,B12,25478,2289,AESTHETIC,RUN-AESTHETIC-4,2673,CONTROL,RUN-CONTROL-4,Left,AESTHETIC,1021.0,2000-01-01T00:02:28.268Z,2000-01-01T00:02:29.581Z,vertical,,False
1441,244,P0244,328,3,B20,25478,2305,AESTHETIC,RUN-AESTHETIC-4,2689,CONTROL,RUN-CONTROL-4,Left,AESTHETIC,1371.0,2000-01-01T00:02:29.592Z,2000-01-01T00:02:31.258Z,vertical,,False
1442,244,P0244,328,3,B23,85,2508,BASE,,2316,AESTHETIC,RUN-AESTHETIC-4,Right,AESTHETIC,2040.0,2000-01-01T00:02:31.268Z,2000-01-01T00:02:33.578Z,vertical,,False
1443,244,P0244,328,3,B25,25478,2701,CONTROL,RUN-CONTROL-4,2509,BASE,,Right,BASE,1338.0,2000-01-01T00:02:33.588Z,2000-01-01T00:02:35.210Z,vertical,,False
1444,244,P0244,328,3,A26,6127,2649,CONTROL,RUN-CONTROL-4,2265,AESTHETIC,RUN-AESTHETIC-4,Left,CONTROL,1699.0,2000-01-01T00:02:35.220Z,2000-01-01T00:02:37.177Z,vertical,,False
1445,244,P0244,328,3,A07,7,2618,CONTROL,RUN-CONTROL-4,2234,AESTHETIC,RUN-AESTHETIC-4,Left,CONTROL,1417.0,2000-01-01T00:02:37.187Z,2000-01-01T00:02:38.892Z,vertical,,False
1446,244,P0244,328,3,C09,25478,2363,AESTHETIC,RUN-AESTHETIC-4,2747,CONTROL,RUN-CONTROL-4,Left,AESTHETIC,1188.0,2000-01-01T00:02:38.902Z,2000-01-01T00:02:40.377Z,vertical,,False
1447,244,P0244,328,3,B15,85,2302,AESTHETIC,RUN-AESTHETIC-4,2494,BASE,,Left,AESTHETIC,1137.0,2000-01-01T00:02:40.387Z,2000-01-01T00:02:41.810Z,vertical,,False
1448,244,P0244,328,3,C08,7,2554,BASE,,2362,AESTHETIC,RUN-AESTHETIC-4,Left,BASE,905.0,2000-01-01T00:02:41.820Z,2000-01-01T00:02:43.011Z,vertical,,False
1449,244,P0244,328,3,B19,25478,2495,BASE,,2303,AESTHETIC,RUN-AESTHETIC-4,Left,BASE,1838.0,2000-01-01T00:02:43.023Z,2000-01-01T00:02:45.137Z,vertical,,False
1450,244,P0244,328,3,A22,6127,2645,CONTROL,RUN-CONTROL-4,2261,AESTHETIC,RUN-AESTHETIC-4,Left,CONTROL,1719.0,2000-01-01T00:02:45.146Z,2000-01-01T00:02:47.131Z,vertical,,False
1451,297,P0297,329,3,A22,25478,2445,BASE,,2253,AESTHETIC,RUN-AESTHETIC-4,Left,BASE,18464.0,2000-01-01T00:00:06.134Z,2000-01-01T00:00:24.743Z,vertical,,False
1452,297,P0297,329,3,C19,6127,2599,BASE,,2791,CONTROL,RUN-CONTROL-4,Right,CONTROL,22807.0,2000-01-01T00:00:24.753Z,2000-01-01T00:00:47.756Z,vertical,,False
1453,297,P0297,329,3,A09,7,2246,AESTHETIC,RUN-AESTHETIC-4,2630,CONTROL,RUN-CONTROL-4,Right,CONTROL,8052.0,2000-01-01T00:00:47.768Z,2000-01-01T00:00:56.009Z,vertical,,False
1454,297,P0297,329,3,A13,6127,2249,AESTHETIC,RUN-AESTHETIC-4,2633,CONTROL,RUN-CONTROL-4,Right,CONTROL,5780.0,2000-01-01T00:00:56.019Z,2000-01-01T00:01:01.993Z,vertical,,False
1455,297,P0297,329,3,B23,85,2508,BASE,,2700,CONTROL,RUN-CONTROL-4,Left,BASE,4066.0,2000-01-01T00:01:02.003Z,2000-01-01T00:01:06.260Z,vertical,,False
1456,297,P0297,329,3,C02,85,2720,CONTROL,RUN-CONTROL-4,2528,BASE,,Right,BASE,5687.0,2000-01-01T00:01:06.270Z,2000-01-01T00:01:12.146Z,vertical,,False
1457,297,P0297,329,3,A27,7,2468,BASE,,2660,CONTROL,RUN-CONTROL-4,Right,CONTROL,2797.0,2000-01-01T00:01:12.157Z,2000-01-01T00:01:15.145Z,vertical,,False
1458,297,P0297,329,3,C01,6127,2533,BASE,,2725,CONTROL,RUN-CONTROL-4,Left,BASE,2318.0,2000-01-01T00:01:15.155Z,2000-01-01T00:01:17.663Z,vertical,,False
1459,297,P0297,329,3,A26,25478,2257,AESTHETIC,RUN-AESTHETIC-4,2641,CONTROL,RUN-CONTROL-4,Right,CONTROL,9536.0,2000-01-01T00:01:17.673Z,2000-01-01T00:01:27.393Z,vertical,,False
1460,297,P0297,329,3,B26,7,2520,BASE,,2712,CONTROL,RUN-CONTROL-4,Left,BASE,4724.0,2000-01-01T00:01:27.402Z,2000-01-01T00:01:32.311Z,vertical,,False
1461,297,P0297,329,3,A02,25478,2221,AESTHETIC,RUN-AESTHETIC-4,2413,BASE,,Right,BASE,1867.0,2000-01-01T00:01:32.323Z,2000-01-01T00:01:34.382Z,vertical,,False
1462,297,P0297,329,3,C15,25478,2383,AESTHETIC,RUN-AESTHETIC-4,2767,CONTROL,RUN-CONTROL-4,Left,AESTHETIC,3107.0,2000-01-01T00:01:34.392Z,2000-01-01T00:01:37.697Z,vertical,,False
1463,297,P0297,329,3,B12,6127,2297,AESTHETIC,RUN-AESTHETIC-4,2681,CONTROL,RUN-CONTROL-4,Left,AESTHETIC,14175.0,2000-01-01T00:01:37.707Z,2000-01-01T00:01:52.068Z,vertical,,False
1464,297,P0297,329,3,C18,85,2590,BASE,,2782,CONTROL,RUN-CONTROL-4,Left,BASE,9386.0,2000-01-01T00:01:52.079Z,2000-01-01T00:02:01.656Z,vertical,,False
1465,297,P0297,329,3,A25,25478,2447,BASE,,2255,AESTHETIC,RUN-AESTHETIC-4,Right,AESTHETIC,9346.0,2000-01-01T00:02:01.668Z,2000-01-01T00:02:11.208Z,vertical,,False
1466,297,P0297,329,3,C15,6127,2583,BASE,,2391,AESTHETIC,RUN-AESTHETIC-4,Left,BASE,2097.0,2000-01-01T00:02:11.217Z,2000-01-01T00:02:13.503Z,vertical,,False
1467,297,P0297,329,3,B20,7,2506,BASE,,2698,CONTROL,RUN-CONTROL-4,Right,CONTROL,4806.0,2000-01-01T00:02:13.514Z,2000-01-01T00:02:18.511Z,vertical,,False
1468,297,P0297,329,3,C01,25478,2525,BASE,,2717,CONTROL,RUN-CONTROL-4,Left,BASE,2829.0,2000-01-01T00:02:18.522Z,2000-01-01T00:02:21.550Z,vertical,,False
1469,297,P0297,329,3,B20,85,2690,CONTROL,RUN-CONTROL-4,2498,BASE,,Left,CONTROL,1805.0,2000-01-01T00:02:21.560Z,2000-01-01T00:02:23.559Z,vertical,,False
1470,297,P0297,329,3,A25,6127,2647,CONTROL,RUN-CONTROL-4,2263,AESTHETIC,RUN-AESTHETIC-4,Right,AESTHETIC,5295.0,2000-01-01T00:02:23.572Z,2000-01-01T00:02:29.063Z,vertical,,False
1471,297,P0297,329,3,B14,85,2492,BASE,,2684,CONTROL,RUN-CONTROL-4,Tie,TIE,2097.0,2000-01-01T00:02:29.074Z,2000-01-01T00:02:31.358Z,vertical,,False
1472,297,P0297,329,3,C18,6127,2405,AESTHETIC,RUN-AESTHETIC-4,2789,CONTROL,RUN-CONTROL-4,Left,AESTHETIC,2417.0,2000-01-01T00:02:31.369Z,2000-01-01T00:02:33.976Z,vertical,,False
1473,297,P0297,329,3,B20,6127,2313,AESTHETIC,RUN-AESTHETIC-4,2697,CONTROL,RUN-CONTROL-4,Left,AESTHETIC,3551.0,2000-01-01T00:02:33.986Z,2000-01-01T00:02:37.728Z,vertical,,False
1474,297,P0297,329,3,B01,7,2470,BASE,,2278,AESTHETIC,RUN-AESTHETIC-4,Left,BASE,3354.0,2000-01-01T00:02:37.738Z,2000-01-01T00:02:41.281Z,vertical,,False
1475,297,P0297,329,3,C19,7,2600,BASE,,2408,AESTHETIC,RUN-AESTHETIC-4,Right,AESTHETIC,2483.0,2000-01-01T00:02:41.291Z,2000-01-01T00:02:43.963Z,vertical,,False
1476,297,P0297,329,3,C17,7,2596,BASE,,2788,CONTROL,RUN-CONTROL-4,Left,BASE,2390.0,2000-01-01T00:02:43.973Z,2000-01-01T00:02:46.579Z,vertical,,False
1477,297,P0297,329,3,C07,6127,2551,BASE,,2743,CONTROL,RUN-CONTROL-4,Tie,TIE,3805.0,2000-01-01T00:02:46.589Z,2000-01-01T00:02:50.583Z,vertical,,False
1478,297,P0297,329,3,C15,6127,2391,AESTHETIC,RUN-AESTHETIC-4,2775,CONTROL,RUN-CONTROL-4,Right,CONTROL,3228.0,2000-01-01T00:02:50.596Z,2000-01-01T00:02:54.016Z,vertical,,False
1479,297,P0297,329,3,C01,6127,2725,CONTROL,RUN-CONTROL-4,2341,AESTHETIC,RUN-AESTHETIC-4,Right,AESTHETIC,2559.0,2000-01-01T00:02:54.028Z,2000-01-01T00:02:56.782Z,vertical,,False
1480,297,P0297,329,3,C14,6127,2773,CONTROL,RUN-CONTROL-4,2389,AESTHETIC,RUN-AESTHETIC-4,Right,AESTHETIC,2420.0,2000-01-01T00:02:56.792Z,2000-01-01T00:02:59.399Z,vertical,,False
1481,136,P0136,331,3,B06,6127,2291,AESTHETIC,RUN-AESTHETIC-4,2483,BASE,,Left,AESTHETIC,9231.0,2000-01-04T00:46:14.049Z,2000-01-04T00:46:23.664Z,vertical,,False
1482,136,P0136,331,3,B19,6127,2503,BASE,,2311,AESTHETIC,RUN-AESTHETIC-4,Left,BASE,2773.0,2000-01-04T00:46:23.673Z,2000-01-04T00:46:26.843Z,vertical,,False
1483,136,P0136,331,3,C17,25478,2587,BASE,,2779,CONTROL,RUN-CONTROL-4,Left,BASE,5604.0,2000-01-04T00:46:26.852Z,2000-01-04T00:46:32.743Z,vertical,,False
1484,136,P0136,331,3,B06,7,2292,AESTHETIC,RUN-AESTHETIC-4,2484,BASE,,Left,AESTHETIC,3236.0,2000-01-04T00:46:32.755Z,2000-01-04T00:46:36.324Z,vertical,,False
1485,136,P0136,331,3,A11,7,2632,CONTROL,RUN-CONTROL-4,2440,BASE,,Left,CONTROL,1687.0,2000-01-04T00:46:36.334Z,2000-01-04T00:46:38.354Z,vertical,,False
1486,136,P0136,331,3,A04,25478,2415,BASE,,2223,AESTHETIC,RUN-AESTHETIC-4,Left,BASE,2900.0,2000-01-04T00:46:38.363Z,2000-01-04T00:46:41.522Z,vertical,,False
1487,136,P0136,331,3,A08,7,2436,BASE,,2244,AESTHETIC,RUN-AESTHETIC-4,Left,BASE,2800.0,2000-01-04T00:46:41.532Z,2000-01-04T00:46:44.596Z,vertical,,False
1488,136,P0136,331,3,B01,25478,2269,AESTHETIC,RUN-AESTHETIC-4,2461,BASE,,Left,AESTHETIC,5635.0,2000-01-04T00:46:44.606Z,2000-01-04T00:46:50.514Z,vertical,,False
1489,136,P0136,331,3,B15,25478,2493,BASE,,2685,CONTROL,RUN-CONTROL-4,Right,CONTROL,4110.0,2000-01-04T00:46:50.524Z,2000-01-04T00:46:54.933Z,vertical,,False
1490,136,P0136,331,3,A11,25478,2239,AESTHETIC,RUN-AESTHETIC-4,2431,BASE,,Right,BASE,3620.0,2000-01-04T00:46:54.943Z,2000-01-04T00:46:58.945Z,vertical,,False
1491,136,P0136,331,3,C14,7,2774,CONTROL,RUN-CONTROL-4,2582,BASE,,Right,BASE,3585.0,2000-01-04T00:46:58.955Z,2000-01-04T00:47:02.894Z,vertical,,False
1492,136,P0136,331,3,C11,7,2376,AESTHETIC,RUN-AESTHETIC-4,2568,BASE,,Right,BASE,8904.0,2000-01-04T00:47:02.904Z,2000-01-04T00:47:12.112Z,vertical,,False
1493,136,P0136,331,3,C07,85,2544,BASE,,2352,AESTHETIC,RUN-AESTHETIC-4,Left,BASE,2033.0,2000-01-04T00:47:12.123Z,2000-01-04T00:47:14.493Z,vertical,,False
1494,136,P0136,331,3,C08,6127,2553,BASE,,2745,CONTROL,RUN-CONTROL-4,Left,BASE,5391.0,2000-01-04T00:47:14.503Z,2000-01-04T00:47:20.162Z,vertical,,False
1495,136,P0136,331,3,A22,85,2446,BASE,,2254,AESTHETIC,RUN-AESTHETIC-4,Left,BASE,5868.0,2000-01-04T00:47:20.172Z,2000-01-04T00:47:26.365Z,vertical,,False
1496,136,P0136,331,3,C17,85,2396,AESTHETIC,RUN-AESTHETIC-4,2780,CONTROL,RUN-CONTROL-4,Right,CONTROL,3476.0,2000-01-04T00:47:26.376Z,2000-01-04T00:47:30.109Z,vertical,,False
1497,136,P0136,331,3,C12,7,2378,AESTHETIC,RUN-AESTHETIC-4,2762,CONTROL,RUN-CONTROL-4,Left,AESTHETIC,5336.0,2000-01-04T00:47:30.119Z,2000-01-04T00:47:35.804Z,vertical,,False
1498,136,P0136,331,3,C10,7,2566,BASE,,2374,AESTHETIC,RUN-AESTHETIC-4,Right,AESTHETIC,5575.0,2000-01-04T00:47:35.815Z,2000-01-04T00:47:41.644Z,vertical,,False
1499,136,P0136,331,3,B01,6127,2277,AESTHETIC,RUN-AESTHETIC-4,2469,BASE,,Left,AESTHETIC,3020.0,2000-01-04T00:47:41.656Z,2000-01-04T00:47:45.024Z,vertical,,False
1500,136,P0136,331,3,A27,25478,2651,CONTROL,RUN-CONTROL-4,2267,AESTHETIC,RUN-AESTHETIC-4,Tie,TIE,8109.0,2000-01-04T00:47:45.034Z,2000-01-04T00:47:53.420Z,vertical,,False
1501,136,P0136,331,3,C11,6127,2375,AESTHETIC,RUN-AESTHETIC-4,2567,BASE,,Left,AESTHETIC,7164.0,2000-01-04T00:47:53.430Z,2000-01-04T00:48:00.855Z,vertical,,False
1502,136,P0136,331,3,C05,85,2348,AESTHETIC,RUN-AESTHETIC-4,2540,BASE,,Right,BASE,4457.0,2000-01-04T00:48:00.866Z,2000-01-04T00:48:05.631Z,vertical,,False
1503,136,P0136,331,3,C18,7,2598,BASE,,2406,AESTHETIC,RUN-AESTHETIC-4,Right,AESTHETIC,3812.0,2000-01-04T00:48:05.641Z,2000-01-04T00:48:09.774Z,vertical,,False
1504,136,P0136,331,3,C04,6127,2729,CONTROL,RUN-CONTROL-4,2345,AESTHETIC,RUN-AESTHETIC-4,Left,CONTROL,2034.0,2000-01-04T00:48:09.784Z,2000-01-04T00:48:12.122Z,vertical,,False
1505,136,P0136,331,3,B09,6127,2487,BASE,,2679,CONTROL,RUN-CONTROL-4,Left,BASE,1827.0,2000-01-04T00:48:12.132Z,2000-01-04T00:48:14.274Z,vertical,,False
1506,136,P0136,331,3,B12,6127,2681,CONTROL,RUN-CONTROL-4,2489,BASE,,Left,CONTROL,2379.0,2000-01-04T00:48:14.285Z,2000-01-04T00:48:16.961Z,vertical,,False
1507,136,P0136,331,3,A22,85,2638,CONTROL,RUN-CONTROL-4,2254,AESTHETIC,RUN-AESTHETIC-4,Left,CONTROL,1643.0,2000-01-04T00:48:16.970Z,2000-01-04T00:48:18.881Z,vertical,,False
1508,136,P0136,331,3,B25,25478,2317,AESTHETIC,RUN-AESTHETIC-4,2701,CONTROL,RUN-CONTROL-4,Right,CONTROL,1929.0,2000-01-04T00:48:18.892Z,2000-01-04T00:48:21.314Z,vertical,,False
1509,136,P0136,331,3,B14,6127,2499,BASE,,2307,AESTHETIC,RUN-AESTHETIC-4,Right,AESTHETIC,4695.0,2000-01-04T00:48:21.324Z,2000-01-04T00:48:26.334Z,vertical,,False
1510,136,P0136,331,3,C12,6127,2569,BASE,,2377,AESTHETIC,RUN-AESTHETIC-4,Left,BASE,5602.0,2000-01-04T00:48:26.344Z,2000-01-04T00:48:32.263Z,vertical,,False
1511,106,P0106,334,3,B19,85,2496,BASE,,2304,AESTHETIC,RUN-AESTHETIC-4,Left,BASE,7819.0,2000-01-01T00:00:20.439Z,2000-01-01T00:00:28.755Z,vertical,,False
1512,106,P0106,334,3,B27,25478,2513,BASE,,2321,AESTHETIC,RUN-AESTHETIC-4,Right,AESTHETIC,4357.0,2000-01-01T00:00:28.767Z,2000-01-01T00:00:33.449Z,vertical,,False
1513,106,P0106,334,3,C17,85,2588,BASE,,2396,AESTHETIC,RUN-AESTHETIC-4,Right,AESTHETIC,3362.0,2000-01-01T00:00:33.462Z,2000-01-01T00:00:37.163Z,vertical,,False
1514,106,P0106,334,3,A09,6127,2629,CONTROL,RUN-CONTROL-4,2245,AESTHETIC,RUN-AESTHETIC-4,Left,CONTROL,3767.0,2000-01-01T00:00:37.174Z,2000-01-01T00:00:41.297Z,vertical,,False
1515,106,P0106,334,3,C20,7,2794,CONTROL,RUN-CONTROL-4,2410,AESTHETIC,RUN-AESTHETIC-4,Right,AESTHETIC,2842.0,2000-01-01T00:00:41.305Z,2000-01-01T00:00:44.445Z,vertical,,False
1516,106,P0106,334,3,B29,7,2532,BASE,,2724,CONTROL,RUN-CONTROL-4,Right,CONTROL,3331.0,2000-01-01T00:00:44.459Z,2000-01-01T00:00:48.087Z,vertical,,False
1517,106,P0106,334,3,A22,6127,2453,BASE,,2261,AESTHETIC,RUN-AESTHETIC-4,Left,BASE,2867.0,2000-01-01T00:00:48.098Z,2000-01-01T00:00:51.283Z,vertical,,False
1518,106,P0106,334,3,C02,25478,2527,BASE,,2335,AESTHETIC,RUN-AESTHETIC-4,Left,BASE,4426.0,2000-01-01T00:00:51.294Z,2000-01-01T00:00:56.050Z,vertical,,False
1519,106,P0106,334,3,A04,6127,2615,CONTROL,RUN-CONTROL-4,2423,BASE,,Right,BASE,6958.0,2000-01-01T00:00:56.061Z,2000-01-01T00:01:03.342Z,vertical,,False
1520,106,P0106,334,3,B02,6127,2471,BASE,,2663,CONTROL,RUN-CONTROL-4,Left,BASE,2867.0,2000-01-01T00:01:03.364Z,2000-01-01T00:01:06.603Z,vertical,,False
1521,106,P0106,334,3,C15,25478,2383,AESTHETIC,RUN-AESTHETIC-4,2575,BASE,,Left,AESTHETIC,4100.0,2000-01-01T00:01:06.615Z,2000-01-01T00:01:11.021Z,vertical,,False
1522,106,P0106,334,3,A26,7,2650,CONTROL,RUN-CONTROL-4,2458,BASE,,Right,BASE,3832.0,2000-01-01T00:01:11.032Z,2000-01-01T00:01:15.179Z,vertical,,False
1523,106,P0106,334,3,C16,6127,2393,AESTHETIC,RUN-AESTHETIC-4,2585,BASE,,Left,AESTHETIC,3348.0,2000-01-01T00:01:15.195Z,2000-01-01T00:01:18.859Z,vertical,,False
1524,106,P0106,334,3,B23,7,2516,BASE,,2324,AESTHETIC,RUN-AESTHETIC-4,Right,AESTHETIC,2529.0,2000-01-01T00:01:18.868Z,2000-01-01T00:01:21.706Z,vertical,,False
1525,106,P0106,334,3,A27,7,2276,AESTHETIC,RUN-AESTHETIC-4,2660,CONTROL,RUN-CONTROL-4,Left,AESTHETIC,2253.0,2000-01-01T00:01:21.716Z,2000-01-01T00:01:24.284Z,vertical,,False
1526,106,P0106,334,3,C04,85,2530,BASE,,2722,CONTROL,RUN-CONTROL-4,Right,CONTROL,1822.0,2000-01-01T00:01:24.295Z,2000-01-01T00:01:26.422Z,vertical,,False
1527,106,P0106,334,3,B14,7,2308,AESTHETIC,RUN-AESTHETIC-4,2692,CONTROL,RUN-CONTROL-4,Left,AESTHETIC,4667.0,2000-01-01T00:01:26.433Z,2000-01-01T00:01:31.410Z,vertical,,False
1528,106,P0106,334,3,B19,7,2504,BASE,,2312,AESTHETIC,RUN-AESTHETIC-4,Right,AESTHETIC,3154.0,2000-01-01T00:01:31.421Z,2000-01-01T00:01:34.883Z,vertical,,False
1529,106,P0106,334,3,C18,25478,2589,BASE,,2397,AESTHETIC,RUN-AESTHETIC-4,Left,BASE,2703.0,2000-01-01T00:01:34.893Z,2000-01-01T00:01:37.886Z,vertical,,False
1530,106,P0106,334,3,C19,25478,2399,AESTHETIC,RUN-AESTHETIC-4,2783,CONTROL,RUN-CONTROL-4,Left,AESTHETIC,2801.0,2000-01-01T00:01:37.896Z,2000-01-01T00:01:40.997Z,vertical,,False
1531,106,P0106,334,3,B23,6127,2707,CONTROL,RUN-CONTROL-4,2515,BASE,,Left,CONTROL,1973.0,2000-01-01T00:01:41.007Z,2000-01-01T00:01:43.284Z,vertical,,False
1532,106,P0106,334,3,A07,6127,2233,AESTHETIC,RUN-AESTHETIC-4,2425,BASE,,Right,BASE,1976.0,2000-01-01T00:01:43.294Z,2000-01-01T00:01:45.597Z,vertical,,False
1533,106,P0106,334,3,B04,25478,2465,BASE,,2657,CONTROL,RUN-CONTROL-4,Right,CONTROL,2015.0,2000-01-01T00:01:45.607Z,2000-01-01T00:01:47.917Z,vertical,,False
1534,106,P0106,334,3,B06,85,2284,AESTHETIC,RUN-AESTHETIC-4,2476,BASE,,Left,AESTHETIC,4812.0,2000-01-01T00:01:47.926Z,2000-01-01T00:01:53.042Z,vertical,,False
1535,106,P0106,334,3,C11,7,2376,AESTHETIC,RUN-AESTHETIC-4,2760,CONTROL,RUN-CONTROL-4,Left,AESTHETIC,2429.0,2000-01-01T00:01:53.052Z,2000-01-01T00:01:55.763Z,vertical,,False
1536,106,P0106,334,3,C12,85,2754,CONTROL,RUN-CONTROL-4,2562,BASE,,Right,BASE,1805.0,2000-01-01T00:01:55.774Z,2000-01-01T00:01:57.882Z,vertical,,False
1537,106,P0106,334,3,A25,7,2456,BASE,,2648,CONTROL,RUN-CONTROL-4,Left,BASE,4896.0,2000-01-01T00:01:57.895Z,2000-01-01T00:02:03.197Z,vertical,,False
1538,106,P0106,334,3,A08,25478,2427,BASE,,2235,AESTHETIC,RUN-AESTHETIC-4,Right,AESTHETIC,2405.0,2000-01-01T00:02:03.206Z,2000-01-01T00:02:05.922Z,vertical,,False
1539,106,P0106,334,3,C20,25478,2593,BASE,,2401,AESTHETIC,RUN-AESTHETIC-4,Right,AESTHETIC,1563.0,2000-01-01T00:02:05.933Z,2000-01-01T00:02:07.843Z,vertical,,False
1540,106,P0106,334,3,A22,25478,2445,BASE,,2637,CONTROL,RUN-CONTROL-4,Left,BASE,1406.0,2000-01-01T00:02:07.858Z,2000-01-01T00:02:09.602Z,vertical,,False
1541,224,P0224,335,3,A22,7,2646,CONTROL,RUN-CONTROL-4,2262,AESTHETIC,RUN-AESTHETIC-4,Right,AESTHETIC,5046.0,2000-01-01T00:04:12.971Z,2000-01-01T00:04:18.619Z,vertical,,False
1542,224,P0224,335,3,B27,7,2330,AESTHETIC,RUN-AESTHETIC-4,2522,BASE,,Left,AESTHETIC,9416.0,2000-01-01T00:04:18.629Z,2000-01-01T00:04:28.307Z,vertical,,False
1543,224,P0224,335,3,C17,7,2404,AESTHETIC,RUN-AESTHETIC-4,2596,BASE,,Left,AESTHETIC,5744.0,2000-01-01T00:04:28.318Z,2000-01-01T00:04:34.303Z,vertical,,False
1544,224,P0224,335,3,C17,6127,2595,BASE,,2787,CONTROL,RUN-CONTROL-4,Left,BASE,3789.0,2000-01-01T00:04:34.313Z,2000-01-01T00:04:38.363Z,vertical,,False
1545,224,P0224,335,3,C04,7,2346,AESTHETIC,RUN-AESTHETIC-4,2538,BASE,,Left,AESTHETIC,3727.0,2000-01-01T00:04:38.373Z,2000-01-01T00:04:42.344Z,vertical,,False
1546,224,P0224,335,3,A11,85,2624,CONTROL,RUN-CONTROL-4,2432,BASE,,Right,BASE,3897.0,2000-01-01T00:04:42.354Z,2000-01-01T00:04:46.513Z,vertical,,False
1547,224,P0224,335,3,C05,7,2356,AESTHETIC,RUN-AESTHETIC-4,2740,CONTROL,RUN-CONTROL-4,Left,AESTHETIC,10923.0,2000-01-01T00:04:46.523Z,2000-01-01T00:04:59.347Z,vertical,,False
1548,224,P0224,335,3,A13,6127,2441,BASE,,2249,AESTHETIC,RUN-AESTHETIC-4,Right,AESTHETIC,3828.0,2000-01-01T00:04:59.360Z,2000-01-01T00:05:03.518Z,vertical,,False
1549,224,P0224,335,3,B14,85,2300,AESTHETIC,RUN-AESTHETIC-4,2492,BASE,,Left,AESTHETIC,5227.0,2000-01-01T00:05:03.530Z,2000-01-01T00:05:09.014Z,vertical,,False
1550,224,P0224,335,3,C15,85,2576,BASE,,2768,CONTROL,RUN-CONTROL-4,Left,BASE,3124.0,2000-01-01T00:05:09.023Z,2000-01-01T00:05:12.393Z,vertical,,False
1551,224,P0224,335,3,B09,25478,2287,AESTHETIC,RUN-AESTHETIC-4,2671,CONTROL,RUN-CONTROL-4,Right,CONTROL,2803.0,2000-01-01T00:05:12.424Z,2000-01-01T00:05:15.502Z,vertical,,False
1552,224,P0224,335,3,A11,25478,2431,BASE,,2623,CONTROL,RUN-CONTROL-4,Left,BASE,2176.0,2000-01-01T00:05:15.512Z,2000-01-01T00:05:17.943Z,vertical,,False
1553,224,P0224,335,3,A11,85,2624,CONTROL,RUN-CONTROL-4,2240,AESTHETIC,RUN-AESTHETIC-4,Right,AESTHETIC,1999.0,2000-01-01T00:05:17.953Z,2000-01-01T00:05:20.198Z,vertical,,False
1554,224,P0224,335,3,B02,85,2656,CONTROL,RUN-CONTROL-4,2272,AESTHETIC,RUN-AESTHETIC-4,Left,CONTROL,2859.0,2000-01-01T00:05:20.208Z,2000-01-01T00:05:23.313Z,vertical,,False
1555,224,P0224,335,3,A15,25478,2443,BASE,,2635,CONTROL,RUN-CONTROL-4,Right,CONTROL,2441.0,2000-01-01T00:05:23.325Z,2000-01-01T00:05:26.434Z,vertical,,False
1556,224,P0224,335,3,B27,85,2514,BASE,,2706,CONTROL,RUN-CONTROL-4,Left,BASE,1456.0,2000-01-01T00:05:26.445Z,2000-01-01T00:05:28.155Z,vertical,,False
1557,224,P0224,335,3,C16,85,2770,CONTROL,RUN-CONTROL-4,2578,BASE,,Right,BASE,2969.0,2000-01-01T00:05:28.165Z,2000-01-01T00:05:31.424Z,vertical,,False
1558,224,P0224,335,3,C16,6127,2585,BASE,,2777,CONTROL,RUN-CONTROL-4,Left,BASE,2328.0,2000-01-01T00:05:31.434Z,2000-01-01T00:05:34.015Z,vertical,,False
1559,224,P0224,335,3,A26,25478,2449,BASE,,2257,AESTHETIC,RUN-AESTHETIC-4,Right,AESTHETIC,4947.0,2000-01-01T00:05:34.024Z,2000-01-01T00:05:39.229Z,vertical,,False
1560,224,P0224,335,3,B01,85,2270,AESTHETIC,RUN-AESTHETIC-4,2462,BASE,,Left,AESTHETIC,1188.0,2000-01-01T00:05:39.239Z,2000-01-01T00:05:40.679Z,vertical,,False
1561,224,P0224,335,3,B04,25478,2273,AESTHETIC,RUN-AESTHETIC-4,2657,CONTROL,RUN-CONTROL-4,Right,CONTROL,2164.0,2000-01-01T00:05:40.690Z,2000-01-01T00:05:43.106Z,vertical,,False
1562,224,P0224,335,3,A07,25478,2609,CONTROL,RUN-CONTROL-4,2225,AESTHETIC,RUN-AESTHETIC-4,Left,CONTROL,1703.0,2000-01-01T00:05:43.116Z,2000-01-01T00:05:45.072Z,vertical,,False
1563,224,P0224,335,3,B26,85,2704,CONTROL,RUN-CONTROL-4,2512,BASE,,Right,BASE,1877.0,2000-01-01T00:05:45.082Z,2000-01-01T00:05:47.205Z,vertical,,False
1564,224,P0224,335,3,A15,25478,2251,AESTHETIC,RUN-AESTHETIC-4,2635,CONTROL,RUN-CONTROL-4,Left,AESTHETIC,1529.0,2000-01-01T00:05:47.215Z,2000-01-01T00:05:48.992Z,vertical,,False
1565,224,P0224,335,3,B09,6127,2487,BASE,,2295,AESTHETIC,RUN-AESTHETIC-4,Right,AESTHETIC,4938.0,2000-01-01T00:05:49.004Z,2000-01-01T00:05:54.187Z,vertical,,False
1566,224,P0224,335,3,B26,25478,2319,AESTHETIC,RUN-AESTHETIC-4,2511,BASE,,Right,BASE,14213.0,2000-01-01T00:05:54.197Z,2000-01-01T00:06:08.661Z,vertical,,False
1567,224,P0224,335,3,B26,7,2328,AESTHETIC,RUN-AESTHETIC-4,2712,CONTROL,RUN-CONTROL-4,Left,AESTHETIC,4483.0,2000-01-01T00:06:08.672Z,2000-01-01T00:06:13.405Z,vertical,,False
1568,224,P0224,335,3,C06,25478,2541,BASE,,2733,CONTROL,RUN-CONTROL-4,Right,CONTROL,2770.0,2000-01-01T00:06:13.415Z,2000-01-01T00:06:16.432Z,vertical,,False
1569,224,P0224,335,3,C04,6127,2537,BASE,,2345,AESTHETIC,RUN-AESTHETIC-4,Left,BASE,3868.0,2000-01-01T00:06:16.442Z,2000-01-01T00:06:20.568Z,vertical,,False
1570,224,P0224,335,3,C11,7,2760,CONTROL,RUN-CONTROL-4,2568,BASE,,Right,BASE,5419.0,2000-01-01T00:06:20.580Z,2000-01-01T00:06:26.252Z,vertical,,False
1571,76,P0076,338,3,C19,85,2592,BASE,,2784,CONTROL,RUN-CONTROL-4,Right,CONTROL,14998.0,2000-01-01T00:02:09.641Z,2000-01-01T00:02:25.147Z,vertical,,False
1572,76,P0076,338,3,C18,85,2398,AESTHETIC,RUN-AESTHETIC-4,2782,CONTROL,RUN-CONTROL-4,Right,CONTROL,6627.0,2000-01-01T00:02:25.157Z,2000-01-01T00:02:32.008Z,vertical,,False
1573,76,P0076,338,3,A08,6127,2243,AESTHETIC,RUN-AESTHETIC-4,2627,CONTROL,RUN-CONTROL-4,Left,AESTHETIC,2784.0,2000-01-01T00:02:32.021Z,2000-01-01T00:02:35.045Z,vertical,,False
1574,76,P0076,338,3,C20,6127,2601,BASE,,2793,CONTROL,RUN-CONTROL-4,Left,BASE,1964.0,2000-01-01T00:02:35.055Z,2000-01-01T00:02:37.234Z,vertical,,False
1575,76,P0076,338,3,C08,25478,2737,CONTROL,RUN-CONTROL-4,2353,AESTHETIC,RUN-AESTHETIC-4,Right,AESTHETIC,3460.0,2000-01-01T00:02:37.244Z,2000-01-01T00:02:40.922Z,vertical,,False
1576,76,P0076,338,3,B19,7,2696,CONTROL,RUN-CONTROL-4,2312,AESTHETIC,RUN-AESTHETIC-4,Right,AESTHETIC,6856.0,2000-01-01T00:02:40.933Z,2000-01-01T00:02:48.006Z,vertical,,False
1577,76,P0076,338,3,C12,85,2370,AESTHETIC,RUN-AESTHETIC-4,2754,CONTROL,RUN-CONTROL-4,Left,AESTHETIC,2357.0,2000-01-01T00:02:48.016Z,2000-01-01T00:02:50.590Z,vertical,,False
1578,76,P0076,338,3,C11,6127,2759,CONTROL,RUN-CONTROL-4,2567,BASE,,Right,BASE,5824.0,2000-01-01T00:02:50.602Z,2000-01-01T00:02:56.719Z,vertical,,False
1579,76,P0076,338,3,B04,85,2658,CONTROL,RUN-CONTROL-4,2274,AESTHETIC,RUN-AESTHETIC-4,Left,CONTROL,4323.0,2000-01-01T00:02:56.729Z,2000-01-01T00:03:01.314Z,vertical,,False
1580,76,P0076,338,3,C05,6127,2355,AESTHETIC,RUN-AESTHETIC-4,2547,BASE,,Right,BASE,2431.0,2000-01-01T00:03:01.326Z,2000-01-01T00:03:03.976Z,vertical,,False
1581,76,P0076,338,3,B06,85,2476,BASE,,2668,CONTROL,RUN-CONTROL-4,Left,BASE,8756.0,2000-01-01T00:03:03.987Z,2000-01-01T00:03:12.985Z,vertical,,False
1582,76,P0076,338,3,B02,6127,2471,BASE,,2279,AESTHETIC,RUN-AESTHETIC-4,Right,AESTHETIC,12256.0,2000-01-01T00:03:12.997Z,2000-01-01T00:03:25.480Z,vertical,,False
1583,76,P0076,338,3,A25,7,2456,BASE,,2264,AESTHETIC,RUN-AESTHETIC-4,Left,BASE,10507.0,2000-01-01T00:03:25.490Z,2000-01-01T00:03:36.216Z,vertical,,False
1584,76,P0076,338,3,C01,85,2718,CONTROL,RUN-CONTROL-4,2334,AESTHETIC,RUN-AESTHETIC-4,Right,AESTHETIC,6126.0,2000-01-01T00:03:36.227Z,2000-01-01T00:03:42.569Z,vertical,,False
1585,76,P0076,338,3,B27,7,2522,BASE,,2714,CONTROL,RUN-CONTROL-4,Left,BASE,4336.0,2000-01-01T00:03:42.682Z,2000-01-01T00:03:47.303Z,vertical,,False
1586,76,P0076,338,3,A02,25478,2413,BASE,,2605,CONTROL,RUN-CONTROL-4,Left,BASE,10634.0,2000-01-01T00:03:47.314Z,2000-01-01T00:03:58.214Z,vertical,,False
1587,76,P0076,338,3,B04,7,2474,BASE,,2666,CONTROL,RUN-CONTROL-4,Right,CONTROL,5034.0,2000-01-01T00:03:58.226Z,2000-01-01T00:04:03.668Z,vertical,,False
1588,76,P0076,338,3,C20,7,2410,AESTHETIC,RUN-AESTHETIC-4,2602,BASE,,Left,AESTHETIC,2845.0,2000-01-01T00:04:03.677Z,2000-01-01T00:04:06.795Z,vertical,,False
1589,76,P0076,338,3,A27,7,2468,BASE,,2276,AESTHETIC,RUN-AESTHETIC-4,Left,BASE,3474.0,2000-01-01T00:04:06.806Z,2000-01-01T00:04:10.488Z,vertical,,False
1590,76,P0076,338,3,A02,7,2614,CONTROL,RUN-CONTROL-4,2230,AESTHETIC,RUN-AESTHETIC-4,Right,AESTHETIC,2192.0,2000-01-01T00:04:10.498Z,2000-01-01T00:04:12.901Z,vertical,,False
1591,76,P0076,338,3,C16,7,2586,BASE,,2394,AESTHETIC,RUN-AESTHETIC-4,Left,BASE,2861.0,2000-01-01T00:04:12.911Z,2000-01-01T00:04:15.988Z,vertical,,False
1592,76,P0076,338,3,A27,6127,2467,BASE,,2659,CONTROL,RUN-CONTROL-4,Left,BASE,3370.0,2000-01-01T00:04:16.027Z,2000-01-01T00:04:19.617Z,vertical,,False
1593,76,P0076,338,3,B20,7,2506,BASE,,2698,CONTROL,RUN-CONTROL-4,Left,BASE,6128.0,2000-01-01T00:04:19.637Z,2000-01-01T00:04:25.983Z,vertical,,False
1594,76,P0076,338,3,B20,6127,2505,BASE,,2313,AESTHETIC,RUN-AESTHETIC-4,Left,BASE,2955.0,2000-01-01T00:04:25.994Z,2000-01-01T00:04:29.162Z,vertical,,False
1595,76,P0076,338,3,A01,7,2612,CONTROL,RUN-CONTROL-4,2228,AESTHETIC,RUN-AESTHETIC-4,Left,CONTROL,6446.0,2000-01-01T00:04:29.173Z,2000-01-01T00:04:35.837Z,vertical,,False
1596,76,P0076,338,3,B15,6127,2309,AESTHETIC,RUN-AESTHETIC-4,2693,CONTROL,RUN-CONTROL-4,Right,CONTROL,5669.0,2000-01-01T00:04:35.860Z,2000-01-01T00:04:41.745Z,vertical,,False
1597,76,P0076,338,3,C08,6127,2361,AESTHETIC,RUN-AESTHETIC-4,2553,BASE,,Right,BASE,2019.0,2000-01-01T00:04:41.754Z,2000-01-01T00:04:44.021Z,vertical,,False
1598,76,P0076,338,3,A02,25478,2221,AESTHETIC,RUN-AESTHETIC-4,2605,CONTROL,RUN-CONTROL-4,Left,AESTHETIC,4135.0,2000-01-01T00:04:44.032Z,2000-01-01T00:04:48.383Z,vertical,,False
1599,76,P0076,338,3,A04,7,2616,CONTROL,RUN-CONTROL-4,2424,BASE,,Right,BASE,9766.0,2000-01-01T00:04:48.393Z,2000-01-01T00:04:58.398Z,vertical,,False
1600,76,P0076,338,3,C07,6127,2359,AESTHETIC,RUN-AESTHETIC-4,2743,CONTROL,RUN-CONTROL-4,Left,AESTHETIC,1626.0,2000-01-01T00:04:58.408Z,2000-01-01T00:05:00.274Z,vertical,,False
1601,196,P0196,340,3,B01,85,2462,BASE,,2270,AESTHETIC,RUN-AESTHETIC-4,Left,BASE,5637.0,2000-01-04T00:34:08.559Z,2000-01-04T00:34:14.733Z,vertical,,False
1602,196,P0196,340,3,C04,85,2722,CONTROL,RUN-CONTROL-4,2530,BASE,,Right,BASE,4543.0,2000-01-04T00:34:14.753Z,2000-01-04T00:34:19.533Z,vertical,,False
1603,196,P0196,340,3,A22,7,2646,CONTROL,RUN-CONTROL-4,2262,AESTHETIC,RUN-AESTHETIC-4,Right,AESTHETIC,10124.0,2000-01-04T00:34:19.542Z,2000-01-04T00:34:29.902Z,vertical,,False
1604,196,P0196,340,3,B14,25478,2491,BASE,,2683,CONTROL,RUN-CONTROL-4,Left,BASE,3060.0,2000-01-04T00:34:29.911Z,2000-01-04T00:34:33.209Z,vertical,,False
1605,196,P0196,340,3,C15,85,2768,CONTROL,RUN-CONTROL-4,2384,AESTHETIC,RUN-AESTHETIC-4,Left,CONTROL,3494.0,2000-01-04T00:34:33.221Z,2000-01-04T00:34:36.944Z,vertical,,False
1606,196,P0196,340,3,B19,85,2496,BASE,,2304,AESTHETIC,RUN-AESTHETIC-4,Right,AESTHETIC,2051.0,2000-01-04T00:34:36.956Z,2000-01-04T00:34:39.245Z,vertical,,False
1607,196,P0196,340,3,C12,25478,2753,CONTROL,RUN-CONTROL-4,2561,BASE,,Right,BASE,1824.0,2000-01-04T00:34:39.255Z,2000-01-04T00:34:41.311Z,vertical,,False
1608,196,P0196,340,3,B23,6127,2323,AESTHETIC,RUN-AESTHETIC-4,2707,CONTROL,RUN-CONTROL-4,Left,AESTHETIC,3577.0,2000-01-04T00:34:41.321Z,2000-01-04T00:34:45.255Z,vertical,,False
1609,196,P0196,340,3,C01,25478,2525,BASE,,2717,CONTROL,RUN-CONTROL-4,Right,CONTROL,2019.0,2000-01-04T00:34:45.267Z,2000-01-04T00:34:47.556Z,vertical,,False
1610,196,P0196,340,3,B01,6127,2277,AESTHETIC,RUN-AESTHETIC-4,2469,BASE,,Left,AESTHETIC,2545.0,2000-01-04T00:34:47.566Z,2000-01-04T00:34:50.348Z,vertical,,False
1611,196,P0196,340,3,B12,25478,2289,AESTHETIC,RUN-AESTHETIC-4,2481,BASE,,Right,BASE,3727.0,2000-01-04T00:34:50.358Z,2000-01-04T00:34:54.327Z,vertical,,False
1612,196,P0196,340,3,C17,85,2396,AESTHETIC,RUN-AESTHETIC-4,2780,CONTROL,RUN-CONTROL-4,Left,AESTHETIC,3604.0,2000-01-04T00:34:54.337Z,2000-01-04T00:34:58.172Z,vertical,,False
1613,196,P0196,340,3,C18,7,2406,AESTHETIC,RUN-AESTHETIC-4,2598,BASE,,Right,BASE,2359.0,2000-01-04T00:34:58.182Z,2000-01-04T00:35:00.778Z,vertical,,False
1614,196,P0196,340,3,B15,85,2302,AESTHETIC,RUN-AESTHETIC-4,2686,CONTROL,RUN-CONTROL-4,Left,AESTHETIC,1610.0,2000-01-04T00:35:00.789Z,2000-01-04T00:35:02.638Z,vertical,,False
1615,196,P0196,340,3,B29,7,2532,BASE,,2724,CONTROL,RUN-CONTROL-4,Left,BASE,6874.0,2000-01-04T00:35:02.649Z,2000-01-04T00:35:09.759Z,vertical,,False
1616,196,P0196,340,3,C13,6127,2387,AESTHETIC,RUN-AESTHETIC-4,2579,BASE,,Right,BASE,1388.0,2000-01-04T00:35:09.772Z,2000-01-04T00:35:11.394Z,vertical,,False
1617,196,P0196,340,3,C08,7,2746,CONTROL,RUN-CONTROL-4,2554,BASE,,Right,BASE,2164.0,2000-01-04T00:35:11.407Z,2000-01-04T00:35:13.806Z,vertical,,False
1618,196,P0196,340,3,A22,85,2638,CONTROL,RUN-CONTROL-4,2446,BASE,,Left,CONTROL,2391.0,2000-01-04T00:35:13.817Z,2000-01-04T00:35:16.448Z,vertical,,False
1619,196,P0196,340,3,C14,85,2382,AESTHETIC,RUN-AESTHETIC-4,2574,BASE,,Left,AESTHETIC,3275.0,2000-01-04T00:35:16.461Z,2000-01-04T00:35:19.974Z,vertical,,False
1620,196,P0196,340,3,C12,6127,2377,AESTHETIC,RUN-AESTHETIC-4,2761,CONTROL,RUN-CONTROL-4,Right,CONTROL,1692.0,2000-01-04T00:35:19.985Z,2000-01-04T00:35:21.916Z,vertical,,False
1621,196,P0196,340,3,C01,25478,2717,CONTROL,RUN-CONTROL-4,2333,AESTHETIC,RUN-AESTHETIC-4,Right,AESTHETIC,1903.0,2000-01-04T00:35:21.928Z,2000-01-04T00:35:24.073Z,vertical,,False
1622,196,P0196,340,3,C09,7,2564,BASE,,2372,AESTHETIC,RUN-AESTHETIC-4,Left,BASE,1855.0,2000-01-04T00:35:24.083Z,2000-01-04T00:35:26.171Z,vertical,,False
1623,196,P0196,340,3,A09,6127,2437,BASE,,2629,CONTROL,RUN-CONTROL-4,Left,BASE,2266.0,2000-01-04T00:35:26.183Z,2000-01-04T00:35:28.698Z,vertical,,False
1624,196,P0196,340,3,A13,7,2442,BASE,,2250,AESTHETIC,RUN-AESTHETIC-4,Left,BASE,2424.0,2000-01-04T00:35:28.710Z,2000-01-04T00:35:31.379Z,vertical,,False
1625,196,P0196,340,3,C19,6127,2791,CONTROL,RUN-CONTROL-4,2599,BASE,,Right,BASE,1576.0,2000-01-04T00:35:31.390Z,2000-01-04T00:35:33.201Z,vertical,,False
1626,196,P0196,340,3,B04,85,2274,AESTHETIC,RUN-AESTHETIC-4,2466,BASE,,Left,AESTHETIC,2007.0,2000-01-04T00:35:33.213Z,2000-01-04T00:35:35.457Z,vertical,,False
1627,196,P0196,340,3,B23,25478,2315,AESTHETIC,RUN-AESTHETIC-4,2507,BASE,,Left,AESTHETIC,1202.0,2000-01-04T00:35:35.468Z,2000-01-04T00:35:36.912Z,vertical,,False
1628,196,P0196,340,3,C16,6127,2393,AESTHETIC,RUN-AESTHETIC-4,2777,CONTROL,RUN-CONTROL-4,Left,AESTHETIC,1494.0,2000-01-04T00:35:36.922Z,2000-01-04T00:35:38.649Z,vertical,,False
1629,196,P0196,340,3,C18,85,2590,BASE,,2398,AESTHETIC,RUN-AESTHETIC-4,Left,BASE,2209.0,2000-01-04T00:35:38.661Z,2000-01-04T00:35:41.123Z,vertical,,False
1630,196,P0196,340,3,A22,7,2454,BASE,,2646,CONTROL,RUN-CONTROL-4,Right,CONTROL,2002.0,2000-01-04T00:35:41.161Z,2000-01-04T00:35:43.403Z,vertical,,False
1631,299,P0299,341,3,B26,25478,2703,CONTROL,RUN-CONTROL-4,2511,BASE,,Left,CONTROL,6024.0,2000-01-01T00:00:17.021Z,2000-01-01T00:00:23.306Z,vertical,,False
1632,299,P0299,341,3,C11,7,2760,CONTROL,RUN-CONTROL-4,2376,AESTHETIC,RUN-AESTHETIC-4,Left,CONTROL,4464.0,2000-01-01T00:00:23.316Z,2000-01-01T00:00:28.002Z,vertical,,False
1633,299,P0299,341,3,A04,85,2224,AESTHETIC,RUN-AESTHETIC-4,2608,CONTROL,RUN-CONTROL-4,Left,AESTHETIC,3712.0,2000-01-01T00:00:28.011Z,2000-01-01T00:00:31.944Z,vertical,,False
1634,299,P0299,341,3,B26,7,2712,CONTROL,RUN-CONTROL-4,2520,BASE,,Right,BASE,1900.0,2000-01-01T00:00:31.954Z,2000-01-01T00:00:34.075Z,vertical,,False
1635,299,P0299,341,3,B02,85,2656,CONTROL,RUN-CONTROL-4,2272,AESTHETIC,RUN-AESTHETIC-4,Right,AESTHETIC,2961.0,2000-01-01T00:00:34.086Z,2000-01-01T00:00:37.279Z,vertical,,False
1636,299,P0299,341,3,C06,25478,2541,BASE,,2349,AESTHETIC,RUN-AESTHETIC-4,Right,AESTHETIC,10766.0,2000-01-01T00:00:37.290Z,2000-01-01T00:00:48.316Z,vertical,,False
1637,299,P0299,341,3,A09,25478,2621,CONTROL,RUN-CONTROL-4,2237,AESTHETIC,RUN-AESTHETIC-4,Right,AESTHETIC,3589.0,2000-01-01T00:00:48.327Z,2000-01-01T00:00:52.171Z,vertical,,False
1638,299,P0299,341,3,C11,6127,2375,AESTHETIC,RUN-AESTHETIC-4,2759,CONTROL,RUN-CONTROL-4,Right,CONTROL,3360.0,2000-01-01T00:00:52.181Z,2000-01-01T00:00:55.779Z,vertical,,False
1639,299,P0299,341,3,C12,85,2370,AESTHETIC,RUN-AESTHETIC-4,2562,BASE,,Right,BASE,2792.0,2000-01-01T00:00:55.792Z,2000-01-01T00:00:58.813Z,vertical,,False
1640,299,P0299,341,3,C07,25478,2351,AESTHETIC,RUN-AESTHETIC-4,2735,CONTROL,RUN-CONTROL-4,Left,AESTHETIC,4595.0,2000-01-01T00:00:58.824Z,2000-01-01T00:01:03.646Z,vertical,,False
1641,299,P0299,341,3,B29,7,2340,AESTHETIC,RUN-AESTHETIC-4,2724,CONTROL,RUN-CONTROL-4,Right,CONTROL,2022.0,2000-01-01T00:01:03.657Z,2000-01-01T00:01:05.907Z,vertical,,False
1642,299,P0299,341,3,C20,25478,2593,BASE,,2785,CONTROL,RUN-CONTROL-4,Left,BASE,5338.0,2000-01-01T00:01:05.918Z,2000-01-01T00:01:11.493Z,vertical,,False
1643,299,P0299,341,3,C11,6127,2375,AESTHETIC,RUN-AESTHETIC-4,2567,BASE,,Left,AESTHETIC,4757.0,2000-01-01T00:01:11.510Z,2000-01-01T00:01:16.491Z,vertical,,False
1644,299,P0299,341,3,A02,6127,2229,AESTHETIC,RUN-AESTHETIC-4,2421,BASE,,Right,BASE,2964.0,2000-01-01T00:01:16.501Z,2000-01-01T00:01:19.690Z,vertical,,False
1645,299,P0299,341,3,C09,7,2756,CONTROL,RUN-CONTROL-4,2564,BASE,,Right,BASE,3819.0,2000-01-01T00:01:19.701Z,2000-01-01T00:01:23.744Z,vertical,,False
1646,299,P0299,341,3,B01,7,2278,AESTHETIC,RUN-AESTHETIC-4,2662,CONTROL,RUN-CONTROL-4,Right,CONTROL,2146.0,2000-01-01T00:01:23.755Z,2000-01-01T00:01:26.127Z,vertical,,False
1647,299,P0299,341,3,C16,7,2778,CONTROL,RUN-CONTROL-4,2586,BASE,,Right,BASE,2427.0,2000-01-01T00:01:26.138Z,2000-01-01T00:01:28.796Z,vertical,,False
1648,299,P0299,341,3,C08,6127,2553,BASE,,2361,AESTHETIC,RUN-AESTHETIC-4,Left,BASE,3159.0,2000-01-01T00:01:28.809Z,2000-01-01T00:01:32.191Z,vertical,,False
1649,299,P0299,341,3,C20,7,2794,CONTROL,RUN-CONTROL-4,2410,AESTHETIC,RUN-AESTHETIC-4,Left,CONTROL,2645.0,2000-01-01T00:01:32.203Z,2000-01-01T00:01:35.071Z,vertical,,False
1650,299,P0299,341,3,C05,25478,2731,CONTROL,RUN-CONTROL-4,2539,BASE,,Right,BASE,3207.0,2000-01-01T00:01:35.082Z,2000-01-01T00:01:38.523Z,vertical,,False
1651,299,P0299,341,3,B15,25478,2685,CONTROL,RUN-CONTROL-4,2301,AESTHETIC,RUN-AESTHETIC-4,Left,CONTROL,2382.0,2000-01-01T00:01:38.533Z,2000-01-01T00:01:41.153Z,vertical,,False
1652,299,P0299,341,3,B25,25478,2317,AESTHETIC,RUN-AESTHETIC-4,2509,BASE,,Left,AESTHETIC,1798.0,2000-01-01T00:01:41.165Z,2000-01-01T00:01:43.187Z,vertical,,False
1653,299,P0299,341,3,C20,85,2402,AESTHETIC,RUN-AESTHETIC-4,2594,BASE,,Right,BASE,1897.0,2000-01-01T00:01:43.200Z,2000-01-01T00:01:45.338Z,vertical,,False
1654,299,P0299,341,3,A02,25478,2413,BASE,,2605,CONTROL,RUN-CONTROL-4,Right,CONTROL,1946.0,2000-01-01T00:01:45.350Z,2000-01-01T00:01:47.522Z,vertical,,False
1655,299,P0299,341,3,C16,6127,2585,BASE,,2777,CONTROL,RUN-CONTROL-4,Right,CONTROL,2049.0,2000-01-01T00:01:47.531Z,2000-01-01T00:01:49.816Z,vertical,,False
1656,299,P0299,341,3,C18,25478,2781,CONTROL,RUN-CONTROL-4,2589,BASE,,Left,CONTROL,2400.0,2000-01-01T00:01:49.825Z,2000-01-01T00:01:52.452Z,vertical,,False
1657,299,P0299,341,3,C14,85,2382,AESTHETIC,RUN-AESTHETIC-4,2766,CONTROL,RUN-CONTROL-4,Left,AESTHETIC,2675.0,2000-01-01T00:01:52.463Z,2000-01-01T00:01:55.392Z,vertical,,False
1658,299,P0299,341,3,C19,7,2408,AESTHETIC,RUN-AESTHETIC-4,2600,BASE,,Right,BASE,2720.0,2000-01-01T00:01:55.407Z,2000-01-01T00:01:58.355Z,vertical,,False
1659,299,P0299,341,3,C13,7,2580,BASE,,2772,CONTROL,RUN-CONTROL-4,Left,BASE,3116.0,2000-01-01T00:01:58.366Z,2000-01-01T00:02:01.702Z,vertical,,False
1660,299,P0299,341,3,A08,85,2620,CONTROL,RUN-CONTROL-4,2236,AESTHETIC,RUN-AESTHETIC-4,Right,AESTHETIC,2117.0,2000-01-01T00:02:01.712Z,2000-01-01T00:02:04.055Z,vertical,,False
1661,160,P0160,343,3,A25,7,2456,BASE,,2264,AESTHETIC,RUN-AESTHETIC-4,,,,2000-01-03T06:11:43.734Z,,,,False
1662,160,P0160,343,3,B26,6127,2519,BASE,,2327,AESTHETIC,RUN-AESTHETIC-4,,,,,,,,False
1663,160,P0160,343,3,A04,25478,2223,AESTHETIC,RUN-AESTHETIC-4,2607,CONTROL,RUN-CONTROL-4,,,,,,,,False
1664,160,P0160,343,3,A11,85,2240,AESTHETIC,RUN-AESTHETIC-4,2432,BASE,,,,,,,,,False
1665,160,P0160,343,3,C11,25478,2751,CONTROL,RUN-CONTROL-4,2367,AESTHETIC,RUN-AESTHETIC-4,,,,,,,,False
1666,160,P0160,343,3,C12,25478,2369,AESTHETIC,RUN-AESTHETIC-4,2753,CONTROL,RUN-CONTROL-4,,,,,,,,False
1667,160,P0160,343,3,A08,25478,2235,AESTHETIC,RUN-AESTHETIC-4,2619,CONTROL,RUN-CONTROL-4,,,,,,,,False
1668,160,P0160,343,3,B15,85,2494,BASE,,2686,CONTROL,RUN-CONTROL-4,,,,,,,,False
1669,160,P0160,343,3,C05,6127,2355,AESTHETIC,RUN-AESTHETIC-4,2547,BASE,,,,,,,,,False
1670,160,P0160,343,3,C20,85,2786,CONTROL,RUN-CONTROL-4,2402,AESTHETIC,RUN-AESTHETIC-4,,,,,,,,False
1671,160,P0160,343,3,A07,6127,2617,CONTROL,RUN-CONTROL-4,2233,AESTHETIC,RUN-AESTHETIC-4,,,,,,,,False
1672,160,P0160,343,3,B06,85,2476,BASE,,2284,AESTHETIC,RUN-AESTHETIC-4,,,,,,,,False
1673,160,P0160,343,3,C11,85,2752,CONTROL,RUN-CONTROL-4,2560,BASE,,,,,,,,,False
1674,160,P0160,343,3,B14,85,2492,BASE,,2300,AESTHETIC,RUN-AESTHETIC-4,,,,,,,,False
1675,160,P0160,343,3,C04,25478,2721,CONTROL,RUN-CONTROL-4,2529,BASE,,,,,,,,,False
1676,160,P0160,343,3,C13,6127,2771,CONTROL,RUN-CONTROL-4,2387,AESTHETIC,RUN-AESTHETIC-4,,,,,,,,False
1677,160,P0160,343,3,B02,6127,2279,AESTHETIC,RUN-AESTHETIC-4,2663,CONTROL,RUN-CONTROL-4,,,,,,,,False
1678,160,P0160,343,3,B25,25478,2701,CONTROL,RUN-CONTROL-4,2509,BASE,,,,,,,,,False
1679,160,P0160,343,3,A26,25478,2257,AESTHETIC,RUN-AESTHETIC-4,2449,BASE,,,,,,,,,False
1680,160,P0160,343,3,C15,25478,2383,AESTHETIC,RUN-AESTHETIC-4,2575,BASE,,,,,,,,,False
1681,160,P0160,343,3,A09,7,2630,CONTROL,RUN-CONTROL-4,2246,AESTHETIC,RUN-AESTHETIC-4,,,,,,,,False
1682,160,P0160,343,3,A04,6127,2231,AESTHETIC,RUN-AESTHETIC-4,2423,BASE,,,,,,,,,False
1683,160,P0160,343,3,C17,6127,2403,AESTHETIC,RUN-AESTHETIC-4,2595,BASE,,,,,,,,,False
1684,160,P0160,343,3,B01,7,2278,AESTHETIC,RUN-AESTHETIC-4,2470,BASE,,,,,,,,,False
1685,160,P0160,343,3,A13,85,2434,BASE,,2242,AESTHETIC,RUN-AESTHETIC-4,,,,,,,,False
1686,160,P0160,343,3,B23,25478,2315,AESTHETIC,RUN-AESTHETIC-4,2699,CONTROL,RUN-CONTROL-4,,,,,,,,False
1687,160,P0160,343,3,A02,25478,2413,BASE,,2221,AESTHETIC,RUN-AESTHETIC-4,,,,,,,,False
1688,160,P0160,343,3,C17,6127,2403,AESTHETIC,RUN-AESTHETIC-4,2787,CONTROL,RUN-CONTROL-4,,,,,,,,False
1689,160,P0160,343,3,A15,25478,2443,BASE,,2251,AESTHETIC,RUN-AESTHETIC-4,,,,,,,,False
1690,160,P0160,343,3,B15,6127,2309,AESTHETIC,RUN-AESTHETIC-4,2501,BASE,,,,,,,,,False
1691,25,P0025,345,3,C16,6127,2393,AESTHETIC,RUN-AESTHETIC-4,2585,BASE,,Right,BASE,6178.0,2000-01-03T14:03:18.788Z,2000-01-03T14:03:25.408Z,vertical,,False
1692,25,P0025,345,3,C06,25478,2733,CONTROL,RUN-CONTROL-4,2541,BASE,,Tie,TIE,4900.0,2000-01-03T14:03:25.419Z,2000-01-03T14:03:30.543Z,vertical,,False
1693,25,P0025,345,3,B29,7,2532,BASE,,2340,AESTHETIC,RUN-AESTHETIC-4,Left,BASE,4399.0,2000-01-03T14:03:30.554Z,2000-01-03T14:03:35.172Z,vertical,,False
1694,25,P0025,345,3,C12,85,2562,BASE,,2754,CONTROL,RUN-CONTROL-4,Left,BASE,4569.0,2000-01-03T14:03:35.183Z,2000-01-03T14:03:39.972Z,vertical,,False
1695,25,P0025,345,3,C15,6127,2391,AESTHETIC,RUN-AESTHETIC-4,2775,CONTROL,RUN-CONTROL-4,Right,CONTROL,5573.0,2000-01-03T14:03:39.981Z,2000-01-03T14:03:45.777Z,vertical,,False
1696,25,P0025,345,3,C01,6127,2725,CONTROL,RUN-CONTROL-4,2533,BASE,,Right,BASE,2548.0,2000-01-03T14:03:45.788Z,2000-01-03T14:03:48.560Z,vertical,,False
1697,25,P0025,345,3,C17,7,2596,BASE,,2404,AESTHETIC,RUN-AESTHETIC-4,Left,BASE,8428.0,2000-01-03T14:03:48.570Z,2000-01-03T14:03:57.220Z,vertical,,False
1698,25,P0025,345,3,C15,7,2392,AESTHETIC,RUN-AESTHETIC-4,2776,CONTROL,RUN-CONTROL-4,Right,CONTROL,3748.0,2000-01-03T14:03:57.231Z,2000-01-03T14:04:01.307Z,vertical,,False
1699,25,P0025,345,3,A25,85,2256,AESTHETIC,RUN-AESTHETIC-4,2448,BASE,,Left,AESTHETIC,15564.0,2000-01-03T14:04:01.318Z,2000-01-03T14:04:17.115Z,vertical,,False
1700,25,P0025,345,3,A27,6127,2275,AESTHETIC,RUN-AESTHETIC-4,2467,BASE,,Left,AESTHETIC,5384.0,2000-01-03T14:04:17.126Z,2000-01-03T14:04:22.733Z,vertical,,False
1701,25,P0025,345,3,C17,85,2588,BASE,,2780,CONTROL,RUN-CONTROL-4,Right,CONTROL,3256.0,2000-01-03T14:04:22.742Z,2000-01-03T14:04:26.216Z,vertical,,False
1702,25,P0025,345,3,C16,7,2394,AESTHETIC,RUN-AESTHETIC-4,2778,CONTROL,RUN-CONTROL-4,Left,AESTHETIC,4895.0,2000-01-03T14:04:26.226Z,2000-01-03T14:04:31.368Z,vertical,,False
1703,25,P0025,345,3,B20,7,2698,CONTROL,RUN-CONTROL-4,2314,AESTHETIC,RUN-AESTHETIC-4,Left,CONTROL,5922.0,2000-01-03T14:04:31.378Z,2000-01-03T14:04:37.674Z,vertical,,False
1704,25,P0025,345,3,B27,85,2322,AESTHETIC,RUN-AESTHETIC-4,2706,CONTROL,RUN-CONTROL-4,Left,AESTHETIC,3195.0,2000-01-03T14:04:37.685Z,2000-01-03T14:04:41.103Z,vertical,,False
1705,25,P0025,345,3,A26,25478,2641,CONTROL,RUN-CONTROL-4,2257,AESTHETIC,RUN-AESTHETIC-4,Left,CONTROL,5524.0,2000-01-03T14:04:41.113Z,2000-01-03T14:04:46.885Z,vertical,,False
1706,25,P0025,345,3,A09,7,2246,AESTHETIC,RUN-AESTHETIC-4,2438,BASE,,Right,BASE,4874.0,2000-01-03T14:04:46.894Z,2000-01-03T14:04:52.090Z,vertical,,False
1707,25,P0025,345,3,C15,85,2768,CONTROL,RUN-CONTROL-4,2576,BASE,,Left,CONTROL,4501.0,2000-01-03T14:04:52.100Z,2000-01-03T14:04:56.832Z,vertical,,False
1708,25,P0025,345,3,C20,6127,2409,AESTHETIC,RUN-AESTHETIC-4,2793,CONTROL,RUN-CONTROL-4,Left,AESTHETIC,3275.0,2000-01-03T14:04:56.842Z,2000-01-03T14:05:00.339Z,vertical,,False
1709,25,P0025,345,3,B14,7,2500,BASE,,2692,CONTROL,RUN-CONTROL-4,Tie,TIE,3192.0,2000-01-03T14:05:00.349Z,2000-01-03T14:05:03.767Z,vertical,,False
1710,25,P0025,345,3,A07,25478,2225,AESTHETIC,RUN-AESTHETIC-4,2609,CONTROL,RUN-CONTROL-4,Right,CONTROL,4541.0,2000-01-03T14:05:03.777Z,2000-01-03T14:05:08.544Z,vertical,,False
1711,25,P0025,345,3,A25,6127,2455,BASE,,2263,AESTHETIC,RUN-AESTHETIC-4,Left,BASE,5952.0,2000-01-03T14:05:08.555Z,2000-01-03T14:05:14.730Z,vertical,,False
1712,25,P0025,345,3,C13,6127,2579,BASE,,2771,CONTROL,RUN-CONTROL-4,Right,CONTROL,4350.0,2000-01-03T14:05:14.742Z,2000-01-03T14:05:19.318Z,vertical,,False
1713,25,P0025,345,3,A11,7,2632,CONTROL,RUN-CONTROL-4,2440,BASE,,Left,CONTROL,2778.0,2000-01-03T14:05:19.329Z,2000-01-03T14:05:22.326Z,vertical,,False
1714,25,P0025,345,3,C09,6127,2371,AESTHETIC,RUN-AESTHETIC-4,2563,BASE,,Tie,TIE,6905.0,2000-01-03T14:05:22.337Z,2000-01-03T14:05:29.466Z,vertical,,False
1715,25,P0025,345,3,B25,6127,2325,AESTHETIC,RUN-AESTHETIC-4,2709,CONTROL,RUN-CONTROL-4,Left,AESTHETIC,3266.0,2000-01-03T14:05:29.475Z,2000-01-03T14:05:32.969Z,vertical,,False
1716,25,P0025,345,3,B20,85,2690,CONTROL,RUN-CONTROL-4,2306,AESTHETIC,RUN-AESTHETIC-4,Tie,TIE,2848.0,2000-01-03T14:05:32.979Z,2000-01-03T14:05:36.049Z,vertical,,False
1717,25,P0025,345,3,C10,6127,2757,CONTROL,RUN-CONTROL-4,2565,BASE,,Right,BASE,4991.0,2000-01-03T14:05:36.059Z,2000-01-03T14:05:41.271Z,vertical,,False
1718,25,P0025,345,3,B09,6127,2679,CONTROL,RUN-CONTROL-4,2295,AESTHETIC,RUN-AESTHETIC-4,Left,CONTROL,3670.0,2000-01-03T14:05:41.281Z,2000-01-03T14:05:45.174Z,vertical,,False
1719,25,P0025,345,3,A01,6127,2419,BASE,,2611,CONTROL,RUN-CONTROL-4,Right,CONTROL,7315.0,2000-01-03T14:05:45.186Z,2000-01-03T14:05:52.722Z,vertical,,False
1720,25,P0025,345,3,C14,85,2766,CONTROL,RUN-CONTROL-4,2574,BASE,,Tie,TIE,1830.0,2000-01-03T14:05:52.731Z,2000-01-03T14:05:54.788Z,vertical,,False
1721,23,P0023,347,3,B20,6127,2313,AESTHETIC,RUN-AESTHETIC-4,2697,CONTROL,RUN-CONTROL-4,Left,AESTHETIC,5284.0,2000-01-01T00:03:39.510Z,2000-01-01T00:03:46.002Z,vertical,,False
1722,23,P0023,347,3,A08,85,2236,AESTHETIC,RUN-AESTHETIC-4,2428,BASE,,Left,AESTHETIC,2198.0,2000-01-01T00:03:46.061Z,2000-01-01T00:03:48.520Z,vertical,,False
1723,23,P0023,347,3,A09,6127,2437,BASE,,2245,AESTHETIC,RUN-AESTHETIC-4,Right,AESTHETIC,10897.0,2000-01-01T00:03:48.532Z,2000-01-01T00:03:59.648Z,vertical,,False
1724,23,P0023,347,3,B02,25478,2655,CONTROL,RUN-CONTROL-4,2271,AESTHETIC,RUN-AESTHETIC-4,Left,CONTROL,2710.0,2000-01-01T00:03:59.864Z,2000-01-01T00:04:03.386Z,vertical,,False
1725,23,P0023,347,3,B06,7,2484,BASE,,2292,AESTHETIC,RUN-AESTHETIC-4,Left,BASE,10814.0,2000-01-01T00:04:03.397Z,2000-01-01T00:04:14.445Z,vertical,,False
1726,23,P0023,347,3,B20,85,2306,AESTHETIC,RUN-AESTHETIC-4,2498,BASE,,Left,AESTHETIC,2568.0,2000-01-01T00:04:14.457Z,2000-01-01T00:04:17.277Z,vertical,,False
1727,23,P0023,347,3,B02,25478,2463,BASE,,2271,AESTHETIC,RUN-AESTHETIC-4,Left,BASE,4281.0,2000-01-01T00:04:17.288Z,2000-01-01T00:04:21.797Z,vertical,,False
1728,23,P0023,347,3,B04,25478,2465,BASE,,2657,CONTROL,RUN-CONTROL-4,Left,BASE,1437.0,2000-01-01T00:04:21.808Z,2000-01-01T00:04:23.473Z,vertical,,False
1729,23,P0023,347,3,C04,25478,2529,BASE,,2337,AESTHETIC,RUN-AESTHETIC-4,Left,BASE,1678.0,2000-01-01T00:04:23.484Z,2000-01-01T00:04:25.407Z,vertical,,False
1730,23,P0023,347,3,B15,7,2502,BASE,,2310,AESTHETIC,RUN-AESTHETIC-4,Right,AESTHETIC,6986.0,2000-01-01T00:04:25.417Z,2000-01-01T00:04:32.647Z,vertical,,False
1731,23,P0023,347,3,C17,6127,2595,BASE,,2787,CONTROL,RUN-CONTROL-4,Right,CONTROL,4324.0,2000-01-01T00:04:32.657Z,2000-01-01T00:04:37.200Z,vertical,,False
1732,23,P0023,347,3,C19,6127,2791,CONTROL,RUN-CONTROL-4,2407,AESTHETIC,RUN-AESTHETIC-4,Right,AESTHETIC,1999.0,2000-01-01T00:04:37.212Z,2000-01-01T00:04:39.444Z,vertical,,False
1733,23,P0023,347,3,B20,7,2506,BASE,,2314,AESTHETIC,RUN-AESTHETIC-4,Left,BASE,6061.0,2000-01-01T00:04:39.454Z,2000-01-01T00:04:45.765Z,vertical,,False
1734,23,P0023,347,3,B26,85,2704,CONTROL,RUN-CONTROL-4,2512,BASE,,Left,CONTROL,2022.0,2000-01-01T00:04:45.775Z,2000-01-01T00:04:48.053Z,vertical,,False
1735,23,P0023,347,3,B01,25478,2653,CONTROL,RUN-CONTROL-4,2269,AESTHETIC,RUN-AESTHETIC-4,Left,CONTROL,4261.0,2000-01-01T00:04:48.064Z,2000-01-01T00:04:52.549Z,vertical,,False
1736,23,P0023,347,3,A02,7,2614,CONTROL,RUN-CONTROL-4,2230,AESTHETIC,RUN-AESTHETIC-4,Right,AESTHETIC,3123.0,2000-01-01T00:04:52.567Z,2000-01-01T00:04:55.918Z,vertical,,False
1737,23,P0023,347,3,C02,85,2720,CONTROL,RUN-CONTROL-4,2528,BASE,,Left,CONTROL,2403.0,2000-01-01T00:04:55.929Z,2000-01-01T00:04:58.566Z,vertical,,False
1738,23,P0023,347,3,B02,6127,2471,BASE,,2663,CONTROL,RUN-CONTROL-4,Right,CONTROL,2834.0,2000-01-01T00:04:58.575Z,2000-01-01T00:05:01.638Z,vertical,,False
1739,23,P0023,347,3,A08,7,2628,CONTROL,RUN-CONTROL-4,2436,BASE,,Left,CONTROL,2305.0,2000-01-01T00:05:01.650Z,2000-01-01T00:05:04.190Z,vertical,,False
1740,23,P0023,347,3,A22,25478,2637,CONTROL,RUN-CONTROL-4,2445,BASE,,Right,BASE,4622.0,2000-01-01T00:05:04.200Z,2000-01-01T00:05:09.050Z,vertical,,False
1741,23,P0023,347,3,C04,85,2338,AESTHETIC,RUN-AESTHETIC-4,2722,CONTROL,RUN-CONTROL-4,Right,CONTROL,3770.0,2000-01-01T00:05:09.067Z,2000-01-01T00:05:13.066Z,vertical,,False
1742,23,P0023,347,3,C08,85,2354,AESTHETIC,RUN-AESTHETIC-4,2546,BASE,,Right,BASE,3069.0,2000-01-01T00:05:13.274Z,2000-01-01T00:05:16.580Z,vertical,,False
1743,23,P0023,347,3,B15,7,2694,CONTROL,RUN-CONTROL-4,2310,AESTHETIC,RUN-AESTHETIC-4,Right,AESTHETIC,2252.0,2000-01-01T00:05:16.590Z,2000-01-01T00:05:19.065Z,vertical,,False
1744,23,P0023,347,3,B29,25478,2523,BASE,,2331,AESTHETIC,RUN-AESTHETIC-4,Right,AESTHETIC,2605.0,2000-01-01T00:05:19.094Z,2000-01-01T00:05:21.924Z,vertical,,False
1745,23,P0023,347,3,B26,7,2520,BASE,,2328,AESTHETIC,RUN-AESTHETIC-4,Left,BASE,2017.0,2000-01-01T00:05:21.934Z,2000-01-01T00:05:24.176Z,vertical,,False
1746,23,P0023,347,3,C01,6127,2341,AESTHETIC,RUN-AESTHETIC-4,2725,CONTROL,RUN-CONTROL-4,Left,AESTHETIC,2773.0,2000-01-01T00:05:24.186Z,2000-01-01T00:05:27.200Z,vertical,,False
1747,23,P0023,347,3,B06,85,2668,CONTROL,RUN-CONTROL-4,2476,BASE,,Right,BASE,10434.0,2000-01-01T00:05:27.209Z,2000-01-01T00:05:37.865Z,vertical,,False
1748,23,P0023,347,3,C16,85,2386,AESTHETIC,RUN-AESTHETIC-4,2578,BASE,,Right,BASE,2039.0,2000-01-01T00:05:37.875Z,2000-01-01T00:05:40.139Z,vertical,,False
1749,23,P0023,347,3,B06,7,2676,CONTROL,RUN-CONTROL-4,2484,BASE,,Right,BASE,2178.0,2000-01-01T00:05:40.149Z,2000-01-01T00:05:42.562Z,vertical,,False
1750,23,P0023,347,3,B06,6127,2483,BASE,,2291,AESTHETIC,RUN-AESTHETIC-4,Left,BASE,3972.0,2000-01-01T00:05:42.572Z,2000-01-01T00:05:46.779Z,vertical,,False
1751,133,P0133,348,3,A11,7,2440,BASE,,2248,AESTHETIC,RUN-AESTHETIC-4,Left,BASE,3752.0,2000-01-01T00:00:08.203Z,2000-01-01T00:00:12.207Z,vertical,,False
1752,133,P0133,348,3,C06,85,2542,BASE,,2734,CONTROL,RUN-CONTROL-4,Tie,TIE,2986.0,2000-01-01T00:00:12.229Z,2000-01-01T00:00:15.480Z,vertical,,False
1753,133,P0133,348,3,A11,85,2624,CONTROL,RUN-CONTROL-4,2240,AESTHETIC,RUN-AESTHETIC-4,Left,CONTROL,6746.0,2000-01-01T00:00:15.490Z,2000-01-01T00:00:22.463Z,vertical,,False
1754,133,P0133,348,3,B23,7,2708,CONTROL,RUN-CONTROL-4,2324,AESTHETIC,RUN-AESTHETIC-4,Tie,TIE,3399.0,2000-01-01T00:00:22.473Z,2000-01-01T00:00:26.100Z,vertical,,False
1755,133,P0133,348,3,C09,25478,2747,CONTROL,RUN-CONTROL-4,2555,BASE,,Left,CONTROL,4407.0,2000-01-01T00:00:26.110Z,2000-01-01T00:00:30.748Z,vertical,,False
1756,133,P0133,348,3,A15,25478,2635,CONTROL,RUN-CONTROL-4,2443,BASE,,Left,CONTROL,2347.0,2000-01-01T00:00:30.759Z,2000-01-01T00:00:33.331Z,vertical,,False
1757,133,P0133,348,3,B09,25478,2479,BASE,,2287,AESTHETIC,RUN-AESTHETIC-4,Right,AESTHETIC,2283.0,2000-01-01T00:00:33.341Z,2000-01-01T00:00:35.848Z,vertical,,False
1758,133,P0133,348,3,A01,6127,2419,BASE,,2227,AESTHETIC,RUN-AESTHETIC-4,Left,BASE,3564.0,2000-01-01T00:00:35.859Z,2000-01-01T00:00:39.652Z,vertical,,False
1759,133,P0133,348,3,A11,25478,2431,BASE,,2623,CONTROL,RUN-CONTROL-4,Left,BASE,2495.0,2000-01-01T00:00:39.663Z,2000-01-01T00:00:42.382Z,vertical,,False
1760,133,P0133,348,3,A04,7,2424,BASE,,2232,AESTHETIC,RUN-AESTHETIC-4,Left,BASE,3365.0,2000-01-01T00:00:42.393Z,2000-01-01T00:00:45.981Z,vertical,,False
1761,133,P0133,348,3,A13,6127,2633,CONTROL,RUN-CONTROL-4,2441,BASE,,Right,BASE,2016.0,2000-01-01T00:00:45.992Z,2000-01-01T00:00:48.234Z,vertical,,False
1762,133,P0133,348,3,A22,6127,2261,AESTHETIC,RUN-AESTHETIC-4,2645,CONTROL,RUN-CONTROL-4,Tie,TIE,1898.0,2000-01-01T00:00:48.244Z,2000-01-01T00:00:50.429Z,vertical,,False
1763,133,P0133,348,3,C08,25478,2545,BASE,,2353,AESTHETIC,RUN-AESTHETIC-4,Left,BASE,3367.0,2000-01-01T00:00:50.438Z,2000-01-01T00:00:54.032Z,vertical,,False
1764,133,P0133,348,3,C07,6127,2743,CONTROL,RUN-CONTROL-4,2551,BASE,,Tie,TIE,3954.0,2000-01-01T00:00:54.043Z,2000-01-01T00:00:58.217Z,vertical,,False
1765,133,P0133,348,3,B12,7,2298,AESTHETIC,RUN-AESTHETIC-4,2490,BASE,,Tie,TIE,1420.0,2000-01-01T00:00:58.227Z,2000-01-01T00:00:59.874Z,vertical,,False
1766,133,P0133,348,3,C18,7,2790,CONTROL,RUN-CONTROL-4,2598,BASE,,Left,CONTROL,4607.0,2000-01-01T00:00:59.885Z,2000-01-01T00:01:04.718Z,vertical,,False
1767,133,P0133,348,3,A11,6127,2439,BASE,,2631,CONTROL,RUN-CONTROL-4,Right,CONTROL,7426.0,2000-01-01T00:01:04.729Z,2000-01-01T00:01:12.382Z,vertical,,False
1768,133,P0133,348,3,B23,6127,2515,BASE,,2323,AESTHETIC,RUN-AESTHETIC-4,Tie,TIE,1982.0,2000-01-01T00:01:12.392Z,2000-01-01T00:01:14.598Z,vertical,,False
1769,133,P0133,348,3,C15,85,2576,BASE,,2384,AESTHETIC,RUN-AESTHETIC-4,Left,BASE,5315.0,2000-01-01T00:01:14.609Z,2000-01-01T00:01:20.145Z,vertical,,False
1770,133,P0133,348,3,C16,25478,2769,CONTROL,RUN-CONTROL-4,2385,AESTHETIC,RUN-AESTHETIC-4,Tie,TIE,4709.0,2000-01-01T00:01:20.156Z,2000-01-01T00:01:25.085Z,vertical,,False
1771,133,P0133,348,3,A13,85,2434,BASE,,2626,CONTROL,RUN-CONTROL-4,Tie,TIE,1402.0,2000-01-01T00:01:25.095Z,2000-01-01T00:01:26.725Z,vertical,,False
1772,133,P0133,348,3,A04,6127,2423,BASE,,2615,CONTROL,RUN-CONTROL-4,Tie,TIE,1325.0,2000-01-01T00:01:26.735Z,2000-01-01T00:01:28.288Z,vertical,,False
1773,133,P0133,348,3,A25,25478,2639,CONTROL,RUN-CONTROL-4,2255,AESTHETIC,RUN-AESTHETIC-4,Right,AESTHETIC,2813.0,2000-01-01T00:01:28.298Z,2000-01-01T00:01:31.343Z,vertical,,False
1774,133,P0133,348,3,A04,85,2608,CONTROL,RUN-CONTROL-4,2416,BASE,,Tie,TIE,1978.0,2000-01-01T00:01:31.354Z,2000-01-01T00:01:33.555Z,vertical,,False
1775,133,P0133,348,3,C05,85,2348,AESTHETIC,RUN-AESTHETIC-4,2540,BASE,,Tie,TIE,1199.0,2000-01-01T00:01:33.564Z,2000-01-01T00:01:34.992Z,vertical,,False
1776,133,P0133,348,3,B14,85,2684,CONTROL,RUN-CONTROL-4,2300,AESTHETIC,RUN-AESTHETIC-4,Tie,TIE,1181.0,2000-01-01T00:01:35.003Z,2000-01-01T00:01:36.437Z,vertical,,False
1777,133,P0133,348,3,B12,25478,2673,CONTROL,RUN-CONTROL-4,2289,AESTHETIC,RUN-AESTHETIC-4,Tie,TIE,1674.0,2000-01-01T00:01:36.448Z,2000-01-01T00:01:38.348Z,vertical,,False
1778,133,P0133,348,3,B20,25478,2689,CONTROL,RUN-CONTROL-4,2497,BASE,,Tie,TIE,963.0,2000-01-01T00:01:38.359Z,2000-01-01T00:01:39.577Z,vertical,,False
1779,133,P0133,348,3,C07,25478,2351,AESTHETIC,RUN-AESTHETIC-4,2543,BASE,,Tie,TIE,1033.0,2000-01-01T00:01:39.586Z,2000-01-01T00:01:40.846Z,vertical,,False
1780,133,P0133,348,3,A09,25478,2621,CONTROL,RUN-CONTROL-4,2429,BASE,,Left,CONTROL,3146.0,2000-01-01T00:01:40.856Z,2000-01-01T00:01:44.257Z,vertical,,False
1781,307,P0307,351,3,A08,7,2628,CONTROL,RUN-CONTROL-4,2244,AESTHETIC,RUN-AESTHETIC-4,Left,CONTROL,13305.0,2000-01-01T00:00:03.074Z,2000-01-01T00:00:16.497Z,vertical,,False
1782,307,P0307,351,3,C04,7,2538,BASE,,2346,AESTHETIC,RUN-AESTHETIC-4,Left,BASE,8835.0,2000-01-01T00:00:16.507Z,2000-01-01T00:00:25.548Z,vertical,,False
1783,307,P0307,351,3,C14,6127,2581,BASE,,2773,CONTROL,RUN-CONTROL-4,Tie,TIE,3644.0,2000-01-01T00:00:25.558Z,2000-01-01T00:00:29.396Z,vertical,,False
1784,307,P0307,351,3,B23,7,2708,CONTROL,RUN-CONTROL-4,2516,BASE,,Left,CONTROL,3558.0,2000-01-01T00:00:29.407Z,2000-01-01T00:00:33.161Z,vertical,,False
1785,307,P0307,351,3,C14,25478,2381,AESTHETIC,RUN-AESTHETIC-4,2573,BASE,,Tie,TIE,1633.0,2000-01-01T00:00:33.170Z,2000-01-01T00:00:34.993Z,vertical,,False
1786,307,P0307,351,3,C12,7,2570,BASE,,2378,AESTHETIC,RUN-AESTHETIC-4,Tie,TIE,3867.0,2000-01-01T00:00:35.003Z,2000-01-01T00:00:39.067Z,vertical,,False
1787,307,P0307,351,3,C11,7,2760,CONTROL,RUN-CONTROL-4,2568,BASE,,Tie,TIE,4558.0,2000-01-01T00:00:39.079Z,2000-01-01T00:00:44.032Z,vertical,,False
1788,307,P0307,351,3,C11,85,2560,BASE,,2368,AESTHETIC,RUN-AESTHETIC-4,Left,BASE,2361.0,2000-01-01T00:00:44.042Z,2000-01-01T00:00:46.603Z,vertical,,False
1789,307,P0307,351,3,B04,85,2658,CONTROL,RUN-CONTROL-4,2466,BASE,,Left,CONTROL,5141.0,2000-01-01T00:00:46.612Z,2000-01-01T00:00:51.951Z,vertical,,False
1790,307,P0307,351,3,C19,25478,2399,AESTHETIC,RUN-AESTHETIC-4,2591,BASE,,Tie,TIE,3111.0,2000-01-01T00:00:51.961Z,2000-01-01T00:00:55.269Z,vertical,,False
1791,307,P0307,351,3,B19,6127,2311,AESTHETIC,RUN-AESTHETIC-4,2695,CONTROL,RUN-CONTROL-4,Tie,TIE,1576.0,2000-01-01T00:00:55.279Z,2000-01-01T00:00:57.055Z,vertical,,False
1792,307,P0307,351,3,C15,6127,2775,CONTROL,RUN-CONTROL-4,2583,BASE,,Right,BASE,2000.0,2000-01-01T00:00:57.066Z,2000-01-01T00:00:59.266Z,vertical,,False
1793,307,P0307,351,3,B27,7,2330,AESTHETIC,RUN-AESTHETIC-4,2522,BASE,,Right,BASE,1957.0,2000-01-01T00:00:59.276Z,2000-01-01T00:01:01.434Z,vertical,,False
1794,307,P0307,351,3,A11,25478,2239,AESTHETIC,RUN-AESTHETIC-4,2623,CONTROL,RUN-CONTROL-4,Left,AESTHETIC,2046.0,2000-01-01T00:01:01.444Z,2000-01-01T00:01:03.688Z,vertical,,False
1795,307,P0307,351,3,A04,7,2616,CONTROL,RUN-CONTROL-4,2232,AESTHETIC,RUN-AESTHETIC-4,Tie,TIE,2490.0,2000-01-01T00:01:03.700Z,2000-01-01T00:01:06.390Z,vertical,,False
1796,307,P0307,351,3,C20,85,2786,CONTROL,RUN-CONTROL-4,2594,BASE,,Tie,TIE,921.0,2000-01-01T00:01:06.404Z,2000-01-01T00:01:07.522Z,vertical,,False
1797,307,P0307,351,3,A08,6127,2435,BASE,,2627,CONTROL,RUN-CONTROL-4,Right,CONTROL,2159.0,2000-01-01T00:01:07.532Z,2000-01-01T00:01:09.890Z,vertical,,False
1798,307,P0307,351,3,C08,7,2362,AESTHETIC,RUN-AESTHETIC-4,2746,CONTROL,RUN-CONTROL-4,Tie,TIE,6410.0,2000-01-01T00:01:09.901Z,2000-01-01T00:01:16.508Z,vertical,,False
1799,307,P0307,351,3,A07,7,2426,BASE,,2234,AESTHETIC,RUN-AESTHETIC-4,Tie,TIE,5245.0,2000-01-01T00:01:16.517Z,2000-01-01T00:01:21.960Z,vertical,,False
1800,307,P0307,351,3,C20,25478,2593,BASE,,2401,AESTHETIC,RUN-AESTHETIC-4,Tie,TIE,2985.0,2000-01-01T00:01:21.969Z,2000-01-01T00:01:25.156Z,vertical,,False
1801,307,P0307,351,3,B26,25478,2319,AESTHETIC,RUN-AESTHETIC-4,2703,CONTROL,RUN-CONTROL-4,Tie,TIE,1347.0,2000-01-01T00:01:25.165Z,2000-01-01T00:01:26.706Z,vertical,,False
1802,307,P0307,351,3,B27,7,2330,AESTHETIC,RUN-AESTHETIC-4,2714,CONTROL,RUN-CONTROL-4,Left,AESTHETIC,2999.0,2000-01-01T00:01:26.716Z,2000-01-01T00:01:29.910Z,vertical,,False
1803,307,P0307,351,3,C02,6127,2535,BASE,,2727,CONTROL,RUN-CONTROL-4,Tie,TIE,1491.0,2000-01-01T00:01:29.919Z,2000-01-01T00:01:31.607Z,vertical,,False
1804,307,P0307,351,3,C15,7,2776,CONTROL,RUN-CONTROL-4,2584,BASE,,Left,CONTROL,3914.0,2000-01-01T00:01:31.619Z,2000-01-01T00:01:35.727Z,vertical,,False
1805,307,P0307,351,3,A25,85,2448,BASE,,2640,CONTROL,RUN-CONTROL-4,Right,CONTROL,4994.0,2000-01-01T00:01:35.737Z,2000-01-01T00:01:40.926Z,vertical,,False
1806,307,P0307,351,3,C04,85,2338,AESTHETIC,RUN-AESTHETIC-4,2530,BASE,,Right,BASE,3233.0,2000-01-01T00:01:40.935Z,2000-01-01T00:01:44.354Z,vertical,,False
1807,307,P0307,351,3,A09,7,2438,BASE,,2630,CONTROL,RUN-CONTROL-4,Tie,TIE,2260.0,2000-01-01T00:01:44.373Z,2000-01-01T00:01:46.833Z,vertical,,False
1808,307,P0307,351,3,B04,85,2274,AESTHETIC,RUN-AESTHETIC-4,2658,CONTROL,RUN-CONTROL-4,Right,CONTROL,4744.0,2000-01-01T00:01:46.842Z,2000-01-01T00:01:51.776Z,vertical,,False
1809,307,P0307,351,3,C12,7,2570,BASE,,2762,CONTROL,RUN-CONTROL-4,Tie,TIE,6066.0,2000-01-01T00:01:51.786Z,2000-01-01T00:01:58.044Z,vertical,,False
1810,307,P0307,351,3,B09,6127,2679,CONTROL,RUN-CONTROL-4,2487,BASE,,Tie,TIE,3421.0,2000-01-01T00:01:58.081Z,2000-01-01T00:02:01.697Z,vertical,,False
1811,5,P0005,352,3,B23,85,2316,AESTHETIC,RUN-AESTHETIC-4,2700,CONTROL,RUN-CONTROL-4,Right,CONTROL,9245.0,2000-01-01T00:03:58.694Z,2000-01-01T00:04:08.652Z,vertical,,False
1812,5,P0005,352,3,B01,6127,2469,BASE,,2661,CONTROL,RUN-CONTROL-4,Left,BASE,6295.0,2000-01-01T00:04:08.661Z,2000-01-01T00:04:15.231Z,vertical,,False
1813,5,P0005,352,3,B15,25478,2685,CONTROL,RUN-CONTROL-4,2493,BASE,,Right,BASE,12082.0,2000-01-01T00:04:15.241Z,2000-01-01T00:04:27.881Z,vertical,,False
1814,5,P0005,352,3,A08,25478,2235,AESTHETIC,RUN-AESTHETIC-4,2427,BASE,,Left,AESTHETIC,7184.0,2000-01-01T00:04:27.891Z,2000-01-01T00:04:35.582Z,vertical,,False
1815,5,P0005,352,3,C04,6127,2345,AESTHETIC,RUN-AESTHETIC-4,2537,BASE,,Left,AESTHETIC,4647.0,2000-01-01T00:04:35.592Z,2000-01-01T00:04:40.510Z,vertical,,False
1816,5,P0005,352,3,B19,7,2504,BASE,,2696,CONTROL,RUN-CONTROL-4,Left,BASE,3575.0,2000-01-01T00:04:40.521Z,2000-01-01T00:04:44.351Z,vertical,,False
1817,5,P0005,352,3,B12,6127,2297,AESTHETIC,RUN-AESTHETIC-4,2489,BASE,,Left,AESTHETIC,5537.0,2000-01-01T00:04:44.360Z,2000-01-01T00:04:50.131Z,vertical,,False
1818,5,P0005,352,3,C01,6127,2341,AESTHETIC,RUN-AESTHETIC-4,2533,BASE,,Left,AESTHETIC,7661.0,2000-01-01T00:04:50.141Z,2000-01-01T00:04:58.196Z,vertical,,False
1819,5,P0005,352,3,B04,25478,2273,AESTHETIC,RUN-AESTHETIC-4,2657,CONTROL,RUN-CONTROL-4,Right,CONTROL,2898.0,2000-01-01T00:04:58.207Z,2000-01-01T00:05:01.344Z,vertical,,False
1820,5,P0005,352,3,C12,6127,2377,AESTHETIC,RUN-AESTHETIC-4,2569,BASE,,Right,BASE,10165.0,2000-01-01T00:05:01.355Z,2000-01-01T00:05:11.908Z,vertical,,False
1821,5,P0005,352,3,C17,25478,2395,AESTHETIC,RUN-AESTHETIC-4,2587,BASE,,Left,AESTHETIC,3139.0,2000-01-01T00:05:11.919Z,2000-01-01T00:05:15.311Z,vertical,,False
1822,5,P0005,352,3,B09,25478,2287,AESTHETIC,RUN-AESTHETIC-4,2671,CONTROL,RUN-CONTROL-4,Left,AESTHETIC,3415.0,2000-01-01T00:05:15.324Z,2000-01-01T00:05:18.985Z,vertical,,False
1823,5,P0005,352,3,C09,25478,2363,AESTHETIC,RUN-AESTHETIC-4,2747,CONTROL,RUN-CONTROL-4,Left,AESTHETIC,9592.0,2000-01-01T00:05:18.995Z,2000-01-01T00:05:29.003Z,vertical,,False
1824,5,P0005,352,3,B04,7,2474,BASE,,2666,CONTROL,RUN-CONTROL-4,Left,BASE,5067.0,2000-01-01T00:05:29.013Z,2000-01-01T00:05:34.346Z,vertical,,False
1825,5,P0005,352,3,B14,25478,2491,BASE,,2299,AESTHETIC,RUN-AESTHETIC-4,Left,BASE,3690.0,2000-01-01T00:05:34.357Z,2000-01-01T00:05:38.305Z,vertical,,False
1826,5,P0005,352,3,B15,7,2694,CONTROL,RUN-CONTROL-4,2502,BASE,,Right,BASE,2781.0,2000-01-01T00:05:38.315Z,2000-01-01T00:05:41.331Z,vertical,,False
1827,5,P0005,352,3,B02,6127,2279,AESTHETIC,RUN-AESTHETIC-4,2471,BASE,,Right,BASE,3146.0,2000-01-01T00:05:41.341Z,2000-01-01T00:05:44.747Z,vertical,,False
1828,5,P0005,352,3,B01,25478,2461,BASE,,2653,CONTROL,RUN-CONTROL-4,Left,BASE,2462.0,2000-01-01T00:05:44.758Z,2000-01-01T00:05:47.468Z,vertical,,False
1829,5,P0005,352,3,C07,6127,2359,AESTHETIC,RUN-AESTHETIC-4,2551,BASE,,Left,AESTHETIC,2078.0,2000-01-01T00:05:47.482Z,2000-01-01T00:05:49.825Z,vertical,,False
1830,5,P0005,352,3,B14,6127,2307,AESTHETIC,RUN-AESTHETIC-4,2691,CONTROL,RUN-CONTROL-4,Right,CONTROL,1767.0,2000-01-01T00:05:49.835Z,2000-01-01T00:05:51.867Z,vertical,,False
1831,5,P0005,352,3,B12,7,2490,BASE,,2682,CONTROL,RUN-CONTROL-4,Right,CONTROL,1966.0,2000-01-01T00:05:51.879Z,2000-01-01T00:05:54.084Z,vertical,,False
1832,5,P0005,352,3,B19,6127,2311,AESTHETIC,RUN-AESTHETIC-4,2503,BASE,,Left,AESTHETIC,2007.0,2000-01-01T00:05:54.092Z,2000-01-01T00:05:56.350Z,vertical,,False
1833,5,P0005,352,3,B12,6127,2489,BASE,,2681,CONTROL,RUN-CONTROL-4,Right,CONTROL,4187.0,2000-01-01T00:05:56.360Z,2000-01-01T00:06:00.802Z,vertical,,False
1834,5,P0005,352,3,B01,85,2654,CONTROL,RUN-CONTROL-4,2270,AESTHETIC,RUN-AESTHETIC-4,Left,CONTROL,3047.0,2000-01-01T00:06:00.814Z,2000-01-01T00:06:04.109Z,vertical,,False
1835,5,P0005,352,3,C05,25478,2347,AESTHETIC,RUN-AESTHETIC-4,2539,BASE,,Left,AESTHETIC,1498.0,2000-01-01T00:06:04.118Z,2000-01-01T00:06:05.866Z,vertical,,False
1836,5,P0005,352,3,C14,7,2774,CONTROL,RUN-CONTROL-4,2390,AESTHETIC,RUN-AESTHETIC-4,Left,CONTROL,1719.0,2000-01-01T00:06:05.876Z,2000-01-01T00:06:07.841Z,vertical,,False
1837,5,P0005,352,3,A26,6127,2457,BASE,,2649,CONTROL,RUN-CONTROL-4,Left,BASE,3658.0,2000-01-01T00:06:07.851Z,2000-01-01T00:06:11.766Z,vertical,,False
1838,5,P0005,352,3,B01,25478,2461,BASE,,2269,AESTHETIC,RUN-AESTHETIC-4,Left,BASE,1852.0,2000-01-01T00:06:11.776Z,2000-01-01T00:06:13.882Z,vertical,,False
1839,5,P0005,352,3,C10,7,2566,BASE,,2758,CONTROL,RUN-CONTROL-4,Right,CONTROL,2269.0,2000-01-01T00:06:13.893Z,2000-01-01T00:06:16.403Z,vertical,,False
1840,5,P0005,352,3,A22,25478,2253,AESTHETIC,RUN-AESTHETIC-4,2637,CONTROL,RUN-CONTROL-4,Left,AESTHETIC,3232.0,2000-01-01T00:06:16.414Z,2000-01-01T00:06:19.906Z,vertical,,False
1841,219,P0219,355,3,A08,85,2428,BASE,,2620,CONTROL,RUN-CONTROL-4,Right,CONTROL,14890.0,2000-01-01T00:02:54.356Z,2000-01-01T00:03:09.773Z,vertical,,False
1842,219,P0219,355,3,A27,7,2660,CONTROL,RUN-CONTROL-4,2468,BASE,,Tie,TIE,6871.0,2000-01-01T00:03:09.783Z,2000-01-01T00:03:16.866Z,vertical,,False
1843,219,P0219,355,3,B20,6127,2505,BASE,,2313,AESTHETIC,RUN-AESTHETIC-4,Right,AESTHETIC,6463.0,2000-01-01T00:03:16.875Z,2000-01-01T00:03:23.552Z,vertical,,False
1844,219,P0219,355,3,B25,25478,2317,AESTHETIC,RUN-AESTHETIC-4,2701,CONTROL,RUN-CONTROL-4,Tie,TIE,3839.0,2000-01-01T00:03:23.562Z,2000-01-01T00:03:27.617Z,vertical,,False
1845,219,P0219,355,3,A25,25478,2639,CONTROL,RUN-CONTROL-4,2447,BASE,,Left,CONTROL,14523.0,2000-01-01T00:03:27.627Z,2000-01-01T00:03:42.364Z,vertical,,False
1846,219,P0219,355,3,A11,85,2624,CONTROL,RUN-CONTROL-4,2432,BASE,,Right,BASE,10466.0,2000-01-01T00:03:42.374Z,2000-01-01T00:03:53.217Z,vertical,,False
1847,219,P0219,355,3,B27,6127,2713,CONTROL,RUN-CONTROL-4,2329,AESTHETIC,RUN-AESTHETIC-4,Right,AESTHETIC,28503.0,2000-01-01T00:03:53.231Z,2000-01-01T00:04:21.941Z,vertical,,False
1848,219,P0219,355,3,C15,6127,2583,BASE,,2391,AESTHETIC,RUN-AESTHETIC-4,Left,BASE,2561.0,2000-01-01T00:04:21.951Z,2000-01-01T00:04:24.725Z,vertical,,False
1849,219,P0219,355,3,A01,7,2612,CONTROL,RUN-CONTROL-4,2420,BASE,,Tie,TIE,3736.0,2000-01-01T00:04:24.735Z,2000-01-01T00:04:28.680Z,vertical,,False
1850,219,P0219,355,3,C02,6127,2343,AESTHETIC,RUN-AESTHETIC-4,2727,CONTROL,RUN-CONTROL-4,Tie,TIE,1553.0,2000-01-01T00:04:28.691Z,2000-01-01T00:04:30.453Z,vertical,,False
1851,219,P0219,355,3,B15,85,2302,AESTHETIC,RUN-AESTHETIC-4,2494,BASE,,Tie,TIE,1229.0,2000-01-01T00:04:30.467Z,2000-01-01T00:04:31.908Z,vertical,,False
1852,219,P0219,355,3,B27,6127,2521,BASE,,2329,AESTHETIC,RUN-AESTHETIC-4,Right,AESTHETIC,38429.0,2000-01-01T00:04:31.919Z,2000-01-01T00:05:10.629Z,vertical,,False
1853,219,P0219,355,3,C07,85,2736,CONTROL,RUN-CONTROL-4,2544,BASE,,Tie,TIE,1769.0,2000-01-01T00:05:10.639Z,2000-01-01T00:05:12.621Z,vertical,,False
1854,219,P0219,355,3,A01,6127,2611,CONTROL,RUN-CONTROL-4,2227,AESTHETIC,RUN-AESTHETIC-4,Tie,TIE,1205.0,2000-01-01T00:05:12.631Z,2000-01-01T00:05:14.049Z,vertical,,False
1855,219,P0219,355,3,A22,6127,2453,BASE,,2261,AESTHETIC,RUN-AESTHETIC-4,Tie,TIE,1417.0,2000-01-01T00:05:14.060Z,2000-01-01T00:05:15.702Z,vertical,,False
1856,219,P0219,355,3,C18,6127,2597,BASE,,2789,CONTROL,RUN-CONTROL-4,Right,CONTROL,3418.0,2000-01-01T00:05:15.713Z,2000-01-01T00:05:19.344Z,vertical,,False
1857,219,P0219,355,3,B19,7,2312,AESTHETIC,RUN-AESTHETIC-4,2696,CONTROL,RUN-CONTROL-4,Tie,TIE,1474.0,2000-01-01T00:05:19.356Z,2000-01-01T00:05:21.040Z,vertical,,False
1858,219,P0219,355,3,A22,25478,2253,AESTHETIC,RUN-AESTHETIC-4,2445,BASE,,Tie,TIE,3829.0,2000-01-01T00:05:21.051Z,2000-01-01T00:05:25.094Z,vertical,,False
1859,219,P0219,355,3,C05,7,2740,CONTROL,RUN-CONTROL-4,2548,BASE,,Tie,TIE,1384.0,2000-01-01T00:05:25.105Z,2000-01-01T00:05:26.698Z,vertical,,False
1860,219,P0219,355,3,A27,6127,2275,AESTHETIC,RUN-AESTHETIC-4,2659,CONTROL,RUN-CONTROL-4,Tie,TIE,1706.0,2000-01-01T00:05:26.711Z,2000-01-01T00:05:28.626Z,vertical,,False
1861,219,P0219,355,3,B19,85,2688,CONTROL,RUN-CONTROL-4,2304,AESTHETIC,RUN-AESTHETIC-4,Tie,TIE,1227.0,2000-01-01T00:05:28.636Z,2000-01-01T00:05:30.071Z,vertical,,False
1862,219,P0219,355,3,A02,6127,2421,BASE,,2613,CONTROL,RUN-CONTROL-4,Tie,TIE,1900.0,2000-01-01T00:05:30.080Z,2000-01-01T00:05:32.187Z,vertical,,False
1863,219,P0219,355,3,C14,6127,2389,AESTHETIC,RUN-AESTHETIC-4,2581,BASE,,Tie,TIE,1046.0,2000-01-01T00:05:32.198Z,2000-01-01T00:05:33.455Z,vertical,,False
1864,219,P0219,355,3,A27,25478,2459,BASE,,2651,CONTROL,RUN-CONTROL-4,Tie,TIE,1677.0,2000-01-01T00:05:33.467Z,2000-01-01T00:05:35.356Z,vertical,,False
1865,219,P0219,355,3,B20,6127,2505,BASE,,2697,CONTROL,RUN-CONTROL-4,Tie,TIE,3572.0,2000-01-01T00:05:35.367Z,2000-01-01T00:05:39.152Z,vertical,,False
1866,219,P0219,355,3,C06,85,2350,AESTHETIC,RUN-AESTHETIC-4,2542,BASE,,Tie,TIE,1445.0,2000-01-01T00:05:39.168Z,2000-01-01T00:05:40.860Z,vertical,,False
1867,219,P0219,355,3,A04,25478,2415,BASE,,2607,CONTROL,RUN-CONTROL-4,Tie,TIE,3328.0,2000-01-01T00:05:40.869Z,2000-01-01T00:05:44.408Z,vertical,,False
1868,219,P0219,355,3,C09,25478,2555,BASE,,2363,AESTHETIC,RUN-AESTHETIC-4,Tie,TIE,2132.0,2000-01-01T00:05:44.418Z,2000-01-01T00:05:46.761Z,vertical,,False
1869,219,P0219,355,3,A15,25478,2635,CONTROL,RUN-CONTROL-4,2251,AESTHETIC,RUN-AESTHETIC-4,Left,CONTROL,7770.0,2000-01-01T00:05:46.818Z,2000-01-01T00:05:54.879Z,vertical,,False
1870,219,P0219,355,3,B23,25478,2507,BASE,,2699,CONTROL,RUN-CONTROL-4,Left,BASE,7431.0,2000-01-01T00:05:54.886Z,2000-01-01T00:06:02.527Z,vertical,,False
1871,171,P0171,356,3,B15,6127,2501,BASE,,2693,CONTROL,RUN-CONTROL-4,Tie,TIE,18640.0,2000-01-01T00:00:10.420Z,2000-01-01T00:00:29.370Z,vertical,,False
1872,171,P0171,356,3,A02,25478,2605,CONTROL,RUN-CONTROL-4,2221,AESTHETIC,RUN-AESTHETIC-4,Right,AESTHETIC,4174.0,2000-01-01T00:00:29.380Z,2000-01-01T00:00:33.857Z,vertical,,False
1873,171,P0171,356,3,B29,25478,2331,AESTHETIC,RUN-AESTHETIC-4,2715,CONTROL,RUN-CONTROL-4,Right,CONTROL,5038.0,2000-01-01T00:00:33.867Z,2000-01-01T00:00:39.179Z,vertical,,False
1874,171,P0171,356,3,A07,25478,2417,BASE,,2225,AESTHETIC,RUN-AESTHETIC-4,Left,BASE,2800.0,2000-01-01T00:00:39.190Z,2000-01-01T00:00:42.295Z,vertical,,False
1875,171,P0171,356,3,C10,6127,2373,AESTHETIC,RUN-AESTHETIC-4,2565,BASE,,Left,AESTHETIC,6553.0,2000-01-01T00:00:42.304Z,2000-01-01T00:00:49.126Z,vertical,,False
1876,171,P0171,356,3,C10,6127,2757,CONTROL,RUN-CONTROL-4,2373,AESTHETIC,RUN-AESTHETIC-4,Right,AESTHETIC,5554.0,2000-01-01T00:00:49.136Z,2000-01-01T00:00:55.006Z,vertical,,False
1877,171,P0171,356,3,C19,25478,2783,CONTROL,RUN-CONTROL-4,2591,BASE,,Right,BASE,6395.0,2000-01-01T00:00:55.016Z,2000-01-01T00:01:01.676Z,vertical,,False
1878,171,P0171,356,3,B01,7,2662,CONTROL,RUN-CONTROL-4,2470,BASE,,Left,CONTROL,7054.0,2000-01-01T00:01:01.686Z,2000-01-01T00:01:09.027Z,vertical,,False
1879,171,P0171,356,3,B14,85,2492,BASE,,2684,CONTROL,RUN-CONTROL-4,Left,BASE,2402.0,2000-01-01T00:01:09.039Z,2000-01-01T00:01:11.732Z,vertical,,False
1880,171,P0171,356,3,C18,6127,2405,AESTHETIC,RUN-AESTHETIC-4,2597,BASE,,Right,BASE,2537.0,2000-01-01T00:01:11.744Z,2000-01-01T00:01:14.573Z,vertical,,False
1881,171,P0171,356,3,C08,85,2738,CONTROL,RUN-CONTROL-4,2354,AESTHETIC,RUN-AESTHETIC-4,Left,CONTROL,4644.0,2000-01-01T00:01:14.588Z,2000-01-01T00:01:19.531Z,vertical,,False
1882,171,P0171,356,3,A02,6127,2229,AESTHETIC,RUN-AESTHETIC-4,2613,CONTROL,RUN-CONTROL-4,Left,AESTHETIC,3417.0,2000-01-01T00:01:19.541Z,2000-01-01T00:01:23.231Z,vertical,,False
1883,171,P0171,356,3,B15,25478,2301,AESTHETIC,RUN-AESTHETIC-4,2493,BASE,,Left,AESTHETIC,10804.0,2000-01-01T00:01:23.241Z,2000-01-01T00:01:34.326Z,vertical,,False
1884,171,P0171,356,3,A11,6127,2247,AESTHETIC,RUN-AESTHETIC-4,2439,BASE,,Right,BASE,7429.0,2000-01-01T00:01:34.342Z,2000-01-01T00:01:42.064Z,vertical,,False
1885,171,P0171,356,3,A13,85,2626,CONTROL,RUN-CONTROL-4,2242,AESTHETIC,RUN-AESTHETIC-4,Right,AESTHETIC,2046.0,2000-01-01T00:01:42.074Z,2000-01-01T00:01:44.431Z,vertical,,False
1886,171,P0171,356,3,C13,7,2388,AESTHETIC,RUN-AESTHETIC-4,2580,BASE,,Left,AESTHETIC,6028.0,2000-01-01T00:01:44.442Z,2000-01-01T00:01:50.737Z,vertical,,False
1887,171,P0171,356,3,A27,85,2460,BASE,,2268,AESTHETIC,RUN-AESTHETIC-4,Right,AESTHETIC,5620.0,2000-01-01T00:01:50.747Z,2000-01-01T00:01:56.666Z,vertical,,False
1888,171,P0171,356,3,B29,25478,2715,CONTROL,RUN-CONTROL-4,2523,BASE,,Left,CONTROL,3376.0,2000-01-01T00:01:56.676Z,2000-01-01T00:02:00.338Z,vertical,,False
1889,171,P0171,356,3,B01,6127,2661,CONTROL,RUN-CONTROL-4,2277,AESTHETIC,RUN-AESTHETIC-4,Right,AESTHETIC,16981.0,2000-01-01T00:02:00.464Z,2000-01-01T00:02:17.740Z,vertical,,False
1890,171,P0171,356,3,C05,7,2548,BASE,,2356,AESTHETIC,RUN-AESTHETIC-4,Right,AESTHETIC,3084.0,2000-01-01T00:02:17.752Z,2000-01-01T00:02:21.127Z,vertical,,False
1891,171,P0171,356,3,C10,7,2374,AESTHETIC,RUN-AESTHETIC-4,2566,BASE,,Left,AESTHETIC,2133.0,2000-01-01T00:02:21.139Z,2000-01-01T00:02:23.572Z,vertical,,False
1892,171,P0171,356,3,A25,7,2456,BASE,,2648,CONTROL,RUN-CONTROL-4,Left,BASE,4391.0,2000-01-01T00:02:23.588Z,2000-01-01T00:02:28.246Z,vertical,,False
1893,171,P0171,356,3,B14,7,2500,BASE,,2308,AESTHETIC,RUN-AESTHETIC-4,Left,BASE,2710.0,2000-01-01T00:02:28.257Z,2000-01-01T00:02:31.246Z,vertical,,False
1894,171,P0171,356,3,B08,7,2486,BASE,,2294,AESTHETIC,RUN-AESTHETIC-4,Left,BASE,1984.0,2000-01-01T00:02:31.258Z,2000-01-01T00:02:33.526Z,vertical,,False
1895,171,P0171,356,3,A22,7,2262,AESTHETIC,RUN-AESTHETIC-4,2454,BASE,,Right,BASE,2404.0,2000-01-01T00:02:33.536Z,2000-01-01T00:02:36.225Z,vertical,,False
1896,171,P0171,356,3,B01,85,2462,BASE,,2654,CONTROL,RUN-CONTROL-4,Left,BASE,2648.0,2000-01-01T00:02:36.245Z,2000-01-01T00:02:39.166Z,vertical,,False
1897,171,P0171,356,3,C01,85,2526,BASE,,2718,CONTROL,RUN-CONTROL-4,Left,BASE,2167.0,2000-01-01T00:02:39.177Z,2000-01-01T00:02:41.626Z,vertical,,False
1898,171,P0171,356,3,A22,85,2254,AESTHETIC,RUN-AESTHETIC-4,2638,CONTROL,RUN-CONTROL-4,Left,AESTHETIC,1923.0,2000-01-01T00:02:41.636Z,2000-01-01T00:02:43.847Z,vertical,,False
1899,171,P0171,356,3,A08,6127,2243,AESTHETIC,RUN-AESTHETIC-4,2435,BASE,,Right,BASE,2203.0,2000-01-01T00:02:43.858Z,2000-01-01T00:02:46.346Z,vertical,,False
1900,171,P0171,356,3,C04,6127,2537,BASE,,2729,CONTROL,RUN-CONTROL-4,Left,BASE,2050.0,2000-01-01T00:02:46.356Z,2000-01-01T00:02:48.687Z,vertical,,False
1901,291,P0291,359,3,C19,7,2792,CONTROL,RUN-CONTROL-4,2600,BASE,,Left,CONTROL,10762.0,2000-01-01T00:03:53.935Z,2000-01-01T00:04:05.399Z,horizontal,,False
1902,291,P0291,359,3,C05,6127,2739,CONTROL,RUN-CONTROL-4,2547,BASE,,Right,BASE,5656.0,2000-01-01T00:04:05.409Z,2000-01-01T00:04:11.291Z,horizontal,,False
1903,291,P0291,359,3,C19,85,2400,AESTHETIC,RUN-AESTHETIC-4,2784,CONTROL,RUN-CONTROL-4,Left,AESTHETIC,3269.0,2000-01-01T00:04:11.301Z,2000-01-01T00:04:14.783Z,horizontal,,False
1904,291,P0291,359,3,C12,25478,2369,AESTHETIC,RUN-AESTHETIC-4,2561,BASE,,Left,AESTHETIC,1927.0,2000-01-01T00:04:14.794Z,2000-01-01T00:04:16.932Z,horizontal,,False
1905,291,P0291,359,3,C14,6127,2389,AESTHETIC,RUN-AESTHETIC-4,2773,CONTROL,RUN-CONTROL-4,Right,CONTROL,6221.0,2000-01-01T00:04:16.942Z,2000-01-01T00:04:23.382Z,horizontal,,False
1906,291,P0291,359,3,A25,6127,2647,CONTROL,RUN-CONTROL-4,2263,AESTHETIC,RUN-AESTHETIC-4,Right,AESTHETIC,4914.0,2000-01-01T00:04:23.392Z,2000-01-01T00:04:28.520Z,horizontal,,False
1907,291,P0291,359,3,C17,25478,2779,CONTROL,RUN-CONTROL-4,2395,AESTHETIC,RUN-AESTHETIC-4,Left,CONTROL,2375.0,2000-01-01T00:04:28.531Z,2000-01-01T00:04:31.124Z,horizontal,,False
1908,291,P0291,359,3,C16,85,2770,CONTROL,RUN-CONTROL-4,2386,AESTHETIC,RUN-AESTHETIC-4,Tie,TIE,2307.0,2000-01-01T00:04:31.135Z,2000-01-01T00:04:33.656Z,horizontal,,False
1909,291,P0291,359,3,B19,6127,2695,CONTROL,RUN-CONTROL-4,2503,BASE,,Left,CONTROL,2848.0,2000-01-01T00:04:33.666Z,2000-01-01T00:04:36.733Z,horizontal,,False
1910,291,P0291,359,3,A26,25478,2449,BASE,,2641,CONTROL,RUN-CONTROL-4,Left,BASE,6308.0,2000-01-01T00:04:36.744Z,2000-01-01T00:04:43.288Z,horizontal,,False
1911,291,P0291,359,3,C07,85,2352,AESTHETIC,RUN-AESTHETIC-4,2544,BASE,,Tie,TIE,3267.0,2000-01-01T00:04:43.299Z,2000-01-01T00:04:46.800Z,horizontal,,False
1912,291,P0291,359,3,B19,25478,2687,CONTROL,RUN-CONTROL-4,2495,BASE,,Left,CONTROL,4018.0,2000-01-01T00:04:46.813Z,2000-01-01T00:04:51.072Z,horizontal,,False
1913,291,P0291,359,3,C02,6127,2535,BASE,,2343,AESTHETIC,RUN-AESTHETIC-4,Left,BASE,1150.0,2000-01-01T00:04:51.081Z,2000-01-01T00:04:52.450Z,horizontal,,False
1914,291,P0291,359,3,C02,85,2336,AESTHETIC,RUN-AESTHETIC-4,2720,CONTROL,RUN-CONTROL-4,Right,CONTROL,26628.0,2000-01-01T00:04:52.461Z,2000-01-01T00:05:19.329Z,horizontal,,False
1915,291,P0291,359,3,C05,25478,2731,CONTROL,RUN-CONTROL-4,2347,AESTHETIC,RUN-AESTHETIC-4,Right,AESTHETIC,3543.0,2000-01-01T00:05:19.341Z,2000-01-01T00:05:23.349Z,horizontal,,False
1916,291,P0291,359,3,C12,6127,2761,CONTROL,RUN-CONTROL-4,2569,BASE,,Left,CONTROL,5225.0,2000-01-01T00:05:23.366Z,2000-01-01T00:05:28.804Z,horizontal,,False
1917,291,P0291,359,3,B09,25478,2671,CONTROL,RUN-CONTROL-4,2479,BASE,,Left,CONTROL,1329.0,2000-01-01T00:05:28.815Z,2000-01-01T00:05:30.362Z,horizontal,,False
1918,291,P0291,359,3,C14,7,2582,BASE,,2390,AESTHETIC,RUN-AESTHETIC-4,Left,BASE,5673.0,2000-01-01T00:05:30.374Z,2000-01-01T00:05:36.400Z,horizontal,,False
1919,291,P0291,359,3,A27,85,2460,BASE,,2652,CONTROL,RUN-CONTROL-4,Right,CONTROL,17645.0,2000-01-01T00:05:36.411Z,2000-01-01T00:05:54.274Z,horizontal,,False
1920,291,P0291,359,3,B27,25478,2705,CONTROL,RUN-CONTROL-4,2321,AESTHETIC,RUN-AESTHETIC-4,Left,CONTROL,2277.0,2000-01-01T00:05:54.284Z,2000-01-01T00:05:56.779Z,horizontal,,False
1921,291,P0291,359,3,C05,85,2348,AESTHETIC,RUN-AESTHETIC-4,2732,CONTROL,RUN-CONTROL-4,Left,AESTHETIC,2344.0,2000-01-01T00:05:56.811Z,2000-01-01T00:05:59.372Z,horizontal,,False
1922,291,P0291,359,3,C08,25478,2353,AESTHETIC,RUN-AESTHETIC-4,2737,CONTROL,RUN-CONTROL-4,Left,AESTHETIC,1892.0,2000-01-01T00:05:59.389Z,2000-01-01T00:06:01.496Z,horizontal,,False
1923,291,P0291,359,3,B26,25478,2319,AESTHETIC,RUN-AESTHETIC-4,2511,BASE,,Left,AESTHETIC,1373.0,2000-01-01T00:06:01.508Z,2000-01-01T00:06:03.093Z,horizontal,,False
1924,291,P0291,359,3,C19,7,2408,AESTHETIC,RUN-AESTHETIC-4,2792,CONTROL,RUN-CONTROL-4,Left,AESTHETIC,3112.0,2000-01-01T00:06:03.103Z,2000-01-01T00:06:06.431Z,horizontal,,False
1925,291,P0291,359,3,C08,85,2546,BASE,,2738,CONTROL,RUN-CONTROL-4,Left,BASE,3322.0,2000-01-01T00:06:06.442Z,2000-01-01T00:06:10.006Z,horizontal,,False
1926,291,P0291,359,3,B19,25478,2495,BASE,,2303,AESTHETIC,RUN-AESTHETIC-4,Left,BASE,2471.0,2000-01-01T00:06:10.016Z,2000-01-01T00:06:12.700Z,horizontal,,False
1927,291,P0291,359,3,B25,6127,2709,CONTROL,RUN-CONTROL-4,2517,BASE,,Right,BASE,2409.0,2000-01-01T00:06:12.709Z,2000-01-01T00:06:15.330Z,horizontal,,False
1928,291,P0291,359,3,C17,25478,2587,BASE,,2779,CONTROL,RUN-CONTROL-4,Right,CONTROL,20220.0,2000-01-01T00:06:15.339Z,2000-01-01T00:06:35.770Z,horizontal,,False
1929,291,P0291,359,3,B27,85,2514,BASE,,2322,AESTHETIC,RUN-AESTHETIC-4,Right,AESTHETIC,3080.0,2000-01-01T00:06:35.780Z,2000-01-01T00:06:39.072Z,horizontal,,False
1930,291,P0291,359,3,A11,6127,2247,AESTHETIC,RUN-AESTHETIC-4,2631,CONTROL,RUN-CONTROL-4,Right,CONTROL,2443.0,2000-01-01T00:06:39.081Z,2000-01-01T00:06:41.736Z,horizontal,,False
1931,1,P0001,360,3,C19,85,2400,AESTHETIC,RUN-AESTHETIC-4,2592,BASE,,Left,AESTHETIC,17949.0,2000-01-01T00:00:09.487Z,2000-01-01T00:00:27.574Z,vertical,,False
1932,1,P0001,360,3,C09,6127,2371,AESTHETIC,RUN-AESTHETIC-4,2755,CONTROL,RUN-CONTROL-4,Tie,TIE,7285.0,2000-01-01T00:00:27.590Z,2000-01-01T00:00:35.067Z,vertical,,False
1933,1,P0001,360,3,A22,85,2254,AESTHETIC,RUN-AESTHETIC-4,2446,BASE,,Tie,TIE,1718.0,2000-01-01T00:00:35.077Z,2000-01-01T00:00:36.982Z,vertical,,False
1934,1,P0001,360,3,B14,6127,2691,CONTROL,RUN-CONTROL-4,2499,BASE,,Right,BASE,4051.0,2000-01-01T00:00:36.992Z,2000-01-01T00:00:41.233Z,vertical,,False
1935,1,P0001,360,3,C16,85,2770,CONTROL,RUN-CONTROL-4,2578,BASE,,Left,CONTROL,4352.0,2000-01-01T00:00:41.243Z,2000-01-01T00:00:45.782Z,vertical,,False
1936,1,P0001,360,3,B06,6127,2675,CONTROL,RUN-CONTROL-4,2483,BASE,,Tie,TIE,3056.0,2000-01-01T00:00:45.791Z,2000-01-01T00:00:49.037Z,vertical,,False
1937,1,P0001,360,3,C02,25478,2719,CONTROL,RUN-CONTROL-4,2527,BASE,,Right,BASE,6811.0,2000-01-01T00:00:49.047Z,2000-01-01T00:00:56.048Z,vertical,,False
1938,1,P0001,360,3,C08,7,2362,AESTHETIC,RUN-AESTHETIC-4,2554,BASE,,Tie,TIE,3822.0,2000-01-01T00:00:56.057Z,2000-01-01T00:01:00.072Z,vertical,,False
1939,1,P0001,360,3,C09,7,2372,AESTHETIC,RUN-AESTHETIC-4,2756,CONTROL,RUN-CONTROL-4,Left,AESTHETIC,2684.0,2000-01-01T00:01:00.091Z,2000-01-01T00:01:02.971Z,vertical,,False
1940,1,P0001,360,3,A22,6127,2453,BASE,,2645,CONTROL,RUN-CONTROL-4,Tie,TIE,2786.0,2000-01-01T00:01:02.981Z,2000-01-01T00:01:05.958Z,vertical,,False
1941,1,P0001,360,3,C19,25478,2783,CONTROL,RUN-CONTROL-4,2399,AESTHETIC,RUN-AESTHETIC-4,Left,CONTROL,4263.0,2000-01-01T00:01:05.970Z,2000-01-01T00:01:10.424Z,vertical,,False
1942,1,P0001,360,3,B08,7,2678,CONTROL,RUN-CONTROL-4,2486,BASE,,Right,BASE,3253.0,2000-01-01T00:01:10.433Z,2000-01-01T00:01:13.873Z,vertical,,False
1943,1,P0001,360,3,A13,6127,2633,CONTROL,RUN-CONTROL-4,2249,AESTHETIC,RUN-AESTHETIC-4,Right,AESTHETIC,1738.0,2000-01-01T00:01:13.883Z,2000-01-01T00:01:15.809Z,vertical,,False
1944,1,P0001,360,3,B02,25478,2463,BASE,,2655,CONTROL,RUN-CONTROL-4,Left,BASE,1530.0,2000-01-01T00:01:15.819Z,2000-01-01T00:01:17.541Z,vertical,,False
1945,1,P0001,360,3,A13,6127,2249,AESTHETIC,RUN-AESTHETIC-4,2441,BASE,,Tie,TIE,1504.0,2000-01-01T00:01:17.552Z,2000-01-01T00:01:19.245Z,vertical,,False
1946,1,P0001,360,3,B25,6127,2517,BASE,,2325,AESTHETIC,RUN-AESTHETIC-4,Right,AESTHETIC,2641.0,2000-01-01T00:01:19.254Z,2000-01-01T00:01:22.091Z,vertical,,False
1947,1,P0001,360,3,C14,7,2582,BASE,,2774,CONTROL,RUN-CONTROL-4,Left,BASE,2598.0,2000-01-01T00:01:22.101Z,2000-01-01T00:01:24.892Z,vertical,,False
1948,1,P0001,360,3,C14,25478,2765,CONTROL,RUN-CONTROL-4,2381,AESTHETIC,RUN-AESTHETIC-4,Right,AESTHETIC,1902.0,2000-01-01T00:01:24.901Z,2000-01-01T00:01:26.992Z,vertical,,False
1949,1,P0001,360,3,B14,25478,2299,AESTHETIC,RUN-AESTHETIC-4,2683,CONTROL,RUN-CONTROL-4,Tie,TIE,2289.0,2000-01-01T00:01:27.011Z,2000-01-01T00:01:29.496Z,vertical,,False
1950,1,P0001,360,3,B26,7,2328,AESTHETIC,RUN-AESTHETIC-4,2712,CONTROL,RUN-CONTROL-4,Right,CONTROL,2507.0,2000-01-01T00:01:29.507Z,2000-01-01T00:01:32.211Z,vertical,,False
1951,1,P0001,360,3,B08,7,2294,AESTHETIC,RUN-AESTHETIC-4,2678,CONTROL,RUN-CONTROL-4,Left,AESTHETIC,2715.0,2000-01-01T00:01:32.221Z,2000-01-01T00:01:35.123Z,vertical,,False
1952,1,P0001,360,3,B14,7,2692,CONTROL,RUN-CONTROL-4,2308,AESTHETIC,RUN-AESTHETIC-4,Tie,TIE,2155.0,2000-01-01T00:01:35.132Z,2000-01-01T00:01:37.477Z,vertical,,False
1953,1,P0001,360,3,A27,6127,2659,CONTROL,RUN-CONTROL-4,2467,BASE,,Right,BASE,7172.0,2000-01-01T00:01:37.486Z,2000-01-01T00:01:44.846Z,vertical,,False
1954,1,P0001,360,3,B19,25478,2687,CONTROL,RUN-CONTROL-4,2303,AESTHETIC,RUN-AESTHETIC-4,Right,AESTHETIC,3132.0,2000-01-01T00:01:44.856Z,2000-01-01T00:01:48.179Z,vertical,,False
1955,1,P0001,360,3,B12,7,2298,AESTHETIC,RUN-AESTHETIC-4,2682,CONTROL,RUN-CONTROL-4,Left,AESTHETIC,1882.0,2000-01-01T00:01:48.191Z,2000-01-01T00:01:50.259Z,vertical,,False
1956,1,P0001,360,3,A27,7,2660,CONTROL,RUN-CONTROL-4,2276,AESTHETIC,RUN-AESTHETIC-4,Left,CONTROL,1985.0,2000-01-01T00:01:50.269Z,2000-01-01T00:01:52.445Z,vertical,,False
1957,1,P0001,360,3,C02,25478,2719,CONTROL,RUN-CONTROL-4,2335,AESTHETIC,RUN-AESTHETIC-4,Left,CONTROL,4603.0,2000-01-01T00:01:52.456Z,2000-01-01T00:01:57.247Z,vertical,,False
1958,1,P0001,360,3,C04,25478,2337,AESTHETIC,RUN-AESTHETIC-4,2721,CONTROL,RUN-CONTROL-4,Right,CONTROL,1488.0,2000-01-01T00:01:57.257Z,2000-01-01T00:01:58.931Z,vertical,,False
1959,1,P0001,360,3,C06,25478,2733,CONTROL,RUN-CONTROL-4,2349,AESTHETIC,RUN-AESTHETIC-4,Tie,TIE,3653.0,2000-01-01T00:01:58.940Z,2000-01-01T00:02:02.780Z,vertical,,False
1960,1,P0001,360,3,C20,7,2602,BASE,,2794,CONTROL,RUN-CONTROL-4,Tie,TIE,2122.0,2000-01-01T00:02:02.790Z,2000-01-01T00:02:05.100Z,vertical,,False
1961,91,P0091,363,3,A26,6127,2649,CONTROL,RUN-CONTROL-4,2265,AESTHETIC,RUN-AESTHETIC-4,Right,AESTHETIC,2466.0,2000-01-03T14:27:10.759Z,2000-01-03T14:27:13.476Z,vertical,,False
1962,91,P0091,363,3,B20,85,2690,CONTROL,RUN-CONTROL-4,2498,BASE,,Left,CONTROL,4996.0,2000-01-03T14:27:13.488Z,2000-01-03T14:27:18.723Z,vertical,,False
1963,91,P0091,363,3,A26,7,2458,BASE,,2266,AESTHETIC,RUN-AESTHETIC-4,Right,AESTHETIC,4683.0,2000-01-03T14:27:18.733Z,2000-01-03T14:27:23.692Z,vertical,,False
1964,91,P0091,363,3,A26,7,2650,CONTROL,RUN-CONTROL-4,2458,BASE,,Left,CONTROL,7225.0,2000-01-03T14:27:23.702Z,2000-01-03T14:27:31.181Z,vertical,,False
1965,91,P0091,363,3,B06,6127,2291,AESTHETIC,RUN-AESTHETIC-4,2675,CONTROL,RUN-CONTROL-4,Left,AESTHETIC,4575.0,2000-01-03T14:27:31.192Z,2000-01-03T14:27:36.114Z,vertical,,False
1966,91,P0091,363,3,A26,7,2650,CONTROL,RUN-CONTROL-4,2266,AESTHETIC,RUN-AESTHETIC-4,Right,AESTHETIC,2251.0,2000-01-03T14:27:36.125Z,2000-01-03T14:27:38.673Z,vertical,,False
1967,91,P0091,363,3,C18,85,2782,CONTROL,RUN-CONTROL-4,2398,AESTHETIC,RUN-AESTHETIC-4,Left,CONTROL,3480.0,2000-01-03T14:27:38.683Z,2000-01-03T14:27:42.514Z,vertical,,False
1968,91,P0091,363,3,C05,6127,2739,CONTROL,RUN-CONTROL-4,2355,AESTHETIC,RUN-AESTHETIC-4,Right,AESTHETIC,3134.0,2000-01-03T14:27:42.529Z,2000-01-03T14:27:45.922Z,vertical,,False
1969,91,P0091,363,3,C14,25478,2765,CONTROL,RUN-CONTROL-4,2573,BASE,,Left,CONTROL,1547.0,2000-01-03T14:27:45.931Z,2000-01-03T14:27:47.796Z,vertical,,False
1970,91,P0091,363,3,B27,85,2706,CONTROL,RUN-CONTROL-4,2514,BASE,,Left,CONTROL,2977.0,2000-01-03T14:27:47.807Z,2000-01-03T14:27:51.082Z,vertical,,False
1971,91,P0091,363,3,C18,25478,2781,CONTROL,RUN-CONTROL-4,2397,AESTHETIC,RUN-AESTHETIC-4,Left,CONTROL,1614.0,2000-01-03T14:27:51.092Z,2000-01-03T14:27:52.985Z,vertical,,False
1972,91,P0091,363,3,A01,7,2228,AESTHETIC,RUN-AESTHETIC-4,2420,BASE,,Right,BASE,4342.0,2000-01-03T14:27:52.995Z,2000-01-03T14:27:57.565Z,vertical,,False
1973,91,P0091,363,3,B04,7,2666,CONTROL,RUN-CONTROL-4,2282,AESTHETIC,RUN-AESTHETIC-4,Left,CONTROL,3013.0,2000-01-03T14:27:57.575Z,2000-01-03T14:28:00.838Z,vertical,,False
1974,91,P0091,363,3,C07,6127,2359,AESTHETIC,RUN-AESTHETIC-4,2743,CONTROL,RUN-CONTROL-4,Left,AESTHETIC,2283.0,2000-01-03T14:28:00.848Z,2000-01-03T14:28:03.368Z,vertical,,False
1975,91,P0091,363,3,C05,7,2356,AESTHETIC,RUN-AESTHETIC-4,2740,CONTROL,RUN-CONTROL-4,Right,CONTROL,2541.0,2000-01-03T14:28:03.379Z,2000-01-03T14:28:06.149Z,vertical,,False
1976,91,P0091,363,3,C08,6127,2361,AESTHETIC,RUN-AESTHETIC-4,2745,CONTROL,RUN-CONTROL-4,Left,AESTHETIC,1706.0,2000-01-03T14:28:06.160Z,2000-01-03T14:28:08.130Z,vertical,,False
1977,91,P0091,363,3,A07,6127,2425,BASE,,2233,AESTHETIC,RUN-AESTHETIC-4,Left,BASE,2490.0,2000-01-03T14:28:08.141Z,2000-01-03T14:28:10.877Z,vertical,,False
1978,91,P0091,363,3,B27,7,2714,CONTROL,RUN-CONTROL-4,2522,BASE,,Left,CONTROL,2036.0,2000-01-03T14:28:10.887Z,2000-01-03T14:28:13.160Z,vertical,,False
1979,91,P0091,363,3,B20,25478,2305,AESTHETIC,RUN-AESTHETIC-4,2689,CONTROL,RUN-CONTROL-4,Left,AESTHETIC,1976.0,2000-01-03T14:28:13.171Z,2000-01-03T14:28:15.377Z,vertical,,False
1980,91,P0091,363,3,B23,85,2700,CONTROL,RUN-CONTROL-4,2508,BASE,,Left,CONTROL,2470.0,2000-01-03T14:28:15.387Z,2000-01-03T14:28:18.119Z,vertical,,False
1981,91,P0091,363,3,B27,25478,2321,AESTHETIC,RUN-AESTHETIC-4,2513,BASE,,Right,BASE,4239.0,2000-01-03T14:28:18.130Z,2000-01-03T14:28:22.614Z,vertical,,False
1982,91,P0091,363,3,B02,85,2656,CONTROL,RUN-CONTROL-4,2464,BASE,,Right,BASE,1603.0,2000-01-03T14:28:22.625Z,2000-01-03T14:28:24.518Z,vertical,,False
1983,91,P0091,363,3,C17,7,2404,AESTHETIC,RUN-AESTHETIC-4,2788,CONTROL,RUN-CONTROL-4,Left,AESTHETIC,1721.0,2000-01-03T14:28:24.537Z,2000-01-03T14:28:26.489Z,vertical,,False
1984,91,P0091,363,3,A04,85,2224,AESTHETIC,RUN-AESTHETIC-4,2416,BASE,,Left,AESTHETIC,4049.0,2000-01-03T14:28:26.521Z,2000-01-03T14:28:30.833Z,vertical,,False
1985,91,P0091,363,3,A27,25478,2267,AESTHETIC,RUN-AESTHETIC-4,2459,BASE,,Left,AESTHETIC,1952.0,2000-01-03T14:28:30.843Z,2000-01-03T14:28:33.055Z,vertical,,False
1986,91,P0091,363,3,C04,7,2538,BASE,,2730,CONTROL,RUN-CONTROL-4,Left,BASE,1872.0,2000-01-03T14:28:33.068Z,2000-01-03T14:28:35.234Z,vertical,,False
1987,91,P0091,363,3,A08,25478,2427,BASE,,2619,CONTROL,RUN-CONTROL-4,Left,BASE,3115.0,2000-01-03T14:28:35.244Z,2000-01-03T14:28:38.833Z,vertical,,False
1988,91,P0091,363,3,A09,25478,2429,BASE,,2237,AESTHETIC,RUN-AESTHETIC-4,Right,AESTHETIC,1825.0,2000-01-03T14:28:38.845Z,2000-01-03T14:28:40.944Z,vertical,,False
1989,91,P0091,363,3,C19,6127,2599,BASE,,2407,AESTHETIC,RUN-AESTHETIC-4,Right,AESTHETIC,1863.0,2000-01-03T14:28:40.954Z,2000-01-03T14:28:43.115Z,vertical,,False
1990,91,P0091,363,3,B04,7,2474,BASE,,2282,AESTHETIC,RUN-AESTHETIC-4,Right,AESTHETIC,1232.0,2000-01-03T14:28:43.125Z,2000-01-03T14:28:44.639Z,vertical,,False
1991,33,P0033,365,3,A27,25478,2267,AESTHETIC,RUN-AESTHETIC-4,2651,CONTROL,RUN-CONTROL-4,Left,AESTHETIC,6657.0,2000-01-01T00:00:43.228Z,2000-01-01T00:00:50.094Z,horizontal,,False
1992,33,P0033,365,3,A27,7,2468,BASE,,2276,AESTHETIC,RUN-AESTHETIC-4,Right,AESTHETIC,13180.0,2000-01-01T00:00:50.104Z,2000-01-01T00:01:03.503Z,horizontal,,False
1993,33,P0033,365,3,C04,7,2730,CONTROL,RUN-CONTROL-4,2346,AESTHETIC,RUN-AESTHETIC-4,Right,AESTHETIC,6967.0,2000-01-01T00:01:03.512Z,2000-01-01T00:01:13.169Z,horizontal,,False
1994,33,P0033,365,3,B27,6127,2521,BASE,,2713,CONTROL,RUN-CONTROL-4,Right,CONTROL,7342.0,2000-01-01T00:01:13.179Z,2000-01-01T00:01:25.339Z,horizontal,,False
1995,33,P0033,365,3,C04,6127,2729,CONTROL,RUN-CONTROL-4,2345,AESTHETIC,RUN-AESTHETIC-4,Right,AESTHETIC,3680.0,2000-01-01T00:01:25.349Z,2000-01-01T00:01:29.385Z,horizontal,,False
1996,33,P0033,365,3,C11,85,2752,CONTROL,RUN-CONTROL-4,2368,AESTHETIC,RUN-AESTHETIC-4,Left,CONTROL,11510.0,2000-01-01T00:01:29.397Z,2000-01-01T00:01:42.732Z,horizontal,,False
1997,33,P0033,365,3,C19,85,2592,BASE,,2784,CONTROL,RUN-CONTROL-4,Left,BASE,13805.0,2000-01-01T00:01:42.744Z,2000-01-01T00:01:56.769Z,horizontal,,False
1998,33,P0033,365,3,C09,6127,2755,CONTROL,RUN-CONTROL-4,2563,BASE,,Tie,TIE,13788.0,2000-01-01T00:01:56.779Z,2000-01-01T00:02:10.786Z,horizontal,,False
1999,33,P0033,365,3,A11,25478,2431,BASE,,2239,AESTHETIC,RUN-AESTHETIC-4,Left,BASE,7320.0,2000-01-01T00:02:10.796Z,2000-01-01T00:02:18.391Z,horizontal,,False
2000,33,P0033,365,3,A13,7,2442,BASE,,2634,CONTROL,RUN-CONTROL-4,Left,BASE,3900.0,2000-01-01T00:02:18.404Z,2000-01-01T00:02:22.530Z,horizontal,,False
2001,33,P0033,365,3,A08,7,2244,AESTHETIC,RUN-AESTHETIC-4,2436,BASE,,Left,AESTHETIC,5297.0,2000-01-01T00:02:22.541Z,2000-01-01T00:02:42.011Z,horizontal,,False
2002,33,P0033,365,3,B23,7,2324,AESTHETIC,RUN-AESTHETIC-4,2516,BASE,,Left,AESTHETIC,119.0,2000-01-01T00:02:42.019Z,2000-01-01T00:02:43.230Z,horizontal,VeryFastResponse,True
2003,33,P0033,365,3,B26,85,2320,AESTHETIC,RUN-AESTHETIC-4,2704,CONTROL,RUN-CONTROL-4,Right,CONTROL,9960.0,2000-01-01T00:02:43.244Z,2000-01-01T00:03:04.318Z,horizontal,,False
2004,33,P0033,365,3,B12,6127,2681,CONTROL,RUN-CONTROL-4,2297,AESTHETIC,RUN-AESTHETIC-4,Left,CONTROL,5974.0,2000-01-01T00:03:04.327Z,2000-01-01T00:03:10.613Z,horizontal,,False
2005,33,P0033,365,3,C20,7,2410,AESTHETIC,RUN-AESTHETIC-4,2602,BASE,,Right,BASE,6738.0,2000-01-01T00:03:10.625Z,2000-01-01T00:03:17.663Z,horizontal,,False
2006,33,P0033,365,3,C16,25478,2385,AESTHETIC,RUN-AESTHETIC-4,2577,BASE,,Right,BASE,8669.0,2000-01-01T00:03:17.674Z,2000-01-01T00:03:26.838Z,horizontal,,False
2007,33,P0033,365,3,C01,25478,2525,BASE,,2333,AESTHETIC,RUN-AESTHETIC-4,Right,AESTHETIC,6619.0,2000-01-01T00:03:26.849Z,2000-01-01T00:03:36.105Z,horizontal,,False
2008,33,P0033,365,3,C11,6127,2567,BASE,,2759,CONTROL,RUN-CONTROL-4,Tie,TIE,7605.0,2000-01-01T00:03:36.114Z,2000-01-01T00:03:43.932Z,horizontal,,False
2009,33,P0033,365,3,C05,85,2540,BASE,,2732,CONTROL,RUN-CONTROL-4,Right,CONTROL,2352.0,2000-01-01T00:03:43.942Z,2000-01-01T00:03:46.494Z,horizontal,,False
2010,33,P0033,365,3,C10,7,2758,CONTROL,RUN-CONTROL-4,2374,AESTHETIC,RUN-AESTHETIC-4,Tie,TIE,2442.0,2000-01-01T00:03:46.505Z,2000-01-01T00:03:51.934Z,horizontal,,False
2011,33,P0033,365,3,A26,6127,2265,AESTHETIC,RUN-AESTHETIC-4,2457,BASE,,Left,AESTHETIC,7774.0,2000-01-01T00:03:51.944Z,2000-01-01T00:04:03.263Z,horizontal,,False
2012,33,P0033,365,3,B26,6127,2519,BASE,,2711,CONTROL,RUN-CONTROL-4,Right,CONTROL,6219.0,2000-01-01T00:04:03.274Z,2000-01-01T00:04:09.696Z,horizontal,,False
2013,33,P0033,365,3,C18,7,2790,CONTROL,RUN-CONTROL-4,2406,AESTHETIC,RUN-AESTHETIC-4,Left,CONTROL,5183.0,2000-01-01T00:04:09.707Z,2000-01-01T00:04:15.101Z,horizontal,,False
2014,33,P0033,365,3,C12,7,2762,CONTROL,RUN-CONTROL-4,2378,AESTHETIC,RUN-AESTHETIC-4,Left,CONTROL,4362.0,2000-01-01T00:04:15.269Z,2000-01-01T00:04:19.857Z,horizontal,,False
2015,33,P0033,365,3,A09,6127,2629,CONTROL,RUN-CONTROL-4,2245,AESTHETIC,RUN-AESTHETIC-4,Right,AESTHETIC,13355.0,2000-01-01T00:04:19.868Z,2000-01-01T00:04:34.914Z,horizontal,,False
2016,33,P0033,365,3,C17,85,2396,AESTHETIC,RUN-AESTHETIC-4,2588,BASE,,Right,BASE,3232.0,2000-01-01T00:04:34.926Z,2000-01-01T00:04:38.591Z,horizontal,,False
2017,33,P0033,365,3,A25,6127,2647,CONTROL,RUN-CONTROL-4,2455,BASE,,Right,BASE,13219.0,2000-01-01T00:04:38.737Z,2000-01-01T00:04:54.137Z,horizontal,,False
2018,33,P0033,365,3,C18,6127,2405,AESTHETIC,RUN-AESTHETIC-4,2789,CONTROL,RUN-CONTROL-4,Right,CONTROL,4989.0,2000-01-01T00:04:54.147Z,2000-01-01T00:04:59.414Z,horizontal,,False
2019,33,P0033,365,3,A25,85,2256,AESTHETIC,RUN-AESTHETIC-4,2640,CONTROL,RUN-CONTROL-4,Left,AESTHETIC,7471.0,2000-01-01T00:04:59.437Z,2000-01-01T00:05:07.193Z,horizontal,,False
2020,33,P0033,365,3,C18,25478,2589,BASE,,2397,AESTHETIC,RUN-AESTHETIC-4,Left,BASE,2828.0,2000-01-01T00:05:07.203Z,2000-01-01T00:05:10.314Z,horizontal,,False
2021,149,P0149,367,3,A07,7,2618,CONTROL,RUN-CONTROL-4,2234,AESTHETIC,RUN-AESTHETIC-4,Left,CONTROL,9607.0,2000-01-01T00:04:58.202Z,2000-01-01T00:05:08.612Z,vertical,,False
2022,149,P0149,367,3,C17,7,2788,CONTROL,RUN-CONTROL-4,2596,BASE,,Right,BASE,4726.0,2000-01-01T00:05:08.640Z,2000-01-01T00:05:13.607Z,vertical,,False
2023,149,P0149,367,3,B20,25478,2305,AESTHETIC,RUN-AESTHETIC-4,2497,BASE,,Left,AESTHETIC,5328.0,2000-01-01T00:05:13.618Z,2000-01-01T00:05:19.197Z,vertical,,False
2024,149,P0149,367,3,C11,25478,2559,BASE,,2751,CONTROL,RUN-CONTROL-4,Left,BASE,6715.0,2000-01-01T00:05:19.207Z,2000-01-01T00:05:26.375Z,vertical,,False
2025,149,P0149,367,3,C18,85,2782,CONTROL,RUN-CONTROL-4,2590,BASE,,Left,CONTROL,19563.0,2000-01-01T00:05:26.384Z,2000-01-01T00:05:46.175Z,vertical,,False
2026,149,P0149,367,3,B19,85,2688,CONTROL,RUN-CONTROL-4,2496,BASE,,Right,BASE,8327.0,2000-01-01T00:05:46.185Z,2000-01-01T00:05:54.774Z,vertical,,False
2027,149,P0149,367,3,B23,85,2508,BASE,,2316,AESTHETIC,RUN-AESTHETIC-4,Right,AESTHETIC,3546.0,2000-01-01T00:05:54.784Z,2000-01-01T00:05:58.557Z,vertical,,False
2028,149,P0149,367,3,C01,85,2526,BASE,,2334,AESTHETIC,RUN-AESTHETIC-4,Right,AESTHETIC,7057.0,2000-01-01T00:05:58.568Z,2000-01-01T00:06:05.874Z,vertical,,False
2029,149,P0149,367,3,B26,85,2512,BASE,,2320,AESTHETIC,RUN-AESTHETIC-4,Right,AESTHETIC,15460.0,2000-01-01T00:06:05.886Z,2000-01-01T00:06:21.605Z,vertical,,False
2030,149,P0149,367,3,A04,6127,2231,AESTHETIC,RUN-AESTHETIC-4,2615,CONTROL,RUN-CONTROL-4,Right,CONTROL,5581.0,2000-01-01T00:06:21.616Z,2000-01-01T00:06:27.438Z,vertical,,False
2031,149,P0149,367,3,C11,25478,2559,BASE,,2367,AESTHETIC,RUN-AESTHETIC-4,Left,BASE,4983.0,2000-01-01T00:06:27.447Z,2000-01-01T00:06:32.673Z,vertical,,False
2032,149,P0149,367,3,B09,6127,2487,BASE,,2295,AESTHETIC,RUN-AESTHETIC-4,Right,AESTHETIC,10744.0,2000-01-01T00:06:32.684Z,2000-01-01T00:06:43.674Z,vertical,,False
2033,149,P0149,367,3,A07,6127,2617,CONTROL,RUN-CONTROL-4,2425,BASE,,Left,CONTROL,3550.0,2000-01-01T00:06:43.684Z,2000-01-01T00:06:47.477Z,vertical,,False
2034,149,P0149,367,3,C13,7,2388,AESTHETIC,RUN-AESTHETIC-4,2772,CONTROL,RUN-CONTROL-4,Right,CONTROL,17617.0,2000-01-01T00:06:47.487Z,2000-01-01T00:07:05.465Z,vertical,,False
2035,149,P0149,367,3,B06,85,2284,AESTHETIC,RUN-AESTHETIC-4,2668,CONTROL,RUN-CONTROL-4,Right,CONTROL,4444.0,2000-01-01T00:07:05.485Z,2000-01-01T00:07:10.182Z,vertical,,False
2036,149,P0149,367,3,B04,25478,2465,BASE,,2273,AESTHETIC,RUN-AESTHETIC-4,Left,BASE,2361.0,2000-01-01T00:07:10.193Z,2000-01-01T00:07:12.790Z,vertical,,False
2037,149,P0149,367,3,A25,25478,2255,AESTHETIC,RUN-AESTHETIC-4,2447,BASE,,Right,BASE,5080.0,2000-01-01T00:07:12.799Z,2000-01-01T00:07:18.143Z,vertical,,False
2038,149,P0149,367,3,C07,85,2352,AESTHETIC,RUN-AESTHETIC-4,2736,CONTROL,RUN-CONTROL-4,Tie,TIE,5607.0,2000-01-01T00:07:18.153Z,2000-01-01T00:07:24.004Z,vertical,,False
2039,149,P0149,367,3,C02,85,2528,BASE,,2336,AESTHETIC,RUN-AESTHETIC-4,Right,AESTHETIC,3808.0,2000-01-01T00:07:24.015Z,2000-01-01T00:07:28.069Z,vertical,,False
2040,149,P0149,367,3,C11,7,2568,BASE,,2376,AESTHETIC,RUN-AESTHETIC-4,Left,BASE,5808.0,2000-01-01T00:07:28.079Z,2000-01-01T00:07:34.129Z,vertical,,False
2041,149,P0149,367,3,C15,7,2392,AESTHETIC,RUN-AESTHETIC-4,2584,BASE,,Left,AESTHETIC,4151.0,2000-01-01T00:07:34.138Z,2000-01-01T00:07:38.528Z,vertical,,False
2042,149,P0149,367,3,C20,6127,2409,AESTHETIC,RUN-AESTHETIC-4,2601,BASE,,Left,AESTHETIC,4051.0,2000-01-01T00:07:38.539Z,2000-01-01T00:07:42.838Z,vertical,,False
2043,149,P0149,367,3,B19,7,2312,AESTHETIC,RUN-AESTHETIC-4,2504,BASE,,Left,AESTHETIC,4218.0,2000-01-01T00:07:42.859Z,2000-01-01T00:07:47.311Z,vertical,,False
2044,149,P0149,367,3,C06,85,2350,AESTHETIC,RUN-AESTHETIC-4,2734,CONTROL,RUN-CONTROL-4,Right,CONTROL,6203.0,2000-01-01T00:07:47.320Z,2000-01-01T00:07:53.762Z,vertical,,False
2045,149,P0149,367,3,B02,85,2272,AESTHETIC,RUN-AESTHETIC-4,2464,BASE,,Left,AESTHETIC,5580.0,2000-01-01T00:07:53.773Z,2000-01-01T00:07:59.675Z,vertical,,False
2046,149,P0149,367,3,A11,7,2248,AESTHETIC,RUN-AESTHETIC-4,2632,CONTROL,RUN-CONTROL-4,Tie,TIE,3455.0,2000-01-01T00:07:59.684Z,2000-01-01T00:08:03.414Z,vertical,,False
2047,149,P0149,367,3,B14,6127,2499,BASE,,2307,AESTHETIC,RUN-AESTHETIC-4,Left,BASE,3233.0,2000-01-01T00:08:03.426Z,2000-01-01T00:08:06.908Z,vertical,,False
2048,149,P0149,367,3,C20,25478,2401,AESTHETIC,RUN-AESTHETIC-4,2785,CONTROL,RUN-CONTROL-4,Tie,TIE,6234.0,2000-01-01T00:08:06.918Z,2000-01-01T00:08:13.395Z,vertical,,False
2049,149,P0149,367,3,A27,85,2268,AESTHETIC,RUN-AESTHETIC-4,2652,CONTROL,RUN-CONTROL-4,Right,CONTROL,6031.0,2000-01-01T00:08:13.407Z,2000-01-01T00:08:19.685Z,vertical,,False
2050,149,P0149,367,3,B27,25478,2705,CONTROL,RUN-CONTROL-4,2513,BASE,,Tie,TIE,2779.0,2000-01-01T00:08:19.696Z,2000-01-01T00:08:22.733Z,vertical,,False
2051,247,P0247,368,3,A22,85,2446,BASE,,2638,CONTROL,RUN-CONTROL-4,Right,CONTROL,7869.0,2000-01-01T00:03:20.431Z,2000-01-01T00:03:28.948Z,vertical,,False
2052,247,P0247,368,3,B08,7,2294,AESTHETIC,RUN-AESTHETIC-4,2678,CONTROL,RUN-CONTROL-4,Left,AESTHETIC,2729.0,2000-01-01T00:03:28.959Z,2000-01-01T00:03:32.008Z,vertical,,False
2053,247,P0247,368,3,C15,25478,2767,CONTROL,RUN-CONTROL-4,2383,AESTHETIC,RUN-AESTHETIC-4,Left,CONTROL,7467.0,2000-01-01T00:03:32.020Z,2000-01-01T00:03:39.774Z,vertical,,False
2054,247,P0247,368,3,C08,6127,2745,CONTROL,RUN-CONTROL-4,2553,BASE,,Right,BASE,7355.0,2000-01-01T00:03:39.786Z,2000-01-01T00:03:47.458Z,vertical,,False
2055,247,P0247,368,3,A07,25478,2609,CONTROL,RUN-CONTROL-4,2417,BASE,,Right,BASE,6935.0,2000-01-01T00:03:47.468Z,2000-01-01T00:03:54.678Z,vertical,,False
2056,247,P0247,368,3,A11,7,2248,AESTHETIC,RUN-AESTHETIC-4,2632,CONTROL,RUN-CONTROL-4,Right,CONTROL,2290.0,2000-01-01T00:03:54.688Z,2000-01-01T00:03:57.297Z,vertical,,False
2057,247,P0247,368,3,B20,7,2698,CONTROL,RUN-CONTROL-4,2506,BASE,,Left,CONTROL,4064.0,2000-01-01T00:03:57.306Z,2000-01-01T00:04:01.679Z,vertical,,False
2058,247,P0247,368,3,C08,25478,2737,CONTROL,RUN-CONTROL-4,2545,BASE,,Right,BASE,3470.0,2000-01-01T00:04:01.691Z,2000-01-01T00:04:05.536Z,vertical,,False
2059,247,P0247,368,3,C15,25478,2575,BASE,,2767,CONTROL,RUN-CONTROL-4,Left,BASE,3796.0,2000-01-01T00:04:05.546Z,2000-01-01T00:04:09.719Z,vertical,,False
2060,247,P0247,368,3,C16,25478,2769,CONTROL,RUN-CONTROL-4,2577,BASE,,Left,CONTROL,11754.0,2000-01-01T00:04:09.731Z,2000-01-01T00:04:21.781Z,vertical,,False
2061,247,P0247,368,3,B06,7,2292,AESTHETIC,RUN-AESTHETIC-4,2676,CONTROL,RUN-CONTROL-4,Right,CONTROL,2545.0,2000-01-01T00:04:21.790Z,2000-01-01T00:04:25.207Z,vertical,,False
2062,247,P0247,368,3,B09,6127,2679,CONTROL,RUN-CONTROL-4,2487,BASE,,Right,BASE,1644.0,2000-01-01T00:04:25.219Z,2000-01-01T00:04:27.263Z,vertical,,False
2063,247,P0247,368,3,A25,7,2648,CONTROL,RUN-CONTROL-4,2264,AESTHETIC,RUN-AESTHETIC-4,Left,CONTROL,2719.0,2000-01-01T00:04:27.273Z,2000-01-01T00:04:30.263Z,vertical,,False
2064,247,P0247,368,3,A07,7,2426,BASE,,2618,CONTROL,RUN-CONTROL-4,Right,CONTROL,1853.0,2000-01-01T00:04:30.274Z,2000-01-01T00:04:32.403Z,vertical,,False
2065,247,P0247,368,3,B23,6127,2515,BASE,,2707,CONTROL,RUN-CONTROL-4,Right,CONTROL,1766.0,2000-01-01T00:04:32.413Z,2000-01-01T00:04:34.469Z,vertical,,False
2066,247,P0247,368,3,C07,25478,2735,CONTROL,RUN-CONTROL-4,2543,BASE,,Right,BASE,2646.0,2000-01-01T00:04:34.481Z,2000-01-01T00:04:37.415Z,vertical,,False
2067,247,P0247,368,3,A02,7,2614,CONTROL,RUN-CONTROL-4,2422,BASE,,Left,CONTROL,1480.0,2000-01-01T00:04:37.424Z,2000-01-01T00:04:39.182Z,vertical,,False
2068,247,P0247,368,3,C19,85,2592,BASE,,2400,AESTHETIC,RUN-AESTHETIC-4,Left,BASE,3606.0,2000-01-01T00:04:39.191Z,2000-01-01T00:04:43.183Z,vertical,,False
2069,247,P0247,368,3,C14,6127,2581,BASE,,2389,AESTHETIC,RUN-AESTHETIC-4,Right,AESTHETIC,3187.0,2000-01-01T00:04:43.209Z,2000-01-01T00:04:46.709Z,vertical,,False
2070,247,P0247,368,3,A02,7,2422,BASE,,2230,AESTHETIC,RUN-AESTHETIC-4,Right,AESTHETIC,1933.0,2000-01-01T00:04:46.720Z,2000-01-01T00:04:48.992Z,vertical,,False
2071,247,P0247,368,3,B19,25478,2303,AESTHETIC,RUN-AESTHETIC-4,2495,BASE,,Right,BASE,8864.0,2000-01-01T00:04:49.002Z,2000-01-01T00:04:58.143Z,vertical,,False
2072,247,P0247,368,3,A11,6127,2247,AESTHETIC,RUN-AESTHETIC-4,2631,CONTROL,RUN-CONTROL-4,Left,AESTHETIC,7590.0,2000-01-01T00:04:58.153Z,2000-01-01T00:05:06.025Z,vertical,,False
2073,247,P0247,368,3,A25,6127,2647,CONTROL,RUN-CONTROL-4,2455,BASE,,Right,BASE,2492.0,2000-01-01T00:05:06.037Z,2000-01-01T00:05:08.813Z,vertical,,False
2074,247,P0247,368,3,B26,6127,2711,CONTROL,RUN-CONTROL-4,2327,AESTHETIC,RUN-AESTHETIC-4,Left,CONTROL,3577.0,2000-01-01T00:05:08.825Z,2000-01-01T00:05:12.712Z,vertical,,False
2075,247,P0247,368,3,A13,7,2250,AESTHETIC,RUN-AESTHETIC-4,2634,CONTROL,RUN-CONTROL-4,Right,CONTROL,2072.0,2000-01-01T00:05:12.722Z,2000-01-01T00:05:15.088Z,vertical,,False
2076,247,P0247,368,3,B12,25478,2481,BASE,,2673,CONTROL,RUN-CONTROL-4,Left,BASE,3684.0,2000-01-01T00:05:15.098Z,2000-01-01T00:05:19.073Z,vertical,,False
2077,247,P0247,368,3,B29,25478,2331,AESTHETIC,RUN-AESTHETIC-4,2523,BASE,,Left,AESTHETIC,3669.0,2000-01-01T00:05:19.083Z,2000-01-01T00:05:23.307Z,vertical,,False
2078,247,P0247,368,3,C02,25478,2527,BASE,,2335,AESTHETIC,RUN-AESTHETIC-4,Left,BASE,4913.0,2000-01-01T00:05:23.317Z,2000-01-01T00:05:28.586Z,vertical,,False
2079,247,P0247,368,3,B23,85,2508,BASE,,2316,AESTHETIC,RUN-AESTHETIC-4,Right,AESTHETIC,4731.0,2000-01-01T00:05:28.595Z,2000-01-01T00:05:33.608Z,vertical,,False
2080,247,P0247,368,3,A04,25478,2415,BASE,,2223,AESTHETIC,RUN-AESTHETIC-4,Left,BASE,5279.0,2000-01-01T00:05:33.619Z,2000-01-01T00:05:39.202Z,vertical,,False
2081,250,P0250,370,3,B02,85,2656,CONTROL,RUN-CONTROL-4,2464,BASE,,Left,CONTROL,12756.0,2000-01-01T00:00:41.779Z,2000-01-01T00:00:54.916Z,vertical,,False
2082,250,P0250,370,3,C19,25478,2591,BASE,,2399,AESTHETIC,RUN-AESTHETIC-4,Left,BASE,8627.0,2000-01-01T00:00:54.926Z,2000-01-01T00:01:03.823Z,vertical,,False
2083,250,P0250,370,3,B06,7,2676,CONTROL,RUN-CONTROL-4,2484,BASE,,Right,BASE,9970.0,2000-01-01T00:01:03.840Z,2000-01-01T00:01:14.105Z,vertical,,False
2084,250,P0250,370,3,C02,25478,2527,BASE,,2719,CONTROL,RUN-CONTROL-4,Tie,TIE,17185.0,2000-01-01T00:01:14.114Z,2000-01-01T00:01:31.738Z,vertical,,False
2085,250,P0250,370,3,B09,25478,2287,AESTHETIC,RUN-AESTHETIC-4,2479,BASE,,Tie,TIE,11506.0,2000-01-01T00:01:31.748Z,2000-01-01T00:01:43.681Z,vertical,,False
2086,250,P0250,370,3,A01,7,2228,AESTHETIC,RUN-AESTHETIC-4,2612,CONTROL,RUN-CONTROL-4,Left,AESTHETIC,6020.0,2000-01-01T00:01:43.692Z,2000-01-01T00:01:49.959Z,vertical,,False
2087,250,P0250,370,3,B19,85,2688,CONTROL,RUN-CONTROL-4,2304,AESTHETIC,RUN-AESTHETIC-4,Right,AESTHETIC,5711.0,2000-01-01T00:01:49.970Z,2000-01-01T00:01:55.941Z,vertical,,False
2088,250,P0250,370,3,B20,85,2690,CONTROL,RUN-CONTROL-4,2498,BASE,,Left,CONTROL,8375.0,2000-01-01T00:01:55.952Z,2000-01-01T00:02:04.600Z,vertical,,False
2089,250,P0250,370,3,A22,6127,2645,CONTROL,RUN-CONTROL-4,2453,BASE,,Right,BASE,2593.0,2000-01-01T00:02:04.610Z,2000-01-01T00:02:07.490Z,vertical,,False
2090,250,P0250,370,3,B04,85,2658,CONTROL,RUN-CONTROL-4,2274,AESTHETIC,RUN-AESTHETIC-4,Tie,TIE,3575.0,2000-01-01T00:02:07.509Z,2000-01-01T00:02:11.359Z,vertical,,False
2091,250,P0250,370,3,C17,7,2404,AESTHETIC,RUN-AESTHETIC-4,2596,BASE,,Right,BASE,2794.0,2000-01-01T00:02:11.370Z,2000-01-01T00:02:14.440Z,vertical,,False
2092,250,P0250,370,3,A04,7,2616,CONTROL,RUN-CONTROL-4,2232,AESTHETIC,RUN-AESTHETIC-4,Tie,TIE,30722.0,2000-01-01T00:02:14.453Z,2000-01-01T00:02:45.628Z,vertical,,False
2093,250,P0250,370,3,C04,7,2538,BASE,,2346,AESTHETIC,RUN-AESTHETIC-4,Left,BASE,4372.0,2000-01-01T00:02:45.638Z,2000-01-01T00:02:50.298Z,vertical,,False
2094,250,P0250,370,3,B02,25478,2463,BASE,,2655,CONTROL,RUN-CONTROL-4,Tie,TIE,15920.0,2000-01-01T00:02:50.308Z,2000-01-01T00:03:06.658Z,vertical,,False
2095,250,P0250,370,3,B29,7,2340,AESTHETIC,RUN-AESTHETIC-4,2532,BASE,,Tie,TIE,4411.0,2000-01-01T00:03:06.669Z,2000-01-01T00:03:11.340Z,vertical,,False
2096,250,P0250,370,3,C14,7,2774,CONTROL,RUN-CONTROL-4,2582,BASE,,Tie,TIE,1758.0,2000-01-01T00:03:11.352Z,2000-01-01T00:03:13.358Z,vertical,,False
2097,250,P0250,370,3,C18,25478,2397,AESTHETIC,RUN-AESTHETIC-4,2589,BASE,,Right,BASE,5614.0,2000-01-01T00:03:13.368Z,2000-01-01T00:03:19.237Z,vertical,,False
2098,250,P0250,370,3,B26,7,2520,BASE,,2712,CONTROL,RUN-CONTROL-4,Tie,TIE,2149.0,2000-01-01T00:03:19.249Z,2000-01-01T00:03:21.658Z,vertical,,False
2099,250,P0250,370,3,B23,25478,2699,CONTROL,RUN-CONTROL-4,2315,AESTHETIC,RUN-AESTHETIC-4,Right,AESTHETIC,5783.0,2000-01-01T00:03:21.670Z,2000-01-01T00:03:27.726Z,vertical,,False
2100,250,P0250,370,3,B01,7,2662,CONTROL,RUN-CONTROL-4,2278,AESTHETIC,RUN-AESTHETIC-4,Right,AESTHETIC,4743.0,2000-01-01T00:03:27.736Z,2000-01-01T00:03:32.738Z,vertical,,False
2101,250,P0250,370,3,C19,25478,2783,CONTROL,RUN-CONTROL-4,2591,BASE,,Right,BASE,4251.0,2000-01-01T00:03:32.752Z,2000-01-01T00:03:37.291Z,vertical,,False
2102,250,P0250,370,3,C11,6127,2759,CONTROL,RUN-CONTROL-4,2567,BASE,,Right,BASE,10018.0,2000-01-01T00:03:37.302Z,2000-01-01T00:03:47.579Z,vertical,,False
2103,250,P0250,370,3,A22,25478,2253,AESTHETIC,RUN-AESTHETIC-4,2637,CONTROL,RUN-CONTROL-4,Right,CONTROL,2085.0,2000-01-01T00:03:47.591Z,2000-01-01T00:03:49.958Z,vertical,,False
2104,250,P0250,370,3,A02,25478,2605,CONTROL,RUN-CONTROL-4,2221,AESTHETIC,RUN-AESTHETIC-4,Right,AESTHETIC,2373.0,2000-01-01T00:03:49.969Z,2000-01-01T00:03:52.609Z,vertical,,False
2105,250,P0250,370,3,C05,25478,2731,CONTROL,RUN-CONTROL-4,2539,BASE,,Right,BASE,3220.0,2000-01-01T00:03:52.619Z,2000-01-01T00:03:56.100Z,vertical,,False
2106,250,P0250,370,3,C02,6127,2727,CONTROL,RUN-CONTROL-4,2343,AESTHETIC,RUN-AESTHETIC-4,Right,AESTHETIC,5196.0,2000-01-01T00:03:56.111Z,2000-01-01T00:04:01.558Z,vertical,,False
2107,250,P0250,370,3,A25,25478,2447,BASE,,2255,AESTHETIC,RUN-AESTHETIC-4,Right,AESTHETIC,14661.0,2000-01-01T00:04:01.568Z,2000-01-01T00:04:16.664Z,vertical,,False
2108,250,P0250,370,3,A01,7,2420,BASE,,2228,AESTHETIC,RUN-AESTHETIC-4,Right,AESTHETIC,2508.0,2000-01-01T00:04:16.675Z,2000-01-01T00:04:19.458Z,vertical,,False
2109,250,P0250,370,3,C16,7,2394,AESTHETIC,RUN-AESTHETIC-4,2586,BASE,,Tie,TIE,10413.0,2000-01-01T00:04:19.468Z,2000-01-01T00:04:30.275Z,vertical,,False
2110,250,P0250,370,3,B23,25478,2315,AESTHETIC,RUN-AESTHETIC-4,2507,BASE,,Left,AESTHETIC,9743.0,2000-01-01T00:04:30.454Z,2000-01-01T00:04:40.474Z,vertical,,False
2111,172,P0172,374,3,A04,25478,2415,BASE,,2223,AESTHETIC,RUN-AESTHETIC-4,Left,BASE,9701.0,2000-01-01T00:09:44.960Z,2000-01-01T00:09:55.386Z,vertical,,False
2112,172,P0172,374,3,A26,25478,2641,CONTROL,RUN-CONTROL-4,2257,AESTHETIC,RUN-AESTHETIC-4,Right,AESTHETIC,20250.0,2000-01-01T00:09:55.397Z,2000-01-01T00:10:16.058Z,vertical,,False
2113,172,P0172,374,3,C11,6127,2759,CONTROL,RUN-CONTROL-4,2375,AESTHETIC,RUN-AESTHETIC-4,Right,AESTHETIC,32804.0,2000-01-01T00:10:16.068Z,2000-01-01T00:10:49.167Z,vertical,,False
2114,172,P0172,374,3,C14,85,2574,BASE,,2382,AESTHETIC,RUN-AESTHETIC-4,Left,BASE,25349.0,2000-01-01T00:10:49.181Z,2000-01-01T00:11:14.986Z,vertical,,False
2115,172,P0172,374,3,C20,85,2786,CONTROL,RUN-CONTROL-4,2594,BASE,,Right,BASE,3153.0,2000-01-01T00:11:14.995Z,2000-01-01T00:11:18.406Z,vertical,,False
2116,172,P0172,374,3,B12,7,2298,AESTHETIC,RUN-AESTHETIC-4,2490,BASE,,Right,BASE,2578.0,2000-01-01T00:11:18.419Z,2000-01-01T00:11:21.256Z,vertical,,False
2117,172,P0172,374,3,C18,85,2398,AESTHETIC,RUN-AESTHETIC-4,2590,BASE,,Right,BASE,3758.0,2000-01-01T00:11:21.267Z,2000-01-01T00:11:25.274Z,vertical,,False
2118,172,P0172,374,3,A01,7,2612,CONTROL,RUN-CONTROL-4,2420,BASE,,Right,BASE,6300.0,2000-01-01T00:11:25.391Z,2000-01-01T00:11:31.971Z,vertical,,False
2119,172,P0172,374,3,B14,25478,2491,BASE,,2299,AESTHETIC,RUN-AESTHETIC-4,Right,AESTHETIC,3775.0,2000-01-01T00:11:31.980Z,2000-01-01T00:11:36.015Z,vertical,,False
2120,172,P0172,374,3,B23,85,2316,AESTHETIC,RUN-AESTHETIC-4,2700,CONTROL,RUN-CONTROL-4,Left,AESTHETIC,7372.0,2000-01-01T00:11:36.025Z,2000-01-01T00:11:43.655Z,vertical,,False
2121,172,P0172,374,3,C17,6127,2787,CONTROL,RUN-CONTROL-4,2403,AESTHETIC,RUN-AESTHETIC-4,Right,AESTHETIC,3831.0,2000-01-01T00:11:43.665Z,2000-01-01T00:11:47.765Z,vertical,,False
2122,172,P0172,374,3,B27,6127,2521,BASE,,2329,AESTHETIC,RUN-AESTHETIC-4,Right,AESTHETIC,6619.0,2000-01-01T00:11:47.774Z,2000-01-01T00:11:54.656Z,vertical,,False
2123,172,P0172,374,3,C07,85,2544,BASE,,2352,AESTHETIC,RUN-AESTHETIC-4,Left,BASE,2689.0,2000-01-01T00:11:54.668Z,2000-01-01T00:11:57.615Z,vertical,,False
2124,172,P0172,374,3,C11,6127,2375,AESTHETIC,RUN-AESTHETIC-4,2567,BASE,,Left,AESTHETIC,8042.0,2000-01-01T00:11:57.626Z,2000-01-01T00:12:05.916Z,vertical,,False
2125,172,P0172,374,3,B04,7,2474,BASE,,2282,AESTHETIC,RUN-AESTHETIC-4,Left,BASE,12983.0,2000-01-01T00:12:05.925Z,2000-01-01T00:12:19.166Z,vertical,,False
2126,172,P0172,374,3,C06,85,2350,AESTHETIC,RUN-AESTHETIC-4,2734,CONTROL,RUN-CONTROL-4,Right,CONTROL,3435.0,2000-01-01T00:12:19.177Z,2000-01-01T00:12:22.905Z,vertical,,False
2127,172,P0172,374,3,A09,25478,2429,BASE,,2237,AESTHETIC,RUN-AESTHETIC-4,Left,BASE,8838.0,2000-01-01T00:12:22.918Z,2000-01-01T00:12:32.022Z,vertical,,False
2128,172,P0172,374,3,C04,85,2722,CONTROL,RUN-CONTROL-4,2338,AESTHETIC,RUN-AESTHETIC-4,Right,AESTHETIC,6586.0,2000-01-01T00:12:32.032Z,2000-01-01T00:12:38.907Z,vertical,,False
2129,172,P0172,374,3,B06,6127,2675,CONTROL,RUN-CONTROL-4,2483,BASE,,Right,BASE,2313.0,2000-01-01T00:12:38.918Z,2000-01-01T00:12:41.537Z,vertical,,False
2130,172,P0172,374,3,A25,25478,2447,BASE,,2639,CONTROL,RUN-CONTROL-4,Left,BASE,16333.0,2000-01-01T00:12:41.547Z,2000-01-01T00:12:58.145Z,vertical,,False
2131,172,P0172,374,3,B12,6127,2297,AESTHETIC,RUN-AESTHETIC-4,2489,BASE,,Right,BASE,8185.0,2000-01-01T00:12:58.158Z,2000-01-01T00:13:06.606Z,vertical,,False
2132,172,P0172,374,3,B14,6127,2499,BASE,,2691,CONTROL,RUN-CONTROL-4,Left,BASE,3724.0,2000-01-01T00:13:06.616Z,2000-01-01T00:13:10.595Z,vertical,,False
2133,172,P0172,374,3,B09,25478,2671,CONTROL,RUN-CONTROL-4,2479,BASE,,Left,CONTROL,2242.0,2000-01-01T00:13:10.606Z,2000-01-01T00:13:13.111Z,vertical,,False
2134,172,P0172,374,3,C13,6127,2387,AESTHETIC,RUN-AESTHETIC-4,2771,CONTROL,RUN-CONTROL-4,Left,AESTHETIC,6242.0,2000-01-01T00:13:13.121Z,2000-01-01T00:13:19.614Z,vertical,,False
2135,172,P0172,374,3,B14,7,2500,BASE,,2692,CONTROL,RUN-CONTROL-4,Right,CONTROL,5127.0,2000-01-01T00:13:19.626Z,2000-01-01T00:13:25.036Z,vertical,,False
2136,172,P0172,374,3,C06,25478,2733,CONTROL,RUN-CONTROL-4,2541,BASE,,Right,BASE,10494.0,2000-01-01T00:13:25.045Z,2000-01-01T00:13:35.798Z,vertical,,False
2137,172,P0172,374,3,C17,85,2396,AESTHETIC,RUN-AESTHETIC-4,2780,CONTROL,RUN-CONTROL-4,Left,AESTHETIC,5314.0,2000-01-01T00:13:35.810Z,2000-01-01T00:13:41.375Z,vertical,,False
2138,172,P0172,374,3,A13,6127,2633,CONTROL,RUN-CONTROL-4,2441,BASE,,Left,CONTROL,13064.0,2000-01-01T00:13:41.392Z,2000-01-01T00:13:54.731Z,vertical,,False
2139,172,P0172,374,3,C05,6127,2547,BASE,,2739,CONTROL,RUN-CONTROL-4,Left,BASE,3564.0,2000-01-01T00:13:54.742Z,2000-01-01T00:13:58.576Z,vertical,,False
2140,172,P0172,374,3,A26,25478,2449,BASE,,2257,AESTHETIC,RUN-AESTHETIC-4,Right,AESTHETIC,5750.0,2000-01-01T00:13:58.589Z,2000-01-01T00:14:04.597Z,vertical,,False
2141,205,P0205,375,3,C09,25478,2555,BASE,,2747,CONTROL,RUN-CONTROL-4,Right,CONTROL,6974.0,2000-01-03T19:42:34.056Z,2000-01-03T19:42:41.838Z,vertical,,False
2142,205,P0205,375,3,C18,7,2790,CONTROL,RUN-CONTROL-4,2406,AESTHETIC,RUN-AESTHETIC-4,Left,CONTROL,7980.0,2000-01-03T19:42:41.848Z,2000-01-03T19:42:50.088Z,vertical,,False
2143,205,P0205,375,3,C18,85,2782,CONTROL,RUN-CONTROL-4,2398,AESTHETIC,RUN-AESTHETIC-4,Left,CONTROL,15459.0,2000-01-03T19:42:50.097Z,2000-01-03T19:43:05.819Z,vertical,,False
2144,205,P0205,375,3,C05,85,2732,CONTROL,RUN-CONTROL-4,2540,BASE,,Tie,TIE,4837.0,2000-01-03T19:43:05.829Z,2000-01-03T19:43:10.986Z,vertical,,False
2145,205,P0205,375,3,B26,85,2704,CONTROL,RUN-CONTROL-4,2512,BASE,,Tie,TIE,3387.0,2000-01-03T19:43:10.995Z,2000-01-03T19:43:14.648Z,vertical,,False
2146,205,P0205,375,3,B15,7,2310,AESTHETIC,RUN-AESTHETIC-4,2502,BASE,,Right,BASE,7329.0,2000-01-03T19:43:14.658Z,2000-01-03T19:43:22.248Z,vertical,,False
2147,205,P0205,375,3,C18,6127,2789,CONTROL,RUN-CONTROL-4,2405,AESTHETIC,RUN-AESTHETIC-4,Tie,TIE,11447.0,2000-01-03T19:43:22.258Z,2000-01-03T19:43:34.264Z,vertical,,False
2148,205,P0205,375,3,B27,6127,2713,CONTROL,RUN-CONTROL-4,2521,BASE,,Right,BASE,5310.0,2000-01-03T19:43:34.274Z,2000-01-03T19:43:39.853Z,vertical,,False
2149,205,P0205,375,3,A15,25478,2251,AESTHETIC,RUN-AESTHETIC-4,2635,CONTROL,RUN-CONTROL-4,Left,AESTHETIC,3055.0,2000-01-03T19:43:39.864Z,2000-01-03T19:43:43.194Z,vertical,,False
2150,205,P0205,375,3,C19,25478,2783,CONTROL,RUN-CONTROL-4,2399,AESTHETIC,RUN-AESTHETIC-4,Left,CONTROL,15277.0,2000-01-03T19:43:43.205Z,2000-01-03T19:43:58.758Z,vertical,,False
2151,205,P0205,375,3,C05,85,2348,AESTHETIC,RUN-AESTHETIC-4,2732,CONTROL,RUN-CONTROL-4,Tie,TIE,2039.0,2000-01-03T19:43:58.770Z,2000-01-03T19:44:01.069Z,vertical,,False
2152,205,P0205,375,3,A04,25478,2223,AESTHETIC,RUN-AESTHETIC-4,2607,CONTROL,RUN-CONTROL-4,Right,CONTROL,6235.0,2000-01-03T19:44:01.079Z,2000-01-03T19:44:07.585Z,vertical,,False
2153,205,P0205,375,3,B19,85,2496,BASE,,2688,CONTROL,RUN-CONTROL-4,Right,CONTROL,2533.0,2000-01-03T19:44:07.596Z,2000-01-03T19:44:10.406Z,vertical,,False
2154,205,P0205,375,3,B15,6127,2501,BASE,,2693,CONTROL,RUN-CONTROL-4,Right,CONTROL,5825.0,2000-01-03T19:44:10.417Z,2000-01-03T19:44:16.526Z,vertical,,False
2155,205,P0205,375,3,A26,6127,2265,AESTHETIC,RUN-AESTHETIC-4,2649,CONTROL,RUN-CONTROL-4,Tie,TIE,2253.0,2000-01-03T19:44:16.535Z,2000-01-03T19:44:19.070Z,vertical,,False
2156,205,P0205,375,3,B01,25478,2653,CONTROL,RUN-CONTROL-4,2269,AESTHETIC,RUN-AESTHETIC-4,Right,AESTHETIC,15077.0,2000-01-03T19:44:19.080Z,2000-01-03T19:44:34.593Z,vertical,,False
2157,205,P0205,375,3,A22,25478,2253,AESTHETIC,RUN-AESTHETIC-4,2445,BASE,,Left,AESTHETIC,4100.0,2000-01-03T19:44:34.603Z,2000-01-03T19:44:39.005Z,vertical,,False
2158,205,P0205,375,3,C17,25478,2587,BASE,,2395,AESTHETIC,RUN-AESTHETIC-4,Tie,TIE,7572.0,2000-01-03T19:44:39.015Z,2000-01-03T19:44:46.857Z,vertical,,False
2159,205,P0205,375,3,C07,85,2736,CONTROL,RUN-CONTROL-4,2544,BASE,,Tie,TIE,24714.0,2000-01-03T19:44:46.868Z,2000-01-03T19:45:11.847Z,vertical,,False
2160,205,P0205,375,3,A26,7,2266,AESTHETIC,RUN-AESTHETIC-4,2650,CONTROL,RUN-CONTROL-4,Tie,TIE,6362.0,2000-01-03T19:45:11.857Z,2000-01-03T19:45:18.491Z,vertical,,False
2161,205,P0205,375,3,C07,25478,2543,BASE,,2351,AESTHETIC,RUN-AESTHETIC-4,Tie,TIE,6490.0,2000-01-03T19:45:18.530Z,2000-01-03T19:45:25.292Z,vertical,,False
2162,205,P0205,375,3,B04,25478,2657,CONTROL,RUN-CONTROL-4,2465,BASE,,Right,BASE,2558.0,2000-01-03T19:45:25.301Z,2000-01-03T19:45:28.131Z,vertical,,False
2163,205,P0205,375,3,C19,7,2600,BASE,,2408,AESTHETIC,RUN-AESTHETIC-4,Right,AESTHETIC,2238.0,2000-01-03T19:45:28.141Z,2000-01-03T19:45:30.651Z,vertical,,False
2164,205,P0205,375,3,C12,7,2762,CONTROL,RUN-CONTROL-4,2378,AESTHETIC,RUN-AESTHETIC-4,Right,AESTHETIC,13212.0,2000-01-03T19:45:30.661Z,2000-01-03T19:45:44.141Z,vertical,,False
2165,205,P0205,375,3,A08,7,2628,CONTROL,RUN-CONTROL-4,2244,AESTHETIC,RUN-AESTHETIC-4,Left,CONTROL,4389.0,2000-01-03T19:45:44.156Z,2000-01-03T19:45:48.814Z,vertical,,False
2166,205,P0205,375,3,C17,85,2588,BASE,,2396,AESTHETIC,RUN-AESTHETIC-4,Left,BASE,4117.0,2000-01-03T19:45:48.826Z,2000-01-03T19:45:53.220Z,vertical,,False
2167,205,P0205,375,3,A02,25478,2413,BASE,,2605,CONTROL,RUN-CONTROL-4,Right,CONTROL,2832.0,2000-01-03T19:45:53.230Z,2000-01-03T19:45:56.334Z,vertical,,False
2168,205,P0205,375,3,C07,25478,2735,CONTROL,RUN-CONTROL-4,2351,AESTHETIC,RUN-AESTHETIC-4,Tie,TIE,5136.0,2000-01-03T19:45:56.343Z,2000-01-03T19:46:01.752Z,vertical,,False
2169,205,P0205,375,3,C08,6127,2745,CONTROL,RUN-CONTROL-4,2361,AESTHETIC,RUN-AESTHETIC-4,Right,AESTHETIC,4025.0,2000-01-03T19:46:01.763Z,2000-01-03T19:46:06.083Z,vertical,,False
2170,205,P0205,375,3,B20,25478,2305,AESTHETIC,RUN-AESTHETIC-4,2689,CONTROL,RUN-CONTROL-4,Right,CONTROL,5238.0,2000-01-03T19:46:06.095Z,2000-01-03T19:46:11.620Z,vertical,,False
2171,47,P0047,376,3,B27,6127,2713,CONTROL,RUN-CONTROL-4,2329,AESTHETIC,RUN-AESTHETIC-4,Left,CONTROL,61875.0,2000-01-01T00:00:38.227Z,2000-01-01T00:01:40.523Z,vertical,,False
2172,47,P0047,376,3,B27,85,2322,AESTHETIC,RUN-AESTHETIC-4,2706,CONTROL,RUN-CONTROL-4,Right,CONTROL,25299.0,2000-01-01T00:01:40.534Z,2000-01-01T00:02:06.096Z,vertical,,False
2173,47,P0047,376,3,C14,85,2574,BASE,,2766,CONTROL,RUN-CONTROL-4,Left,BASE,13631.0,2000-01-01T00:02:06.106Z,2000-01-01T00:02:19.964Z,vertical,,False
2174,47,P0047,376,3,B25,6127,2325,AESTHETIC,RUN-AESTHETIC-4,2709,CONTROL,RUN-CONTROL-4,Left,AESTHETIC,12999.0,2000-01-01T00:02:19.975Z,2000-01-01T00:02:33.236Z,vertical,,False
2175,47,P0047,376,3,C16,85,2770,CONTROL,RUN-CONTROL-4,2578,BASE,,Left,CONTROL,11454.0,2000-01-01T00:02:33.255Z,2000-01-01T00:02:44.970Z,vertical,,False
2176,47,P0047,376,3,B26,6127,2519,BASE,,2711,CONTROL,RUN-CONTROL-4,Left,BASE,4573.0,2000-01-01T00:02:44.983Z,2000-01-01T00:02:49.786Z,vertical,,False
2177,47,P0047,376,3,A09,25478,2621,CONTROL,RUN-CONTROL-4,2429,BASE,,Tie,TIE,6652.0,2000-01-01T00:02:49.797Z,2000-01-01T00:02:56.676Z,vertical,,False
2178,47,P0047,376,3,C06,25478,2349,AESTHETIC,RUN-AESTHETIC-4,2733,CONTROL,RUN-CONTROL-4,Left,AESTHETIC,10593.0,2000-01-01T00:02:56.686Z,2000-01-01T00:03:07.507Z,vertical,,False
2179,47,P0047,376,3,B09,6127,2487,BASE,,2295,AESTHETIC,RUN-AESTHETIC-4,Tie,TIE,12731.0,2000-01-01T00:03:07.517Z,2000-01-01T00:03:20.473Z,vertical,,False
2180,47,P0047,376,3,C20,7,2410,AESTHETIC,RUN-AESTHETIC-4,2794,CONTROL,RUN-CONTROL-4,Tie,TIE,8114.0,2000-01-01T00:03:20.486Z,2000-01-01T00:03:28.848Z,vertical,,False
2181,47,P0047,376,3,C14,6127,2773,CONTROL,RUN-CONTROL-4,2389,AESTHETIC,RUN-AESTHETIC-4,Left,CONTROL,9365.0,2000-01-01T00:03:29.158Z,2000-01-01T00:03:38.811Z,vertical,,False
2182,47,P0047,376,3,C04,25478,2529,BASE,,2721,CONTROL,RUN-CONTROL-4,Left,BASE,4952.0,2000-01-01T00:03:38.822Z,2000-01-01T00:03:44.027Z,vertical,,False
2183,47,P0047,376,3,A09,7,2246,AESTHETIC,RUN-AESTHETIC-4,2630,CONTROL,RUN-CONTROL-4,Right,CONTROL,6572.0,2000-01-01T00:03:44.038Z,2000-01-01T00:03:51.192Z,vertical,,False
2184,47,P0047,376,3,B06,7,2292,AESTHETIC,RUN-AESTHETIC-4,2484,BASE,,Right,BASE,5472.0,2000-01-01T00:03:51.204Z,2000-01-01T00:03:56.901Z,vertical,,False
2185,47,P0047,376,3,C07,85,2352,AESTHETIC,RUN-AESTHETIC-4,2736,CONTROL,RUN-CONTROL-4,Left,AESTHETIC,12399.0,2000-01-01T00:03:56.912Z,2000-01-01T00:04:09.554Z,vertical,,False
2186,47,P0047,376,3,A13,6127,2249,AESTHETIC,RUN-AESTHETIC-4,2633,CONTROL,RUN-CONTROL-4,Tie,TIE,22910.0,2000-01-01T00:04:09.563Z,2000-01-01T00:04:32.700Z,vertical,,False
2187,47,P0047,376,3,C20,6127,2601,BASE,,2793,CONTROL,RUN-CONTROL-4,Right,CONTROL,14507.0,2000-01-01T00:04:32.712Z,2000-01-01T00:04:47.450Z,vertical,,False
2188,47,P0047,376,3,B29,25478,2715,CONTROL,RUN-CONTROL-4,2523,BASE,,Left,CONTROL,6348.0,2000-01-01T00:04:47.461Z,2000-01-01T00:04:54.039Z,vertical,,False
2189,47,P0047,376,3,A15,25478,2443,BASE,,2251,AESTHETIC,RUN-AESTHETIC-4,Left,BASE,11573.0,2000-01-01T00:04:54.125Z,2000-01-01T00:05:06.012Z,vertical,,False
2190,47,P0047,376,3,C10,6127,2373,AESTHETIC,RUN-AESTHETIC-4,2757,CONTROL,RUN-CONTROL-4,Tie,TIE,11181.0,2000-01-01T00:05:06.022Z,2000-01-01T00:05:17.435Z,vertical,,False
2191,47,P0047,376,3,A11,6127,2247,AESTHETIC,RUN-AESTHETIC-4,2439,BASE,,Right,BASE,5162.0,2000-01-01T00:05:17.446Z,2000-01-01T00:05:22.872Z,vertical,,False
2192,47,P0047,376,3,A11,25478,2431,BASE,,2623,CONTROL,RUN-CONTROL-4,Left,BASE,4759.0,2000-01-01T00:05:22.881Z,2000-01-01T00:05:27.863Z,vertical,,False
2193,47,P0047,376,3,C20,7,2602,BASE,,2410,AESTHETIC,RUN-AESTHETIC-4,Left,BASE,4997.0,2000-01-01T00:05:27.873Z,2000-01-01T00:05:33.099Z,vertical,,False
2194,47,P0047,376,3,B20,25478,2497,BASE,,2305,AESTHETIC,RUN-AESTHETIC-4,Tie,TIE,11303.0,2000-01-01T00:05:33.110Z,2000-01-01T00:05:44.641Z,vertical,,False
2195,47,P0047,376,3,A27,25478,2267,AESTHETIC,RUN-AESTHETIC-4,2459,BASE,,Tie,TIE,21805.0,2000-01-01T00:05:44.651Z,2000-01-01T02:27:59.079Z,vertical,,False
2196,47,P0047,376,3,A11,7,2440,BASE,,2632,CONTROL,RUN-CONTROL-4,Right,CONTROL,5387.0,2000-01-01T02:27:59.154Z,2000-01-01T02:28:04.889Z,vertical,,False
2197,47,P0047,376,3,C11,25478,2559,BASE,,2751,CONTROL,RUN-CONTROL-4,Tie,TIE,12838.0,2000-01-01T02:28:04.903Z,2000-01-01T02:28:18.092Z,vertical,,False
2198,47,P0047,376,3,A07,7,2618,CONTROL,RUN-CONTROL-4,2234,AESTHETIC,RUN-AESTHETIC-4,Left,CONTROL,15993.0,2000-01-01T02:28:18.129Z,2000-01-01T02:28:34.353Z,vertical,,False
2199,47,P0047,376,3,A15,25478,2443,BASE,,2635,CONTROL,RUN-CONTROL-4,Right,CONTROL,5317.0,2000-01-01T02:28:34.365Z,2000-01-01T02:28:39.914Z,vertical,,False
2200,47,P0047,376,3,C15,6127,2775,CONTROL,RUN-CONTROL-4,2391,AESTHETIC,RUN-AESTHETIC-4,Left,CONTROL,21880.0,2000-01-01T02:28:39.927Z,2000-01-01T02:29:02.045Z,vertical,,False
2201,225,P0225,378,3,A09,6127,2437,BASE,,2629,CONTROL,RUN-CONTROL-4,Right,CONTROL,4966.0,2000-01-01T00:04:58.709Z,2000-01-01T00:05:04.851Z,vertical,,False
2202,225,P0225,378,3,B26,25478,2319,AESTHETIC,RUN-AESTHETIC-4,2511,BASE,,Left,AESTHETIC,10189.0,2000-01-01T00:05:04.863Z,2000-01-01T00:05:15.321Z,vertical,,False
2203,225,P0225,378,3,B01,85,2270,AESTHETIC,RUN-AESTHETIC-4,2654,CONTROL,RUN-CONTROL-4,Left,AESTHETIC,3080.0,2000-01-01T00:05:15.337Z,2000-01-01T00:05:18.672Z,vertical,,False
2204,225,P0225,378,3,B14,25478,2683,CONTROL,RUN-CONTROL-4,2491,BASE,,Left,CONTROL,6274.0,2000-01-01T00:05:18.682Z,2000-01-01T00:05:25.253Z,vertical,,False
2205,225,P0225,378,3,C12,25478,2561,BASE,,2753,CONTROL,RUN-CONTROL-4,Right,CONTROL,28746.0,2000-01-01T00:05:25.263Z,2000-01-01T00:05:54.571Z,vertical,,False
2206,225,P0225,378,3,B15,6127,2501,BASE,,2309,AESTHETIC,RUN-AESTHETIC-4,Right,AESTHETIC,2197.0,2000-01-01T00:05:54.582Z,2000-01-01T00:05:57.058Z,vertical,,False
2207,225,P0225,378,3,A07,25478,2225,AESTHETIC,RUN-AESTHETIC-4,2417,BASE,,Left,AESTHETIC,2188.0,2000-01-01T00:05:57.071Z,2000-01-01T00:05:59.529Z,vertical,,False
2208,225,P0225,378,3,C08,85,2738,CONTROL,RUN-CONTROL-4,2354,AESTHETIC,RUN-AESTHETIC-4,Right,AESTHETIC,5439.0,2000-01-01T00:05:59.540Z,2000-01-01T00:06:05.255Z,vertical,,False
2209,225,P0225,378,3,C07,6127,2551,BASE,,2743,CONTROL,RUN-CONTROL-4,Left,BASE,3305.0,2000-01-01T00:06:05.265Z,2000-01-01T00:06:08.846Z,vertical,,False
2210,225,P0225,378,3,A04,7,2424,BASE,,2616,CONTROL,RUN-CONTROL-4,Left,BASE,5275.0,2000-01-01T00:06:08.883Z,2000-01-01T00:06:14.408Z,vertical,,False
2211,225,P0225,378,3,C01,6127,2341,AESTHETIC,RUN-AESTHETIC-4,2725,CONTROL,RUN-CONTROL-4,Left,AESTHETIC,2707.0,2000-01-01T00:06:14.418Z,2000-01-01T00:06:17.388Z,vertical,,False
2212,225,P0225,378,3,C05,6127,2547,BASE,,2355,AESTHETIC,RUN-AESTHETIC-4,Left,BASE,6738.0,2000-01-01T00:06:17.401Z,2000-01-01T00:06:24.428Z,vertical,,False
2213,225,P0225,378,3,C02,6127,2727,CONTROL,RUN-CONTROL-4,2535,BASE,,Left,CONTROL,10530.0,2000-01-01T00:06:24.439Z,2000-01-01T00:06:35.237Z,vertical,,False
2214,225,P0225,378,3,C12,85,2370,AESTHETIC,RUN-AESTHETIC-4,2562,BASE,,Left,AESTHETIC,3438.0,2000-01-01T00:06:35.247Z,2000-01-01T00:06:38.965Z,vertical,,False
2215,225,P0225,378,3,A11,25478,2623,CONTROL,RUN-CONTROL-4,2239,AESTHETIC,RUN-AESTHETIC-4,Right,AESTHETIC,2276.0,2000-01-01T00:06:38.974Z,2000-01-01T00:06:41.553Z,vertical,,False
2216,225,P0225,378,3,C11,85,2368,AESTHETIC,RUN-AESTHETIC-4,2560,BASE,,Left,AESTHETIC,3302.0,2000-01-01T00:06:41.717Z,2000-01-01T00:06:45.365Z,vertical,,False
2217,225,P0225,378,3,C08,7,2362,AESTHETIC,RUN-AESTHETIC-4,2554,BASE,,Right,BASE,4284.0,2000-01-01T00:06:45.375Z,2000-01-01T00:06:49.954Z,vertical,,False
2218,225,P0225,378,3,B12,25478,2673,CONTROL,RUN-CONTROL-4,2289,AESTHETIC,RUN-AESTHETIC-4,Right,AESTHETIC,4842.0,2000-01-01T00:06:49.964Z,2000-01-01T00:06:55.106Z,vertical,,False
2219,225,P0225,378,3,C15,25478,2575,BASE,,2767,CONTROL,RUN-CONTROL-4,Left,BASE,4849.0,2000-01-01T00:06:55.114Z,2000-01-01T00:07:00.265Z,vertical,,False
2220,225,P0225,378,3,C13,6127,2579,BASE,,2771,CONTROL,RUN-CONTROL-4,Left,BASE,2757.0,2000-01-01T00:07:00.275Z,2000-01-01T00:07:03.356Z,vertical,,False
2221,225,P0225,378,3,C05,7,2548,BASE,,2740,CONTROL,RUN-CONTROL-4,Left,BASE,4458.0,2000-01-01T00:07:03.368Z,2000-01-01T00:07:08.127Z,vertical,,False
2222,225,P0225,378,3,A27,85,2460,BASE,,2652,CONTROL,RUN-CONTROL-4,Right,CONTROL,5137.0,2000-01-01T00:07:08.138Z,2000-01-01T00:07:13.597Z,vertical,,False
2223,225,P0225,378,3,B27,85,2322,AESTHETIC,RUN-AESTHETIC-4,2514,BASE,,Left,AESTHETIC,3838.0,2000-01-01T00:07:13.609Z,2000-01-01T00:07:17.744Z,vertical,,False
2224,225,P0225,378,3,A25,7,2456,BASE,,2264,AESTHETIC,RUN-AESTHETIC-4,Right,AESTHETIC,3576.0,2000-01-01T00:07:17.756Z,2000-01-01T00:07:21.644Z,vertical,,False
2225,225,P0225,378,3,B12,6127,2681,CONTROL,RUN-CONTROL-4,2489,BASE,,Left,CONTROL,10471.0,2000-01-01T00:07:21.840Z,2000-01-01T00:07:32.605Z,vertical,,False
2226,225,P0225,378,3,B04,25478,2273,AESTHETIC,RUN-AESTHETIC-4,2465,BASE,,Left,AESTHETIC,2259.0,2000-01-01T00:07:32.626Z,2000-01-01T00:07:35.198Z,vertical,,False
2227,225,P0225,378,3,B20,6127,2697,CONTROL,RUN-CONTROL-4,2313,AESTHETIC,RUN-AESTHETIC-4,Right,AESTHETIC,3057.0,2000-01-01T00:07:35.211Z,2000-01-01T00:07:38.555Z,vertical,,False
2228,225,P0225,378,3,C18,25478,2781,CONTROL,RUN-CONTROL-4,2397,AESTHETIC,RUN-AESTHETIC-4,Right,AESTHETIC,8400.0,2000-01-01T00:07:38.566Z,2000-01-01T00:07:47.272Z,vertical,,False
2229,225,P0225,378,3,C12,7,2570,BASE,,2762,CONTROL,RUN-CONTROL-4,Right,CONTROL,3236.0,2000-01-01T00:07:47.282Z,2000-01-01T00:07:50.814Z,vertical,,False
2230,225,P0225,378,3,A08,85,2620,CONTROL,RUN-CONTROL-4,2428,BASE,,Right,BASE,2600.0,2000-01-01T00:07:50.823Z,2000-01-01T00:07:53.714Z,vertical,,False
2231,274,P0274,379,3,C04,6127,2729,CONTROL,RUN-CONTROL-4,2345,AESTHETIC,RUN-AESTHETIC-4,Right,AESTHETIC,5924.0,2000-01-01T00:00:36.959Z,2000-01-01T00:00:43.212Z,vertical,,False
2232,274,P0274,379,3,B14,25478,2683,CONTROL,RUN-CONTROL-4,2299,AESTHETIC,RUN-AESTHETIC-4,Left,CONTROL,4545.0,2000-01-01T00:00:43.223Z,2000-01-01T00:00:48.007Z,vertical,,False
2233,274,P0274,379,3,A22,85,2638,CONTROL,RUN-CONTROL-4,2254,AESTHETIC,RUN-AESTHETIC-4,Right,AESTHETIC,1878.0,2000-01-01T00:00:48.017Z,2000-01-01T00:00:50.158Z,vertical,,False
2234,274,P0274,379,3,A02,6127,2229,AESTHETIC,RUN-AESTHETIC-4,2613,CONTROL,RUN-CONTROL-4,Left,AESTHETIC,4364.0,2000-01-01T00:00:50.170Z,2000-01-01T00:00:54.783Z,vertical,,False
2235,274,P0274,379,3,B15,85,2302,AESTHETIC,RUN-AESTHETIC-4,2494,BASE,,Right,BASE,1791.0,2000-01-01T00:00:54.796Z,2000-01-01T00:00:56.927Z,vertical,,False
2236,274,P0274,379,3,B01,85,2654,CONTROL,RUN-CONTROL-4,2462,BASE,,Left,CONTROL,3717.0,2000-01-01T00:00:56.938Z,2000-01-01T00:01:00.901Z,vertical,,False
2237,274,P0274,379,3,C09,6127,2371,AESTHETIC,RUN-AESTHETIC-4,2755,CONTROL,RUN-CONTROL-4,Right,CONTROL,5330.0,2000-01-01T00:01:00.911Z,2000-01-01T00:01:06.500Z,vertical,,False
2238,274,P0274,379,3,B04,7,2474,BASE,,2666,CONTROL,RUN-CONTROL-4,Left,BASE,2381.0,2000-01-01T00:01:06.510Z,2000-01-01T00:01:09.230Z,vertical,,False
2239,274,P0274,379,3,C08,85,2354,AESTHETIC,RUN-AESTHETIC-4,2546,BASE,,Right,BASE,2254.0,2000-01-01T00:01:09.241Z,2000-01-01T00:01:11.820Z,vertical,,False
2240,274,P0274,379,3,A02,7,2422,BASE,,2230,AESTHETIC,RUN-AESTHETIC-4,Right,AESTHETIC,3204.0,2000-01-01T00:01:11.831Z,2000-01-01T00:01:15.330Z,vertical,,False
2241,274,P0274,379,3,B15,25478,2301,AESTHETIC,RUN-AESTHETIC-4,2685,CONTROL,RUN-CONTROL-4,Right,CONTROL,1916.0,2000-01-01T00:01:15.348Z,2000-01-01T00:01:17.544Z,vertical,,False
2242,274,P0274,379,3,A08,85,2236,AESTHETIC,RUN-AESTHETIC-4,2620,CONTROL,RUN-CONTROL-4,Right,CONTROL,2995.0,2000-01-01T00:01:17.554Z,2000-01-01T00:01:20.793Z,vertical,,False
2243,274,P0274,379,3,C20,85,2402,AESTHETIC,RUN-AESTHETIC-4,2594,BASE,,Left,AESTHETIC,5431.0,2000-01-01T00:01:20.803Z,2000-01-01T00:01:26.492Z,vertical,,False
2244,274,P0274,379,3,B29,25478,2331,AESTHETIC,RUN-AESTHETIC-4,2715,CONTROL,RUN-CONTROL-4,Right,CONTROL,5147.0,2000-01-01T00:01:26.504Z,2000-01-01T00:01:31.917Z,vertical,,False
2245,274,P0274,379,3,C05,7,2548,BASE,,2356,AESTHETIC,RUN-AESTHETIC-4,Left,BASE,2479.0,2000-01-01T00:01:31.931Z,2000-01-01T00:01:34.673Z,vertical,,False
2246,274,P0274,379,3,A08,6127,2243,AESTHETIC,RUN-AESTHETIC-4,2627,CONTROL,RUN-CONTROL-4,Left,AESTHETIC,3496.0,2000-01-01T00:01:34.683Z,2000-01-01T00:01:38.462Z,vertical,,False
2247,274,P0274,379,3,C10,7,2374,AESTHETIC,RUN-AESTHETIC-4,2566,BASE,,Left,AESTHETIC,1905.0,2000-01-01T00:01:38.473Z,2000-01-01T00:01:40.658Z,vertical,,False
2248,274,P0274,379,3,C04,25478,2721,CONTROL,RUN-CONTROL-4,2337,AESTHETIC,RUN-AESTHETIC-4,Left,CONTROL,2715.0,2000-01-01T00:01:40.669Z,2000-01-01T00:01:43.718Z,vertical,,False
2249,274,P0274,379,3,C15,25478,2767,CONTROL,RUN-CONTROL-4,2383,AESTHETIC,RUN-AESTHETIC-4,Right,AESTHETIC,2412.0,2000-01-01T00:01:43.730Z,2000-01-01T00:01:46.385Z,vertical,,False
2250,274,P0274,379,3,C08,6127,2553,BASE,,2745,CONTROL,RUN-CONTROL-4,Left,BASE,4282.0,2000-01-01T00:01:46.396Z,2000-01-01T00:01:50.912Z,vertical,,False
2251,274,P0274,379,3,C08,25478,2737,CONTROL,RUN-CONTROL-4,2545,BASE,,Left,CONTROL,4631.0,2000-01-01T00:01:50.923Z,2000-01-01T00:01:55.875Z,vertical,,False
2252,274,P0274,379,3,B20,85,2306,AESTHETIC,RUN-AESTHETIC-4,2690,CONTROL,RUN-CONTROL-4,Left,AESTHETIC,3083.0,2000-01-01T00:01:55.900Z,2000-01-01T00:01:59.485Z,vertical,,False
2253,274,P0274,379,3,C08,25478,2737,CONTROL,RUN-CONTROL-4,2353,AESTHETIC,RUN-AESTHETIC-4,Left,CONTROL,3580.0,2000-01-01T00:01:59.497Z,2000-01-01T00:02:03.584Z,vertical,,False
2254,274,P0274,379,3,B20,7,2314,AESTHETIC,RUN-AESTHETIC-4,2698,CONTROL,RUN-CONTROL-4,Left,AESTHETIC,13638.0,2000-01-01T00:02:03.594Z,2000-01-01T00:02:17.481Z,vertical,,False
2255,274,P0274,379,3,B25,6127,2517,BASE,,2325,AESTHETIC,RUN-AESTHETIC-4,Right,AESTHETIC,3713.0,2000-01-01T00:02:17.493Z,2000-01-01T00:02:21.458Z,vertical,,False
2256,274,P0274,379,3,C18,6127,2597,BASE,,2405,AESTHETIC,RUN-AESTHETIC-4,Left,BASE,4180.0,2000-01-01T00:02:21.469Z,2000-01-01T00:02:25.940Z,vertical,,False
2257,274,P0274,379,3,B09,6127,2295,AESTHETIC,RUN-AESTHETIC-4,2679,CONTROL,RUN-CONTROL-4,Right,CONTROL,7114.0,2000-01-01T00:02:25.975Z,2000-01-01T00:02:33.435Z,vertical,,False
2258,274,P0274,379,3,C05,25478,2539,BASE,,2347,AESTHETIC,RUN-AESTHETIC-4,Left,BASE,3015.0,2000-01-01T00:02:33.458Z,2000-01-01T00:02:36.712Z,vertical,,False
2259,274,P0274,379,3,B27,7,2330,AESTHETIC,RUN-AESTHETIC-4,2714,CONTROL,RUN-CONTROL-4,Left,AESTHETIC,19787.0,2000-01-01T00:02:36.722Z,2000-01-01T00:02:56.803Z,vertical,,False
2260,274,P0274,379,3,B01,6127,2469,BASE,,2277,AESTHETIC,RUN-AESTHETIC-4,Right,AESTHETIC,3882.0,2000-01-01T00:02:56.813Z,2000-01-01T00:03:00.939Z,vertical,,False
2261,57,P0057,382,3,B19,6127,2503,BASE,,2311,AESTHETIC,RUN-AESTHETIC-4,Left,BASE,6144.0,2000-01-01T00:00:28.151Z,2000-01-01T00:00:34.434Z,horizontal,,False
2262,57,P0057,382,3,C16,85,2386,AESTHETIC,RUN-AESTHETIC-4,2578,BASE,,Right,BASE,7411.0,2000-01-01T00:00:34.445Z,2000-01-01T00:00:42.044Z,horizontal,,False
2263,57,P0057,382,3,A04,25478,2607,CONTROL,RUN-CONTROL-4,2415,BASE,,Right,BASE,3655.0,2000-01-01T00:00:42.054Z,2000-01-01T00:00:45.896Z,horizontal,,False
2264,57,P0057,382,3,B01,6127,2661,CONTROL,RUN-CONTROL-4,2469,BASE,,Right,BASE,16120.0,2000-01-01T00:00:45.905Z,2000-01-01T00:01:02.215Z,horizontal,,False
2265,57,P0057,382,3,C16,25478,2769,CONTROL,RUN-CONTROL-4,2385,AESTHETIC,RUN-AESTHETIC-4,Left,CONTROL,6699.0,2000-01-01T00:01:02.226Z,2000-01-01T00:01:09.105Z,horizontal,,False
2266,57,P0057,382,3,B14,7,2308,AESTHETIC,RUN-AESTHETIC-4,2500,BASE,,Left,AESTHETIC,8555.0,2000-01-01T00:01:09.115Z,2000-01-01T00:01:17.853Z,horizontal,,False
2267,57,P0057,382,3,C13,7,2388,AESTHETIC,RUN-AESTHETIC-4,2772,CONTROL,RUN-CONTROL-4,Left,AESTHETIC,2541.0,2000-01-01T00:01:17.864Z,2000-01-01T00:01:20.585Z,horizontal,,False
2268,57,P0057,382,3,B26,25478,2511,BASE,,2703,CONTROL,RUN-CONTROL-4,Tie,TIE,3458.0,2000-01-01T00:01:20.596Z,2000-01-01T00:01:24.241Z,horizontal,,False
2269,57,P0057,382,3,A09,6127,2437,BASE,,2245,AESTHETIC,RUN-AESTHETIC-4,Left,BASE,5481.0,2000-01-01T00:01:24.251Z,2000-01-01T00:01:29.922Z,horizontal,,False
2270,57,P0057,382,3,B15,7,2694,CONTROL,RUN-CONTROL-4,2502,BASE,,Left,CONTROL,6947.0,2000-01-01T00:01:30.280Z,2000-01-01T00:01:37.417Z,horizontal,,False
2271,57,P0057,382,3,B02,85,2464,BASE,,2272,AESTHETIC,RUN-AESTHETIC-4,Left,BASE,2111.0,2000-01-01T00:01:37.426Z,2000-01-01T00:01:39.717Z,horizontal,,False
2272,57,P0057,382,3,A08,25478,2619,CONTROL,RUN-CONTROL-4,2235,AESTHETIC,RUN-AESTHETIC-4,Left,CONTROL,4664.0,2000-01-01T00:01:39.726Z,2000-01-01T00:01:44.574Z,horizontal,,False
2273,57,P0057,382,3,B26,25478,2319,AESTHETIC,RUN-AESTHETIC-4,2703,CONTROL,RUN-CONTROL-4,Left,AESTHETIC,3401.0,2000-01-01T00:01:44.584Z,2000-01-01T00:01:48.168Z,horizontal,,False
2274,57,P0057,382,3,C09,7,2756,CONTROL,RUN-CONTROL-4,2372,AESTHETIC,RUN-AESTHETIC-4,Right,AESTHETIC,8420.0,2000-01-01T00:01:48.177Z,2000-01-01T00:01:56.786Z,horizontal,,False
2275,57,P0057,382,3,C14,85,2382,AESTHETIC,RUN-AESTHETIC-4,2766,CONTROL,RUN-CONTROL-4,Right,CONTROL,2546.0,2000-01-01T00:01:56.797Z,2000-01-01T00:01:59.564Z,horizontal,,False
2276,57,P0057,382,3,C07,6127,2743,CONTROL,RUN-CONTROL-4,2359,AESTHETIC,RUN-AESTHETIC-4,Right,AESTHETIC,1763.0,2000-01-01T00:01:59.575Z,2000-01-01T00:02:01.514Z,horizontal,,False
2277,57,P0057,382,3,A13,85,2242,AESTHETIC,RUN-AESTHETIC-4,2434,BASE,,Right,BASE,3325.0,2000-01-01T00:02:01.524Z,2000-01-01T00:02:05.041Z,horizontal,,False
2278,57,P0057,382,3,A01,6127,2611,CONTROL,RUN-CONTROL-4,2419,BASE,,Right,BASE,3216.0,2000-01-01T00:02:05.051Z,2000-01-01T00:02:08.444Z,horizontal,,False
2279,57,P0057,382,3,C05,7,2740,CONTROL,RUN-CONTROL-4,2356,AESTHETIC,RUN-AESTHETIC-4,Left,CONTROL,4370.0,2000-01-01T00:02:08.453Z,2000-01-01T00:02:13.002Z,horizontal,,False
2280,57,P0057,382,3,A09,7,2246,AESTHETIC,RUN-AESTHETIC-4,2438,BASE,,Left,AESTHETIC,2333.0,2000-01-01T00:02:13.012Z,2000-01-01T00:02:15.533Z,horizontal,,False
2281,57,P0057,382,3,A09,6127,2629,CONTROL,RUN-CONTROL-4,2245,AESTHETIC,RUN-AESTHETIC-4,Right,AESTHETIC,2328.0,2000-01-01T00:02:15.543Z,2000-01-01T00:02:18.049Z,horizontal,,False
2282,57,P0057,382,3,A27,85,2268,AESTHETIC,RUN-AESTHETIC-4,2652,CONTROL,RUN-CONTROL-4,Left,AESTHETIC,6233.0,2000-01-01T00:02:18.058Z,2000-01-01T00:02:24.469Z,horizontal,,False
2283,57,P0057,382,3,A25,85,2448,BASE,,2256,AESTHETIC,RUN-AESTHETIC-4,Right,AESTHETIC,3040.0,2000-01-01T00:02:24.480Z,2000-01-01T00:02:27.697Z,horizontal,,False
2284,57,P0057,382,3,B26,7,2712,CONTROL,RUN-CONTROL-4,2328,AESTHETIC,RUN-AESTHETIC-4,Tie,TIE,3915.0,2000-01-01T00:02:27.713Z,2000-01-01T00:02:31.821Z,horizontal,,False
2285,57,P0057,382,3,C12,25478,2753,CONTROL,RUN-CONTROL-4,2369,AESTHETIC,RUN-AESTHETIC-4,Left,CONTROL,4227.0,2000-01-01T00:02:31.832Z,2000-01-01T00:02:36.237Z,horizontal,,False
2286,57,P0057,382,3,C12,6127,2569,BASE,,2377,AESTHETIC,RUN-AESTHETIC-4,Right,AESTHETIC,2846.0,2000-01-01T00:02:36.248Z,2000-01-01T00:02:39.268Z,horizontal,,False
2287,57,P0057,382,3,A27,6127,2659,CONTROL,RUN-CONTROL-4,2275,AESTHETIC,RUN-AESTHETIC-4,Left,CONTROL,1804.0,2000-01-01T00:02:39.279Z,2000-01-01T00:02:41.265Z,horizontal,,False
2288,57,P0057,382,3,A11,25478,2431,BASE,,2239,AESTHETIC,RUN-AESTHETIC-4,Left,BASE,1920.0,2000-01-01T00:02:41.277Z,2000-01-01T00:02:43.383Z,horizontal,,False
2289,57,P0057,382,3,A07,25478,2609,CONTROL,RUN-CONTROL-4,2225,AESTHETIC,RUN-AESTHETIC-4,Right,AESTHETIC,6016.0,2000-01-01T00:02:43.397Z,2000-01-01T00:02:49.590Z,horizontal,,False
2290,57,P0057,382,3,C11,25478,2367,AESTHETIC,RUN-AESTHETIC-4,2751,CONTROL,RUN-CONTROL-4,Left,AESTHETIC,5283.0,2000-01-01T00:02:49.601Z,2000-01-01T00:02:55.062Z,horizontal,,False
2291,306,P0306,384,3,A27,85,2268,AESTHETIC,RUN-AESTHETIC-4,2460,BASE,,Tie,TIE,25759.0,2000-01-01T00:06:50.817Z,2000-01-01T00:07:17.366Z,vertical,,False
2292,306,P0306,384,3,A08,7,2436,BASE,,2628,CONTROL,RUN-CONTROL-4,Left,BASE,17417.0,2000-01-01T00:07:17.532Z,2000-01-01T00:07:35.212Z,vertical,,False
2293,306,P0306,384,3,C04,7,2538,BASE,,2730,CONTROL,RUN-CONTROL-4,Tie,TIE,11081.0,2000-01-01T00:07:35.225Z,2000-01-01T00:07:46.578Z,vertical,,False
2294,306,P0306,384,3,A25,6127,2263,AESTHETIC,RUN-AESTHETIC-4,2455,BASE,,Left,AESTHETIC,45644.0,2000-01-01T00:07:46.588Z,2000-01-01T00:08:32.785Z,vertical,,False
2295,306,P0306,384,3,B27,7,2522,BASE,,2714,CONTROL,RUN-CONTROL-4,Left,BASE,4858.0,2000-01-01T00:08:32.796Z,2000-01-01T00:08:37.912Z,vertical,,False
2296,306,P0306,384,3,A22,85,2254,AESTHETIC,RUN-AESTHETIC-4,2446,BASE,,Left,AESTHETIC,16047.0,2000-01-01T00:08:37.924Z,2000-01-01T00:08:54.326Z,vertical,,False
2297,306,P0306,384,3,B06,85,2476,BASE,,2668,CONTROL,RUN-CONTROL-4,Left,BASE,9927.0,2000-01-01T00:08:54.336Z,2000-01-01T00:09:04.506Z,vertical,,False
2298,306,P0306,384,3,A04,6127,2423,BASE,,2615,CONTROL,RUN-CONTROL-4,Tie,TIE,2871.0,2000-01-01T00:09:04.518Z,2000-01-01T00:09:07.626Z,vertical,,False
2299,306,P0306,384,3,C16,6127,2585,BASE,,2393,AESTHETIC,RUN-AESTHETIC-4,Right,AESTHETIC,7398.0,2000-01-01T00:09:07.638Z,2000-01-01T00:09:15.421Z,vertical,,False
2300,306,P0306,384,3,C17,6127,2787,CONTROL,RUN-CONTROL-4,2595,BASE,,Tie,TIE,28471.0,2000-01-01T00:09:15.431Z,2000-01-01T00:09:44.319Z,vertical,,False
2301,306,P0306,384,3,B26,7,2328,AESTHETIC,RUN-AESTHETIC-4,2520,BASE,,Right,BASE,15853.0,2000-01-01T00:09:44.329Z,2000-01-01T00:10:00.424Z,vertical,,False
2302,306,P0306,384,3,B04,85,2274,AESTHETIC,RUN-AESTHETIC-4,2466,BASE,,Left,AESTHETIC,11408.0,2000-01-01T00:10:00.434Z,2000-01-01T00:10:12.210Z,vertical,,False
2303,306,P0306,384,3,B27,7,2522,BASE,,2330,AESTHETIC,RUN-AESTHETIC-4,Left,BASE,20858.0,2000-01-01T00:10:12.226Z,2000-01-01T00:10:33.432Z,vertical,,False
2304,306,P0306,384,3,C12,7,2570,BASE,,2378,AESTHETIC,RUN-AESTHETIC-4,Left,BASE,18717.0,2000-01-01T00:10:33.442Z,2000-01-01T00:10:52.687Z,vertical,,False
2305,306,P0306,384,3,C20,7,2794,CONTROL,RUN-CONTROL-4,2602,BASE,,Tie,TIE,3103.0,2000-01-01T00:10:52.699Z,2000-01-01T00:10:56.040Z,vertical,,False
2306,306,P0306,384,3,C20,6127,2409,AESTHETIC,RUN-AESTHETIC-4,2601,BASE,,Tie,TIE,2086.0,2000-01-01T00:10:56.050Z,2000-01-01T00:10:58.433Z,vertical,,False
2307,306,P0306,384,3,B15,85,2302,AESTHETIC,RUN-AESTHETIC-4,2686,CONTROL,RUN-CONTROL-4,Right,CONTROL,17232.0,2000-01-01T00:10:58.445Z,2000-01-01T00:11:16.043Z,vertical,,False
2308,306,P0306,384,3,C19,6127,2599,BASE,,2791,CONTROL,RUN-CONTROL-4,Right,CONTROL,13370.0,2000-01-01T00:11:16.052Z,2000-01-01T00:11:29.673Z,vertical,,False
2309,306,P0306,384,3,A22,7,2454,BASE,,2262,AESTHETIC,RUN-AESTHETIC-4,Right,AESTHETIC,4328.0,2000-01-01T00:11:29.718Z,2000-01-01T00:11:34.272Z,vertical,,False
2310,306,P0306,384,3,C08,25478,2545,BASE,,2353,AESTHETIC,RUN-AESTHETIC-4,Tie,TIE,14708.0,2000-01-01T00:11:34.282Z,2000-01-01T00:11:49.389Z,vertical,,False
2311,306,P0306,384,3,B26,6127,2327,AESTHETIC,RUN-AESTHETIC-4,2519,BASE,,Right,BASE,8472.0,2000-01-01T00:11:49.400Z,2000-01-01T00:11:58.227Z,vertical,,False
2312,306,P0306,384,3,B01,6127,2277,AESTHETIC,RUN-AESTHETIC-4,2661,CONTROL,RUN-CONTROL-4,Tie,TIE,3895.0,2000-01-01T00:11:58.237Z,2000-01-01T00:12:02.407Z,vertical,,False
2313,306,P0306,384,3,B04,25478,2273,AESTHETIC,RUN-AESTHETIC-4,2657,CONTROL,RUN-CONTROL-4,Right,CONTROL,10665.0,2000-01-01T00:12:02.418Z,2000-01-01T00:12:13.447Z,vertical,,False
2314,306,P0306,384,3,C13,7,2772,CONTROL,RUN-CONTROL-4,2580,BASE,,Left,CONTROL,10320.0,2000-01-01T00:12:13.457Z,2000-01-01T00:12:24.153Z,vertical,,False
2315,306,P0306,384,3,B01,25478,2461,BASE,,2269,AESTHETIC,RUN-AESTHETIC-4,Right,AESTHETIC,31959.0,2000-01-01T00:12:24.164Z,2000-01-01T00:12:56.490Z,vertical,,False
2316,306,P0306,384,3,C04,85,2722,CONTROL,RUN-CONTROL-4,2530,BASE,,Tie,TIE,4651.0,2000-01-01T00:12:56.500Z,2000-01-01T00:13:01.542Z,vertical,,False
2317,306,P0306,384,3,C15,7,2392,AESTHETIC,RUN-AESTHETIC-4,2776,CONTROL,RUN-CONTROL-4,Left,AESTHETIC,4923.0,2000-01-01T00:13:01.553Z,2000-01-01T00:13:06.710Z,vertical,,False
2318,306,P0306,384,3,A11,85,2624,CONTROL,RUN-CONTROL-4,2432,BASE,,Left,CONTROL,10903.0,2000-01-01T00:13:06.720Z,2000-01-01T00:13:17.996Z,vertical,,False
2319,306,P0306,384,3,C14,25478,2381,AESTHETIC,RUN-AESTHETIC-4,2765,CONTROL,RUN-CONTROL-4,Left,AESTHETIC,3965.0,2000-01-01T00:13:18.006Z,2000-01-01T00:13:22.228Z,vertical,,False
2320,306,P0306,384,3,C13,6127,2579,BASE,,2387,AESTHETIC,RUN-AESTHETIC-4,Right,AESTHETIC,38184.0,2000-01-01T00:13:22.239Z,2000-01-01T00:14:00.787Z,vertical,,False
2321,152,P0152,386,3,C16,85,2770,CONTROL,RUN-CONTROL-4,2386,AESTHETIC,RUN-AESTHETIC-4,Right,AESTHETIC,9095.0,2000-01-01T00:06:29.698Z,2000-01-01T00:06:39.311Z,horizontal,,False
2322,152,P0152,386,3,C07,25478,2543,BASE,,2735,CONTROL,RUN-CONTROL-4,Right,CONTROL,6689.0,2000-01-01T00:06:39.321Z,2000-01-01T00:06:46.185Z,horizontal,,False
2323,152,P0152,386,3,C01,25478,2333,AESTHETIC,RUN-AESTHETIC-4,2717,CONTROL,RUN-CONTROL-4,Left,AESTHETIC,10702.0,2000-01-01T00:06:46.195Z,2000-01-01T00:06:57.069Z,horizontal,,False
2324,152,P0152,386,3,B19,7,2696,CONTROL,RUN-CONTROL-4,2312,AESTHETIC,RUN-AESTHETIC-4,Left,CONTROL,6788.0,2000-01-01T00:06:57.080Z,2000-01-01T00:07:04.046Z,horizontal,,False
2325,152,P0152,386,3,C11,85,2752,CONTROL,RUN-CONTROL-4,2560,BASE,,Right,BASE,4613.0,2000-01-01T00:07:04.058Z,2000-01-01T00:07:08.847Z,horizontal,,False
2326,152,P0152,386,3,A13,7,2250,AESTHETIC,RUN-AESTHETIC-4,2442,BASE,,Left,AESTHETIC,5052.0,2000-01-01T00:07:08.869Z,2000-01-01T00:07:14.096Z,horizontal,,False
2327,152,P0152,386,3,A22,7,2646,CONTROL,RUN-CONTROL-4,2262,AESTHETIC,RUN-AESTHETIC-4,Right,AESTHETIC,2747.0,2000-01-01T00:07:14.106Z,2000-01-01T00:07:17.028Z,horizontal,,False
2328,152,P0152,386,3,C14,7,2582,BASE,,2390,AESTHETIC,RUN-AESTHETIC-4,Right,AESTHETIC,3359.0,2000-01-01T00:07:17.041Z,2000-01-01T00:07:20.577Z,horizontal,,False
2329,152,P0152,386,3,A08,6127,2627,CONTROL,RUN-CONTROL-4,2435,BASE,,Right,BASE,1773.0,2000-01-01T00:07:20.587Z,2000-01-01T00:07:22.533Z,horizontal,,False
2330,152,P0152,386,3,B23,6127,2515,BASE,,2707,CONTROL,RUN-CONTROL-4,Right,CONTROL,1758.0,2000-01-01T00:07:22.543Z,2000-01-01T00:07:24.473Z,horizontal,,False
2331,152,P0152,386,3,B14,85,2300,AESTHETIC,RUN-AESTHETIC-4,2492,BASE,,Tie,TIE,3719.0,2000-01-01T00:07:24.483Z,2000-01-01T00:07:28.375Z,horizontal,,False
2332,152,P0152,386,3,C15,6127,2583,BASE,,2775,CONTROL,RUN-CONTROL-4,Right,CONTROL,3931.0,2000-01-01T00:07:28.383Z,2000-01-01T00:07:32.489Z,horizontal,,False
2333,152,P0152,386,3,A25,85,2256,AESTHETIC,RUN-AESTHETIC-4,2640,CONTROL,RUN-CONTROL-4,Left,AESTHETIC,5232.0,2000-01-01T00:07:32.501Z,2000-01-01T00:07:37.914Z,horizontal,,False
2334,152,P0152,386,3,A04,85,2224,AESTHETIC,RUN-AESTHETIC-4,2608,CONTROL,RUN-CONTROL-4,Left,AESTHETIC,2881.0,2000-01-01T00:07:37.926Z,2000-01-01T00:07:40.982Z,horizontal,,False
2335,152,P0152,386,3,C15,7,2392,AESTHETIC,RUN-AESTHETIC-4,2584,BASE,,Right,BASE,2388.0,2000-01-01T00:07:40.993Z,2000-01-01T00:07:43.552Z,horizontal,,False
2336,152,P0152,386,3,B06,85,2668,CONTROL,RUN-CONTROL-4,2284,AESTHETIC,RUN-AESTHETIC-4,Tie,TIE,1897.0,2000-01-01T00:07:43.564Z,2000-01-01T00:07:45.634Z,horizontal,,False
2337,152,P0152,386,3,A13,85,2626,CONTROL,RUN-CONTROL-4,2434,BASE,,Left,CONTROL,3803.0,2000-01-01T00:07:45.645Z,2000-01-01T00:07:49.634Z,horizontal,,False
2338,152,P0152,386,3,B08,7,2486,BASE,,2678,CONTROL,RUN-CONTROL-4,Left,BASE,3139.0,2000-01-01T00:07:49.644Z,2000-01-01T00:07:52.955Z,horizontal,,False
2339,152,P0152,386,3,C07,6127,2551,BASE,,2359,AESTHETIC,RUN-AESTHETIC-4,Right,AESTHETIC,2010.0,2000-01-01T00:07:52.965Z,2000-01-01T00:07:55.166Z,horizontal,,False
2340,152,P0152,386,3,C16,7,2586,BASE,,2778,CONTROL,RUN-CONTROL-4,Left,BASE,3961.0,2000-01-01T00:07:55.177Z,2000-01-01T00:07:59.319Z,horizontal,,False
2341,152,P0152,386,3,C05,6127,2355,AESTHETIC,RUN-AESTHETIC-4,2739,CONTROL,RUN-CONTROL-4,Right,CONTROL,2169.0,2000-01-01T00:07:59.328Z,2000-01-01T00:08:01.679Z,horizontal,,False
2342,152,P0152,386,3,B04,85,2466,BASE,,2658,CONTROL,RUN-CONTROL-4,Right,CONTROL,1718.0,2000-01-01T00:08:01.691Z,2000-01-01T00:08:03.584Z,horizontal,,False
2343,152,P0152,386,3,C06,85,2542,BASE,,2350,AESTHETIC,RUN-AESTHETIC-4,Tie,TIE,1895.0,2000-01-01T00:08:03.594Z,2000-01-01T00:08:05.669Z,horizontal,,False
2344,152,P0152,386,3,B14,85,2492,BASE,,2684,CONTROL,RUN-CONTROL-4,Tie,TIE,1112.0,2000-01-01T00:08:05.679Z,2000-01-01T00:08:06.974Z,horizontal,,False
2345,152,P0152,386,3,B02,6127,2663,CONTROL,RUN-CONTROL-4,2279,AESTHETIC,RUN-AESTHETIC-4,Right,AESTHETIC,2664.0,2000-01-01T00:08:06.985Z,2000-01-01T00:08:09.834Z,horizontal,,False
2346,152,P0152,386,3,C02,25478,2527,BASE,,2335,AESTHETIC,RUN-AESTHETIC-4,Right,AESTHETIC,2863.0,2000-01-01T00:08:09.858Z,2000-01-01T00:08:12.900Z,horizontal,,False
2347,152,P0152,386,3,B25,6127,2517,BASE,,2709,CONTROL,RUN-CONTROL-4,Right,CONTROL,3208.0,2000-01-01T00:08:12.912Z,2000-01-01T00:08:16.293Z,horizontal,,False
2348,152,P0152,386,3,C10,7,2374,AESTHETIC,RUN-AESTHETIC-4,2758,CONTROL,RUN-CONTROL-4,Right,CONTROL,2321.0,2000-01-01T00:08:16.304Z,2000-01-01T00:08:18.799Z,horizontal,,False
2349,152,P0152,386,3,C14,6127,2773,CONTROL,RUN-CONTROL-4,2581,BASE,,Tie,TIE,1913.0,2000-01-01T00:08:18.809Z,2000-01-01T00:08:20.897Z,horizontal,,False
2350,152,P0152,386,3,C06,85,2542,BASE,,2734,CONTROL,RUN-CONTROL-4,Tie,TIE,1235.0,2000-01-01T00:08:20.910Z,2000-01-01T00:08:22.337Z,horizontal,,False
2351,69,P0069,387,3,B04,7,2666,CONTROL,RUN-CONTROL-4,2282,AESTHETIC,RUN-AESTHETIC-4,Right,AESTHETIC,11632.0,2000-01-01T00:00:24.640Z,2000-01-01T00:00:36.554Z,vertical,,False
2352,69,P0069,387,3,C04,85,2338,AESTHETIC,RUN-AESTHETIC-4,2530,BASE,,Tie,TIE,7737.0,2000-01-01T00:00:36.566Z,2000-01-01T00:00:44.572Z,vertical,,False
2353,69,P0069,387,3,C02,6127,2535,BASE,,2343,AESTHETIC,RUN-AESTHETIC-4,Right,AESTHETIC,9123.0,2000-01-01T00:00:44.582Z,2000-01-01T00:00:53.963Z,vertical,,False
2354,69,P0069,387,3,C10,6127,2565,BASE,,2373,AESTHETIC,RUN-AESTHETIC-4,Left,BASE,13941.0,2000-01-01T00:00:53.975Z,2000-01-01T00:01:08.179Z,vertical,,False
2355,69,P0069,387,3,C19,85,2784,CONTROL,RUN-CONTROL-4,2400,AESTHETIC,RUN-AESTHETIC-4,Tie,TIE,6142.0,2000-01-01T00:01:08.189Z,2000-01-01T00:01:14.624Z,vertical,,False
2356,69,P0069,387,3,B27,25478,2513,BASE,,2321,AESTHETIC,RUN-AESTHETIC-4,Right,AESTHETIC,11353.0,2000-01-01T00:01:14.635Z,2000-01-01T00:01:26.250Z,vertical,,False
2357,69,P0069,387,3,B27,85,2706,CONTROL,RUN-CONTROL-4,2514,BASE,,Tie,TIE,6821.0,2000-01-01T00:01:26.260Z,2000-01-01T00:01:33.352Z,vertical,,False
2358,69,P0069,387,3,C12,6127,2569,BASE,,2761,CONTROL,RUN-CONTROL-4,Right,CONTROL,7292.0,2000-01-01T00:01:33.363Z,2000-01-01T00:01:40.919Z,vertical,,False
2359,69,P0069,387,3,A26,25478,2641,CONTROL,RUN-CONTROL-4,2449,BASE,,Left,CONTROL,8276.0,2000-01-01T00:01:40.929Z,2000-01-01T00:01:49.479Z,vertical,,False
2360,69,P0069,387,3,A08,25478,2235,AESTHETIC,RUN-AESTHETIC-4,2427,BASE,,Tie,TIE,8443.0,2000-01-01T00:01:49.488Z,2000-01-01T00:01:58.181Z,vertical,,False
2361,69,P0069,387,3,B25,25478,2509,BASE,,2701,CONTROL,RUN-CONTROL-4,Right,CONTROL,4542.0,2000-01-01T00:01:58.190Z,2000-01-01T00:02:03.051Z,vertical,,False
2362,69,P0069,387,3,C08,85,2738,CONTROL,RUN-CONTROL-4,2546,BASE,,Right,BASE,11393.0,2000-01-01T00:02:03.061Z,2000-01-01T00:02:14.720Z,vertical,,False
2363,69,P0069,387,3,A27,7,2468,BASE,,2660,CONTROL,RUN-CONTROL-4,Left,BASE,8695.0,2000-01-01T00:02:14.728Z,2000-01-01T00:02:23.718Z,vertical,,False
2364,69,P0069,387,3,B01,85,2270,AESTHETIC,RUN-AESTHETIC-4,2462,BASE,,Right,BASE,9580.0,2000-01-01T00:02:23.727Z,2000-01-01T00:02:33.572Z,vertical,,False
2365,69,P0069,387,3,B23,6127,2515,BASE,,2323,AESTHETIC,RUN-AESTHETIC-4,Tie,TIE,7295.0,2000-01-01T00:02:33.583Z,2000-01-01T00:02:41.163Z,vertical,,False
2366,69,P0069,387,3,A04,7,2232,AESTHETIC,RUN-AESTHETIC-4,2424,BASE,,Tie,TIE,8544.0,2000-01-01T00:02:41.174Z,2000-01-01T00:02:49.971Z,vertical,,False
2367,69,P0069,387,3,B01,7,2470,BASE,,2662,CONTROL,RUN-CONTROL-4,Left,BASE,5916.0,2000-01-01T00:02:49.982Z,2000-01-01T00:02:56.161Z,vertical,,False
2368,69,P0069,387,3,C17,6127,2595,BASE,,2403,AESTHETIC,RUN-AESTHETIC-4,Right,AESTHETIC,5991.0,2000-01-01T00:02:56.171Z,2000-01-01T00:03:02.422Z,vertical,,False
2369,69,P0069,387,3,A07,6127,2233,AESTHETIC,RUN-AESTHETIC-4,2425,BASE,,Right,BASE,15543.0,2000-01-01T00:03:02.432Z,2000-01-01T00:03:18.241Z,vertical,,False
2370,69,P0069,387,3,C19,7,2792,CONTROL,RUN-CONTROL-4,2600,BASE,,Tie,TIE,5585.0,2000-01-01T00:03:18.251Z,2000-01-01T00:03:24.092Z,vertical,,False
2371,69,P0069,387,3,A04,6127,2231,AESTHETIC,RUN-AESTHETIC-4,2423,BASE,,Left,AESTHETIC,7776.0,2000-01-01T00:03:24.103Z,2000-01-01T00:03:32.150Z,vertical,,False
2372,69,P0069,387,3,A02,6127,2229,AESTHETIC,RUN-AESTHETIC-4,2421,BASE,,Right,BASE,5855.0,2000-01-01T00:03:32.182Z,2000-01-01T00:03:38.304Z,vertical,,False
2373,69,P0069,387,3,B19,25478,2687,CONTROL,RUN-CONTROL-4,2495,BASE,,Right,BASE,10742.0,2000-01-01T00:03:38.313Z,2000-01-01T00:03:49.329Z,vertical,,False
2374,69,P0069,387,3,C14,25478,2381,AESTHETIC,RUN-AESTHETIC-4,2573,BASE,,Right,BASE,5745.0,2000-01-01T00:03:49.340Z,2000-01-01T00:03:55.372Z,vertical,,False
2375,69,P0069,387,3,C16,7,2778,CONTROL,RUN-CONTROL-4,2394,AESTHETIC,RUN-AESTHETIC-4,Tie,TIE,6737.0,2000-01-01T00:03:55.382Z,2000-01-01T00:04:02.383Z,vertical,,False
2376,69,P0069,387,3,A22,6127,2645,CONTROL,RUN-CONTROL-4,2261,AESTHETIC,RUN-AESTHETIC-4,Right,AESTHETIC,3231.0,2000-01-01T00:04:02.393Z,2000-01-01T00:04:05.871Z,vertical,,False
2377,69,P0069,387,3,B14,6127,2691,CONTROL,RUN-CONTROL-4,2307,AESTHETIC,RUN-AESTHETIC-4,Right,AESTHETIC,6626.0,2000-01-01T00:04:05.882Z,2000-01-01T00:04:12.775Z,vertical,,False
2378,69,P0069,387,3,B08,7,2294,AESTHETIC,RUN-AESTHETIC-4,2486,BASE,,Right,BASE,3144.0,2000-01-01T00:04:12.785Z,2000-01-01T00:04:16.224Z,vertical,,False
2379,69,P0069,387,3,C16,25478,2769,CONTROL,RUN-CONTROL-4,2577,BASE,,Right,BASE,4927.0,2000-01-01T00:04:16.235Z,2000-01-01T00:04:21.441Z,vertical,,False
2380,69,P0069,387,3,B29,7,2724,CONTROL,RUN-CONTROL-4,2532,BASE,,Right,BASE,4252.0,2000-01-01T00:04:21.451Z,2000-01-01T00:04:25.986Z,vertical,,False
2381,72,P0072,390,3,B20,6127,2505,BASE,,2313,AESTHETIC,RUN-AESTHETIC-4,Right,AESTHETIC,29676.0,2000-01-04T00:09:42.644Z,2000-01-04T00:10:12.981Z,vertical,,False
2382,72,P0072,390,3,C17,25478,2395,AESTHETIC,RUN-AESTHETIC-4,2779,CONTROL,RUN-CONTROL-4,Right,CONTROL,4848.0,2000-01-04T00:10:12.991Z,2000-01-04T00:10:18.063Z,vertical,,False
2383,72,P0072,390,3,A07,6127,2617,CONTROL,RUN-CONTROL-4,2233,AESTHETIC,RUN-AESTHETIC-4,Left,CONTROL,4632.0,2000-01-04T00:10:18.073Z,2000-01-04T00:10:22.927Z,vertical,,False
2384,72,P0072,390,3,B09,25478,2287,AESTHETIC,RUN-AESTHETIC-4,2671,CONTROL,RUN-CONTROL-4,Right,CONTROL,2502.0,2000-01-04T00:10:22.938Z,2000-01-04T00:10:25.656Z,vertical,,False
2385,72,P0072,390,3,C05,85,2348,AESTHETIC,RUN-AESTHETIC-4,2540,BASE,,Right,BASE,2453.0,2000-01-04T00:10:25.668Z,2000-01-04T00:10:28.408Z,vertical,,False
2386,72,P0072,390,3,C16,6127,2777,CONTROL,RUN-CONTROL-4,2393,AESTHETIC,RUN-AESTHETIC-4,Left,CONTROL,6612.0,2000-01-04T00:10:28.418Z,2000-01-04T00:10:35.314Z,vertical,,False
2387,72,P0072,390,3,A22,25478,2445,BASE,,2637,CONTROL,RUN-CONTROL-4,Left,BASE,4658.0,2000-01-04T00:10:35.325Z,2000-01-04T00:10:40.200Z,vertical,,False
2388,72,P0072,390,3,B12,25478,2289,AESTHETIC,RUN-AESTHETIC-4,2481,BASE,,Right,BASE,2044.0,2000-01-04T00:10:40.211Z,2000-01-04T00:10:42.479Z,vertical,,False
2389,72,P0072,390,3,C13,7,2388,AESTHETIC,RUN-AESTHETIC-4,2580,BASE,,Right,BASE,1714.0,2000-01-04T00:10:42.489Z,2000-01-04T00:10:44.430Z,vertical,,False
2390,72,P0072,390,3,B27,25478,2705,CONTROL,RUN-CONTROL-4,2321,AESTHETIC,RUN-AESTHETIC-4,Right,AESTHETIC,2060.0,2000-01-04T00:10:44.440Z,2000-01-04T00:10:46.718Z,vertical,,False
2391,72,P0072,390,3,A22,6127,2453,BASE,,2261,AESTHETIC,RUN-AESTHETIC-4,Left,BASE,1961.0,2000-01-04T00:10:46.729Z,2000-01-04T00:10:48.919Z,vertical,,False
2392,72,P0072,390,3,C09,25478,2555,BASE,,2363,AESTHETIC,RUN-AESTHETIC-4,Right,AESTHETIC,3335.0,2000-01-04T00:10:48.929Z,2000-01-04T00:10:52.482Z,vertical,,False
2393,72,P0072,390,3,A08,25478,2427,BASE,,2619,CONTROL,RUN-CONTROL-4,Right,CONTROL,2690.0,2000-01-04T00:10:52.494Z,2000-01-04T00:10:55.402Z,vertical,,False
2394,72,P0072,390,3,C15,85,2384,AESTHETIC,RUN-AESTHETIC-4,2576,BASE,,Right,BASE,3269.0,2000-01-04T00:10:55.412Z,2000-01-04T00:10:58.911Z,vertical,,False
2395,72,P0072,390,3,C16,25478,2577,BASE,,2385,AESTHETIC,RUN-AESTHETIC-4,Right,AESTHETIC,2510.0,2000-01-04T00:10:59.076Z,2000-01-04T00:11:01.877Z,vertical,,False
2396,72,P0072,390,3,A13,85,2626,CONTROL,RUN-CONTROL-4,2242,AESTHETIC,RUN-AESTHETIC-4,Right,AESTHETIC,2120.0,2000-01-04T00:11:01.889Z,2000-01-04T00:11:04.226Z,vertical,,False
2397,72,P0072,390,3,C09,6127,2563,BASE,,2371,AESTHETIC,RUN-AESTHETIC-4,Left,BASE,7172.0,2000-01-04T00:11:04.236Z,2000-01-04T00:11:11.624Z,vertical,,False
2398,72,P0072,390,3,C02,85,2336,AESTHETIC,RUN-AESTHETIC-4,2720,CONTROL,RUN-CONTROL-4,Left,AESTHETIC,2396.0,2000-01-04T00:11:11.634Z,2000-01-04T00:11:14.259Z,vertical,,False
2399,72,P0072,390,3,B14,6127,2499,BASE,,2307,AESTHETIC,RUN-AESTHETIC-4,Left,BASE,2933.0,2000-01-04T00:11:14.270Z,2000-01-04T00:11:17.427Z,vertical,,False
2400,72,P0072,390,3,A09,25478,2237,AESTHETIC,RUN-AESTHETIC-4,2621,CONTROL,RUN-CONTROL-4,Right,CONTROL,1534.0,2000-01-04T00:11:17.437Z,2000-01-04T00:11:19.197Z,vertical,,False
2401,72,P0072,390,3,B20,85,2306,AESTHETIC,RUN-AESTHETIC-4,2498,BASE,,Left,AESTHETIC,2108.0,2000-01-04T00:11:19.208Z,2000-01-04T00:11:21.781Z,vertical,,False
2402,72,P0072,390,3,C01,85,2526,BASE,,2718,CONTROL,RUN-CONTROL-4,Left,BASE,2240.0,2000-01-04T00:11:21.791Z,2000-01-04T00:11:24.266Z,vertical,,False
2403,72,P0072,390,3,A04,85,2416,BASE,,2608,CONTROL,RUN-CONTROL-4,Right,CONTROL,3823.0,2000-01-04T00:11:24.493Z,2000-01-04T00:11:28.542Z,vertical,,False
2404,72,P0072,390,3,C11,25478,2367,AESTHETIC,RUN-AESTHETIC-4,2559,BASE,,Right,BASE,3613.0,2000-01-04T00:11:28.552Z,2000-01-04T00:11:32.384Z,vertical,,False
2405,72,P0072,390,3,B19,7,2696,CONTROL,RUN-CONTROL-4,2504,BASE,,Right,BASE,4483.0,2000-01-04T00:11:32.394Z,2000-01-04T00:11:37.097Z,vertical,,False
2406,72,P0072,390,3,A26,6127,2457,BASE,,2265,AESTHETIC,RUN-AESTHETIC-4,Right,AESTHETIC,2335.0,2000-01-04T00:11:37.108Z,2000-01-04T00:11:39.661Z,vertical,,False
2407,72,P0072,390,3,A11,85,2432,BASE,,2240,AESTHETIC,RUN-AESTHETIC-4,Left,BASE,1543.0,2000-01-04T00:11:39.673Z,2000-01-04T00:11:41.452Z,vertical,,False
2408,72,P0072,390,3,C10,7,2566,BASE,,2758,CONTROL,RUN-CONTROL-4,Right,CONTROL,2590.0,2000-01-04T00:11:41.464Z,2000-01-04T00:11:44.275Z,vertical,,False
2409,72,P0072,390,3,B23,7,2708,CONTROL,RUN-CONTROL-4,2324,AESTHETIC,RUN-AESTHETIC-4,Right,AESTHETIC,2337.0,2000-01-04T00:11:44.287Z,2000-01-04T00:11:46.847Z,vertical,,False
2410,72,P0072,390,3,C12,25478,2561,BASE,,2369,AESTHETIC,RUN-AESTHETIC-4,Right,AESTHETIC,2966.0,2000-01-04T00:11:46.858Z,2000-01-04T00:11:50.053Z,vertical,,False
2411,30,P0030,392,3,C09,7,2756,CONTROL,RUN-CONTROL-4,2564,BASE,,Right,BASE,6808.0,2000-01-04T01:12:43.784Z,2000-01-04T01:12:51.026Z,vertical,,False
2412,30,P0030,392,3,B12,25478,2673,CONTROL,RUN-CONTROL-4,2481,BASE,,Left,CONTROL,10395.0,2000-01-04T01:12:51.036Z,2000-01-04T01:13:01.657Z,vertical,,False
2413,30,P0030,392,3,B01,7,2470,BASE,,2278,AESTHETIC,RUN-AESTHETIC-4,Tie,TIE,7884.0,2000-01-04T01:13:01.666Z,2000-01-04T01:13:09.772Z,vertical,,False
2414,30,P0030,392,3,C17,25478,2587,BASE,,2779,CONTROL,RUN-CONTROL-4,Right,CONTROL,5715.0,2000-01-04T01:13:09.783Z,2000-01-04T01:13:15.726Z,vertical,,False
2415,30,P0030,392,3,B19,7,2504,BASE,,2312,AESTHETIC,RUN-AESTHETIC-4,Right,AESTHETIC,8089.0,2000-01-04T01:13:15.736Z,2000-01-04T01:13:24.059Z,vertical,,False
2416,30,P0030,392,3,C04,6127,2729,CONTROL,RUN-CONTROL-4,2537,BASE,,Tie,TIE,2270.0,2000-01-04T01:13:24.130Z,2000-01-04T01:13:26.628Z,vertical,,False
2417,30,P0030,392,3,B19,6127,2695,CONTROL,RUN-CONTROL-4,2503,BASE,,Right,BASE,4629.0,2000-01-04T01:13:26.638Z,2000-01-04T01:13:31.496Z,vertical,,False
2418,30,P0030,392,3,C17,85,2588,BASE,,2780,CONTROL,RUN-CONTROL-4,Tie,TIE,5807.0,2000-01-04T01:13:31.508Z,2000-01-04T01:13:37.535Z,vertical,,False
2419,30,P0030,392,3,A07,25478,2609,CONTROL,RUN-CONTROL-4,2417,BASE,,Tie,TIE,3237.0,2000-01-04T01:13:37.547Z,2000-01-04T01:13:41.005Z,vertical,,False
2420,30,P0030,392,3,B15,7,2310,AESTHETIC,RUN-AESTHETIC-4,2694,CONTROL,RUN-CONTROL-4,Right,CONTROL,5799.0,2000-01-04T01:13:41.016Z,2000-01-04T01:13:47.036Z,vertical,,False
2421,30,P0030,392,3,C01,6127,2533,BASE,,2725,CONTROL,RUN-CONTROL-4,Left,BASE,5477.0,2000-01-04T01:13:47.046Z,2000-01-04T01:13:52.762Z,vertical,,False
2422,30,P0030,392,3,A25,25478,2639,CONTROL,RUN-CONTROL-4,2255,AESTHETIC,RUN-AESTHETIC-4,Right,AESTHETIC,5022.0,2000-01-04T01:13:52.772Z,2000-01-04T01:13:58.017Z,vertical,,False
2423,30,P0030,392,3,C18,7,2406,AESTHETIC,RUN-AESTHETIC-4,2598,BASE,,Right,BASE,3594.0,2000-01-04T01:13:58.034Z,2000-01-04T01:14:01.900Z,vertical,,False
2424,30,P0030,392,3,A11,7,2248,AESTHETIC,RUN-AESTHETIC-4,2440,BASE,,Tie,TIE,4727.0,2000-01-04T01:14:01.911Z,2000-01-04T01:14:06.863Z,vertical,,False
2425,30,P0030,392,3,C09,6127,2563,BASE,,2755,CONTROL,RUN-CONTROL-4,Tie,TIE,4958.0,2000-01-04T01:14:06.873Z,2000-01-04T01:14:12.057Z,vertical,,False
2426,30,P0030,392,3,C01,85,2718,CONTROL,RUN-CONTROL-4,2334,AESTHETIC,RUN-AESTHETIC-4,Right,AESTHETIC,7639.0,2000-01-04T01:14:12.067Z,2000-01-04T01:14:19.932Z,vertical,,False
2427,30,P0030,392,3,C15,7,2584,BASE,,2776,CONTROL,RUN-CONTROL-4,Left,BASE,4890.0,2000-01-04T01:14:19.943Z,2000-01-04T01:14:25.057Z,vertical,,False
2428,30,P0030,392,3,C12,85,2754,CONTROL,RUN-CONTROL-4,2370,AESTHETIC,RUN-AESTHETIC-4,Tie,TIE,3056.0,2000-01-04T01:14:25.071Z,2000-01-04T01:14:28.374Z,vertical,,False
2429,30,P0030,392,3,A27,25478,2651,CONTROL,RUN-CONTROL-4,2459,BASE,,Tie,TIE,3405.0,2000-01-04T01:14:28.385Z,2000-01-04T01:14:32.013Z,vertical,,False
2430,30,P0030,392,3,A02,7,2614,CONTROL,RUN-CONTROL-4,2422,BASE,,Right,BASE,3705.0,2000-01-04T01:14:32.023Z,2000-01-04T01:14:35.963Z,vertical,,False
2431,30,P0030,392,3,A27,6127,2467,BASE,,2659,CONTROL,RUN-CONTROL-4,Left,BASE,4020.0,2000-01-04T01:14:35.974Z,2000-01-04T01:14:40.254Z,vertical,,False
2432,30,P0030,392,3,C17,7,2404,AESTHETIC,RUN-AESTHETIC-4,2788,CONTROL,RUN-CONTROL-4,Left,AESTHETIC,3832.0,2000-01-04T01:14:40.265Z,2000-01-04T01:14:44.333Z,vertical,,False
2433,30,P0030,392,3,A13,6127,2249,AESTHETIC,RUN-AESTHETIC-4,2441,BASE,,Left,AESTHETIC,3441.0,2000-01-04T01:14:44.342Z,2000-01-04T01:14:48.007Z,vertical,,False
2434,30,P0030,392,3,A13,7,2250,AESTHETIC,RUN-AESTHETIC-4,2634,CONTROL,RUN-CONTROL-4,Left,AESTHETIC,2411.0,2000-01-04T01:14:48.018Z,2000-01-04T01:14:50.678Z,vertical,,False
2435,30,P0030,392,3,C15,6127,2583,BASE,,2391,AESTHETIC,RUN-AESTHETIC-4,Right,AESTHETIC,3211.0,2000-01-04T01:14:50.689Z,2000-01-04T01:14:54.125Z,vertical,,False
2436,30,P0030,392,3,A26,7,2458,BASE,,2650,CONTROL,RUN-CONTROL-4,Right,CONTROL,4214.0,2000-01-04T01:14:54.138Z,2000-01-04T01:14:58.563Z,vertical,,False
2437,30,P0030,392,3,C20,85,2402,AESTHETIC,RUN-AESTHETIC-4,2786,CONTROL,RUN-CONTROL-4,Right,CONTROL,2563.0,2000-01-04T01:14:58.575Z,2000-01-04T01:15:01.367Z,vertical,,False
2438,30,P0030,392,3,C01,25478,2525,BASE,,2333,AESTHETIC,RUN-AESTHETIC-4,Right,AESTHETIC,5043.0,2000-01-04T01:15:01.405Z,2000-01-04T01:15:06.675Z,vertical,,False
2439,30,P0030,392,3,B25,25478,2317,AESTHETIC,RUN-AESTHETIC-4,2509,BASE,,Left,AESTHETIC,2248.0,2000-01-04T01:15:06.698Z,2000-01-04T01:15:09.169Z,vertical,,False
2440,30,P0030,392,3,C02,85,2336,AESTHETIC,RUN-AESTHETIC-4,2528,BASE,,Left,AESTHETIC,5192.0,2000-01-04T01:15:09.179Z,2000-01-04T01:15:14.601Z,vertical,,False
2441,18,P0018,396,3,A09,7,2630,CONTROL,RUN-CONTROL-4,2438,BASE,,Tie,TIE,5158.0,2000-01-04T02:52:38.716Z,2000-01-04T02:52:44.699Z,vertical,,False
2442,18,P0018,396,3,B19,25478,2303,AESTHETIC,RUN-AESTHETIC-4,2687,CONTROL,RUN-CONTROL-4,Left,AESTHETIC,7153.0,2000-01-04T02:52:44.711Z,2000-01-04T02:52:52.529Z,vertical,,False
2443,18,P0018,396,3,C09,25478,2747,CONTROL,RUN-CONTROL-4,2363,AESTHETIC,RUN-AESTHETIC-4,Left,CONTROL,4232.0,2000-01-04T02:52:52.540Z,2000-01-04T02:52:57.049Z,vertical,,False
2444,18,P0018,396,3,B02,25478,2463,BASE,,2271,AESTHETIC,RUN-AESTHETIC-4,Tie,TIE,5361.0,2000-01-04T02:52:57.061Z,2000-01-04T02:53:02.703Z,vertical,,False
2445,18,P0018,396,3,A04,85,2416,BASE,,2224,AESTHETIC,RUN-AESTHETIC-4,Right,AESTHETIC,6162.0,2000-01-04T02:53:02.849Z,2000-01-04T02:53:09.415Z,vertical,,False
2446,18,P0018,396,3,B26,85,2704,CONTROL,RUN-CONTROL-4,2320,AESTHETIC,RUN-AESTHETIC-4,Tie,TIE,4397.0,2000-01-04T02:53:09.426Z,2000-01-04T02:53:14.130Z,vertical,,False
2447,18,P0018,396,3,A27,7,2276,AESTHETIC,RUN-AESTHETIC-4,2468,BASE,,Right,BASE,8740.0,2000-01-04T02:53:14.142Z,2000-01-04T02:53:23.147Z,vertical,,False
2448,18,P0018,396,3,B02,6127,2471,BASE,,2279,AESTHETIC,RUN-AESTHETIC-4,Tie,TIE,12645.0,2000-01-04T02:53:23.164Z,2000-01-04T02:53:36.120Z,vertical,,False
2449,18,P0018,396,3,A11,6127,2439,BASE,,2631,CONTROL,RUN-CONTROL-4,Left,BASE,4324.0,2000-01-04T02:53:36.130Z,2000-01-04T02:53:40.723Z,vertical,,False
2450,18,P0018,396,3,C14,25478,2765,CONTROL,RUN-CONTROL-4,2573,BASE,,Tie,TIE,3322.0,2000-01-04T02:53:40.738Z,2000-01-04T02:53:44.322Z,vertical,,False
2451,18,P0018,396,3,C01,25478,2717,CONTROL,RUN-CONTROL-4,2525,BASE,,Left,CONTROL,3082.0,2000-01-04T02:53:44.334Z,2000-01-04T02:53:47.720Z,vertical,,False
2452,18,P0018,396,3,C11,7,2376,AESTHETIC,RUN-AESTHETIC-4,2760,CONTROL,RUN-CONTROL-4,Tie,TIE,2105.0,2000-01-04T02:53:47.733Z,2000-01-04T02:53:50.107Z,vertical,,False
2453,18,P0018,396,3,C18,85,2782,CONTROL,RUN-CONTROL-4,2590,BASE,,Left,CONTROL,22987.0,2000-01-04T02:53:50.117Z,2000-01-04T02:54:14.871Z,vertical,,False
2454,18,P0018,396,3,B12,7,2682,CONTROL,RUN-CONTROL-4,2490,BASE,,Tie,TIE,1620.0,2000-01-04T02:54:14.887Z,2000-01-04T02:54:16.778Z,vertical,,False
2455,18,P0018,396,3,C11,85,2752,CONTROL,RUN-CONTROL-4,2368,AESTHETIC,RUN-AESTHETIC-4,Right,AESTHETIC,2732.0,2000-01-04T02:54:16.789Z,2000-01-04T02:54:19.799Z,vertical,,False
2456,18,P0018,396,3,C08,6127,2553,BASE,,2361,AESTHETIC,RUN-AESTHETIC-4,Right,AESTHETIC,3517.0,2000-01-04T02:54:19.808Z,2000-01-04T02:54:23.598Z,vertical,,False
2457,18,P0018,396,3,C19,7,2408,AESTHETIC,RUN-AESTHETIC-4,2792,CONTROL,RUN-CONTROL-4,Right,CONTROL,4632.0,2000-01-04T02:54:23.609Z,2000-01-04T02:54:28.510Z,vertical,,False
2458,18,P0018,396,3,A27,25478,2267,AESTHETIC,RUN-AESTHETIC-4,2651,CONTROL,RUN-CONTROL-4,Tie,TIE,3966.0,2000-01-04T02:54:28.521Z,2000-01-04T02:54:32.758Z,vertical,,False
2459,18,P0018,396,3,B02,6127,2663,CONTROL,RUN-CONTROL-4,2471,BASE,,Tie,TIE,2257.0,2000-01-04T02:54:32.783Z,2000-01-04T02:54:35.318Z,vertical,,False
2460,18,P0018,396,3,C06,25478,2541,BASE,,2349,AESTHETIC,RUN-AESTHETIC-4,Tie,TIE,2231.0,2000-01-04T02:54:35.329Z,2000-01-04T02:54:37.810Z,vertical,,False
2461,18,P0018,396,3,B06,6127,2291,AESTHETIC,RUN-AESTHETIC-4,2483,BASE,,Right,BASE,3405.0,2000-01-04T02:54:37.822Z,2000-01-04T02:54:41.553Z,vertical,,False
2462,18,P0018,396,3,C18,6127,2789,CONTROL,RUN-CONTROL-4,2597,BASE,,Right,BASE,1959.0,2000-01-04T02:54:41.565Z,2000-01-04T02:54:43.791Z,vertical,,False
2463,18,P0018,396,3,B15,25478,2493,BASE,,2685,CONTROL,RUN-CONTROL-4,Right,CONTROL,2645.0,2000-01-04T02:54:43.802Z,2000-01-04T02:54:46.719Z,vertical,,False
2464,18,P0018,396,3,B20,7,2314,AESTHETIC,RUN-AESTHETIC-4,2506,BASE,,Tie,TIE,3447.0,2000-01-04T02:54:46.747Z,2000-01-04T02:54:50.467Z,vertical,,False
2465,18,P0018,396,3,C04,6127,2537,BASE,,2345,AESTHETIC,RUN-AESTHETIC-4,Right,AESTHETIC,4169.0,2000-01-04T02:54:50.478Z,2000-01-04T02:54:55.241Z,vertical,,False
2466,18,P0018,396,3,B23,6127,2323,AESTHETIC,RUN-AESTHETIC-4,2707,CONTROL,RUN-CONTROL-4,Left,AESTHETIC,6057.0,2000-01-04T02:54:55.253Z,2000-01-04T02:55:01.578Z,vertical,,False
2467,18,P0018,396,3,A11,85,2240,AESTHETIC,RUN-AESTHETIC-4,2624,CONTROL,RUN-CONTROL-4,Right,CONTROL,5267.0,2000-01-04T02:55:01.589Z,2000-01-04T02:55:07.130Z,vertical,,False
2468,18,P0018,396,3,B02,85,2656,CONTROL,RUN-CONTROL-4,2272,AESTHETIC,RUN-AESTHETIC-4,Left,CONTROL,2864.0,2000-01-04T02:55:07.140Z,2000-01-04T02:55:10.268Z,vertical,,False
2469,18,P0018,396,3,C18,7,2598,BASE,,2790,CONTROL,RUN-CONTROL-4,Right,CONTROL,2836.0,2000-01-04T02:55:10.280Z,2000-01-04T02:55:13.376Z,vertical,,False
2470,18,P0018,396,3,C15,85,2768,CONTROL,RUN-CONTROL-4,2576,BASE,,Right,BASE,5187.0,2000-01-04T02:55:13.387Z,2000-01-04T02:55:18.867Z,vertical,,False
2471,166,P0166,398,3,B26,6127,2327,AESTHETIC,RUN-AESTHETIC-4,2711,CONTROL,RUN-CONTROL-4,Tie,TIE,10674.0,2000-01-01T00:02:42.363Z,2000-01-01T00:02:53.533Z,vertical,,False
2472,166,P0166,398,3,B25,25478,2317,AESTHETIC,RUN-AESTHETIC-4,2701,CONTROL,RUN-CONTROL-4,Right,CONTROL,3189.0,2000-01-01T00:02:53.546Z,2000-01-01T00:02:56.933Z,vertical,,False
2473,166,P0166,398,3,C10,6127,2757,CONTROL,RUN-CONTROL-4,2565,BASE,,Right,BASE,6332.0,2000-01-01T00:02:56.945Z,2000-01-01T00:03:03.477Z,vertical,,False
2474,166,P0166,398,3,B06,7,2292,AESTHETIC,RUN-AESTHETIC-4,2676,CONTROL,RUN-CONTROL-4,Left,AESTHETIC,3632.0,2000-01-01T00:03:03.489Z,2000-01-01T00:03:07.321Z,vertical,,False
2475,166,P0166,398,3,A04,6127,2231,AESTHETIC,RUN-AESTHETIC-4,2615,CONTROL,RUN-CONTROL-4,Tie,TIE,1922.0,2000-01-01T00:03:07.332Z,2000-01-01T00:03:09.451Z,vertical,,False
2476,166,P0166,398,3,C20,6127,2409,AESTHETIC,RUN-AESTHETIC-4,2793,CONTROL,RUN-CONTROL-4,Left,AESTHETIC,6071.0,2000-01-01T00:03:09.462Z,2000-01-01T00:03:15.731Z,vertical,,False
2477,166,P0166,398,3,C01,6127,2533,BASE,,2341,AESTHETIC,RUN-AESTHETIC-4,Left,BASE,2132.0,2000-01-01T00:03:15.741Z,2000-01-01T00:03:18.074Z,vertical,,False
2478,166,P0166,398,3,A13,7,2634,CONTROL,RUN-CONTROL-4,2442,BASE,,Left,CONTROL,2371.0,2000-01-01T00:03:18.088Z,2000-01-01T00:03:20.658Z,vertical,,False
2479,166,P0166,398,3,C20,25478,2401,AESTHETIC,RUN-AESTHETIC-4,2593,BASE,,Left,AESTHETIC,2805.0,2000-01-01T00:03:20.671Z,2000-01-01T00:03:23.675Z,vertical,,False
2480,166,P0166,398,3,A25,7,2456,BASE,,2648,CONTROL,RUN-CONTROL-4,Right,CONTROL,2983.0,2000-01-01T00:03:23.686Z,2000-01-01T00:03:26.869Z,vertical,,False
2481,166,P0166,398,3,B01,25478,2461,BASE,,2653,CONTROL,RUN-CONTROL-4,Tie,TIE,1553.0,2000-01-01T00:03:26.883Z,2000-01-01T00:03:28.634Z,vertical,,False
2482,166,P0166,398,3,A02,7,2230,AESTHETIC,RUN-AESTHETIC-4,2614,CONTROL,RUN-CONTROL-4,Left,AESTHETIC,2332.0,2000-01-01T00:03:28.646Z,2000-01-01T00:03:31.180Z,vertical,,False
2483,166,P0166,398,3,C08,7,2746,CONTROL,RUN-CONTROL-4,2362,AESTHETIC,RUN-AESTHETIC-4,Tie,TIE,3299.0,2000-01-01T00:03:31.189Z,2000-01-01T00:03:34.682Z,vertical,,False
2484,166,P0166,398,3,B26,85,2320,AESTHETIC,RUN-AESTHETIC-4,2512,BASE,,Right,BASE,3435.0,2000-01-01T00:03:34.692Z,2000-01-01T00:03:38.322Z,vertical,,False
2485,166,P0166,398,3,C08,7,2746,CONTROL,RUN-CONTROL-4,2554,BASE,,Tie,TIE,2262.0,2000-01-01T00:03:38.332Z,2000-01-01T00:03:40.793Z,vertical,,False
2486,166,P0166,398,3,C02,85,2528,BASE,,2720,CONTROL,RUN-CONTROL-4,Right,CONTROL,2061.0,2000-01-01T00:03:40.803Z,2000-01-01T00:03:43.061Z,vertical,,False
2487,166,P0166,398,3,B12,6127,2681,CONTROL,RUN-CONTROL-4,2297,AESTHETIC,RUN-AESTHETIC-4,Right,AESTHETIC,1930.0,2000-01-01T00:03:43.072Z,2000-01-01T00:03:45.196Z,vertical,,False
2488,166,P0166,398,3,C19,6127,2407,AESTHETIC,RUN-AESTHETIC-4,2791,CONTROL,RUN-CONTROL-4,Right,CONTROL,2538.0,2000-01-01T00:03:45.206Z,2000-01-01T00:03:47.940Z,vertical,,False
2489,166,P0166,398,3,B06,85,2284,AESTHETIC,RUN-AESTHETIC-4,2476,BASE,,Right,BASE,6261.0,2000-01-01T00:03:47.951Z,2000-01-01T00:03:54.413Z,vertical,,False
2490,166,P0166,398,3,B27,25478,2705,CONTROL,RUN-CONTROL-4,2513,BASE,,Right,BASE,1609.0,2000-01-01T00:03:54.425Z,2000-01-01T00:03:56.230Z,vertical,,False
2491,166,P0166,398,3,C04,7,2346,AESTHETIC,RUN-AESTHETIC-4,2730,CONTROL,RUN-CONTROL-4,Tie,TIE,3832.0,2000-01-01T00:03:56.239Z,2000-01-01T00:04:00.272Z,vertical,,False
2492,166,P0166,398,3,B23,7,2516,BASE,,2324,AESTHETIC,RUN-AESTHETIC-4,Right,AESTHETIC,2721.0,2000-01-01T00:04:00.445Z,2000-01-01T00:04:03.446Z,vertical,,False
2493,166,P0166,398,3,C11,7,2760,CONTROL,RUN-CONTROL-4,2568,BASE,,Right,BASE,2309.0,2000-01-01T00:04:03.457Z,2000-01-01T00:04:05.978Z,vertical,,False
2494,166,P0166,398,3,B12,7,2682,CONTROL,RUN-CONTROL-4,2298,AESTHETIC,RUN-AESTHETIC-4,Left,CONTROL,3566.0,2000-01-01T00:04:05.989Z,2000-01-01T00:04:09.758Z,vertical,,False
2495,166,P0166,398,3,A22,7,2646,CONTROL,RUN-CONTROL-4,2454,BASE,,Tie,TIE,2192.0,2000-01-01T00:04:09.767Z,2000-01-01T00:04:12.163Z,vertical,,False
2496,166,P0166,398,3,A27,7,2660,CONTROL,RUN-CONTROL-4,2276,AESTHETIC,RUN-AESTHETIC-4,Tie,TIE,1226.0,2000-01-01T00:04:12.174Z,2000-01-01T00:04:13.596Z,vertical,,False
2497,166,P0166,398,3,A01,6127,2227,AESTHETIC,RUN-AESTHETIC-4,2419,BASE,,Left,AESTHETIC,3059.0,2000-01-01T00:04:13.607Z,2000-01-01T00:04:16.866Z,vertical,,False
2498,166,P0166,398,3,B23,7,2708,CONTROL,RUN-CONTROL-4,2516,BASE,,Left,CONTROL,5590.0,2000-01-01T00:04:16.877Z,2000-01-01T00:04:22.672Z,vertical,,False
2499,166,P0166,398,3,A02,6127,2421,BASE,,2613,CONTROL,RUN-CONTROL-4,Tie,TIE,1166.0,2000-01-01T00:04:22.683Z,2000-01-01T00:04:24.053Z,vertical,,False
2500,166,P0166,398,3,C16,6127,2777,CONTROL,RUN-CONTROL-4,2585,BASE,,Right,BASE,2125.0,2000-01-01T00:04:24.063Z,2000-01-01T00:04:26.387Z,vertical,,False
2501,85,P0085,399,3,C04,25478,2529,BASE,,2337,AESTHETIC,RUN-AESTHETIC-4,Left,BASE,9797.0,2000-01-01T00:00:51.774Z,2000-01-01T00:01:02.301Z,vertical,,False
2502,85,P0085,399,3,B19,6127,2695,CONTROL,RUN-CONTROL-4,2311,AESTHETIC,RUN-AESTHETIC-4,Left,CONTROL,9423.0,2000-01-01T00:01:02.314Z,2000-01-01T00:01:12.333Z,vertical,,False
2503,85,P0085,399,3,B14,7,2308,AESTHETIC,RUN-AESTHETIC-4,2692,CONTROL,RUN-CONTROL-4,Left,AESTHETIC,9207.0,2000-01-01T00:01:12.343Z,2000-01-01T00:01:22.005Z,vertical,,False
2504,85,P0085,399,3,A01,6127,2227,AESTHETIC,RUN-AESTHETIC-4,2611,CONTROL,RUN-CONTROL-4,Left,AESTHETIC,13484.0,2000-01-01T00:01:22.017Z,2000-01-01T00:01:36.013Z,vertical,,False
2505,85,P0085,399,3,C05,25478,2731,CONTROL,RUN-CONTROL-4,2347,AESTHETIC,RUN-AESTHETIC-4,Left,CONTROL,4741.0,2000-01-01T00:01:36.026Z,2000-01-01T00:01:41.242Z,vertical,,False
2506,85,P0085,399,3,C14,7,2774,CONTROL,RUN-CONTROL-4,2390,AESTHETIC,RUN-AESTHETIC-4,Left,CONTROL,7140.0,2000-01-01T00:01:41.252Z,2000-01-01T00:01:48.985Z,vertical,,False
2507,85,P0085,399,3,B20,25478,2497,BASE,,2689,CONTROL,RUN-CONTROL-4,Right,CONTROL,3461.0,2000-01-01T00:01:48.997Z,2000-01-01T00:01:52.918Z,vertical,,False
2508,85,P0085,399,3,A26,7,2458,BASE,,2266,AESTHETIC,RUN-AESTHETIC-4,Right,AESTHETIC,7927.0,2000-01-01T00:01:52.928Z,2000-01-01T00:02:01.328Z,vertical,,False
2509,85,P0085,399,3,B29,7,2724,CONTROL,RUN-CONTROL-4,2340,AESTHETIC,RUN-AESTHETIC-4,Left,CONTROL,3863.0,2000-01-01T00:02:01.339Z,2000-01-01T00:02:05.671Z,vertical,,False
2510,85,P0085,399,3,C19,85,2592,BASE,,2784,CONTROL,RUN-CONTROL-4,Right,CONTROL,13303.0,2000-01-01T00:02:05.681Z,2000-01-01T00:02:19.461Z,vertical,,False
2511,85,P0085,399,3,C18,25478,2589,BASE,,2781,CONTROL,RUN-CONTROL-4,Right,CONTROL,9984.0,2000-01-01T00:02:19.473Z,2000-01-01T00:02:29.968Z,vertical,,False
2512,85,P0085,399,3,B19,85,2496,BASE,,2304,AESTHETIC,RUN-AESTHETIC-4,Right,AESTHETIC,5624.0,2000-01-01T00:02:29.978Z,2000-01-01T00:02:36.071Z,vertical,,False
2513,85,P0085,399,3,C12,6127,2761,CONTROL,RUN-CONTROL-4,2377,AESTHETIC,RUN-AESTHETIC-4,Left,CONTROL,3713.0,2000-01-01T00:02:36.092Z,2000-01-01T00:02:40.278Z,vertical,,False
2514,85,P0085,399,3,C11,7,2376,AESTHETIC,RUN-AESTHETIC-4,2568,BASE,,Left,AESTHETIC,4612.0,2000-01-01T00:02:40.288Z,2000-01-01T00:02:45.484Z,vertical,,False
2515,85,P0085,399,3,C20,25478,2785,CONTROL,RUN-CONTROL-4,2593,BASE,,Left,CONTROL,3087.0,2000-01-01T00:02:45.497Z,2000-01-01T00:02:49.110Z,vertical,,False
2516,85,P0085,399,3,A02,25478,2413,BASE,,2221,AESTHETIC,RUN-AESTHETIC-4,Left,BASE,4842.0,2000-01-01T00:02:49.121Z,2000-01-01T00:02:54.437Z,vertical,,False
2517,85,P0085,399,3,A25,6127,2647,CONTROL,RUN-CONTROL-4,2263,AESTHETIC,RUN-AESTHETIC-4,Left,CONTROL,10897.0,2000-01-01T00:02:54.447Z,2000-01-01T00:03:05.827Z,vertical,,False
2518,85,P0085,399,3,A26,6127,2457,BASE,,2649,CONTROL,RUN-CONTROL-4,Left,BASE,2998.0,2000-01-01T00:03:05.837Z,2000-01-01T00:03:09.309Z,vertical,,False
2519,85,P0085,399,3,A07,7,2426,BASE,,2234,AESTHETIC,RUN-AESTHETIC-4,Right,AESTHETIC,6145.0,2000-01-01T00:03:09.319Z,2000-01-01T00:03:15.928Z,vertical,,False
2520,85,P0085,399,3,C17,7,2788,CONTROL,RUN-CONTROL-4,2596,BASE,,Right,BASE,2350.0,2000-01-01T00:03:15.938Z,2000-01-01T00:03:18.766Z,vertical,,False
2521,85,P0085,399,3,B06,6127,2675,CONTROL,RUN-CONTROL-4,2291,AESTHETIC,RUN-AESTHETIC-4,Right,AESTHETIC,1957.0,2000-01-01T00:03:18.776Z,2000-01-01T00:03:21.194Z,vertical,,False
2522,85,P0085,399,3,C02,25478,2719,CONTROL,RUN-CONTROL-4,2335,AESTHETIC,RUN-AESTHETIC-4,Right,AESTHETIC,6359.0,2000-01-01T00:03:21.205Z,2000-01-01T00:03:28.045Z,vertical,,False
2523,85,P0085,399,3,C19,6127,2599,BASE,,2407,AESTHETIC,RUN-AESTHETIC-4,Right,AESTHETIC,7124.0,2000-01-01T00:03:28.056Z,2000-01-01T00:03:35.649Z,vertical,,False
2524,85,P0085,399,3,A08,85,2236,AESTHETIC,RUN-AESTHETIC-4,2428,BASE,,Left,AESTHETIC,2606.0,2000-01-01T00:03:35.661Z,2000-01-01T00:03:38.737Z,vertical,,False
2525,85,P0085,399,3,C12,85,2562,BASE,,2754,CONTROL,RUN-CONTROL-4,Right,CONTROL,4968.0,2000-01-01T00:03:38.747Z,2000-01-01T00:03:44.198Z,vertical,,False
2526,85,P0085,399,3,B15,6127,2693,CONTROL,RUN-CONTROL-4,2309,AESTHETIC,RUN-AESTHETIC-4,Right,AESTHETIC,4229.0,2000-01-01T00:03:44.208Z,2000-01-01T00:03:48.908Z,vertical,,False
2527,85,P0085,399,3,A27,6127,2467,BASE,,2275,AESTHETIC,RUN-AESTHETIC-4,Right,AESTHETIC,6820.0,2000-01-01T00:03:48.918Z,2000-01-01T00:03:56.219Z,vertical,,False
2528,85,P0085,399,3,C09,7,2372,AESTHETIC,RUN-AESTHETIC-4,2564,BASE,,Left,AESTHETIC,2294.0,2000-01-01T00:03:56.230Z,2000-01-01T00:03:59.002Z,vertical,,False
2529,85,P0085,399,3,C01,85,2526,BASE,,2334,AESTHETIC,RUN-AESTHETIC-4,Right,AESTHETIC,2322.0,2000-01-01T00:03:59.678Z,2000-01-01T00:04:02.608Z,vertical,,False
2530,85,P0085,399,3,B23,25478,2507,BASE,,2699,CONTROL,RUN-CONTROL-4,Right,CONTROL,3668.0,2000-01-01T00:04:02.618Z,2000-01-01T00:04:06.798Z,vertical,,False
2531,270,P0270,403,3,B20,25478,2305,AESTHETIC,RUN-AESTHETIC-4,2689,CONTROL,RUN-CONTROL-4,Right,CONTROL,7786.0,2000-01-03T03:57:14.488Z,2000-01-03T03:57:22.904Z,vertical,,False
2532,270,P0270,403,3,B14,85,2300,AESTHETIC,RUN-AESTHETIC-4,2684,CONTROL,RUN-CONTROL-4,Right,CONTROL,7344.0,2000-01-03T03:57:22.914Z,2000-01-03T03:57:30.482Z,vertical,,False
2533,270,P0270,403,3,B25,25478,2509,BASE,,2317,AESTHETIC,RUN-AESTHETIC-4,Right,AESTHETIC,2698.0,2000-01-03T03:57:30.492Z,2000-01-03T03:57:33.399Z,vertical,,False
2534,270,P0270,403,3,B02,85,2464,BASE,,2272,AESTHETIC,RUN-AESTHETIC-4,Right,AESTHETIC,1727.0,2000-01-03T03:57:33.409Z,2000-01-03T03:57:35.362Z,vertical,,False
2535,270,P0270,403,3,C15,25478,2383,AESTHETIC,RUN-AESTHETIC-4,2575,BASE,,Right,BASE,5276.0,2000-01-03T03:57:35.375Z,2000-01-03T03:57:41.002Z,vertical,,False
2536,270,P0270,403,3,A25,6127,2263,AESTHETIC,RUN-AESTHETIC-4,2455,BASE,,Right,BASE,4733.0,2000-01-03T03:57:41.011Z,2000-01-03T03:57:45.963Z,vertical,,False
2537,270,P0270,403,3,A25,85,2448,BASE,,2640,CONTROL,RUN-CONTROL-4,Right,CONTROL,5651.0,2000-01-03T03:57:45.976Z,2000-01-03T03:57:51.883Z,vertical,,False
2538,270,P0270,403,3,A08,6127,2243,AESTHETIC,RUN-AESTHETIC-4,2435,BASE,,Right,BASE,1554.0,2000-01-03T03:57:51.892Z,2000-01-03T03:57:53.682Z,vertical,,False
2539,270,P0270,403,3,B14,6127,2307,AESTHETIC,RUN-AESTHETIC-4,2499,BASE,,Right,BASE,1923.0,2000-01-03T03:57:53.692Z,2000-01-03T03:57:55.863Z,vertical,,False
2540,270,P0270,403,3,B02,25478,2655,CONTROL,RUN-CONTROL-4,2271,AESTHETIC,RUN-AESTHETIC-4,Right,AESTHETIC,3622.0,2000-01-03T03:57:55.873Z,2000-01-03T03:57:59.763Z,vertical,,False
2541,270,P0270,403,3,C09,6127,2563,BASE,,2371,AESTHETIC,RUN-AESTHETIC-4,Right,AESTHETIC,4355.0,2000-01-03T03:57:59.773Z,2000-01-03T03:58:04.644Z,vertical,,False
2542,270,P0270,403,3,A08,85,2236,AESTHETIC,RUN-AESTHETIC-4,2428,BASE,,Right,BASE,1944.0,2000-01-03T03:58:04.655Z,2000-01-03T03:58:06.963Z,vertical,,False
2543,270,P0270,403,3,A08,7,2436,BASE,,2244,AESTHETIC,RUN-AESTHETIC-4,Right,AESTHETIC,2109.0,2000-01-03T03:58:06.975Z,2000-01-03T03:58:09.302Z,vertical,,False
2544,270,P0270,403,3,A07,7,2426,BASE,,2618,CONTROL,RUN-CONTROL-4,Right,CONTROL,2221.0,2000-01-03T03:58:09.312Z,2000-01-03T03:58:11.763Z,vertical,,False
2545,270,P0270,403,3,A25,7,2648,CONTROL,RUN-CONTROL-4,2264,AESTHETIC,RUN-AESTHETIC-4,Left,CONTROL,5041.0,2000-01-03T03:58:11.773Z,2000-01-03T03:58:17.053Z,vertical,,False
2546,270,P0270,403,3,C20,6127,2601,BASE,,2409,AESTHETIC,RUN-AESTHETIC-4,Left,BASE,1709.0,2000-01-03T03:58:17.064Z,2000-01-03T03:58:19.162Z,vertical,,False
2547,270,P0270,403,3,B23,85,2508,BASE,,2700,CONTROL,RUN-CONTROL-4,Left,BASE,1262.0,2000-01-03T03:58:19.173Z,2000-01-03T03:58:20.662Z,vertical,,False
2548,270,P0270,403,3,B15,25478,2493,BASE,,2301,AESTHETIC,RUN-AESTHETIC-4,Left,BASE,2568.0,2000-01-03T03:58:20.672Z,2000-01-03T03:58:23.510Z,vertical,,False
2549,270,P0270,403,3,A26,25478,2257,AESTHETIC,RUN-AESTHETIC-4,2449,BASE,,Left,AESTHETIC,2966.0,2000-01-03T03:58:23.521Z,2000-01-03T03:58:26.721Z,vertical,,False
2550,270,P0270,403,3,B15,85,2686,CONTROL,RUN-CONTROL-4,2494,BASE,,Right,BASE,5721.0,2000-01-03T03:58:26.733Z,2000-01-03T03:58:32.703Z,vertical,,False
2551,270,P0270,403,3,B15,7,2310,AESTHETIC,RUN-AESTHETIC-4,2694,CONTROL,RUN-CONTROL-4,Right,CONTROL,2412.0,2000-01-03T03:58:32.713Z,2000-01-03T03:58:35.362Z,vertical,,False
2552,270,P0270,403,3,B15,6127,2501,BASE,,2693,CONTROL,RUN-CONTROL-4,Right,CONTROL,1562.0,2000-01-03T03:58:35.372Z,2000-01-03T03:58:37.193Z,vertical,,False
2553,270,P0270,403,3,C04,7,2538,BASE,,2346,AESTHETIC,RUN-AESTHETIC-4,Right,AESTHETIC,1760.0,2000-01-03T03:58:37.203Z,2000-01-03T03:58:39.202Z,vertical,,False
2554,270,P0270,403,3,A22,85,2254,AESTHETIC,RUN-AESTHETIC-4,2446,BASE,,Left,AESTHETIC,2129.0,2000-01-03T03:58:39.212Z,2000-01-03T03:58:41.593Z,vertical,,False
2555,270,P0270,403,3,C20,25478,2785,CONTROL,RUN-CONTROL-4,2401,AESTHETIC,RUN-AESTHETIC-4,Left,CONTROL,3604.0,2000-01-03T03:58:41.603Z,2000-01-03T03:58:45.583Z,vertical,,False
2556,270,P0270,403,3,A07,6127,2425,BASE,,2617,CONTROL,RUN-CONTROL-4,Left,BASE,1818.0,2000-01-03T03:58:45.594Z,2000-01-03T03:58:47.652Z,vertical,,False
2557,270,P0270,403,3,B20,6127,2697,CONTROL,RUN-CONTROL-4,2505,BASE,,Right,BASE,2150.0,2000-01-03T03:58:47.663Z,2000-01-03T03:58:50.043Z,vertical,,False
2558,270,P0270,403,3,C15,85,2768,CONTROL,RUN-CONTROL-4,2384,AESTHETIC,RUN-AESTHETIC-4,Left,CONTROL,3128.0,2000-01-03T03:58:50.056Z,2000-01-03T03:58:53.403Z,vertical,,False
2559,270,P0270,403,3,C11,7,2376,AESTHETIC,RUN-AESTHETIC-4,2568,BASE,,Left,AESTHETIC,6263.0,2000-01-03T03:58:53.413Z,2000-01-03T03:58:59.923Z,vertical,,False
2560,270,P0270,403,3,C19,85,2400,AESTHETIC,RUN-AESTHETIC-4,2784,CONTROL,RUN-CONTROL-4,Right,CONTROL,2868.0,2000-01-03T03:58:59.932Z,2000-01-03T03:59:03.023Z,vertical,,False
2561,154,P0154,404,3,C18,25478,2397,AESTHETIC,RUN-AESTHETIC-4,2781,CONTROL,RUN-CONTROL-4,Right,CONTROL,33253.0,2000-01-01T00:07:16.841Z,2000-01-01T00:07:50.871Z,horizontal,,False
2562,154,P0154,404,3,A22,6127,2261,AESTHETIC,RUN-AESTHETIC-4,2645,CONTROL,RUN-CONTROL-4,Left,AESTHETIC,9272.0,2000-01-01T00:07:50.882Z,2000-01-01T00:08:00.343Z,horizontal,,False
2563,154,P0154,404,3,C11,7,2568,BASE,,2760,CONTROL,RUN-CONTROL-4,Right,CONTROL,11999.0,2000-01-01T00:08:00.353Z,2000-01-01T00:08:12.566Z,horizontal,,False
2564,154,P0154,404,3,B23,85,2316,AESTHETIC,RUN-AESTHETIC-4,2508,BASE,,Left,AESTHETIC,5568.0,2000-01-01T00:08:12.577Z,2000-01-01T00:08:18.348Z,horizontal,,False
2565,154,P0154,404,3,B29,7,2724,CONTROL,RUN-CONTROL-4,2340,AESTHETIC,RUN-AESTHETIC-4,Tie,TIE,45062.0,2000-01-01T00:08:18.358Z,2000-01-01T00:09:03.615Z,horizontal,,False
2566,154,P0154,404,3,A04,6127,2615,CONTROL,RUN-CONTROL-4,2231,AESTHETIC,RUN-AESTHETIC-4,Tie,TIE,16015.0,2000-01-01T00:09:03.626Z,2000-01-01T00:09:19.827Z,horizontal,,False
2567,154,P0154,404,3,C07,25478,2351,AESTHETIC,RUN-AESTHETIC-4,2735,CONTROL,RUN-CONTROL-4,Left,AESTHETIC,8310.0,2000-01-01T00:09:19.838Z,2000-01-01T00:09:28.336Z,horizontal,,False
2568,154,P0154,404,3,C07,85,2736,CONTROL,RUN-CONTROL-4,2544,BASE,,Right,BASE,2888.0,2000-01-01T00:09:28.348Z,2000-01-01T00:09:31.422Z,horizontal,,False
2569,154,P0154,404,3,A26,7,2650,CONTROL,RUN-CONTROL-4,2458,BASE,,Left,CONTROL,8542.0,2000-01-01T00:09:31.432Z,2000-01-01T00:09:40.163Z,horizontal,,False
2570,154,P0154,404,3,C08,25478,2737,CONTROL,RUN-CONTROL-4,2353,AESTHETIC,RUN-AESTHETIC-4,Right,AESTHETIC,8382.0,2000-01-01T00:09:40.174Z,2000-01-01T00:09:48.753Z,horizontal,,False
2571,154,P0154,404,3,B20,6127,2313,AESTHETIC,RUN-AESTHETIC-4,2505,BASE,,Right,BASE,20851.0,2000-01-01T00:09:48.766Z,2000-01-01T00:10:09.806Z,horizontal,,False
2572,154,P0154,404,3,B20,6127,2313,AESTHETIC,RUN-AESTHETIC-4,2697,CONTROL,RUN-CONTROL-4,Left,AESTHETIC,16727.0,2000-01-01T00:10:09.817Z,2000-01-01T00:10:26.746Z,horizontal,,False
2573,154,P0154,404,3,B26,7,2328,AESTHETIC,RUN-AESTHETIC-4,2520,BASE,,Right,BASE,10582.0,2000-01-01T00:10:26.757Z,2000-01-01T00:10:37.529Z,horizontal,,False
2574,154,P0154,404,3,B06,6127,2675,CONTROL,RUN-CONTROL-4,2483,BASE,,Right,BASE,14232.0,2000-01-01T00:10:37.543Z,2000-01-01T00:10:51.996Z,horizontal,,False
2575,154,P0154,404,3,C05,25478,2731,CONTROL,RUN-CONTROL-4,2347,AESTHETIC,RUN-AESTHETIC-4,Left,CONTROL,4797.0,2000-01-01T00:10:52.014Z,2000-01-01T00:10:57.004Z,horizontal,,False
2576,154,P0154,404,3,A07,6127,2617,CONTROL,RUN-CONTROL-4,2233,AESTHETIC,RUN-AESTHETIC-4,Right,AESTHETIC,8951.0,2000-01-01T00:10:57.016Z,2000-01-01T00:11:06.173Z,horizontal,,False
2577,154,P0154,404,3,C12,85,2562,BASE,,2754,CONTROL,RUN-CONTROL-4,Left,BASE,2821.0,2000-01-01T00:11:06.183Z,2000-01-01T00:11:09.192Z,horizontal,,False
2578,154,P0154,404,3,B19,6127,2503,BASE,,2695,CONTROL,RUN-CONTROL-4,Right,CONTROL,6983.0,2000-01-01T00:11:09.201Z,2000-01-01T00:11:16.372Z,horizontal,,False
2579,154,P0154,404,3,A11,7,2248,AESTHETIC,RUN-AESTHETIC-4,2440,BASE,,Right,BASE,5754.0,2000-01-01T00:11:16.381Z,2000-01-01T00:11:22.338Z,horizontal,,False
2580,154,P0154,404,3,B26,25478,2703,CONTROL,RUN-CONTROL-4,2511,BASE,,Right,BASE,5267.0,2000-01-01T00:11:22.347Z,2000-01-01T00:11:27.832Z,horizontal,,False
2581,154,P0154,404,3,C07,85,2736,CONTROL,RUN-CONTROL-4,2352,AESTHETIC,RUN-AESTHETIC-4,Tie,TIE,3986.0,2000-01-01T00:11:27.841Z,2000-01-01T00:11:32.013Z,horizontal,,False
2582,154,P0154,404,3,C07,6127,2359,AESTHETIC,RUN-AESTHETIC-4,2551,BASE,,Left,AESTHETIC,8678.0,2000-01-01T00:11:32.023Z,2000-01-01T00:11:40.919Z,horizontal,,False
2583,154,P0154,404,3,C19,85,2592,BASE,,2784,CONTROL,RUN-CONTROL-4,Right,CONTROL,16390.0,2000-01-01T00:11:40.929Z,2000-01-01T00:11:57.502Z,horizontal,,False
2584,154,P0154,404,3,C12,25478,2561,BASE,,2753,CONTROL,RUN-CONTROL-4,Right,CONTROL,3641.0,2000-01-01T00:11:57.513Z,2000-01-01T00:12:01.345Z,horizontal,,False
2585,154,P0154,404,3,C12,7,2762,CONTROL,RUN-CONTROL-4,2570,BASE,,Tie,TIE,5266.0,2000-01-01T00:12:01.355Z,2000-01-01T00:12:06.805Z,horizontal,,False
2586,154,P0154,404,3,C09,7,2756,CONTROL,RUN-CONTROL-4,2564,BASE,,Right,BASE,6616.0,2000-01-01T00:12:06.817Z,2000-01-01T00:12:13.622Z,horizontal,,False
2587,154,P0154,404,3,B14,6127,2307,AESTHETIC,RUN-AESTHETIC-4,2691,CONTROL,RUN-CONTROL-4,Tie,TIE,3608.0,2000-01-01T00:12:13.631Z,2000-01-01T00:12:17.505Z,horizontal,,False
2588,154,P0154,404,3,C13,7,2388,AESTHETIC,RUN-AESTHETIC-4,2772,CONTROL,RUN-CONTROL-4,Tie,TIE,3075.0,2000-01-01T00:12:17.520Z,2000-01-01T00:12:20.906Z,horizontal,,False
2589,154,P0154,404,3,C18,25478,2589,BASE,,2397,AESTHETIC,RUN-AESTHETIC-4,Right,AESTHETIC,18335.0,2000-01-01T00:12:20.917Z,2000-01-01T00:12:39.439Z,horizontal,,False
2590,154,P0154,404,3,C11,85,2752,CONTROL,RUN-CONTROL-4,2368,AESTHETIC,RUN-AESTHETIC-4,Left,CONTROL,13302.0,2000-01-01T00:12:39.450Z,2000-01-01T00:12:52.932Z,horizontal,,False
2591,56,P0056,405,3,B09,6127,2295,AESTHETIC,RUN-AESTHETIC-4,2679,CONTROL,RUN-CONTROL-4,Left,AESTHETIC,4001.0,2000-01-04T14:53:52.478Z,2000-01-04T14:53:57.200Z,vertical,,False
2592,56,P0056,405,3,C01,85,2526,BASE,,2334,AESTHETIC,RUN-AESTHETIC-4,Left,BASE,2893.0,2000-01-04T14:53:57.213Z,2000-01-04T14:54:00.442Z,vertical,,False
2593,56,P0056,405,3,C09,6127,2371,AESTHETIC,RUN-AESTHETIC-4,2755,CONTROL,RUN-CONTROL-4,Left,AESTHETIC,1920.0,2000-01-04T14:54:00.451Z,2000-01-04T14:54:02.707Z,vertical,,False
2594,56,P0056,405,3,B19,7,2504,BASE,,2696,CONTROL,RUN-CONTROL-4,Left,BASE,3815.0,2000-01-04T14:54:02.717Z,2000-01-04T14:54:06.866Z,vertical,,False
2595,56,P0056,405,3,B01,25478,2269,AESTHETIC,RUN-AESTHETIC-4,2461,BASE,,Left,AESTHETIC,2443.0,2000-01-04T14:54:06.877Z,2000-01-04T14:54:09.662Z,vertical,,False
2596,56,P0056,405,3,B08,7,2294,AESTHETIC,RUN-AESTHETIC-4,2486,BASE,,Left,AESTHETIC,1616.0,2000-01-04T14:54:09.804Z,2000-01-04T14:54:11.765Z,vertical,,False
2597,56,P0056,405,3,B23,6127,2515,BASE,,2707,CONTROL,RUN-CONTROL-4,Right,CONTROL,7805.0,2000-01-04T14:54:11.775Z,2000-01-04T14:54:19.918Z,vertical,,False
2598,56,P0056,405,3,C11,85,2368,AESTHETIC,RUN-AESTHETIC-4,2560,BASE,,Left,AESTHETIC,1737.0,2000-01-04T14:54:19.930Z,2000-01-04T14:54:22.005Z,vertical,,False
2599,56,P0056,405,3,A08,25478,2427,BASE,,2619,CONTROL,RUN-CONTROL-4,Right,CONTROL,2216.0,2000-01-04T14:54:22.022Z,2000-01-04T14:54:24.572Z,vertical,,False
2600,56,P0056,405,3,A01,6127,2227,AESTHETIC,RUN-AESTHETIC-4,2611,CONTROL,RUN-CONTROL-4,Left,AESTHETIC,2032.0,2000-01-04T14:54:24.585Z,2000-01-04T14:54:26.951Z,vertical,,False
2601,56,P0056,405,3,B02,6127,2471,BASE,,2279,AESTHETIC,RUN-AESTHETIC-4,Right,AESTHETIC,3753.0,2000-01-04T14:54:26.961Z,2000-01-04T14:54:31.050Z,vertical,,False
2602,56,P0056,405,3,B02,25478,2463,BASE,,2655,CONTROL,RUN-CONTROL-4,Left,BASE,2491.0,2000-01-04T14:54:31.061Z,2000-01-04T14:54:33.894Z,vertical,,False
2603,56,P0056,405,3,A26,7,2266,AESTHETIC,RUN-AESTHETIC-4,2650,CONTROL,RUN-CONTROL-4,Left,AESTHETIC,2012.0,2000-01-04T14:54:33.905Z,2000-01-04T14:54:36.255Z,vertical,,False
2604,56,P0056,405,3,B12,6127,2297,AESTHETIC,RUN-AESTHETIC-4,2489,BASE,,Right,BASE,8222.0,2000-01-04T14:54:36.268Z,2000-01-04T14:54:44.825Z,vertical,,False
2605,56,P0056,405,3,C20,85,2786,CONTROL,RUN-CONTROL-4,2402,AESTHETIC,RUN-AESTHETIC-4,Right,AESTHETIC,1850.0,2000-01-04T14:54:44.835Z,2000-01-04T14:54:47.027Z,vertical,,False
2606,56,P0056,405,3,C04,6127,2729,CONTROL,RUN-CONTROL-4,2345,AESTHETIC,RUN-AESTHETIC-4,Left,CONTROL,2596.0,2000-01-04T14:54:47.037Z,2000-01-04T14:54:49.977Z,vertical,,False
2607,56,P0056,405,3,A25,85,2448,BASE,,2640,CONTROL,RUN-CONTROL-4,Right,CONTROL,6301.0,2000-01-04T14:54:49.988Z,2000-01-04T14:54:56.632Z,vertical,,False
2608,56,P0056,405,3,B08,7,2486,BASE,,2678,CONTROL,RUN-CONTROL-4,Left,BASE,1874.0,2000-01-04T14:54:56.643Z,2000-01-04T14:54:58.852Z,vertical,,False
2609,56,P0056,405,3,C09,6127,2755,CONTROL,RUN-CONTROL-4,2563,BASE,,Right,BASE,1536.0,2000-01-04T14:54:58.863Z,2000-01-04T14:55:00.733Z,vertical,,False
2610,56,P0056,405,3,B25,25478,2701,CONTROL,RUN-CONTROL-4,2317,AESTHETIC,RUN-AESTHETIC-4,Left,CONTROL,1750.0,2000-01-04T14:55:00.743Z,2000-01-04T14:55:02.835Z,vertical,,False
2611,56,P0056,405,3,A09,6127,2629,CONTROL,RUN-CONTROL-4,2437,BASE,,Right,BASE,1749.0,2000-01-04T14:55:02.846Z,2000-01-04T14:55:04.933Z,vertical,,False
2612,56,P0056,405,3,C10,6127,2373,AESTHETIC,RUN-AESTHETIC-4,2565,BASE,,Right,BASE,1912.0,2000-01-04T14:55:04.944Z,2000-01-04T14:55:07.191Z,vertical,,False
2613,56,P0056,405,3,A11,25478,2239,AESTHETIC,RUN-AESTHETIC-4,2431,BASE,,Left,AESTHETIC,8741.0,2000-01-04T14:55:07.201Z,2000-01-04T14:55:16.276Z,vertical,,False
2614,56,P0056,405,3,C13,6127,2771,CONTROL,RUN-CONTROL-4,2579,BASE,,Left,CONTROL,3629.0,2000-01-04T14:55:16.286Z,2000-01-04T14:55:20.266Z,vertical,,False
2615,56,P0056,405,3,A25,6127,2455,BASE,,2647,CONTROL,RUN-CONTROL-4,Left,BASE,2351.0,2000-01-04T14:55:20.278Z,2000-01-04T14:55:22.964Z,vertical,,False
2616,56,P0056,405,3,C18,6127,2597,BASE,,2789,CONTROL,RUN-CONTROL-4,Left,BASE,3067.0,2000-01-04T14:55:22.975Z,2000-01-04T14:55:26.377Z,vertical,,False
2617,56,P0056,405,3,A07,25478,2609,CONTROL,RUN-CONTROL-4,2417,BASE,,Left,CONTROL,1702.0,2000-01-04T14:55:26.388Z,2000-01-04T14:55:28.422Z,vertical,,False
2618,56,P0056,405,3,B06,7,2676,CONTROL,RUN-CONTROL-4,2484,BASE,,Left,CONTROL,2569.0,2000-01-04T14:55:28.433Z,2000-01-04T14:55:31.335Z,vertical,,False
2619,56,P0056,405,3,C17,85,2396,AESTHETIC,RUN-AESTHETIC-4,2780,CONTROL,RUN-CONTROL-4,Right,CONTROL,1487.0,2000-01-04T14:55:31.347Z,2000-01-04T14:55:33.173Z,vertical,,False
2620,56,P0056,405,3,C18,7,2406,AESTHETIC,RUN-AESTHETIC-4,2790,CONTROL,RUN-CONTROL-4,Right,CONTROL,1415.0,2000-01-04T14:55:33.183Z,2000-01-04T14:55:34.930Z,vertical,,False
2621,73,P0073,406,3,A09,7,2246,AESTHETIC,RUN-AESTHETIC-4,2438,BASE,,Left,AESTHETIC,58236.0,2000-01-01T00:00:10.851Z,2000-01-01T00:01:09.908Z,vertical,,False
2622,73,P0073,406,3,A13,85,2242,AESTHETIC,RUN-AESTHETIC-4,2626,CONTROL,RUN-CONTROL-4,Right,CONTROL,4664.0,2000-01-01T00:01:09.918Z,2000-01-01T00:01:14.838Z,vertical,,False
2623,73,P0073,406,3,C14,7,2582,BASE,,2390,AESTHETIC,RUN-AESTHETIC-4,Left,BASE,5104.0,2000-01-01T00:01:14.849Z,2000-01-01T00:01:20.199Z,vertical,,False
2624,73,P0073,406,3,C15,85,2384,AESTHETIC,RUN-AESTHETIC-4,2768,CONTROL,RUN-CONTROL-4,Left,AESTHETIC,7878.0,2000-01-01T00:01:20.212Z,2000-01-01T00:01:28.312Z,vertical,,False
2625,73,P0073,406,3,C06,25478,2733,CONTROL,RUN-CONTROL-4,2349,AESTHETIC,RUN-AESTHETIC-4,Right,AESTHETIC,2756.0,2000-01-01T00:01:28.324Z,2000-01-01T00:01:31.314Z,vertical,,False
2626,73,P0073,406,3,A04,6127,2231,AESTHETIC,RUN-AESTHETIC-4,2423,BASE,,Right,BASE,3898.0,2000-01-01T00:01:31.326Z,2000-01-01T00:01:35.539Z,vertical,,False
2627,73,P0073,406,3,B04,7,2282,AESTHETIC,RUN-AESTHETIC-4,2474,BASE,,Left,AESTHETIC,3668.0,2000-01-01T00:01:35.555Z,2000-01-01T00:01:39.481Z,vertical,,False
2628,73,P0073,406,3,C15,7,2776,CONTROL,RUN-CONTROL-4,2392,AESTHETIC,RUN-AESTHETIC-4,Left,CONTROL,4838.0,2000-01-01T00:01:39.490Z,2000-01-01T00:01:44.565Z,vertical,,False
2629,73,P0073,406,3,A08,25478,2235,AESTHETIC,RUN-AESTHETIC-4,2427,BASE,,Right,BASE,3851.0,2000-01-01T00:01:44.575Z,2000-01-01T00:01:48.679Z,vertical,,False
2630,73,P0073,406,3,C01,25478,2717,CONTROL,RUN-CONTROL-4,2333,AESTHETIC,RUN-AESTHETIC-4,Left,CONTROL,2125.0,2000-01-01T00:01:48.690Z,2000-01-01T00:01:51.076Z,vertical,,False
2631,73,P0073,406,3,A09,7,2630,CONTROL,RUN-CONTROL-4,2438,BASE,,Left,CONTROL,2529.0,2000-01-01T00:01:51.086Z,2000-01-01T00:01:53.883Z,vertical,,False
2632,73,P0073,406,3,C06,25478,2349,AESTHETIC,RUN-AESTHETIC-4,2541,BASE,,Left,AESTHETIC,6475.0,2000-01-01T00:01:53.893Z,2000-01-01T00:02:00.592Z,vertical,,False
2633,73,P0073,406,3,B15,7,2502,BASE,,2694,CONTROL,RUN-CONTROL-4,Right,CONTROL,3466.0,2000-01-01T00:02:00.602Z,2000-01-01T00:02:04.330Z,vertical,,False
2634,73,P0073,406,3,B23,85,2508,BASE,,2700,CONTROL,RUN-CONTROL-4,Right,CONTROL,2515.0,2000-01-01T00:02:04.341Z,2000-01-01T00:02:07.151Z,vertical,,False
2635,73,P0073,406,3,B19,6127,2503,BASE,,2311,AESTHETIC,RUN-AESTHETIC-4,Left,BASE,2268.0,2000-01-01T00:02:07.161Z,2000-01-01T00:02:09.670Z,vertical,,False
2636,73,P0073,406,3,B12,6127,2681,CONTROL,RUN-CONTROL-4,2297,AESTHETIC,RUN-AESTHETIC-4,Left,CONTROL,3463.0,2000-01-01T00:02:09.682Z,2000-01-01T00:02:13.447Z,vertical,,False
2637,73,P0073,406,3,A13,6127,2249,AESTHETIC,RUN-AESTHETIC-4,2441,BASE,,Right,BASE,5390.0,2000-01-01T00:02:13.457Z,2000-01-01T00:02:19.112Z,vertical,,False
2638,73,P0073,406,3,C12,6127,2377,AESTHETIC,RUN-AESTHETIC-4,2761,CONTROL,RUN-CONTROL-4,Right,CONTROL,6088.0,2000-01-01T00:02:19.121Z,2000-01-01T00:02:25.441Z,vertical,,False
2639,73,P0073,406,3,A11,85,2624,CONTROL,RUN-CONTROL-4,2432,BASE,,Left,CONTROL,4290.0,2000-01-01T00:02:25.450Z,2000-01-01T00:02:30.003Z,vertical,,False
2640,73,P0073,406,3,B04,7,2666,CONTROL,RUN-CONTROL-4,2474,BASE,,Right,BASE,6155.0,2000-01-01T00:02:30.014Z,2000-01-01T00:02:36.473Z,vertical,,False
2641,73,P0073,406,3,C15,6127,2391,AESTHETIC,RUN-AESTHETIC-4,2583,BASE,,Right,BASE,2398.0,2000-01-01T00:02:36.485Z,2000-01-01T00:02:39.110Z,vertical,,False
2642,73,P0073,406,3,C01,6127,2341,AESTHETIC,RUN-AESTHETIC-4,2533,BASE,,Right,BASE,2046.0,2000-01-01T00:02:39.120Z,2000-01-01T00:02:41.390Z,vertical,,False
2643,73,P0073,406,3,C14,7,2390,AESTHETIC,RUN-AESTHETIC-4,2774,CONTROL,RUN-CONTROL-4,Right,CONTROL,2847.0,2000-01-01T00:02:41.400Z,2000-01-01T00:02:44.480Z,vertical,,False
2644,73,P0073,406,3,C15,7,2392,AESTHETIC,RUN-AESTHETIC-4,2584,BASE,,Right,BASE,2078.0,2000-01-01T00:02:44.490Z,2000-01-01T00:02:46.892Z,vertical,,False
2645,73,P0073,406,3,C11,7,2376,AESTHETIC,RUN-AESTHETIC-4,2760,CONTROL,RUN-CONTROL-4,Left,AESTHETIC,5588.0,2000-01-01T00:02:46.902Z,2000-01-01T00:02:52.802Z,vertical,,False
2646,73,P0073,406,3,C16,6127,2777,CONTROL,RUN-CONTROL-4,2585,BASE,,Left,CONTROL,10251.0,2000-01-01T00:02:52.813Z,2000-01-01T00:03:03.326Z,vertical,,False
2647,73,P0073,406,3,C20,25478,2593,BASE,,2401,AESTHETIC,RUN-AESTHETIC-4,Left,BASE,2025.0,2000-01-01T00:03:03.336Z,2000-01-01T00:03:05.634Z,vertical,,False
2648,73,P0073,406,3,C01,85,2526,BASE,,2718,CONTROL,RUN-CONTROL-4,Right,CONTROL,5451.0,2000-01-01T00:03:05.799Z,2000-01-01T00:03:11.527Z,vertical,,False
2649,73,P0073,406,3,C20,85,2594,BASE,,2402,AESTHETIC,RUN-AESTHETIC-4,Left,BASE,3029.0,2000-01-01T00:03:11.539Z,2000-01-01T00:03:14.811Z,vertical,,False
2650,73,P0073,406,3,A27,6127,2467,BASE,,2275,AESTHETIC,RUN-AESTHETIC-4,Right,AESTHETIC,2374.0,2000-01-01T00:03:14.821Z,2000-01-01T00:03:17.450Z,vertical,,False
2651,279,P0279,409,3,A27,6127,2659,CONTROL,RUN-CONTROL-4,2467,BASE,,Left,CONTROL,7814.0,2000-01-03T04:11:25.189Z,2000-01-03T04:11:33.464Z,vertical,,False
2652,279,P0279,409,3,C07,6127,2359,AESTHETIC,RUN-AESTHETIC-4,2743,CONTROL,RUN-CONTROL-4,Left,AESTHETIC,6844.0,2000-01-03T04:11:33.474Z,2000-01-03T04:11:40.698Z,vertical,,False
2653,279,P0279,409,3,B01,6127,2277,AESTHETIC,RUN-AESTHETIC-4,2661,CONTROL,RUN-CONTROL-4,Right,CONTROL,6024.0,2000-01-03T04:11:40.709Z,2000-01-03T04:11:47.099Z,vertical,,False
2654,279,P0279,409,3,B12,7,2298,AESTHETIC,RUN-AESTHETIC-4,2682,CONTROL,RUN-CONTROL-4,Left,AESTHETIC,4356.0,2000-01-03T04:11:47.108Z,2000-01-03T04:11:51.757Z,vertical,,False
2655,279,P0279,409,3,B20,7,2314,AESTHETIC,RUN-AESTHETIC-4,2506,BASE,,Right,BASE,3773.0,2000-01-03T04:11:51.767Z,2000-01-03T04:11:55.850Z,vertical,,False
2656,279,P0279,409,3,A22,7,2454,BASE,,2262,AESTHETIC,RUN-AESTHETIC-4,Right,AESTHETIC,4534.0,2000-01-03T04:11:55.862Z,2000-01-03T04:12:00.690Z,vertical,,False
2657,279,P0279,409,3,C05,6127,2547,BASE,,2355,AESTHETIC,RUN-AESTHETIC-4,Left,BASE,10001.0,2000-01-03T04:12:00.700Z,2000-01-03T04:12:10.993Z,vertical,,False
2658,279,P0279,409,3,C18,85,2590,BASE,,2782,CONTROL,RUN-CONTROL-4,Right,CONTROL,2077.0,2000-01-03T04:12:11.002Z,2000-01-03T04:12:13.370Z,vertical,,False
2659,279,P0279,409,3,A08,6127,2627,CONTROL,RUN-CONTROL-4,2435,BASE,,Right,BASE,4529.0,2000-01-03T04:12:13.381Z,2000-01-03T04:12:18.197Z,vertical,,False
2660,279,P0279,409,3,C17,7,2404,AESTHETIC,RUN-AESTHETIC-4,2788,CONTROL,RUN-CONTROL-4,Left,AESTHETIC,7665.0,2000-01-03T04:12:18.208Z,2000-01-03T04:12:26.169Z,vertical,,False
2661,279,P0279,409,3,A22,7,2646,CONTROL,RUN-CONTROL-4,2454,BASE,,Left,CONTROL,4041.0,2000-01-03T04:12:26.227Z,2000-01-03T04:12:30.600Z,vertical,,False
2662,279,P0279,409,3,B26,25478,2511,BASE,,2319,AESTHETIC,RUN-AESTHETIC-4,Right,AESTHETIC,1860.0,2000-01-03T04:12:30.610Z,2000-01-03T04:12:32.755Z,vertical,,False
2663,279,P0279,409,3,B15,85,2686,CONTROL,RUN-CONTROL-4,2494,BASE,,Left,CONTROL,1730.0,2000-01-03T04:12:32.773Z,2000-01-03T04:12:34.798Z,vertical,,False
2664,279,P0279,409,3,B19,25478,2687,CONTROL,RUN-CONTROL-4,2495,BASE,,Right,BASE,2911.0,2000-01-03T04:12:34.809Z,2000-01-03T04:12:38.031Z,vertical,,False
2665,279,P0279,409,3,A27,7,2468,BASE,,2276,AESTHETIC,RUN-AESTHETIC-4,Right,AESTHETIC,3196.0,2000-01-03T04:12:38.041Z,2000-01-03T04:12:41.522Z,vertical,,False
2666,279,P0279,409,3,B15,85,2302,AESTHETIC,RUN-AESTHETIC-4,2686,CONTROL,RUN-CONTROL-4,Left,AESTHETIC,6309.0,2000-01-03T04:12:41.535Z,2000-01-03T04:12:48.133Z,vertical,,False
2667,279,P0279,409,3,A26,6127,2457,BASE,,2265,AESTHETIC,RUN-AESTHETIC-4,Tie,TIE,7477.0,2000-01-03T04:12:48.143Z,2000-01-03T04:12:55.895Z,vertical,,False
2668,279,P0279,409,3,A25,25478,2255,AESTHETIC,RUN-AESTHETIC-4,2447,BASE,,Left,AESTHETIC,5325.0,2000-01-03T04:12:55.911Z,2000-01-03T04:13:01.558Z,vertical,,False
2669,279,P0279,409,3,B09,6127,2487,BASE,,2295,AESTHETIC,RUN-AESTHETIC-4,Left,BASE,8386.0,2000-01-03T04:13:01.569Z,2000-01-03T04:13:10.262Z,vertical,,False
2670,279,P0279,409,3,B15,6127,2693,CONTROL,RUN-CONTROL-4,2309,AESTHETIC,RUN-AESTHETIC-4,Left,CONTROL,1478.0,2000-01-03T04:13:10.272Z,2000-01-03T04:13:12.074Z,vertical,,False
2671,279,P0279,409,3,A07,25478,2225,AESTHETIC,RUN-AESTHETIC-4,2609,CONTROL,RUN-CONTROL-4,Tie,TIE,2908.0,2000-01-03T04:13:12.086Z,2000-01-03T04:13:15.293Z,vertical,,False
2672,279,P0279,409,3,C17,85,2588,BASE,,2780,CONTROL,RUN-CONTROL-4,Right,CONTROL,2514.0,2000-01-03T04:13:15.303Z,2000-01-03T04:13:18.095Z,vertical,,False
2673,279,P0279,409,3,A27,85,2652,CONTROL,RUN-CONTROL-4,2460,BASE,,Tie,TIE,2770.0,2000-01-03T04:13:18.106Z,2000-01-03T04:13:21.171Z,vertical,,False
2674,279,P0279,409,3,C06,85,2542,BASE,,2350,AESTHETIC,RUN-AESTHETIC-4,Tie,TIE,1363.0,2000-01-03T04:13:21.181Z,2000-01-03T04:13:22.830Z,vertical,,False
2675,279,P0279,409,3,B20,25478,2689,CONTROL,RUN-CONTROL-4,2497,BASE,,Tie,TIE,2524.0,2000-01-03T04:13:22.840Z,2000-01-03T04:13:25.650Z,vertical,,False
2676,279,P0279,409,3,C09,25478,2555,BASE,,2363,AESTHETIC,RUN-AESTHETIC-4,Right,AESTHETIC,3067.0,2000-01-03T04:13:25.661Z,2000-01-03T04:13:29.061Z,vertical,,False
2677,279,P0279,409,3,A04,25478,2415,BASE,,2607,CONTROL,RUN-CONTROL-4,Left,BASE,4110.0,2000-01-03T04:13:29.074Z,2000-01-03T04:13:33.502Z,vertical,,False
2678,279,P0279,409,3,A26,25478,2641,CONTROL,RUN-CONTROL-4,2257,AESTHETIC,RUN-AESTHETIC-4,Tie,TIE,3181.0,2000-01-03T04:13:33.527Z,2000-01-03T04:13:36.990Z,vertical,,False
2679,279,P0279,409,3,C17,25478,2779,CONTROL,RUN-CONTROL-4,2395,AESTHETIC,RUN-AESTHETIC-4,Left,CONTROL,3916.0,2000-01-03T04:13:37.002Z,2000-01-03T04:13:41.212Z,vertical,,False
2680,279,P0279,409,3,A07,7,2426,BASE,,2618,CONTROL,RUN-CONTROL-4,Tie,TIE,5604.0,2000-01-03T04:13:41.225Z,2000-01-03T04:13:47.117Z,vertical,,False
2681,54,P0054,412,3,C15,25478,2383,AESTHETIC,RUN-AESTHETIC-4,2767,CONTROL,RUN-CONTROL-4,Left,AESTHETIC,7832.0,2000-01-01T00:00:35.618Z,2000-01-01T00:00:43.698Z,vertical,,False
2682,54,P0054,412,3,B12,6127,2681,CONTROL,RUN-CONTROL-4,2489,BASE,,Tie,TIE,8540.0,2000-01-01T00:00:43.710Z,2000-01-01T00:00:52.496Z,vertical,,False
2683,54,P0054,412,3,A11,25478,2623,CONTROL,RUN-CONTROL-4,2431,BASE,,Right,BASE,23579.0,2000-01-01T00:00:52.506Z,2000-01-01T00:01:16.337Z,vertical,,False
2684,54,P0054,412,3,C14,25478,2381,AESTHETIC,RUN-AESTHETIC-4,2765,CONTROL,RUN-CONTROL-4,Right,CONTROL,10477.0,2000-01-01T00:01:16.349Z,2000-01-01T00:01:27.062Z,vertical,,False
2685,54,P0054,412,3,C17,6127,2595,BASE,,2403,AESTHETIC,RUN-AESTHETIC-4,Left,BASE,25477.0,2000-01-01T00:01:27.072Z,2000-01-01T00:01:52.790Z,vertical,,False
2686,54,P0054,412,3,B25,6127,2325,AESTHETIC,RUN-AESTHETIC-4,2517,BASE,,Right,BASE,12538.0,2000-01-01T00:01:52.801Z,2000-01-01T00:02:05.591Z,vertical,,False
2687,54,P0054,412,3,C04,85,2338,AESTHETIC,RUN-AESTHETIC-4,2530,BASE,,Right,BASE,14085.0,2000-01-01T00:02:05.604Z,2000-01-01T00:02:19.927Z,vertical,,False
2688,54,P0054,412,3,C15,7,2776,CONTROL,RUN-CONTROL-4,2584,BASE,,Left,CONTROL,9398.0,2000-01-01T00:02:19.939Z,2000-01-01T00:02:29.587Z,vertical,,False
2689,54,P0054,412,3,A11,85,2240,AESTHETIC,RUN-AESTHETIC-4,2432,BASE,,Tie,TIE,12207.0,2000-01-01T00:02:29.598Z,2000-01-01T00:02:42.072Z,vertical,,False
2690,54,P0054,412,3,A22,25478,2637,CONTROL,RUN-CONTROL-4,2445,BASE,,Left,CONTROL,3037.0,2000-01-01T00:02:42.082Z,2000-01-01T00:02:45.349Z,vertical,,False
2691,54,P0054,412,3,A02,6127,2229,AESTHETIC,RUN-AESTHETIC-4,2613,CONTROL,RUN-CONTROL-4,Right,CONTROL,7006.0,2000-01-01T00:02:45.360Z,2000-01-01T00:02:52.617Z,vertical,,False
2692,54,P0054,412,3,A11,25478,2239,AESTHETIC,RUN-AESTHETIC-4,2623,CONTROL,RUN-CONTROL-4,Tie,TIE,6299.0,2000-01-01T00:02:52.626Z,2000-01-01T00:02:59.198Z,vertical,,False
2693,54,P0054,412,3,C20,7,2410,AESTHETIC,RUN-AESTHETIC-4,2794,CONTROL,RUN-CONTROL-4,Left,AESTHETIC,2964.0,2000-01-01T00:02:59.210Z,2000-01-01T00:03:02.397Z,vertical,,False
2694,54,P0054,412,3,B27,6127,2521,BASE,,2329,AESTHETIC,RUN-AESTHETIC-4,Left,BASE,18068.0,2000-01-01T00:03:02.409Z,2000-01-01T00:03:20.724Z,vertical,,False
2695,54,P0054,412,3,C04,7,2346,AESTHETIC,RUN-AESTHETIC-4,2730,CONTROL,RUN-CONTROL-4,Right,CONTROL,2285.0,2000-01-01T00:03:20.739Z,2000-01-01T00:03:23.269Z,vertical,,False
2696,54,P0054,412,3,B27,7,2330,AESTHETIC,RUN-AESTHETIC-4,2522,BASE,,Left,AESTHETIC,6391.0,2000-01-01T00:03:23.278Z,2000-01-01T00:03:29.921Z,vertical,,False
2697,54,P0054,412,3,B19,25478,2303,AESTHETIC,RUN-AESTHETIC-4,2495,BASE,,Left,AESTHETIC,5606.0,2000-01-01T00:03:29.931Z,2000-01-01T00:03:35.764Z,vertical,,False
2698,54,P0054,412,3,B29,7,2724,CONTROL,RUN-CONTROL-4,2532,BASE,,Right,BASE,2443.0,2000-01-01T00:03:35.774Z,2000-01-01T00:03:38.465Z,vertical,,False
2699,54,P0054,412,3,C09,25478,2747,CONTROL,RUN-CONTROL-4,2555,BASE,,Left,CONTROL,4730.0,2000-01-01T00:03:38.479Z,2000-01-01T00:03:43.432Z,vertical,,False
2700,54,P0054,412,3,B14,85,2492,BASE,,2300,AESTHETIC,RUN-AESTHETIC-4,Right,AESTHETIC,11842.0,2000-01-01T00:03:43.442Z,2000-01-01T00:03:55.521Z,vertical,,False
2701,54,P0054,412,3,A09,6127,2629,CONTROL,RUN-CONTROL-4,2245,AESTHETIC,RUN-AESTHETIC-4,Tie,TIE,9641.0,2000-01-01T00:03:55.531Z,2000-01-01T00:04:05.407Z,vertical,,False
2702,54,P0054,412,3,B04,25478,2465,BASE,,2657,CONTROL,RUN-CONTROL-4,Right,CONTROL,3499.0,2000-01-01T00:04:05.418Z,2000-01-01T00:04:09.168Z,vertical,,False
2703,54,P0054,412,3,B02,25478,2271,AESTHETIC,RUN-AESTHETIC-4,2655,CONTROL,RUN-CONTROL-4,Left,AESTHETIC,3398.0,2000-01-01T00:04:09.178Z,2000-01-01T00:04:12.821Z,vertical,,False
2704,54,P0054,412,3,C04,6127,2537,BASE,,2729,CONTROL,RUN-CONTROL-4,Right,CONTROL,8559.0,2000-01-01T00:04:12.831Z,2000-01-01T00:04:21.633Z,vertical,,False
2705,54,P0054,412,3,B27,25478,2705,CONTROL,RUN-CONTROL-4,2513,BASE,,Left,CONTROL,11789.0,2000-01-01T00:04:21.643Z,2000-01-01T00:04:33.673Z,vertical,,False
2706,54,P0054,412,3,A27,25478,2267,AESTHETIC,RUN-AESTHETIC-4,2651,CONTROL,RUN-CONTROL-4,Right,CONTROL,4696.0,2000-01-01T00:04:33.688Z,2000-01-01T00:04:38.616Z,vertical,,False
2707,54,P0054,412,3,A04,7,2424,BASE,,2616,CONTROL,RUN-CONTROL-4,Left,BASE,5165.0,2000-01-01T00:04:38.627Z,2000-01-01T00:04:44.043Z,vertical,,False
2708,54,P0054,412,3,C20,25478,2785,CONTROL,RUN-CONTROL-4,2593,BASE,,Right,BASE,3899.0,2000-01-01T00:04:44.054Z,2000-01-01T00:04:48.183Z,vertical,,False
2709,54,P0054,412,3,C14,25478,2573,BASE,,2765,CONTROL,RUN-CONTROL-4,Right,CONTROL,2465.0,2000-01-01T00:04:48.194Z,2000-01-01T00:04:50.887Z,vertical,,False
2710,54,P0054,412,3,B14,25478,2299,AESTHETIC,RUN-AESTHETIC-4,2491,BASE,,Tie,TIE,3449.0,2000-01-01T00:04:50.896Z,2000-01-01T00:04:54.572Z,vertical,,False
2711,290,P0290,413,3,C20,7,2602,BASE,,2794,CONTROL,RUN-CONTROL-4,Right,CONTROL,5977.0,2000-01-01T00:02:56.225Z,2000-01-01T00:03:03.058Z,vertical,,False
2712,290,P0290,413,3,B15,6127,2501,BASE,,2309,AESTHETIC,RUN-AESTHETIC-4,Right,AESTHETIC,3436.0,2000-01-01T00:03:03.069Z,2000-01-01T00:03:06.757Z,vertical,,False
2713,290,P0290,413,3,C18,25478,2589,BASE,,2781,CONTROL,RUN-CONTROL-4,Left,BASE,8922.0,2000-01-01T00:03:06.767Z,2000-01-01T00:03:15.936Z,vertical,,False
2714,290,P0290,413,3,A26,7,2266,AESTHETIC,RUN-AESTHETIC-4,2458,BASE,,Left,AESTHETIC,2071.0,2000-01-01T00:03:15.946Z,2000-01-01T00:03:18.259Z,vertical,,False
2715,290,P0290,413,3,C12,6127,2761,CONTROL,RUN-CONTROL-4,2569,BASE,,Right,BASE,6137.0,2000-01-01T00:03:18.271Z,2000-01-01T00:03:24.657Z,vertical,,False
2716,290,P0290,413,3,C02,25478,2527,BASE,,2335,AESTHETIC,RUN-AESTHETIC-4,Right,AESTHETIC,3370.0,2000-01-01T00:03:24.667Z,2000-01-01T00:03:28.295Z,vertical,,False
2717,290,P0290,413,3,B08,7,2294,AESTHETIC,RUN-AESTHETIC-4,2678,CONTROL,RUN-CONTROL-4,Left,AESTHETIC,8812.0,2000-01-01T00:03:28.306Z,2000-01-01T00:03:37.397Z,vertical,,False
2718,290,P0290,413,3,A04,7,2232,AESTHETIC,RUN-AESTHETIC-4,2616,CONTROL,RUN-CONTROL-4,Left,AESTHETIC,4290.0,2000-01-01T00:03:37.406Z,2000-01-01T00:03:41.977Z,vertical,,False
2719,290,P0290,413,3,A27,7,2660,CONTROL,RUN-CONTROL-4,2468,BASE,,Left,CONTROL,2274.0,2000-01-01T00:03:41.987Z,2000-01-01T00:03:44.498Z,vertical,,False
2720,290,P0290,413,3,A26,6127,2457,BASE,,2649,CONTROL,RUN-CONTROL-4,Left,BASE,2151.0,2000-01-01T00:03:44.508Z,2000-01-01T00:03:46.908Z,vertical,,False
2721,290,P0290,413,3,A11,85,2624,CONTROL,RUN-CONTROL-4,2240,AESTHETIC,RUN-AESTHETIC-4,Right,AESTHETIC,2578.0,2000-01-01T00:03:46.920Z,2000-01-01T00:03:49.780Z,vertical,,False
2722,290,P0290,413,3,A09,25478,2237,AESTHETIC,RUN-AESTHETIC-4,2621,CONTROL,RUN-CONTROL-4,Right,CONTROL,3184.0,2000-01-01T00:03:49.791Z,2000-01-01T00:03:53.221Z,vertical,,False
2723,290,P0290,413,3,B14,7,2308,AESTHETIC,RUN-AESTHETIC-4,2692,CONTROL,RUN-CONTROL-4,Left,AESTHETIC,3510.0,2000-01-01T00:03:53.234Z,2000-01-01T00:03:57.000Z,vertical,,False
2724,290,P0290,413,3,A22,25478,2253,AESTHETIC,RUN-AESTHETIC-4,2637,CONTROL,RUN-CONTROL-4,Right,CONTROL,1935.0,2000-01-01T00:03:57.014Z,2000-01-01T00:03:59.219Z,vertical,,False
2725,290,P0290,413,3,B26,85,2704,CONTROL,RUN-CONTROL-4,2512,BASE,,Right,BASE,2578.0,2000-01-01T00:03:59.230Z,2000-01-01T00:04:02.058Z,vertical,,False
2726,290,P0290,413,3,A13,85,2434,BASE,,2242,AESTHETIC,RUN-AESTHETIC-4,Right,AESTHETIC,2058.0,2000-01-01T00:04:02.068Z,2000-01-01T00:04:04.370Z,vertical,,False
2727,290,P0290,413,3,A08,85,2428,BASE,,2620,CONTROL,RUN-CONTROL-4,Left,BASE,1862.0,2000-01-01T00:04:04.379Z,2000-01-01T00:04:06.513Z,vertical,,False
2728,290,P0290,413,3,C16,7,2586,BASE,,2394,AESTHETIC,RUN-AESTHETIC-4,Right,AESTHETIC,3159.0,2000-01-01T00:04:06.523Z,2000-01-01T00:04:09.969Z,vertical,,False
2729,290,P0290,413,3,A08,7,2628,CONTROL,RUN-CONTROL-4,2244,AESTHETIC,RUN-AESTHETIC-4,Right,AESTHETIC,2858.0,2000-01-01T00:04:09.979Z,2000-01-01T00:04:13.108Z,vertical,,False
2730,290,P0290,413,3,B15,85,2302,AESTHETIC,RUN-AESTHETIC-4,2494,BASE,,Right,BASE,2118.0,2000-01-01T00:04:13.118Z,2000-01-01T00:04:15.481Z,vertical,,False
2731,290,P0290,413,3,A15,25478,2635,CONTROL,RUN-CONTROL-4,2443,BASE,,Left,CONTROL,2083.0,2000-01-01T00:04:15.490Z,2000-01-01T00:04:17.829Z,vertical,,False
2732,290,P0290,413,3,B19,85,2304,AESTHETIC,RUN-AESTHETIC-4,2496,BASE,,Right,BASE,5665.0,2000-01-01T00:04:17.839Z,2000-01-01T00:04:23.756Z,vertical,,False
2733,290,P0290,413,3,A02,6127,2421,BASE,,2229,AESTHETIC,RUN-AESTHETIC-4,Right,AESTHETIC,1922.0,2000-01-01T00:04:23.768Z,2000-01-01T00:04:25.935Z,vertical,,False
2734,290,P0290,413,3,C10,7,2758,CONTROL,RUN-CONTROL-4,2566,BASE,,Right,BASE,1946.0,2000-01-01T00:04:25.946Z,2000-01-01T00:04:28.135Z,vertical,,False
2735,290,P0290,413,3,C14,85,2766,CONTROL,RUN-CONTROL-4,2574,BASE,,Right,BASE,5595.0,2000-01-01T00:04:28.146Z,2000-01-01T00:04:33.994Z,vertical,,False
2736,290,P0290,413,3,C12,7,2378,AESTHETIC,RUN-AESTHETIC-4,2570,BASE,,Right,BASE,2275.0,2000-01-01T00:04:34.006Z,2000-01-01T00:04:36.530Z,vertical,,False
2737,290,P0290,413,3,B26,85,2320,AESTHETIC,RUN-AESTHETIC-4,2704,CONTROL,RUN-CONTROL-4,Left,AESTHETIC,1988.0,2000-01-01T00:04:36.541Z,2000-01-01T00:04:38.797Z,vertical,,False
2738,290,P0290,413,3,C08,6127,2553,BASE,,2745,CONTROL,RUN-CONTROL-4,Right,CONTROL,2129.0,2000-01-01T00:04:38.807Z,2000-01-01T00:04:41.168Z,vertical,,False
2739,290,P0290,413,3,C15,6127,2391,AESTHETIC,RUN-AESTHETIC-4,2775,CONTROL,RUN-CONTROL-4,Left,AESTHETIC,4850.0,2000-01-01T00:04:41.178Z,2000-01-01T00:04:46.300Z,vertical,,False
2740,290,P0290,413,3,C15,25478,2767,CONTROL,RUN-CONTROL-4,2575,BASE,,Left,CONTROL,5327.0,2000-01-01T00:04:46.311Z,2000-01-01T00:04:51.907Z,vertical,,False
2741,238,P0238,416,3,C17,7,2596,BASE,,2404,AESTHETIC,RUN-AESTHETIC-4,Left,BASE,8163.0,2000-01-01T00:05:36.195Z,2000-01-01T00:05:46.371Z,vertical,,False
2742,238,P0238,416,3,A13,7,2250,AESTHETIC,RUN-AESTHETIC-4,2442,BASE,,Right,BASE,5121.0,2000-01-01T00:05:46.383Z,2000-01-01T00:05:52.012Z,vertical,,False
2743,238,P0238,416,3,B23,7,2516,BASE,,2708,CONTROL,RUN-CONTROL-4,Left,BASE,5730.0,2000-01-01T00:05:52.024Z,2000-01-01T00:05:58.246Z,vertical,,False
2744,238,P0238,416,3,C20,25478,2785,CONTROL,RUN-CONTROL-4,2401,AESTHETIC,RUN-AESTHETIC-4,Right,AESTHETIC,5288.0,2000-01-01T00:05:58.266Z,2000-01-01T00:06:04.054Z,vertical,,False
2745,238,P0238,416,3,B27,85,2706,CONTROL,RUN-CONTROL-4,2514,BASE,,Right,BASE,4541.0,2000-01-01T00:06:04.068Z,2000-01-01T00:06:09.122Z,vertical,,False
2746,238,P0238,416,3,C11,85,2752,CONTROL,RUN-CONTROL-4,2560,BASE,,Left,CONTROL,4066.0,2000-01-01T00:06:09.131Z,2000-01-01T00:06:13.712Z,vertical,,False
2747,238,P0238,416,3,B06,6127,2291,AESTHETIC,RUN-AESTHETIC-4,2483,BASE,,Tie,TIE,17217.0,2000-01-01T00:06:13.722Z,2000-01-01T00:06:31.916Z,vertical,,False
2748,238,P0238,416,3,B27,85,2706,CONTROL,RUN-CONTROL-4,2322,AESTHETIC,RUN-AESTHETIC-4,Left,CONTROL,5788.0,2000-01-01T00:06:31.926Z,2000-01-01T00:06:38.321Z,vertical,,False
2749,238,P0238,416,3,C01,6127,2533,BASE,,2725,CONTROL,RUN-CONTROL-4,Tie,TIE,7092.0,2000-01-01T00:06:38.332Z,2000-01-01T00:06:58.043Z,vertical,,False
2750,238,P0238,416,3,C09,7,2564,BASE,,2372,AESTHETIC,RUN-AESTHETIC-4,Right,AESTHETIC,4187.0,2000-01-01T00:06:58.054Z,2000-01-01T00:07:02.700Z,vertical,,False
2751,238,P0238,416,3,B27,85,2514,BASE,,2322,AESTHETIC,RUN-AESTHETIC-4,Left,BASE,3614.0,2000-01-01T00:07:02.712Z,2000-01-01T00:07:06.781Z,vertical,,False
2752,238,P0238,416,3,B23,6127,2707,CONTROL,RUN-CONTROL-4,2323,AESTHETIC,RUN-AESTHETIC-4,Right,AESTHETIC,7845.0,2000-01-01T00:07:06.791Z,2000-01-01T00:07:15.135Z,vertical,,False
2753,238,P0238,416,3,B14,7,2308,AESTHETIC,RUN-AESTHETIC-4,2500,BASE,,Left,AESTHETIC,8757.0,2000-01-01T00:07:15.146Z,2000-01-01T00:07:24.408Z,vertical,,False
2754,238,P0238,416,3,C16,6127,2585,BASE,,2393,AESTHETIC,RUN-AESTHETIC-4,Tie,TIE,6454.0,2000-01-01T00:07:24.418Z,2000-01-01T00:07:32.552Z,vertical,,False
2755,238,P0238,416,3,C05,6127,2739,CONTROL,RUN-CONTROL-4,2547,BASE,,Tie,TIE,2582.0,2000-01-01T00:07:32.562Z,2000-01-01T00:07:35.658Z,vertical,,False
2756,238,P0238,416,3,C08,25478,2545,BASE,,2353,AESTHETIC,RUN-AESTHETIC-4,Tie,TIE,4413.0,2000-01-01T00:07:35.668Z,2000-01-01T00:07:40.557Z,vertical,,False
2757,238,P0238,416,3,B04,85,2274,AESTHETIC,RUN-AESTHETIC-4,2466,BASE,,Right,BASE,5310.0,2000-01-01T00:07:40.567Z,2000-01-01T00:07:46.374Z,vertical,,False
2758,238,P0238,416,3,C12,7,2762,CONTROL,RUN-CONTROL-4,2378,AESTHETIC,RUN-AESTHETIC-4,Tie,TIE,4008.0,2000-01-01T00:07:46.385Z,2000-01-01T00:07:50.891Z,vertical,,False
2759,238,P0238,416,3,B15,25478,2301,AESTHETIC,RUN-AESTHETIC-4,2493,BASE,,Right,BASE,3898.0,2000-01-01T00:07:50.902Z,2000-01-01T00:07:55.304Z,vertical,,False
2760,238,P0238,416,3,B23,25478,2507,BASE,,2315,AESTHETIC,RUN-AESTHETIC-4,Right,AESTHETIC,4363.0,2000-01-01T00:07:55.316Z,2000-01-01T00:08:00.287Z,vertical,,False
2761,238,P0238,416,3,B01,6127,2469,BASE,,2277,AESTHETIC,RUN-AESTHETIC-4,Right,AESTHETIC,23639.0,2000-01-01T00:08:00.299Z,2000-01-01T00:08:24.468Z,vertical,,False
2762,238,P0238,416,3,B15,25478,2685,CONTROL,RUN-CONTROL-4,2301,AESTHETIC,RUN-AESTHETIC-4,Tie,TIE,3854.0,2000-01-01T00:08:24.478Z,2000-01-01T00:08:29.072Z,vertical,,False
2763,238,P0238,416,3,A02,25478,2605,CONTROL,RUN-CONTROL-4,2221,AESTHETIC,RUN-AESTHETIC-4,Left,CONTROL,6432.0,2000-01-01T00:08:29.083Z,2000-01-01T00:08:35.991Z,vertical,,False
2764,238,P0238,416,3,C14,6127,2389,AESTHETIC,RUN-AESTHETIC-4,2773,CONTROL,RUN-CONTROL-4,Tie,TIE,1737.0,2000-01-01T00:08:36.009Z,2000-01-01T00:08:38.227Z,vertical,,False
2765,238,P0238,416,3,B27,6127,2713,CONTROL,RUN-CONTROL-4,2521,BASE,,Left,CONTROL,4363.0,2000-01-01T00:08:38.237Z,2000-01-01T00:08:43.188Z,vertical,,False
2766,238,P0238,416,3,A11,7,2632,CONTROL,RUN-CONTROL-4,2440,BASE,,Left,CONTROL,3121.0,2000-01-01T00:08:43.199Z,2000-01-01T00:08:46.836Z,vertical,,False
2767,238,P0238,416,3,C19,7,2600,BASE,,2408,AESTHETIC,RUN-AESTHETIC-4,Left,BASE,2530.0,2000-01-01T00:08:46.847Z,2000-01-01T00:08:49.865Z,vertical,,False
2768,238,P0238,416,3,A27,7,2660,CONTROL,RUN-CONTROL-4,2276,AESTHETIC,RUN-AESTHETIC-4,Tie,TIE,2064.0,2000-01-01T00:08:49.875Z,2000-01-01T00:08:52.538Z,vertical,,False
2769,238,P0238,416,3,A07,25478,2225,AESTHETIC,RUN-AESTHETIC-4,2417,BASE,,Tie,TIE,1781.0,2000-01-01T00:08:52.548Z,2000-01-01T00:08:54.801Z,vertical,,False
2770,238,P0238,416,3,B04,85,2466,BASE,,2658,CONTROL,RUN-CONTROL-4,Right,CONTROL,5389.0,2000-01-01T00:08:54.809Z,2000-01-01T00:09:00.682Z,vertical,,False
2771,83,P0083,417,3,C12,85,2370,AESTHETIC,RUN-AESTHETIC-4,2754,CONTROL,RUN-CONTROL-4,Left,AESTHETIC,6689.0,2000-01-01T00:01:09.330Z,2000-01-01T00:01:16.663Z,vertical,,False
2772,83,P0083,417,3,A08,6127,2243,AESTHETIC,RUN-AESTHETIC-4,2627,CONTROL,RUN-CONTROL-4,Left,AESTHETIC,6832.0,2000-01-01T00:01:16.732Z,2000-01-01T00:01:23.889Z,vertical,,False
2773,83,P0083,417,3,B06,7,2292,AESTHETIC,RUN-AESTHETIC-4,2676,CONTROL,RUN-CONTROL-4,Left,AESTHETIC,8375.0,2000-01-01T00:01:23.928Z,2000-01-01T00:01:32.543Z,vertical,,False
2774,83,P0083,417,3,B19,7,2504,BASE,,2312,AESTHETIC,RUN-AESTHETIC-4,Left,BASE,5090.0,2000-01-01T00:01:32.555Z,2000-01-01T00:01:37.888Z,vertical,,False
2775,83,P0083,417,3,B02,25478,2271,AESTHETIC,RUN-AESTHETIC-4,2463,BASE,,Right,BASE,17329.0,2000-01-01T00:01:37.898Z,2000-01-01T00:01:55.474Z,vertical,,False
2776,83,P0083,417,3,C19,6127,2791,CONTROL,RUN-CONTROL-4,2599,BASE,,Left,CONTROL,4454.0,2000-01-01T00:01:55.486Z,2000-01-01T00:02:00.181Z,vertical,,False
2777,83,P0083,417,3,C14,6127,2389,AESTHETIC,RUN-AESTHETIC-4,2581,BASE,,Right,BASE,5614.0,2000-01-01T00:02:00.195Z,2000-01-01T00:02:06.058Z,vertical,,False
2778,83,P0083,417,3,B20,25478,2497,BASE,,2305,AESTHETIC,RUN-AESTHETIC-4,Left,BASE,8585.0,2000-01-01T00:02:06.070Z,2000-01-01T00:02:14.922Z,vertical,,False
2779,83,P0083,417,3,A25,7,2648,CONTROL,RUN-CONTROL-4,2264,AESTHETIC,RUN-AESTHETIC-4,Left,CONTROL,4622.0,2000-01-01T00:02:14.933Z,2000-01-01T00:02:19.791Z,vertical,,False
2780,83,P0083,417,3,C11,6127,2567,BASE,,2759,CONTROL,RUN-CONTROL-4,Right,CONTROL,16041.0,2000-01-01T00:02:19.804Z,2000-01-01T00:02:36.119Z,vertical,,False
2781,83,P0083,417,3,C18,85,2398,AESTHETIC,RUN-AESTHETIC-4,2590,BASE,,Right,BASE,3866.0,2000-01-01T00:02:36.130Z,2000-01-01T00:02:40.227Z,vertical,,False
2782,83,P0083,417,3,B15,7,2502,BASE,,2310,AESTHETIC,RUN-AESTHETIC-4,Left,BASE,3118.0,2000-01-01T00:02:40.238Z,2000-01-01T00:02:43.606Z,vertical,,False
2783,83,P0083,417,3,B20,7,2698,CONTROL,RUN-CONTROL-4,2314,AESTHETIC,RUN-AESTHETIC-4,Left,CONTROL,11391.0,2000-01-01T00:02:43.616Z,2000-01-01T00:02:55.250Z,vertical,,False
2784,83,P0083,417,3,B27,25478,2321,AESTHETIC,RUN-AESTHETIC-4,2705,CONTROL,RUN-CONTROL-4,Right,CONTROL,10283.0,2000-01-01T00:02:55.261Z,2000-01-01T00:03:05.899Z,vertical,,False
2785,83,P0083,417,3,C20,6127,2793,CONTROL,RUN-CONTROL-4,2601,BASE,,Left,CONTROL,3058.0,2000-01-01T00:03:05.910Z,2000-01-01T00:03:09.181Z,vertical,,False
2786,83,P0083,417,3,B26,7,2328,AESTHETIC,RUN-AESTHETIC-4,2712,CONTROL,RUN-CONTROL-4,Left,AESTHETIC,9907.0,2000-01-01T00:03:09.192Z,2000-01-01T00:03:19.345Z,vertical,,False
2787,83,P0083,417,3,C08,85,2738,CONTROL,RUN-CONTROL-4,2546,BASE,,Left,CONTROL,7987.0,2000-01-01T00:03:19.357Z,2000-01-01T00:03:27.568Z,vertical,,False
2788,83,P0083,417,3,B19,85,2688,CONTROL,RUN-CONTROL-4,2496,BASE,,Left,CONTROL,2572.0,2000-01-01T00:03:27.579Z,2000-01-01T00:03:30.386Z,vertical,,False
2789,83,P0083,417,3,B12,25478,2673,CONTROL,RUN-CONTROL-4,2289,AESTHETIC,RUN-AESTHETIC-4,Left,CONTROL,6226.0,2000-01-01T00:03:30.402Z,2000-01-01T00:03:36.850Z,vertical,,False
2790,83,P0083,417,3,C12,25478,2561,BASE,,2369,AESTHETIC,RUN-AESTHETIC-4,Left,BASE,5660.0,2000-01-01T00:03:36.862Z,2000-01-01T00:03:42.786Z,vertical,,False
2791,83,P0083,417,3,A08,6127,2435,BASE,,2243,AESTHETIC,RUN-AESTHETIC-4,Right,AESTHETIC,4764.0,2000-01-01T00:03:42.797Z,2000-01-01T00:03:47.798Z,vertical,,False
2792,83,P0083,417,3,A07,7,2426,BASE,,2234,AESTHETIC,RUN-AESTHETIC-4,Left,BASE,9296.0,2000-01-01T00:03:47.810Z,2000-01-01T00:03:57.333Z,vertical,,False
2793,83,P0083,417,3,A02,25478,2605,CONTROL,RUN-CONTROL-4,2413,BASE,,Left,CONTROL,2755.0,2000-01-01T00:03:57.345Z,2000-01-01T00:04:00.319Z,vertical,,False
2794,83,P0083,417,3,B12,25478,2481,BASE,,2289,AESTHETIC,RUN-AESTHETIC-4,Left,BASE,13255.0,2000-01-01T00:04:00.330Z,2000-01-01T00:04:13.833Z,vertical,,False
2795,83,P0083,417,3,C07,6127,2551,BASE,,2743,CONTROL,RUN-CONTROL-4,Right,CONTROL,3309.0,2000-01-01T00:04:13.858Z,2000-01-01T00:04:17.396Z,vertical,,False
2796,83,P0083,417,3,C19,6127,2791,CONTROL,RUN-CONTROL-4,2407,AESTHETIC,RUN-AESTHETIC-4,Right,AESTHETIC,4686.0,2000-01-01T00:04:17.406Z,2000-01-01T00:04:22.323Z,vertical,,False
2797,83,P0083,417,3,B06,85,2476,BASE,,2668,CONTROL,RUN-CONTROL-4,Right,CONTROL,4309.0,2000-01-01T00:04:22.333Z,2000-01-01T00:04:26.875Z,vertical,,False
2798,83,P0083,417,3,B12,25478,2481,BASE,,2673,CONTROL,RUN-CONTROL-4,Right,CONTROL,2550.0,2000-01-01T00:04:26.885Z,2000-01-01T00:04:29.694Z,vertical,,False
2799,83,P0083,417,3,C06,85,2542,BASE,,2734,CONTROL,RUN-CONTROL-4,Right,CONTROL,8385.0,2000-01-01T00:04:29.704Z,2000-01-01T00:04:38.333Z,vertical,,False
2800,83,P0083,417,3,C13,6127,2387,AESTHETIC,RUN-AESTHETIC-4,2771,CONTROL,RUN-CONTROL-4,Right,CONTROL,9435.0,2000-01-01T00:04:38.347Z,2000-01-01T00:04:48.026Z,vertical,,False
2801,74,P0074,420,3,B29,25478,2523,BASE,,2331,AESTHETIC,RUN-AESTHETIC-4,Right,AESTHETIC,3372.0,2000-01-01T00:00:04.561Z,2000-01-01T00:00:08.096Z,horizontal,,False
2802,74,P0074,420,3,C20,6127,2793,CONTROL,RUN-CONTROL-4,2409,AESTHETIC,RUN-AESTHETIC-4,Left,CONTROL,3305.0,2000-01-01T00:00:08.107Z,2000-01-01T00:00:11.629Z,horizontal,,False
2803,74,P0074,420,3,C08,85,2738,CONTROL,RUN-CONTROL-4,2354,AESTHETIC,RUN-AESTHETIC-4,Left,CONTROL,1828.0,2000-01-01T00:00:11.639Z,2000-01-01T00:00:13.685Z,horizontal,,False
2804,74,P0074,420,3,C13,7,2772,CONTROL,RUN-CONTROL-4,2580,BASE,,Right,BASE,2036.0,2000-01-01T00:00:13.697Z,2000-01-01T00:00:15.953Z,horizontal,,False
2805,74,P0074,420,3,A04,6127,2423,BASE,,2615,CONTROL,RUN-CONTROL-4,Right,CONTROL,2934.0,2000-01-01T00:00:15.964Z,2000-01-01T00:00:19.113Z,horizontal,,False
2806,74,P0074,420,3,C14,85,2382,AESTHETIC,RUN-AESTHETIC-4,2574,BASE,,Left,AESTHETIC,3307.0,2000-01-01T00:00:19.123Z,2000-01-01T00:00:22.648Z,horizontal,,False
2807,74,P0074,420,3,B20,85,2498,BASE,,2690,CONTROL,RUN-CONTROL-4,Right,CONTROL,1820.0,2000-01-01T00:00:22.658Z,2000-01-01T00:00:24.691Z,horizontal,,False
2808,74,P0074,420,3,A01,7,2228,AESTHETIC,RUN-AESTHETIC-4,2420,BASE,,Right,BASE,1597.0,2000-01-01T00:00:24.702Z,2000-01-01T00:00:26.513Z,horizontal,,False
2809,74,P0074,420,3,A25,85,2256,AESTHETIC,RUN-AESTHETIC-4,2640,CONTROL,RUN-CONTROL-4,Right,CONTROL,1166.0,2000-01-01T00:00:26.524Z,2000-01-01T00:00:27.913Z,horizontal,,False
2810,74,P0074,420,3,A08,25478,2619,CONTROL,RUN-CONTROL-4,2235,AESTHETIC,RUN-AESTHETIC-4,Right,AESTHETIC,1505.0,2000-01-01T00:00:27.924Z,2000-01-01T00:00:29.647Z,horizontal,,False
2811,74,P0074,420,3,A13,6127,2633,CONTROL,RUN-CONTROL-4,2249,AESTHETIC,RUN-AESTHETIC-4,Left,CONTROL,3721.0,2000-01-01T00:00:29.657Z,2000-01-01T00:00:33.600Z,horizontal,,False
2812,74,P0074,420,3,C08,7,2746,CONTROL,RUN-CONTROL-4,2362,AESTHETIC,RUN-AESTHETIC-4,Right,AESTHETIC,1879.0,2000-01-01T00:00:33.610Z,2000-01-01T00:00:35.704Z,horizontal,,False
2813,74,P0074,420,3,B27,7,2330,AESTHETIC,RUN-AESTHETIC-4,2714,CONTROL,RUN-CONTROL-4,Right,CONTROL,1448.0,2000-01-01T00:00:35.714Z,2000-01-01T00:00:37.388Z,horizontal,,False
2814,74,P0074,420,3,B01,7,2662,CONTROL,RUN-CONTROL-4,2278,AESTHETIC,RUN-AESTHETIC-4,Right,AESTHETIC,1266.0,2000-01-01T00:00:37.398Z,2000-01-01T00:00:38.880Z,horizontal,,False
2815,74,P0074,420,3,B02,85,2464,BASE,,2656,CONTROL,RUN-CONTROL-4,Left,BASE,1941.0,2000-01-01T00:00:38.892Z,2000-01-01T00:00:41.051Z,horizontal,,False
2816,74,P0074,420,3,C14,85,2382,AESTHETIC,RUN-AESTHETIC-4,2766,CONTROL,RUN-CONTROL-4,Left,AESTHETIC,3668.0,2000-01-01T00:00:41.061Z,2000-01-01T00:00:44.947Z,horizontal,,False
2817,74,P0074,420,3,C04,25478,2337,AESTHETIC,RUN-AESTHETIC-4,2721,CONTROL,RUN-CONTROL-4,Right,CONTROL,2180.0,2000-01-01T00:00:44.957Z,2000-01-01T00:00:47.351Z,horizontal,,False
2818,74,P0074,420,3,C06,25478,2541,BASE,,2733,CONTROL,RUN-CONTROL-4,Right,CONTROL,3022.0,2000-01-01T00:00:47.360Z,2000-01-01T00:00:50.598Z,horizontal,,False
2819,74,P0074,420,3,A26,6127,2265,AESTHETIC,RUN-AESTHETIC-4,2649,CONTROL,RUN-CONTROL-4,Left,AESTHETIC,3236.0,2000-01-01T00:00:50.608Z,2000-01-01T00:00:54.065Z,horizontal,,False
2820,74,P0074,420,3,B20,6127,2505,BASE,,2697,CONTROL,RUN-CONTROL-4,Left,BASE,1878.0,2000-01-01T00:00:54.075Z,2000-01-01T00:00:56.168Z,horizontal,,False
2821,74,P0074,420,3,B09,25478,2671,CONTROL,RUN-CONTROL-4,2287,AESTHETIC,RUN-AESTHETIC-4,Left,CONTROL,987.0,2000-01-01T00:00:56.177Z,2000-01-01T00:00:57.382Z,horizontal,,False
2822,74,P0074,420,3,B19,25478,2303,AESTHETIC,RUN-AESTHETIC-4,2687,CONTROL,RUN-CONTROL-4,Right,CONTROL,1954.0,2000-01-01T00:00:57.393Z,2000-01-01T00:00:59.561Z,horizontal,,False
2823,74,P0074,420,3,B26,25478,2703,CONTROL,RUN-CONTROL-4,2319,AESTHETIC,RUN-AESTHETIC-4,Left,CONTROL,3444.0,2000-01-01T00:00:59.570Z,2000-01-01T00:01:03.235Z,horizontal,,False
2824,74,P0074,420,3,C05,7,2356,AESTHETIC,RUN-AESTHETIC-4,2740,CONTROL,RUN-CONTROL-4,Left,AESTHETIC,986.0,2000-01-01T00:01:03.246Z,2000-01-01T00:01:04.448Z,horizontal,,False
2825,74,P0074,420,3,C14,6127,2773,CONTROL,RUN-CONTROL-4,2581,BASE,,Right,BASE,1354.0,2000-01-01T00:01:04.459Z,2000-01-01T00:01:06.030Z,horizontal,,False
2826,74,P0074,420,3,B09,6127,2487,BASE,,2679,CONTROL,RUN-CONTROL-4,Left,BASE,1241.0,2000-01-01T00:01:06.040Z,2000-01-01T00:01:07.495Z,horizontal,,False
2827,74,P0074,420,3,A02,7,2422,BASE,,2230,AESTHETIC,RUN-AESTHETIC-4,Right,AESTHETIC,1327.0,2000-01-01T00:01:07.508Z,2000-01-01T00:01:09.051Z,horizontal,,False
2828,74,P0074,420,3,C11,25478,2559,BASE,,2367,AESTHETIC,RUN-AESTHETIC-4,Left,BASE,1336.0,2000-01-01T00:01:09.061Z,2000-01-01T00:01:10.613Z,horizontal,,False
2829,74,P0074,420,3,C04,6127,2345,AESTHETIC,RUN-AESTHETIC-4,2537,BASE,,Right,BASE,1241.0,2000-01-01T00:01:10.624Z,2000-01-01T00:01:12.080Z,horizontal,,False
2830,74,P0074,420,3,A25,6127,2647,CONTROL,RUN-CONTROL-4,2263,AESTHETIC,RUN-AESTHETIC-4,Right,AESTHETIC,1570.0,2000-01-01T00:01:12.090Z,2000-01-01T00:01:13.875Z,horizontal,,False
2831,242,P0242,422,3,C04,85,2722,CONTROL,RUN-CONTROL-4,2530,BASE,,Right,BASE,9445.0,2000-01-01T00:02:45.305Z,2000-01-01T00:02:55.631Z,vertical,,False
2832,242,P0242,422,3,B14,7,2692,CONTROL,RUN-CONTROL-4,2500,BASE,,Left,CONTROL,3895.0,2000-01-01T00:02:55.640Z,2000-01-01T00:02:59.831Z,vertical,,False
2833,242,P0242,422,3,C19,25478,2591,BASE,,2399,AESTHETIC,RUN-AESTHETIC-4,Tie,TIE,5721.0,2000-01-01T00:02:59.842Z,2000-01-01T00:03:05.761Z,vertical,,False
2834,242,P0242,422,3,C05,85,2348,AESTHETIC,RUN-AESTHETIC-4,2540,BASE,,Tie,TIE,2177.0,2000-01-01T00:03:05.772Z,2000-01-01T00:03:08.149Z,vertical,,False
2835,242,P0242,422,3,B23,85,2316,AESTHETIC,RUN-AESTHETIC-4,2700,CONTROL,RUN-CONTROL-4,Tie,TIE,1586.0,2000-01-01T00:03:08.159Z,2000-01-01T00:03:10.025Z,vertical,,False
2836,242,P0242,422,3,C19,85,2400,AESTHETIC,RUN-AESTHETIC-4,2592,BASE,,Tie,TIE,1595.0,2000-01-01T00:03:10.035Z,2000-01-01T00:03:11.980Z,vertical,,False
2837,242,P0242,422,3,A27,6127,2659,CONTROL,RUN-CONTROL-4,2275,AESTHETIC,RUN-AESTHETIC-4,Tie,TIE,1682.0,2000-01-01T00:03:11.990Z,2000-01-01T00:03:13.895Z,vertical,,False
2838,242,P0242,422,3,B04,85,2658,CONTROL,RUN-CONTROL-4,2274,AESTHETIC,RUN-AESTHETIC-4,Tie,TIE,813.0,2000-01-01T00:03:13.915Z,2000-01-01T00:03:15.069Z,vertical,,False
2839,242,P0242,422,3,C05,85,2732,CONTROL,RUN-CONTROL-4,2540,BASE,,Tie,TIE,846.0,2000-01-01T00:03:15.080Z,2000-01-01T00:03:16.461Z,vertical,,False
2840,242,P0242,422,3,A04,25478,2415,BASE,,2223,AESTHETIC,RUN-AESTHETIC-4,Tie,TIE,1298.0,2000-01-01T00:03:16.470Z,2000-01-01T00:03:17.995Z,vertical,,False
2841,242,P0242,422,3,C09,25478,2747,CONTROL,RUN-CONTROL-4,2363,AESTHETIC,RUN-AESTHETIC-4,Right,AESTHETIC,3311.0,2000-01-01T00:03:18.005Z,2000-01-01T00:03:21.529Z,vertical,,False
2842,242,P0242,422,3,B01,25478,2653,CONTROL,RUN-CONTROL-4,2269,AESTHETIC,RUN-AESTHETIC-4,Tie,TIE,2592.0,2000-01-01T00:03:21.538Z,2000-01-01T00:03:24.404Z,vertical,,False
2843,242,P0242,422,3,A04,85,2416,BASE,,2224,AESTHETIC,RUN-AESTHETIC-4,Tie,TIE,2113.0,2000-01-01T00:03:24.415Z,2000-01-01T00:03:26.795Z,vertical,,False
2844,242,P0242,422,3,C01,85,2718,CONTROL,RUN-CONTROL-4,2334,AESTHETIC,RUN-AESTHETIC-4,Tie,TIE,2133.0,2000-01-01T00:03:26.805Z,2000-01-01T00:03:29.210Z,vertical,,False
2845,242,P0242,422,3,A15,25478,2635,CONTROL,RUN-CONTROL-4,2251,AESTHETIC,RUN-AESTHETIC-4,Left,CONTROL,2142.0,2000-01-01T00:03:29.220Z,2000-01-01T00:03:31.596Z,vertical,,False
2846,242,P0242,422,3,C15,25478,2383,AESTHETIC,RUN-AESTHETIC-4,2575,BASE,,Tie,TIE,1609.0,2000-01-01T00:03:31.606Z,2000-01-01T00:03:33.440Z,vertical,,False
2847,242,P0242,422,3,C17,6127,2403,AESTHETIC,RUN-AESTHETIC-4,2787,CONTROL,RUN-CONTROL-4,Tie,TIE,973.0,2000-01-01T00:03:33.456Z,2000-01-01T00:03:34.640Z,vertical,,False
2848,242,P0242,422,3,A02,7,2230,AESTHETIC,RUN-AESTHETIC-4,2614,CONTROL,RUN-CONTROL-4,Tie,TIE,1417.0,2000-01-01T00:03:34.651Z,2000-01-01T00:03:36.440Z,vertical,,False
2849,242,P0242,422,3,B01,25478,2461,BASE,,2653,CONTROL,RUN-CONTROL-4,Tie,TIE,684.0,2000-01-01T00:03:36.450Z,2000-01-01T00:03:37.340Z,vertical,VeryFastResponse,False
2850,242,P0242,422,3,C13,6127,2387,AESTHETIC,RUN-AESTHETIC-4,2579,BASE,,Tie,TIE,960.0,2000-01-01T00:03:37.354Z,2000-01-01T00:03:38.531Z,vertical,,False
2851,242,P0242,422,3,B23,7,2708,CONTROL,RUN-CONTROL-4,2324,AESTHETIC,RUN-AESTHETIC-4,Tie,TIE,1280.0,2000-01-01T00:03:38.540Z,2000-01-01T00:03:40.059Z,vertical,,False
2852,242,P0242,422,3,B09,25478,2479,BASE,,2671,CONTROL,RUN-CONTROL-4,Tie,TIE,715.0,2000-01-01T00:03:40.068Z,2000-01-01T00:03:40.995Z,vertical,VeryFastResponse,False
2853,242,P0242,422,3,C08,7,2362,AESTHETIC,RUN-AESTHETIC-4,2554,BASE,,Tie,TIE,930.0,2000-01-01T00:03:41.007Z,2000-01-01T00:03:42.142Z,vertical,,False
2854,242,P0242,422,3,A01,6127,2611,CONTROL,RUN-CONTROL-4,2419,BASE,,Tie,TIE,892.0,2000-01-01T00:03:42.154Z,2000-01-01T00:03:43.261Z,vertical,,False
2855,242,P0242,422,3,C08,85,2354,AESTHETIC,RUN-AESTHETIC-4,2546,BASE,,Tie,TIE,1025.0,2000-01-01T00:03:43.272Z,2000-01-01T00:03:44.526Z,vertical,,False
2856,242,P0242,422,3,C18,6127,2789,CONTROL,RUN-CONTROL-4,2405,AESTHETIC,RUN-AESTHETIC-4,Tie,TIE,772.0,2000-01-01T00:03:44.537Z,2000-01-01T00:03:45.532Z,vertical,VeryFastResponse,False
2857,242,P0242,422,3,C06,85,2734,CONTROL,RUN-CONTROL-4,2350,AESTHETIC,RUN-AESTHETIC-4,Tie,TIE,675.0,2000-01-01T00:03:45.545Z,2000-01-01T00:03:46.441Z,vertical,VeryFastResponse,False
2858,242,P0242,422,3,A13,7,2442,BASE,,2634,CONTROL,RUN-CONTROL-4,Tie,TIE,678.0,2000-01-01T00:03:46.454Z,2000-01-01T00:03:47.345Z,vertical,VeryFastResponse,False
2859,242,P0242,422,3,B06,7,2484,BASE,,2292,AESTHETIC,RUN-AESTHETIC-4,Tie,TIE,648.0,2000-01-01T00:03:47.356Z,2000-01-01T00:03:48.231Z,vertical,VeryFastResponse,False
2860,242,P0242,422,3,A02,6127,2613,CONTROL,RUN-CONTROL-4,2421,BASE,,Tie,TIE,789.0,2000-01-01T00:03:48.245Z,2000-01-01T00:03:49.255Z,vertical,VeryFastResponse,False
2861,300,P0300,424,3,B01,85,2270,AESTHETIC,RUN-AESTHETIC-4,2654,CONTROL,RUN-CONTROL-4,Right,CONTROL,11741.0,2000-01-01T00:02:11.190Z,2000-01-01T00:02:23.470Z,vertical,,False
2862,300,P0300,424,3,B12,7,2490,BASE,,2298,AESTHETIC,RUN-AESTHETIC-4,Left,BASE,2158.0,2000-01-01T00:02:23.481Z,2000-01-01T00:02:25.867Z,vertical,,False
2863,300,P0300,424,3,C18,7,2406,AESTHETIC,RUN-AESTHETIC-4,2598,BASE,,Left,AESTHETIC,2435.0,2000-01-01T00:02:25.876Z,2000-01-01T00:02:28.534Z,vertical,,False
2864,300,P0300,424,3,A25,25478,2447,BASE,,2639,CONTROL,RUN-CONTROL-4,Right,CONTROL,3721.0,2000-01-01T00:02:28.545Z,2000-01-01T00:02:32.488Z,vertical,,False
2865,300,P0300,424,3,A27,25478,2267,AESTHETIC,RUN-AESTHETIC-4,2459,BASE,,Left,AESTHETIC,3569.0,2000-01-01T00:02:32.498Z,2000-01-01T00:02:36.285Z,vertical,,False
2866,300,P0300,424,3,C02,25478,2335,AESTHETIC,RUN-AESTHETIC-4,2719,CONTROL,RUN-CONTROL-4,Right,CONTROL,5354.0,2000-01-01T00:02:36.296Z,2000-01-01T00:02:41.870Z,vertical,,False
2867,300,P0300,424,3,C02,85,2528,BASE,,2336,AESTHETIC,RUN-AESTHETIC-4,Left,BASE,2243.0,2000-01-01T00:02:41.880Z,2000-01-01T00:02:44.351Z,vertical,,False
2868,300,P0300,424,3,C01,25478,2525,BASE,,2717,CONTROL,RUN-CONTROL-4,Left,BASE,2193.0,2000-01-01T00:02:44.361Z,2000-01-01T00:02:46.780Z,vertical,,False
2869,300,P0300,424,3,A02,7,2614,CONTROL,RUN-CONTROL-4,2422,BASE,,Left,CONTROL,5547.0,2000-01-01T00:02:46.817Z,2000-01-01T00:02:52.589Z,vertical,,False
2870,300,P0300,424,3,B09,25478,2479,BASE,,2287,AESTHETIC,RUN-AESTHETIC-4,Right,AESTHETIC,3367.0,2000-01-01T00:02:52.600Z,2000-01-01T00:02:56.192Z,vertical,,False
2871,300,P0300,424,3,B14,6127,2499,BASE,,2691,CONTROL,RUN-CONTROL-4,Right,CONTROL,3859.0,2000-01-01T00:02:56.203Z,2000-01-01T00:03:00.284Z,vertical,,False
2872,300,P0300,424,3,C19,25478,2399,AESTHETIC,RUN-AESTHETIC-4,2783,CONTROL,RUN-CONTROL-4,Left,AESTHETIC,2232.0,2000-01-01T00:03:00.295Z,2000-01-01T00:03:02.753Z,vertical,,False
2873,300,P0300,424,3,A09,25478,2429,BASE,,2237,AESTHETIC,RUN-AESTHETIC-4,Left,BASE,2097.0,2000-01-01T00:03:02.765Z,2000-01-01T00:03:05.101Z,vertical,,False
2874,300,P0300,424,3,B26,6127,2519,BASE,,2711,CONTROL,RUN-CONTROL-4,Left,BASE,1396.0,2000-01-01T00:03:05.110Z,2000-01-01T00:03:06.728Z,vertical,,False
2875,300,P0300,424,3,B01,85,2462,BASE,,2654,CONTROL,RUN-CONTROL-4,Left,BASE,2237.0,2000-01-01T00:03:06.739Z,2000-01-01T00:03:09.197Z,vertical,,False
2876,300,P0300,424,3,A08,7,2244,AESTHETIC,RUN-AESTHETIC-4,2436,BASE,,Right,BASE,2214.0,2000-01-01T00:03:09.232Z,2000-01-01T00:03:11.666Z,vertical,,False
2877,300,P0300,424,3,B27,7,2714,CONTROL,RUN-CONTROL-4,2522,BASE,,Right,BASE,1937.0,2000-01-01T00:03:11.677Z,2000-01-01T00:03:13.846Z,vertical,,False
2878,300,P0300,424,3,B06,85,2284,AESTHETIC,RUN-AESTHETIC-4,2476,BASE,,Left,AESTHETIC,3219.0,2000-01-01T00:03:13.857Z,2000-01-01T00:03:17.298Z,vertical,,False
2879,300,P0300,424,3,A01,7,2612,CONTROL,RUN-CONTROL-4,2228,AESTHETIC,RUN-AESTHETIC-4,Right,AESTHETIC,2415.0,2000-01-01T00:03:17.309Z,2000-01-01T00:03:19.948Z,vertical,,False
2880,300,P0300,424,3,B15,25478,2685,CONTROL,RUN-CONTROL-4,2493,BASE,,Right,BASE,1657.0,2000-01-01T00:03:19.959Z,2000-01-01T00:03:21.843Z,vertical,,False
2881,300,P0300,424,3,C07,25478,2735,CONTROL,RUN-CONTROL-4,2543,BASE,,Left,CONTROL,2668.0,2000-01-01T00:03:21.853Z,2000-01-01T00:03:24.747Z,vertical,,False
2882,300,P0300,424,3,C12,25478,2753,CONTROL,RUN-CONTROL-4,2369,AESTHETIC,RUN-AESTHETIC-4,Right,AESTHETIC,2875.0,2000-01-01T00:03:24.758Z,2000-01-01T00:03:27.863Z,vertical,,False
2883,300,P0300,424,3,C11,6127,2375,AESTHETIC,RUN-AESTHETIC-4,2759,CONTROL,RUN-CONTROL-4,Left,AESTHETIC,3616.0,2000-01-01T00:03:27.876Z,2000-01-01T00:03:31.716Z,vertical,,False
2884,300,P0300,424,3,C08,25478,2545,BASE,,2737,CONTROL,RUN-CONTROL-4,Left,BASE,1840.0,2000-01-01T00:03:31.726Z,2000-01-01T00:03:33.792Z,vertical,,False
2885,300,P0300,424,3,B25,25478,2701,CONTROL,RUN-CONTROL-4,2509,BASE,,Left,CONTROL,1573.0,2000-01-01T00:03:33.803Z,2000-01-01T00:03:35.599Z,vertical,,False
2886,300,P0300,424,3,B02,6127,2471,BASE,,2663,CONTROL,RUN-CONTROL-4,Left,BASE,2156.0,2000-01-01T00:03:35.609Z,2000-01-01T00:03:37.990Z,vertical,,False
2887,300,P0300,424,3,A22,7,2646,CONTROL,RUN-CONTROL-4,2262,AESTHETIC,RUN-AESTHETIC-4,Left,CONTROL,3752.0,2000-01-01T00:03:38.003Z,2000-01-01T00:03:41.980Z,vertical,,False
2888,300,P0300,424,3,C19,6127,2407,AESTHETIC,RUN-AESTHETIC-4,2599,BASE,,Right,BASE,1696.0,2000-01-01T00:03:41.991Z,2000-01-01T00:03:43.914Z,vertical,,False
2889,300,P0300,424,3,C04,85,2338,AESTHETIC,RUN-AESTHETIC-4,2722,CONTROL,RUN-CONTROL-4,Left,AESTHETIC,2304.0,2000-01-01T00:03:43.924Z,2000-01-01T00:03:46.452Z,vertical,,False
2890,300,P0300,424,3,B20,85,2690,CONTROL,RUN-CONTROL-4,2306,AESTHETIC,RUN-AESTHETIC-4,Right,AESTHETIC,1331.0,2000-01-01T00:03:46.462Z,2000-01-01T00:03:48.033Z,vertical,,False
2891,146,P0146,425,3,B02,6127,2279,AESTHETIC,RUN-AESTHETIC-4,2663,CONTROL,RUN-CONTROL-4,Left,AESTHETIC,5090.0,2000-01-01T00:00:06.550Z,2000-01-01T00:00:11.732Z,vertical,,False
2892,146,P0146,425,3,A22,85,2638,CONTROL,RUN-CONTROL-4,2446,BASE,,Left,CONTROL,2251.0,2000-01-01T00:00:11.743Z,2000-01-01T00:00:14.195Z,vertical,,False
2893,146,P0146,425,3,B01,85,2270,AESTHETIC,RUN-AESTHETIC-4,2462,BASE,,Left,AESTHETIC,3084.0,2000-01-01T00:00:14.207Z,2000-01-01T00:00:17.484Z,vertical,,False
2894,146,P0146,425,3,B20,85,2498,BASE,,2306,AESTHETIC,RUN-AESTHETIC-4,Left,BASE,4583.0,2000-01-01T00:00:17.560Z,2000-01-01T00:00:22.409Z,vertical,,False
2895,146,P0146,425,3,C02,6127,2535,BASE,,2727,CONTROL,RUN-CONTROL-4,Right,CONTROL,2228.0,2000-01-01T00:00:22.423Z,2000-01-01T00:00:25.172Z,vertical,,False
2896,146,P0146,425,3,C10,6127,2757,CONTROL,RUN-CONTROL-4,2373,AESTHETIC,RUN-AESTHETIC-4,Right,AESTHETIC,2281.0,2000-01-01T00:00:25.183Z,2000-01-01T00:00:27.652Z,vertical,,False
2897,146,P0146,425,3,C16,85,2770,CONTROL,RUN-CONTROL-4,2386,AESTHETIC,RUN-AESTHETIC-4,Left,CONTROL,2330.0,2000-01-01T00:00:27.664Z,2000-01-01T00:00:30.189Z,vertical,,False
2898,146,P0146,425,3,C05,25478,2731,CONTROL,RUN-CONTROL-4,2539,BASE,,Right,BASE,2700.0,2000-01-01T00:00:30.200Z,2000-01-01T00:00:33.088Z,vertical,,False
2899,146,P0146,425,3,C10,6127,2757,CONTROL,RUN-CONTROL-4,2565,BASE,,Right,BASE,2526.0,2000-01-01T00:00:33.098Z,2000-01-01T00:00:35.843Z,vertical,,False
2900,146,P0146,425,3,C20,7,2602,BASE,,2410,AESTHETIC,RUN-AESTHETIC-4,Right,AESTHETIC,1946.0,2000-01-01T00:00:35.854Z,2000-01-01T00:00:37.982Z,vertical,,False
2901,146,P0146,425,3,C17,25478,2779,CONTROL,RUN-CONTROL-4,2587,BASE,,Left,CONTROL,2293.0,2000-01-01T00:00:37.992Z,2000-01-01T00:00:40.472Z,vertical,,False
2902,146,P0146,425,3,B19,85,2304,AESTHETIC,RUN-AESTHETIC-4,2688,CONTROL,RUN-CONTROL-4,Left,AESTHETIC,1931.0,2000-01-01T00:00:40.483Z,2000-01-01T00:00:42.598Z,vertical,,False
2903,146,P0146,425,3,C15,85,2768,CONTROL,RUN-CONTROL-4,2576,BASE,,Right,BASE,2497.0,2000-01-01T00:00:42.608Z,2000-01-01T00:00:45.306Z,vertical,,False
2904,146,P0146,425,3,C19,7,2600,BASE,,2792,CONTROL,RUN-CONTROL-4,Tie,TIE,4698.0,2000-01-01T00:00:45.318Z,2000-01-01T00:00:50.209Z,vertical,,False
2905,146,P0146,425,3,C20,85,2594,BASE,,2786,CONTROL,RUN-CONTROL-4,Left,BASE,1692.0,2000-01-01T00:00:50.221Z,2000-01-01T00:00:52.105Z,vertical,,False
2906,146,P0146,425,3,B01,7,2278,AESTHETIC,RUN-AESTHETIC-4,2470,BASE,,Right,BASE,1864.0,2000-01-01T00:00:52.117Z,2000-01-01T00:00:54.292Z,vertical,,False
2907,146,P0146,425,3,C02,6127,2343,AESTHETIC,RUN-AESTHETIC-4,2535,BASE,,Left,AESTHETIC,1930.0,2000-01-01T00:00:54.301Z,2000-01-01T00:00:56.421Z,vertical,,False
2908,146,P0146,425,3,C16,85,2770,CONTROL,RUN-CONTROL-4,2578,BASE,,Left,CONTROL,2500.0,2000-01-01T00:00:56.433Z,2000-01-01T00:00:59.125Z,vertical,,False
2909,146,P0146,425,3,B01,7,2470,BASE,,2662,CONTROL,RUN-CONTROL-4,Right,CONTROL,1477.0,2000-01-01T00:00:59.136Z,2000-01-01T00:01:00.805Z,vertical,,False
2910,146,P0146,425,3,C04,25478,2337,AESTHETIC,RUN-AESTHETIC-4,2529,BASE,,Left,AESTHETIC,1564.0,2000-01-01T00:01:00.816Z,2000-01-01T00:01:02.570Z,vertical,,False
2911,146,P0146,425,3,C08,7,2554,BASE,,2746,CONTROL,RUN-CONTROL-4,Right,CONTROL,2334.0,2000-01-01T00:01:02.580Z,2000-01-01T00:01:05.107Z,vertical,,False
2912,146,P0146,425,3,A09,6127,2245,AESTHETIC,RUN-AESTHETIC-4,2437,BASE,,Left,AESTHETIC,17066.0,2000-01-01T00:01:05.466Z,2000-01-01T00:01:22.825Z,vertical,,False
2913,146,P0146,425,3,C05,7,2548,BASE,,2356,AESTHETIC,RUN-AESTHETIC-4,Left,BASE,2283.0,2000-01-01T00:01:22.836Z,2000-01-01T00:01:25.308Z,vertical,,False
2914,146,P0146,425,3,C02,85,2720,CONTROL,RUN-CONTROL-4,2528,BASE,,Right,BASE,480122.0,2000-01-01T00:01:25.318Z,2000-01-01T00:41:51.770Z,vertical,,False
2915,146,P0146,425,3,A01,6127,2419,BASE,,2227,AESTHETIC,RUN-AESTHETIC-4,Left,BASE,2573.0,2000-01-01T00:41:51.780Z,2000-01-01T00:41:54.612Z,vertical,,False
2916,146,P0146,425,3,B20,7,2698,CONTROL,RUN-CONTROL-4,2506,BASE,,Right,BASE,2927.0,2000-01-01T00:41:54.622Z,2000-01-01T00:41:57.753Z,vertical,,False
2917,146,P0146,425,3,C10,7,2374,AESTHETIC,RUN-AESTHETIC-4,2758,CONTROL,RUN-CONTROL-4,Right,CONTROL,2304.0,2000-01-01T00:41:57.763Z,2000-01-01T00:42:00.258Z,vertical,,False
2918,146,P0146,425,3,C18,85,2782,CONTROL,RUN-CONTROL-4,2398,AESTHETIC,RUN-AESTHETIC-4,Left,CONTROL,2102.0,2000-01-01T00:42:00.268Z,2000-01-01T00:42:02.580Z,vertical,,False
2919,146,P0146,425,3,C13,7,2388,AESTHETIC,RUN-AESTHETIC-4,2580,BASE,,Left,AESTHETIC,2582.0,2000-01-01T00:42:02.593Z,2000-01-01T00:42:05.371Z,vertical,,False
2920,146,P0146,425,3,A08,85,2620,CONTROL,RUN-CONTROL-4,2236,AESTHETIC,RUN-AESTHETIC-4,Left,CONTROL,1610.0,2000-01-01T00:42:05.380Z,2000-01-01T00:42:07.219Z,vertical,,False
2921,305,P0305,427,3,A13,85,2626,CONTROL,RUN-CONTROL-4,2434,BASE,,Right,BASE,4673.0,2000-01-01T00:03:26.492Z,2000-01-01T00:03:34.310Z,vertical,,False
2922,305,P0305,427,3,C14,7,2774,CONTROL,RUN-CONTROL-4,2582,BASE,,Right,BASE,4378.0,2000-01-01T00:03:34.322Z,2000-01-01T00:03:39.049Z,vertical,,False
2923,305,P0305,427,3,C19,25478,2783,CONTROL,RUN-CONTROL-4,2591,BASE,,Right,BASE,3048.0,2000-01-01T00:03:39.059Z,2000-01-01T00:03:42.654Z,vertical,,False
2924,305,P0305,427,3,B06,85,2284,AESTHETIC,RUN-AESTHETIC-4,2668,CONTROL,RUN-CONTROL-4,Left,AESTHETIC,2373.0,2000-01-01T00:03:42.662Z,2000-01-01T00:03:45.414Z,vertical,,False
2925,305,P0305,427,3,C08,6127,2553,BASE,,2361,AESTHETIC,RUN-AESTHETIC-4,Left,BASE,2239.0,2000-01-01T00:03:45.424Z,2000-01-01T00:03:47.987Z,vertical,,False
2926,305,P0305,427,3,C02,6127,2727,CONTROL,RUN-CONTROL-4,2343,AESTHETIC,RUN-AESTHETIC-4,Left,CONTROL,1997.0,2000-01-01T00:03:48.001Z,2000-01-01T00:03:50.363Z,vertical,,False
2927,305,P0305,427,3,C16,6127,2777,CONTROL,RUN-CONTROL-4,2393,AESTHETIC,RUN-AESTHETIC-4,Right,AESTHETIC,2276.0,2000-01-01T00:03:50.375Z,2000-01-01T00:03:53.062Z,vertical,,False
2928,305,P0305,427,3,C01,6127,2725,CONTROL,RUN-CONTROL-4,2341,AESTHETIC,RUN-AESTHETIC-4,Right,AESTHETIC,2155.0,2000-01-01T00:03:53.072Z,2000-01-01T00:03:55.598Z,vertical,,False
2929,305,P0305,427,3,B19,7,2696,CONTROL,RUN-CONTROL-4,2312,AESTHETIC,RUN-AESTHETIC-4,Left,CONTROL,1364.0,2000-01-01T00:03:55.609Z,2000-01-01T00:03:57.219Z,vertical,,False
2930,305,P0305,427,3,B14,25478,2683,CONTROL,RUN-CONTROL-4,2491,BASE,,Tie,TIE,2034.0,2000-01-01T00:03:57.230Z,2000-01-01T00:03:59.545Z,vertical,,False
2931,305,P0305,427,3,C12,85,2370,AESTHETIC,RUN-AESTHETIC-4,2562,BASE,,Right,BASE,1937.0,2000-01-01T00:03:59.622Z,2000-01-01T00:04:02.029Z,vertical,,False
2932,305,P0305,427,3,C16,25478,2385,AESTHETIC,RUN-AESTHETIC-4,2769,CONTROL,RUN-CONTROL-4,Right,CONTROL,936.0,2000-01-01T00:04:02.039Z,2000-01-01T00:04:03.276Z,vertical,,False
2933,305,P0305,427,3,C04,7,2538,BASE,,2730,CONTROL,RUN-CONTROL-4,Left,BASE,1268.0,2000-01-01T00:04:03.289Z,2000-01-01T00:04:04.808Z,vertical,,False
2934,305,P0305,427,3,B02,85,2656,CONTROL,RUN-CONTROL-4,2272,AESTHETIC,RUN-AESTHETIC-4,Right,AESTHETIC,1784.0,2000-01-01T00:04:04.818Z,2000-01-01T00:04:06.979Z,vertical,,False
2935,305,P0305,427,3,B29,7,2532,BASE,,2340,AESTHETIC,RUN-AESTHETIC-4,Left,BASE,1229.0,2000-01-01T00:04:06.989Z,2000-01-01T00:04:08.595Z,vertical,,False
2936,305,P0305,427,3,B23,25478,2699,CONTROL,RUN-CONTROL-4,2315,AESTHETIC,RUN-AESTHETIC-4,Left,CONTROL,1782.0,2000-01-01T00:04:08.608Z,2000-01-01T00:04:10.664Z,vertical,,False
2937,305,P0305,427,3,B23,6127,2515,BASE,,2323,AESTHETIC,RUN-AESTHETIC-4,Left,BASE,2006.0,2000-01-01T00:04:10.686Z,2000-01-01T00:04:13.149Z,vertical,,False
2938,305,P0305,427,3,B26,7,2712,CONTROL,RUN-CONTROL-4,2520,BASE,,Tie,TIE,1424.0,2000-01-01T00:04:13.170Z,2000-01-01T00:04:14.844Z,vertical,,False
2939,305,P0305,427,3,A04,85,2224,AESTHETIC,RUN-AESTHETIC-4,2608,CONTROL,RUN-CONTROL-4,Right,CONTROL,1900.0,2000-01-01T00:04:14.856Z,2000-01-01T00:04:17.236Z,vertical,,False
2940,305,P0305,427,3,B26,6127,2711,CONTROL,RUN-CONTROL-4,2327,AESTHETIC,RUN-AESTHETIC-4,Tie,TIE,2834.0,2000-01-01T00:04:17.363Z,2000-01-01T00:04:20.468Z,vertical,,False
2941,305,P0305,427,3,C17,85,2396,AESTHETIC,RUN-AESTHETIC-4,2588,BASE,,Left,AESTHETIC,2431.0,2000-01-01T00:04:20.478Z,2000-01-01T00:04:23.428Z,vertical,,False
2942,305,P0305,427,3,A04,25478,2607,CONTROL,RUN-CONTROL-4,2223,AESTHETIC,RUN-AESTHETIC-4,Right,AESTHETIC,1772.0,2000-01-01T00:04:23.440Z,2000-01-01T00:04:25.479Z,vertical,,False
2943,305,P0305,427,3,A04,85,2608,CONTROL,RUN-CONTROL-4,2416,BASE,,Right,BASE,1081.0,2000-01-01T00:04:25.496Z,2000-01-01T00:04:27.117Z,vertical,,False
2944,305,P0305,427,3,C15,6127,2583,BASE,,2775,CONTROL,RUN-CONTROL-4,Right,CONTROL,1207.0,2000-01-01T00:04:27.150Z,2000-01-01T00:04:28.732Z,vertical,,False
2945,305,P0305,427,3,C15,85,2576,BASE,,2384,AESTHETIC,RUN-AESTHETIC-4,Left,BASE,1723.0,2000-01-01T00:04:28.743Z,2000-01-01T00:04:30.762Z,vertical,,False
2946,305,P0305,427,3,C02,25478,2527,BASE,,2719,CONTROL,RUN-CONTROL-4,Left,BASE,2021.0,2000-01-01T00:04:30.776Z,2000-01-01T00:04:33.325Z,vertical,,False
2947,305,P0305,427,3,A01,7,2612,CONTROL,RUN-CONTROL-4,2420,BASE,,Left,CONTROL,2135.0,2000-01-01T00:04:33.358Z,2000-01-01T00:04:35.991Z,vertical,,False
2948,305,P0305,427,3,A26,25478,2641,CONTROL,RUN-CONTROL-4,2449,BASE,,Left,CONTROL,1951.0,2000-01-01T00:04:36.007Z,2000-01-01T00:04:38.233Z,vertical,,False
2949,305,P0305,427,3,A27,85,2268,AESTHETIC,RUN-AESTHETIC-4,2652,CONTROL,RUN-CONTROL-4,Right,CONTROL,2565.0,2000-01-01T00:04:38.244Z,2000-01-01T00:04:41.172Z,vertical,,False
2950,305,P0305,427,3,A11,7,2632,CONTROL,RUN-CONTROL-4,2248,AESTHETIC,RUN-AESTHETIC-4,Right,AESTHETIC,1964.0,2000-01-01T00:04:41.185Z,2000-01-01T00:04:43.607Z,vertical,,False
2951,95,P0095,428,3,B01,6127,2661,CONTROL,RUN-CONTROL-4,2469,BASE,,Right,BASE,16207.0,2000-01-01T00:00:16.080Z,2000-01-01T00:00:33.032Z,vertical,,False
2952,95,P0095,428,3,C19,7,2408,AESTHETIC,RUN-AESTHETIC-4,2792,CONTROL,RUN-CONTROL-4,Right,CONTROL,6674.0,2000-01-01T00:00:33.103Z,2000-01-01T00:00:40.034Z,vertical,,False
2953,95,P0095,428,3,A22,25478,2253,AESTHETIC,RUN-AESTHETIC-4,2445,BASE,,Right,BASE,4280.0,2000-01-01T00:00:40.072Z,2000-01-01T00:00:44.622Z,vertical,,False
2954,95,P0095,428,3,B23,7,2324,AESTHETIC,RUN-AESTHETIC-4,2516,BASE,,Left,AESTHETIC,3003.0,2000-01-01T00:00:44.634Z,2000-01-01T00:00:47.877Z,vertical,,False
2955,95,P0095,428,3,A25,7,2456,BASE,,2648,CONTROL,RUN-CONTROL-4,Left,BASE,2649.0,2000-01-01T00:00:47.889Z,2000-01-01T00:00:50.786Z,vertical,,False
2956,95,P0095,428,3,C04,25478,2529,BASE,,2721,CONTROL,RUN-CONTROL-4,Left,BASE,2571.0,2000-01-01T00:00:50.798Z,2000-01-01T00:00:53.587Z,vertical,,False
2957,95,P0095,428,3,B14,85,2492,BASE,,2684,CONTROL,RUN-CONTROL-4,Left,BASE,1329.0,2000-01-01T00:00:53.598Z,2000-01-01T00:00:55.167Z,vertical,,False
2958,95,P0095,428,3,C01,25478,2333,AESTHETIC,RUN-AESTHETIC-4,2525,BASE,,Left,AESTHETIC,1801.0,2000-01-01T00:00:55.187Z,2000-01-01T00:00:57.245Z,vertical,,False
2959,95,P0095,428,3,C16,25478,2577,BASE,,2769,CONTROL,RUN-CONTROL-4,Right,CONTROL,1407.0,2000-01-01T00:00:57.256Z,2000-01-01T00:00:58.893Z,vertical,,False
2960,95,P0095,428,3,A07,6127,2425,BASE,,2617,CONTROL,RUN-CONTROL-4,Right,CONTROL,2030.0,2000-01-01T00:00:58.904Z,2000-01-01T00:01:01.167Z,vertical,,False
2961,95,P0095,428,3,C11,25478,2751,CONTROL,RUN-CONTROL-4,2559,BASE,,Right,BASE,1644.0,2000-01-01T00:01:01.179Z,2000-01-01T00:01:03.064Z,vertical,,False
2962,95,P0095,428,3,C18,6127,2597,BASE,,2405,AESTHETIC,RUN-AESTHETIC-4,Left,BASE,4661.0,2000-01-01T00:01:03.075Z,2000-01-01T00:01:07.957Z,vertical,,False
2963,95,P0095,428,3,C09,7,2756,CONTROL,RUN-CONTROL-4,2372,AESTHETIC,RUN-AESTHETIC-4,Right,AESTHETIC,2110.0,2000-01-01T00:01:07.967Z,2000-01-01T00:01:10.309Z,vertical,,False
2964,95,P0095,428,3,A07,7,2234,AESTHETIC,RUN-AESTHETIC-4,2618,CONTROL,RUN-CONTROL-4,Right,CONTROL,1560.0,2000-01-01T00:01:10.320Z,2000-01-01T00:01:12.154Z,vertical,,False
2965,95,P0095,428,3,B14,85,2684,CONTROL,RUN-CONTROL-4,2300,AESTHETIC,RUN-AESTHETIC-4,Right,AESTHETIC,4905.0,2000-01-01T00:01:12.165Z,2000-01-01T00:01:17.302Z,vertical,,False
2966,95,P0095,428,3,C17,6127,2787,CONTROL,RUN-CONTROL-4,2595,BASE,,Left,CONTROL,1977.0,2000-01-01T00:01:17.312Z,2000-01-01T00:01:19.511Z,vertical,,False
2967,95,P0095,428,3,A25,25478,2255,AESTHETIC,RUN-AESTHETIC-4,2639,CONTROL,RUN-CONTROL-4,Right,CONTROL,4039.0,2000-01-01T00:01:19.521Z,2000-01-01T00:01:23.798Z,vertical,,False
2968,95,P0095,428,3,B25,6127,2709,CONTROL,RUN-CONTROL-4,2517,BASE,,Right,BASE,1888.0,2000-01-01T00:01:23.812Z,2000-01-01T00:01:25.937Z,vertical,,False
2969,95,P0095,428,3,A25,7,2456,BASE,,2264,AESTHETIC,RUN-AESTHETIC-4,Left,BASE,1991.0,2000-01-01T00:01:25.950Z,2000-01-01T00:01:28.182Z,vertical,,False
2970,95,P0095,428,3,A07,6127,2425,BASE,,2233,AESTHETIC,RUN-AESTHETIC-4,Right,AESTHETIC,1178.0,2000-01-01T00:01:28.194Z,2000-01-01T00:01:29.626Z,vertical,,False
2971,95,P0095,428,3,C05,6127,2355,AESTHETIC,RUN-AESTHETIC-4,2739,CONTROL,RUN-CONTROL-4,Right,CONTROL,4710.0,2000-01-01T00:01:29.637Z,2000-01-01T00:01:34.576Z,vertical,,False
2972,95,P0095,428,3,B26,6127,2519,BASE,,2327,AESTHETIC,RUN-AESTHETIC-4,Right,AESTHETIC,4234.0,2000-01-01T00:01:34.586Z,2000-01-01T00:01:39.052Z,vertical,,False
2973,95,P0095,428,3,C16,85,2386,AESTHETIC,RUN-AESTHETIC-4,2578,BASE,,Right,BASE,1770.0,2000-01-01T00:01:39.062Z,2000-01-01T00:01:41.053Z,vertical,,False
2974,95,P0095,428,3,C16,25478,2577,BASE,,2385,AESTHETIC,RUN-AESTHETIC-4,Left,BASE,2247.0,2000-01-01T00:01:41.063Z,2000-01-01T00:01:43.574Z,vertical,,False
2975,95,P0095,428,3,C17,25478,2587,BASE,,2395,AESTHETIC,RUN-AESTHETIC-4,Right,AESTHETIC,1798.0,2000-01-01T00:01:43.585Z,2000-01-01T00:01:45.934Z,vertical,,False
2976,95,P0095,428,3,A27,25478,2651,CONTROL,RUN-CONTROL-4,2459,BASE,,Right,BASE,12746.0,2000-01-01T00:01:45.944Z,2000-01-01T00:01:58.909Z,vertical,,False
2977,95,P0095,428,3,A15,25478,2251,AESTHETIC,RUN-AESTHETIC-4,2443,BASE,,Right,BASE,2316.0,2000-01-01T00:01:58.921Z,2000-01-01T00:02:01.488Z,vertical,,False
2978,95,P0095,428,3,B26,85,2512,BASE,,2320,AESTHETIC,RUN-AESTHETIC-4,Right,AESTHETIC,4995.0,2000-01-01T00:02:01.499Z,2000-01-01T00:02:06.729Z,vertical,,False
2979,95,P0095,428,3,C11,25478,2367,AESTHETIC,RUN-AESTHETIC-4,2751,CONTROL,RUN-CONTROL-4,Right,CONTROL,1596.0,2000-01-01T00:02:06.740Z,2000-01-01T00:02:08.578Z,vertical,,False
2980,95,P0095,428,3,C02,85,2720,CONTROL,RUN-CONTROL-4,2336,AESTHETIC,RUN-AESTHETIC-4,Left,CONTROL,2203.0,2000-01-01T00:02:08.589Z,2000-01-01T00:02:11.020Z,vertical,,False
2981,282,P0282,432,3,B23,25478,2699,CONTROL,RUN-CONTROL-4,2507,BASE,,Right,BASE,60.0,2000-01-01T00:01:29.666Z,2000-01-01T00:01:30.193Z,vertical,VeryFastResponse,True
2982,282,P0282,432,3,C17,7,2596,BASE,,2788,CONTROL,RUN-CONTROL-4,Left,BASE,6035.0,2000-01-01T00:01:30.246Z,2000-01-01T00:01:36.467Z,vertical,,False
2983,282,P0282,432,3,A09,7,2246,AESTHETIC,RUN-AESTHETIC-4,2630,CONTROL,RUN-CONTROL-4,Right,CONTROL,2475.0,2000-01-01T00:01:36.479Z,2000-01-01T00:01:39.135Z,vertical,,False
2984,282,P0282,432,3,A11,6127,2247,AESTHETIC,RUN-AESTHETIC-4,2631,CONTROL,RUN-CONTROL-4,Right,CONTROL,1810.0,2000-01-01T00:01:39.146Z,2000-01-01T00:01:41.168Z,vertical,,False
2985,282,P0282,432,3,C07,25478,2351,AESTHETIC,RUN-AESTHETIC-4,2543,BASE,,Right,BASE,1611.0,2000-01-01T00:01:41.179Z,2000-01-01T00:01:42.982Z,vertical,,False
2986,282,P0282,432,3,A13,7,2250,AESTHETIC,RUN-AESTHETIC-4,2634,CONTROL,RUN-CONTROL-4,Right,CONTROL,1304.0,2000-01-01T00:01:42.994Z,2000-01-01T00:01:44.483Z,vertical,,False
2987,282,P0282,432,3,B27,6127,2329,AESTHETIC,RUN-AESTHETIC-4,2713,CONTROL,RUN-CONTROL-4,Right,CONTROL,1199.0,2000-01-01T00:01:44.499Z,2000-01-01T00:01:45.892Z,vertical,,False
2988,282,P0282,432,3,B29,25478,2331,AESTHETIC,RUN-AESTHETIC-4,2715,CONTROL,RUN-CONTROL-4,Left,AESTHETIC,4037.0,2000-01-01T00:01:45.904Z,2000-01-01T00:01:50.134Z,vertical,,False
2989,282,P0282,432,3,A22,6127,2261,AESTHETIC,RUN-AESTHETIC-4,2453,BASE,,Left,AESTHETIC,1452.0,2000-01-01T00:01:50.146Z,2000-01-01T00:01:51.787Z,vertical,,False
2990,282,P0282,432,3,B27,25478,2321,AESTHETIC,RUN-AESTHETIC-4,2513,BASE,,Left,AESTHETIC,1392.0,2000-01-01T00:01:51.797Z,2000-01-01T00:01:53.387Z,vertical,,False
2991,282,P0282,432,3,B06,6127,2675,CONTROL,RUN-CONTROL-4,2291,AESTHETIC,RUN-AESTHETIC-4,Right,AESTHETIC,1251.0,2000-01-01T00:01:53.396Z,2000-01-01T00:01:54.862Z,vertical,,False
2992,282,P0282,432,3,A22,85,2254,AESTHETIC,RUN-AESTHETIC-4,2638,CONTROL,RUN-CONTROL-4,Left,AESTHETIC,1304.0,2000-01-01T00:01:54.877Z,2000-01-01T00:01:56.374Z,vertical,,False
2993,282,P0282,432,3,A11,6127,2631,CONTROL,RUN-CONTROL-4,2439,BASE,,Right,BASE,1058.0,2000-01-01T00:01:56.396Z,2000-01-01T00:01:57.643Z,vertical,,False
2994,282,P0282,432,3,C14,25478,2381,AESTHETIC,RUN-AESTHETIC-4,2573,BASE,,Right,BASE,1126.0,2000-01-01T00:01:57.655Z,2000-01-01T00:01:59.069Z,vertical,,False
2995,282,P0282,432,3,C10,7,2374,AESTHETIC,RUN-AESTHETIC-4,2566,BASE,,Left,AESTHETIC,1563.0,2000-01-01T00:01:59.079Z,2000-01-01T00:02:00.828Z,vertical,,False
2996,282,P0282,432,3,C11,6127,2567,BASE,,2375,AESTHETIC,RUN-AESTHETIC-4,Left,BASE,1212.0,2000-01-01T00:02:00.858Z,2000-01-01T00:02:02.259Z,vertical,,False
2997,282,P0282,432,3,C08,6127,2361,AESTHETIC,RUN-AESTHETIC-4,2745,CONTROL,RUN-CONTROL-4,Right,CONTROL,1010.0,2000-01-01T00:02:02.270Z,2000-01-01T00:02:03.463Z,vertical,,False
2998,282,P0282,432,3,C18,7,2598,BASE,,2790,CONTROL,RUN-CONTROL-4,Left,BASE,2389.0,2000-01-01T00:02:03.475Z,2000-01-01T00:02:06.060Z,vertical,,False
2999,282,P0282,432,3,C05,25478,2539,BASE,,2347,AESTHETIC,RUN-AESTHETIC-4,Left,BASE,1502.0,2000-01-01T00:02:06.069Z,2000-01-01T00:02:07.762Z,vertical,,False
3000,282,P0282,432,3,C05,7,2740,CONTROL,RUN-CONTROL-4,2548,BASE,,Left,CONTROL,2146.0,2000-01-01T00:02:07.775Z,2000-01-01T00:02:10.165Z,vertical,,False
3001,282,P0282,432,3,B19,6127,2311,AESTHETIC,RUN-AESTHETIC-4,2695,CONTROL,RUN-CONTROL-4,Left,AESTHETIC,1690.0,2000-01-01T00:02:10.175Z,2000-01-01T00:02:12.054Z,vertical,,False
3002,282,P0282,432,3,B25,6127,2709,CONTROL,RUN-CONTROL-4,2325,AESTHETIC,RUN-AESTHETIC-4,Left,CONTROL,1685.0,2000-01-01T00:02:12.065Z,2000-01-01T00:02:13.939Z,vertical,,False
3003,282,P0282,432,3,C05,85,2348,AESTHETIC,RUN-AESTHETIC-4,2732,CONTROL,RUN-CONTROL-4,Left,AESTHETIC,1120.0,2000-01-01T00:02:13.949Z,2000-01-01T00:02:15.258Z,vertical,,False
3004,282,P0282,432,3,B14,25478,2683,CONTROL,RUN-CONTROL-4,2299,AESTHETIC,RUN-AESTHETIC-4,Left,CONTROL,1198.0,2000-01-01T00:02:15.273Z,2000-01-01T00:02:16.651Z,vertical,,False
3005,282,P0282,432,3,B04,25478,2465,BASE,,2273,AESTHETIC,RUN-AESTHETIC-4,Right,AESTHETIC,975.0,2000-01-01T00:02:16.661Z,2000-01-01T00:02:17.824Z,vertical,,False
3006,282,P0282,432,3,C16,7,2586,BASE,,2778,CONTROL,RUN-CONTROL-4,Left,BASE,1352.0,2000-01-01T00:02:17.836Z,2000-01-01T00:02:19.376Z,vertical,,False
3007,282,P0282,432,3,A04,7,2424,BASE,,2232,AESTHETIC,RUN-AESTHETIC-4,Left,BASE,2221.0,2000-01-01T00:02:19.389Z,2000-01-01T00:02:21.794Z,vertical,,False
3008,282,P0282,432,3,A09,25478,2621,CONTROL,RUN-CONTROL-4,2429,BASE,,Left,CONTROL,1205.0,2000-01-01T00:02:21.807Z,2000-01-01T00:02:23.207Z,vertical,,False
3009,282,P0282,432,3,B29,25478,2523,BASE,,2715,CONTROL,RUN-CONTROL-4,Right,CONTROL,2292.0,2000-01-01T00:02:23.219Z,2000-01-01T00:02:25.696Z,vertical,,False
3010,282,P0282,432,3,A08,7,2436,BASE,,2628,CONTROL,RUN-CONTROL-4,Left,BASE,1224.0,2000-01-01T00:02:25.708Z,2000-01-01T00:02:27.116Z,vertical,,False
3011,215,P0215,433,3,C19,6127,2407,AESTHETIC,RUN-AESTHETIC-4,2599,BASE,,Left,AESTHETIC,6040.0,2000-01-01T00:00:06.337Z,2000-01-01T00:00:12.582Z,vertical,,False
3012,215,P0215,433,3,C20,25478,2785,CONTROL,RUN-CONTROL-4,2401,AESTHETIC,RUN-AESTHETIC-4,Left,CONTROL,3179.0,2000-01-01T00:00:12.595Z,2000-01-01T00:00:15.991Z,vertical,,False
3013,215,P0215,433,3,A09,7,2246,AESTHETIC,RUN-AESTHETIC-4,2630,CONTROL,RUN-CONTROL-4,Right,CONTROL,3583.0,2000-01-01T00:00:16.001Z,2000-01-01T00:00:19.788Z,vertical,,False
3014,215,P0215,433,3,B04,7,2282,AESTHETIC,RUN-AESTHETIC-4,2666,CONTROL,RUN-CONTROL-4,Right,CONTROL,7809.0,2000-01-01T00:00:19.798Z,2000-01-01T00:00:27.811Z,vertical,,False
3015,215,P0215,433,3,C02,85,2720,CONTROL,RUN-CONTROL-4,2528,BASE,,Right,BASE,2166.0,2000-01-01T00:00:27.822Z,2000-01-01T00:00:30.192Z,vertical,,False
3016,215,P0215,433,3,A08,25478,2427,BASE,,2619,CONTROL,RUN-CONTROL-4,Left,BASE,2916.0,2000-01-01T00:00:30.202Z,2000-01-01T00:00:33.319Z,vertical,,False
3017,215,P0215,433,3,B19,85,2496,BASE,,2688,CONTROL,RUN-CONTROL-4,Right,CONTROL,4069.0,2000-01-01T00:00:33.330Z,2000-01-01T00:00:37.599Z,vertical,,False
3018,215,P0215,433,3,A22,6127,2453,BASE,,2645,CONTROL,RUN-CONTROL-4,Right,CONTROL,4596.0,2000-01-01T00:00:37.608Z,2000-01-01T00:00:42.414Z,vertical,,False
3019,215,P0215,433,3,A13,6127,2441,BASE,,2633,CONTROL,RUN-CONTROL-4,Right,CONTROL,2425.0,2000-01-01T00:00:42.428Z,2000-01-01T00:00:45.053Z,vertical,,False
3020,215,P0215,433,3,B26,85,2320,AESTHETIC,RUN-AESTHETIC-4,2512,BASE,,Left,AESTHETIC,2452.0,2000-01-01T00:00:45.064Z,2000-01-01T00:00:47.715Z,vertical,,False
3021,215,P0215,433,3,B02,25478,2463,BASE,,2655,CONTROL,RUN-CONTROL-4,Left,BASE,2504.0,2000-01-01T00:00:47.725Z,2000-01-01T00:00:50.429Z,vertical,,False
3022,215,P0215,433,3,B19,85,2304,AESTHETIC,RUN-AESTHETIC-4,2496,BASE,,Left,AESTHETIC,4012.0,2000-01-01T00:00:50.441Z,2000-01-01T00:00:54.658Z,vertical,,False
3023,215,P0215,433,3,A02,25478,2413,BASE,,2221,AESTHETIC,RUN-AESTHETIC-4,Left,BASE,2658.0,2000-01-01T00:00:54.670Z,2000-01-01T00:00:57.582Z,vertical,,False
3024,215,P0215,433,3,B04,25478,2273,AESTHETIC,RUN-AESTHETIC-4,2657,CONTROL,RUN-CONTROL-4,Left,AESTHETIC,4141.0,2000-01-01T00:00:57.595Z,2000-01-01T00:01:01.942Z,vertical,,False
3025,215,P0215,433,3,C07,85,2544,BASE,,2352,AESTHETIC,RUN-AESTHETIC-4,Left,BASE,2367.0,2000-01-01T00:01:01.953Z,2000-01-01T00:01:04.526Z,vertical,,False
3026,215,P0215,433,3,B01,7,2278,AESTHETIC,RUN-AESTHETIC-4,2662,CONTROL,RUN-CONTROL-4,Right,CONTROL,2692.0,2000-01-01T00:01:04.538Z,2000-01-01T00:01:07.434Z,vertical,,False
3027,215,P0215,433,3,C16,7,2394,AESTHETIC,RUN-AESTHETIC-4,2778,CONTROL,RUN-CONTROL-4,Left,AESTHETIC,1825.0,2000-01-01T00:01:07.446Z,2000-01-01T00:01:09.488Z,vertical,,False
3028,215,P0215,433,3,C12,6127,2569,BASE,,2377,AESTHETIC,RUN-AESTHETIC-4,Left,BASE,3585.0,2000-01-01T00:01:09.501Z,2000-01-01T00:01:13.362Z,vertical,,False
3029,215,P0215,433,3,A25,85,2448,BASE,,2256,AESTHETIC,RUN-AESTHETIC-4,Left,BASE,3415.0,2000-01-01T00:01:13.373Z,2000-01-01T00:01:16.990Z,vertical,,False
3030,215,P0215,433,3,A27,6127,2275,AESTHETIC,RUN-AESTHETIC-4,2467,BASE,,Right,BASE,4530.0,2000-01-01T00:01:17.000Z,2000-01-01T00:01:21.733Z,vertical,,False
3031,215,P0215,433,3,A27,85,2460,BASE,,2268,AESTHETIC,RUN-AESTHETIC-4,Right,AESTHETIC,4976.0,2000-01-01T00:01:21.743Z,2000-01-01T00:01:26.925Z,vertical,,False
3032,215,P0215,433,3,B12,7,2682,CONTROL,RUN-CONTROL-4,2490,BASE,,Left,CONTROL,3478.0,2000-01-01T00:01:26.937Z,2000-01-01T00:01:30.620Z,vertical,,False
3033,215,P0215,433,3,A11,85,2432,BASE,,2624,CONTROL,RUN-CONTROL-4,Left,BASE,2317.0,2000-01-01T00:01:30.631Z,2000-01-01T00:01:33.149Z,vertical,,False
3034,215,P0215,433,3,A11,7,2632,CONTROL,RUN-CONTROL-4,2248,AESTHETIC,RUN-AESTHETIC-4,Left,CONTROL,17730.0,2000-01-01T00:01:33.159Z,2000-01-01T00:01:51.092Z,vertical,,False
3035,215,P0215,433,3,A11,6127,2247,AESTHETIC,RUN-AESTHETIC-4,2439,BASE,,Right,BASE,2595.0,2000-01-01T00:01:51.102Z,2000-01-01T00:01:53.901Z,vertical,,False
3036,215,P0215,433,3,A09,25478,2237,AESTHETIC,RUN-AESTHETIC-4,2621,CONTROL,RUN-CONTROL-4,Right,CONTROL,3617.0,2000-01-01T00:01:53.911Z,2000-01-01T00:01:57.730Z,vertical,,False
3037,215,P0215,433,3,A11,25478,2431,BASE,,2623,CONTROL,RUN-CONTROL-4,Left,BASE,5080.0,2000-01-01T00:01:57.740Z,2000-01-01T00:02:03.020Z,vertical,,False
3038,215,P0215,433,3,C11,7,2760,CONTROL,RUN-CONTROL-4,2568,BASE,,Right,BASE,4452.0,2000-01-01T00:02:03.030Z,2000-01-01T00:02:07.681Z,vertical,,False
3039,215,P0215,433,3,B20,25478,2689,CONTROL,RUN-CONTROL-4,2305,AESTHETIC,RUN-AESTHETIC-4,Right,AESTHETIC,2458.0,2000-01-01T00:02:07.691Z,2000-01-01T00:02:10.393Z,vertical,,False
3040,215,P0215,433,3,B14,7,2500,BASE,,2692,CONTROL,RUN-CONTROL-4,Left,BASE,2528.0,2000-01-01T00:02:10.403Z,2000-01-01T00:02:13.158Z,vertical,,False
3041,194,P0194,436,3,C17,7,2404,AESTHETIC,RUN-AESTHETIC-4,2596,BASE,,Left,AESTHETIC,7051.0,2000-01-01T00:03:24.989Z,2000-01-01T00:03:32.741Z,vertical,,False
3042,194,P0194,436,3,C14,85,2574,BASE,,2766,CONTROL,RUN-CONTROL-4,Left,BASE,6535.0,2000-01-01T00:03:32.752Z,2000-01-01T00:03:39.550Z,vertical,,False
3043,194,P0194,436,3,C20,6127,2409,AESTHETIC,RUN-AESTHETIC-4,2793,CONTROL,RUN-CONTROL-4,Left,AESTHETIC,2495.0,2000-01-01T00:03:39.561Z,2000-01-01T00:03:42.301Z,vertical,,False
3044,194,P0194,436,3,A02,6127,2229,AESTHETIC,RUN-AESTHETIC-4,2613,CONTROL,RUN-CONTROL-4,Right,CONTROL,4165.0,2000-01-01T00:03:42.312Z,2000-01-01T00:03:46.716Z,vertical,,False
3045,194,P0194,436,3,B04,25478,2465,BASE,,2273,AESTHETIC,RUN-AESTHETIC-4,Right,AESTHETIC,3267.0,2000-01-01T00:03:46.727Z,2000-01-01T00:03:50.225Z,vertical,,False
3046,194,P0194,436,3,C04,85,2338,AESTHETIC,RUN-AESTHETIC-4,2530,BASE,,Right,BASE,2706.0,2000-01-01T00:03:50.235Z,2000-01-01T00:03:53.184Z,vertical,,False
3047,194,P0194,436,3,C04,6127,2345,AESTHETIC,RUN-AESTHETIC-4,2537,BASE,,Right,BASE,2083.0,2000-01-01T00:03:53.195Z,2000-01-01T00:03:55.497Z,vertical,,False
3048,194,P0194,436,3,B26,6127,2519,BASE,,2327,AESTHETIC,RUN-AESTHETIC-4,Right,AESTHETIC,7844.0,2000-01-01T00:03:55.508Z,2000-01-01T00:04:03.634Z,vertical,,False
3049,194,P0194,436,3,A07,6127,2617,CONTROL,RUN-CONTROL-4,2425,BASE,,Right,BASE,2581.0,2000-01-01T00:04:03.644Z,2000-01-01T00:04:06.440Z,vertical,,False
3050,194,P0194,436,3,C19,7,2408,AESTHETIC,RUN-AESTHETIC-4,2792,CONTROL,RUN-CONTROL-4,Left,AESTHETIC,3951.0,2000-01-01T00:04:06.456Z,2000-01-01T00:04:10.666Z,vertical,,False
3051,194,P0194,436,3,C09,6127,2371,AESTHETIC,RUN-AESTHETIC-4,2563,BASE,,Right,BASE,2800.0,2000-01-01T00:04:10.677Z,2000-01-01T00:04:13.706Z,vertical,,False
3052,194,P0194,436,3,C14,25478,2573,BASE,,2381,AESTHETIC,RUN-AESTHETIC-4,Left,BASE,2451.0,2000-01-01T00:04:13.718Z,2000-01-01T00:04:16.388Z,vertical,,False
3053,194,P0194,436,3,A08,85,2236,AESTHETIC,RUN-AESTHETIC-4,2428,BASE,,Right,BASE,3914.0,2000-01-01T00:04:16.400Z,2000-01-01T00:04:20.544Z,vertical,,False
3054,194,P0194,436,3,C13,6127,2579,BASE,,2771,CONTROL,RUN-CONTROL-4,Right,CONTROL,2935.0,2000-01-01T00:04:20.554Z,2000-01-01T00:04:23.778Z,vertical,,False
3055,194,P0194,436,3,A07,6127,2233,AESTHETIC,RUN-AESTHETIC-4,2425,BASE,,Right,BASE,2905.0,2000-01-01T00:04:23.790Z,2000-01-01T00:04:26.957Z,vertical,,False
3056,194,P0194,436,3,B04,7,2282,AESTHETIC,RUN-AESTHETIC-4,2666,CONTROL,RUN-CONTROL-4,Left,AESTHETIC,2262.0,2000-01-01T00:04:26.967Z,2000-01-01T00:04:29.469Z,vertical,,False
3057,194,P0194,436,3,A25,6127,2647,CONTROL,RUN-CONTROL-4,2263,AESTHETIC,RUN-AESTHETIC-4,Right,AESTHETIC,6869.0,2000-01-01T00:04:29.485Z,2000-01-01T00:04:36.597Z,vertical,,False
3058,194,P0194,436,3,A08,6127,2435,BASE,,2243,AESTHETIC,RUN-AESTHETIC-4,Left,BASE,2761.0,2000-01-01T00:04:36.608Z,2000-01-01T00:04:39.585Z,vertical,,False
3059,194,P0194,436,3,C09,25478,2363,AESTHETIC,RUN-AESTHETIC-4,2747,CONTROL,RUN-CONTROL-4,Left,AESTHETIC,1907.0,2000-01-01T00:04:39.595Z,2000-01-01T00:04:41.815Z,vertical,,False
3060,194,P0194,436,3,B04,85,2466,BASE,,2274,AESTHETIC,RUN-AESTHETIC-4,Right,AESTHETIC,8454.0,2000-01-01T00:04:41.825Z,2000-01-01T00:04:50.517Z,vertical,,False
3061,194,P0194,436,3,B25,6127,2517,BASE,,2709,CONTROL,RUN-CONTROL-4,Left,BASE,3369.0,2000-01-01T00:04:50.527Z,2000-01-01T00:04:54.141Z,vertical,,False
3062,194,P0194,436,3,B01,6127,2661,CONTROL,RUN-CONTROL-4,2277,AESTHETIC,RUN-AESTHETIC-4,Left,CONTROL,5178.0,2000-01-01T00:04:54.151Z,2000-01-01T00:04:59.592Z,vertical,,False
3063,194,P0194,436,3,C10,6127,2373,AESTHETIC,RUN-AESTHETIC-4,2757,CONTROL,RUN-CONTROL-4,Left,AESTHETIC,1915.0,2000-01-01T00:04:59.602Z,2000-01-01T00:05:01.767Z,vertical,,False
3064,194,P0194,436,3,B27,6127,2713,CONTROL,RUN-CONTROL-4,2521,BASE,,Right,BASE,6093.0,2000-01-01T00:05:01.778Z,2000-01-01T00:05:08.128Z,vertical,,False
3065,194,P0194,436,3,C08,6127,2553,BASE,,2745,CONTROL,RUN-CONTROL-4,Left,BASE,4647.0,2000-01-01T00:05:08.138Z,2000-01-01T00:05:13.046Z,vertical,,False
3066,194,P0194,436,3,A27,7,2276,AESTHETIC,RUN-AESTHETIC-4,2468,BASE,,Right,BASE,2230.0,2000-01-01T00:05:13.055Z,2000-01-01T00:05:15.562Z,vertical,,False
3067,194,P0194,436,3,C18,7,2790,CONTROL,RUN-CONTROL-4,2598,BASE,,Left,CONTROL,3022.0,2000-01-01T00:05:15.573Z,2000-01-01T00:05:18.830Z,vertical,,False
3068,194,P0194,436,3,A08,25478,2619,CONTROL,RUN-CONTROL-4,2235,AESTHETIC,RUN-AESTHETIC-4,Left,CONTROL,2617.0,2000-01-01T00:05:18.841Z,2000-01-01T00:05:21.707Z,vertical,,False
3069,194,P0194,436,3,C04,85,2722,CONTROL,RUN-CONTROL-4,2338,AESTHETIC,RUN-AESTHETIC-4,Left,CONTROL,4451.0,2000-01-01T00:05:21.717Z,2000-01-01T00:05:26.400Z,vertical,,False
3070,194,P0194,436,3,C18,85,2782,CONTROL,RUN-CONTROL-4,2398,AESTHETIC,RUN-AESTHETIC-4,Left,CONTROL,2223.0,2000-01-01T00:05:26.410Z,2000-01-01T00:05:28.861Z,vertical,,False
3071,141,P0141,437,3,B14,85,2684,CONTROL,RUN-CONTROL-4,2492,BASE,,Tie,TIE,7986.0,2000-01-01T00:00:10.914Z,2000-01-01T00:00:19.083Z,vertical,,False
3072,141,P0141,437,3,A27,6127,2467,BASE,,2659,CONTROL,RUN-CONTROL-4,Right,CONTROL,3592.0,2000-01-01T00:00:19.094Z,2000-01-01T00:00:22.925Z,vertical,,False
3073,141,P0141,437,3,A13,85,2242,AESTHETIC,RUN-AESTHETIC-4,2626,CONTROL,RUN-CONTROL-4,Left,AESTHETIC,2389.0,2000-01-01T00:00:22.936Z,2000-01-01T00:00:25.612Z,vertical,,False
3074,141,P0141,437,3,B26,25478,2703,CONTROL,RUN-CONTROL-4,2511,BASE,,Tie,TIE,5974.0,2000-01-01T00:00:25.623Z,2000-01-01T00:00:31.833Z,vertical,,False
3075,141,P0141,437,3,B01,7,2662,CONTROL,RUN-CONTROL-4,2470,BASE,,Right,BASE,5205.0,2000-01-01T00:00:31.843Z,2000-01-01T00:00:37.332Z,vertical,,False
3076,141,P0141,437,3,C14,6127,2389,AESTHETIC,RUN-AESTHETIC-4,2581,BASE,,Right,BASE,2828.0,2000-01-01T00:00:37.344Z,2000-01-01T00:00:40.437Z,vertical,,False
3077,141,P0141,437,3,C17,7,2788,CONTROL,RUN-CONTROL-4,2596,BASE,,Right,BASE,2320.0,2000-01-01T00:00:40.448Z,2000-01-01T00:00:43.086Z,vertical,,False
3078,141,P0141,437,3,B02,85,2464,BASE,,2656,CONTROL,RUN-CONTROL-4,Left,BASE,1907.0,2000-01-01T00:00:43.096Z,2000-01-01T00:00:45.381Z,vertical,,False
3079,141,P0141,437,3,A02,7,2230,AESTHETIC,RUN-AESTHETIC-4,2614,CONTROL,RUN-CONTROL-4,Right,CONTROL,2210.0,2000-01-01T00:00:45.392Z,2000-01-01T00:00:47.906Z,vertical,,False
3080,141,P0141,437,3,B14,25478,2299,AESTHETIC,RUN-AESTHETIC-4,2491,BASE,,Tie,TIE,3086.0,2000-01-01T00:00:47.915Z,2000-01-01T00:00:51.267Z,vertical,,False
3081,141,P0141,437,3,C11,6127,2759,CONTROL,RUN-CONTROL-4,2567,BASE,,Left,CONTROL,2825.0,2000-01-01T00:00:51.278Z,2000-01-01T00:00:54.427Z,vertical,,False
3082,141,P0141,437,3,B27,7,2330,AESTHETIC,RUN-AESTHETIC-4,2522,BASE,,Right,BASE,1601.0,2000-01-01T00:00:54.438Z,2000-01-01T00:00:56.275Z,vertical,,False
3083,141,P0141,437,3,B27,85,2514,BASE,,2322,AESTHETIC,RUN-AESTHETIC-4,Left,BASE,2067.0,2000-01-01T00:00:56.286Z,2000-01-01T00:00:58.627Z,vertical,,False
3084,141,P0141,437,3,B29,7,2340,AESTHETIC,RUN-AESTHETIC-4,2532,BASE,,Right,BASE,2708.0,2000-01-01T00:00:58.637Z,2000-01-01T00:01:01.626Z,vertical,,False
3085,141,P0141,437,3,B19,6127,2695,CONTROL,RUN-CONTROL-4,2503,BASE,,Left,CONTROL,3048.0,2000-01-01T00:01:01.636Z,2000-01-01T00:01:04.905Z,vertical,,False
3086,141,P0141,437,3,B15,25478,2493,BASE,,2301,AESTHETIC,RUN-AESTHETIC-4,Left,BASE,1704.0,2000-01-01T00:01:04.916Z,2000-01-01T00:01:06.900Z,vertical,,False
3087,141,P0141,437,3,B20,6127,2313,AESTHETIC,RUN-AESTHETIC-4,2697,CONTROL,RUN-CONTROL-4,Left,AESTHETIC,5096.0,2000-01-01T00:01:06.910Z,2000-01-01T00:01:12.357Z,vertical,,False
3088,141,P0141,437,3,A04,6127,2231,AESTHETIC,RUN-AESTHETIC-4,2615,CONTROL,RUN-CONTROL-4,Right,CONTROL,3684.0,2000-01-01T00:01:12.368Z,2000-01-01T00:01:16.359Z,vertical,,False
3089,141,P0141,437,3,A08,7,2244,AESTHETIC,RUN-AESTHETIC-4,2436,BASE,,Right,BASE,1713.0,2000-01-01T00:01:16.369Z,2000-01-01T00:01:18.430Z,vertical,,False
3090,141,P0141,437,3,A27,85,2652,CONTROL,RUN-CONTROL-4,2268,AESTHETIC,RUN-AESTHETIC-4,Right,AESTHETIC,2464.0,2000-01-01T00:01:18.444Z,2000-01-01T00:01:21.135Z,vertical,,False
3091,141,P0141,437,3,B02,6127,2471,BASE,,2279,AESTHETIC,RUN-AESTHETIC-4,Right,AESTHETIC,2327.0,2000-01-01T00:01:21.147Z,2000-01-01T00:01:23.688Z,vertical,,False
3092,141,P0141,437,3,A01,6127,2419,BASE,,2227,AESTHETIC,RUN-AESTHETIC-4,Left,BASE,2995.0,2000-01-01T00:01:23.699Z,2000-01-01T00:01:26.916Z,vertical,,False
3093,141,P0141,437,3,A04,25478,2607,CONTROL,RUN-CONTROL-4,2223,AESTHETIC,RUN-AESTHETIC-4,Right,AESTHETIC,2042.0,2000-01-01T00:01:26.927Z,2000-01-01T00:01:29.226Z,vertical,,False
3094,141,P0141,437,3,A26,6127,2457,BASE,,2649,CONTROL,RUN-CONTROL-4,Right,CONTROL,1678.0,2000-01-01T00:01:29.236Z,2000-01-01T00:01:31.201Z,vertical,,False
3095,141,P0141,437,3,B02,25478,2655,CONTROL,RUN-CONTROL-4,2271,AESTHETIC,RUN-AESTHETIC-4,Right,AESTHETIC,2799.0,2000-01-01T00:01:31.211Z,2000-01-01T00:01:34.290Z,vertical,,False
3096,141,P0141,437,3,A07,7,2426,BASE,,2234,AESTHETIC,RUN-AESTHETIC-4,Right,AESTHETIC,2599.0,2000-01-01T00:01:34.307Z,2000-01-01T00:01:37.207Z,vertical,,False
3097,141,P0141,437,3,B01,85,2462,BASE,,2654,CONTROL,RUN-CONTROL-4,Left,BASE,2249.0,2000-01-01T00:01:37.217Z,2000-01-01T00:01:39.707Z,vertical,,False
3098,141,P0141,437,3,B08,7,2678,CONTROL,RUN-CONTROL-4,2294,AESTHETIC,RUN-AESTHETIC-4,Right,AESTHETIC,2241.0,2000-01-01T00:01:39.717Z,2000-01-01T00:01:42.182Z,vertical,,False
3099,141,P0141,437,3,B23,25478,2315,AESTHETIC,RUN-AESTHETIC-4,2699,CONTROL,RUN-CONTROL-4,Right,CONTROL,2898.0,2000-01-01T00:01:42.192Z,2000-01-01T00:01:45.393Z,vertical,,False
3100,141,P0141,437,3,B20,7,2506,BASE,,2314,AESTHETIC,RUN-AESTHETIC-4,Left,BASE,1891.0,2000-01-01T00:01:45.402Z,2000-01-01T00:01:47.519Z,vertical,,False
3101,156,P0156,440,3,B02,85,2464,BASE,,2272,AESTHETIC,RUN-AESTHETIC-4,Tie,TIE,12120.0,2000-01-01T00:00:09.363Z,2000-01-01T00:00:21.745Z,horizontal,,False
3102,156,P0156,440,3,C04,25478,2337,AESTHETIC,RUN-AESTHETIC-4,2529,BASE,,Left,AESTHETIC,6676.0,2000-01-01T00:00:21.755Z,2000-01-01T00:00:28.655Z,horizontal,,False
3103,156,P0156,440,3,C11,25478,2367,AESTHETIC,RUN-AESTHETIC-4,2559,BASE,,Right,BASE,4569.0,2000-01-01T00:00:28.665Z,2000-01-01T00:00:33.486Z,horizontal,,False
3104,156,P0156,440,3,C15,7,2584,BASE,,2392,AESTHETIC,RUN-AESTHETIC-4,Left,BASE,2163.0,2000-01-01T00:00:33.498Z,2000-01-01T00:00:36.030Z,horizontal,,False
3105,156,P0156,440,3,C14,85,2766,CONTROL,RUN-CONTROL-4,2382,AESTHETIC,RUN-AESTHETIC-4,Tie,TIE,2738.0,2000-01-01T00:00:36.040Z,2000-01-01T00:00:39.235Z,horizontal,,False
3106,156,P0156,440,3,A02,7,2422,BASE,,2614,CONTROL,RUN-CONTROL-4,Right,CONTROL,4743.0,2000-01-01T00:00:39.246Z,2000-01-01T00:00:44.524Z,horizontal,,False
3107,156,P0156,440,3,A27,85,2652,CONTROL,RUN-CONTROL-4,2460,BASE,,Tie,TIE,6613.0,2000-01-01T00:00:44.534Z,2000-01-01T00:00:51.843Z,horizontal,,False
3108,156,P0156,440,3,C14,85,2382,AESTHETIC,RUN-AESTHETIC-4,2574,BASE,,Tie,TIE,1327.0,2000-01-01T00:00:51.853Z,2000-01-01T00:00:53.696Z,horizontal,,False
3109,156,P0156,440,3,B27,6127,2521,BASE,,2329,AESTHETIC,RUN-AESTHETIC-4,Right,AESTHETIC,3230.0,2000-01-01T00:00:53.707Z,2000-01-01T00:00:57.281Z,horizontal,,False
3110,156,P0156,440,3,B25,25478,2509,BASE,,2701,CONTROL,RUN-CONTROL-4,Tie,TIE,2027.0,2000-01-01T00:00:57.291Z,2000-01-01T00:00:59.674Z,horizontal,,False
3111,156,P0156,440,3,C04,7,2346,AESTHETIC,RUN-AESTHETIC-4,2538,BASE,,Right,BASE,1704.0,2000-01-01T00:00:59.684Z,2000-01-01T00:01:01.591Z,horizontal,,False
3112,156,P0156,440,3,A27,6127,2659,CONTROL,RUN-CONTROL-4,2275,AESTHETIC,RUN-AESTHETIC-4,Tie,TIE,2655.0,2000-01-01T00:01:01.601Z,2000-01-01T00:01:04.473Z,horizontal,,False
3113,156,P0156,440,3,C15,7,2776,CONTROL,RUN-CONTROL-4,2392,AESTHETIC,RUN-AESTHETIC-4,Tie,TIE,4950.0,2000-01-01T00:01:04.484Z,2000-01-01T00:01:09.634Z,horizontal,,False
3114,156,P0156,440,3,A02,25478,2221,AESTHETIC,RUN-AESTHETIC-4,2605,CONTROL,RUN-CONTROL-4,Tie,TIE,2232.0,2000-01-01T00:01:09.645Z,2000-01-01T00:01:12.355Z,horizontal,,False
3115,156,P0156,440,3,A08,25478,2235,AESTHETIC,RUN-AESTHETIC-4,2427,BASE,,Right,BASE,4174.0,2000-01-01T00:01:12.365Z,2000-01-01T00:01:16.837Z,horizontal,,False
3116,156,P0156,440,3,A09,25478,2237,AESTHETIC,RUN-AESTHETIC-4,2429,BASE,,Tie,TIE,1676.0,2000-01-01T00:01:16.847Z,2000-01-01T00:01:18.745Z,horizontal,,False
3117,156,P0156,440,3,C04,6127,2537,BASE,,2729,CONTROL,RUN-CONTROL-4,Left,BASE,3574.0,2000-01-01T00:01:18.757Z,2000-01-01T00:01:22.544Z,horizontal,,False
3118,156,P0156,440,3,B29,25478,2331,AESTHETIC,RUN-AESTHETIC-4,2523,BASE,,Tie,TIE,1570.0,2000-01-01T00:01:22.555Z,2000-01-01T00:01:24.495Z,horizontal,,False
3119,156,P0156,440,3,B19,7,2504,BASE,,2696,CONTROL,RUN-CONTROL-4,Tie,TIE,1355.0,2000-01-01T00:01:24.505Z,2000-01-01T00:01:26.342Z,horizontal,,False
3120,156,P0156,440,3,C16,7,2394,AESTHETIC,RUN-AESTHETIC-4,2586,BASE,,Tie,TIE,6983.0,2000-01-01T00:01:26.353Z,2000-01-01T00:01:33.531Z,horizontal,,False
3121,156,P0156,440,3,B23,85,2700,CONTROL,RUN-CONTROL-4,2316,AESTHETIC,RUN-AESTHETIC-4,Tie,TIE,3456.0,2000-01-01T00:01:33.542Z,2000-01-01T00:01:37.407Z,horizontal,,False
3122,156,P0156,440,3,A07,7,2618,CONTROL,RUN-CONTROL-4,2234,AESTHETIC,RUN-AESTHETIC-4,Tie,TIE,3603.0,2000-01-01T00:01:37.421Z,2000-01-01T00:01:41.241Z,horizontal,,False
3123,156,P0156,440,3,B01,6127,2469,BASE,,2277,AESTHETIC,RUN-AESTHETIC-4,Tie,TIE,1228.0,2000-01-01T00:01:41.251Z,2000-01-01T00:01:42.690Z,horizontal,,False
3124,156,P0156,440,3,C11,6127,2375,AESTHETIC,RUN-AESTHETIC-4,2567,BASE,,Tie,TIE,2916.0,2000-01-01T00:01:42.700Z,2000-01-01T00:01:46.023Z,horizontal,,False
3125,156,P0156,440,3,C05,85,2348,AESTHETIC,RUN-AESTHETIC-4,2540,BASE,,Right,BASE,3367.0,2000-01-01T00:01:46.034Z,2000-01-01T00:01:49.773Z,horizontal,,False
3126,156,P0156,440,3,C02,25478,2527,BASE,,2719,CONTROL,RUN-CONTROL-4,Tie,TIE,1455.0,2000-01-01T00:01:49.790Z,2000-01-01T00:01:51.442Z,horizontal,,False
3127,156,P0156,440,3,A22,7,2454,BASE,,2262,AESTHETIC,RUN-AESTHETIC-4,Tie,TIE,2081.0,2000-01-01T00:01:51.453Z,2000-01-01T00:01:53.753Z,horizontal,,False
3128,156,P0156,440,3,B12,6127,2681,CONTROL,RUN-CONTROL-4,2489,BASE,,Tie,TIE,899.0,2000-01-01T00:01:53.767Z,2000-01-01T00:01:54.866Z,horizontal,,False
3129,156,P0156,440,3,A13,6127,2441,BASE,,2633,CONTROL,RUN-CONTROL-4,Tie,TIE,1874.0,2000-01-01T00:01:54.989Z,2000-01-01T00:01:57.088Z,horizontal,,False
3130,156,P0156,440,3,B14,6127,2691,CONTROL,RUN-CONTROL-4,2307,AESTHETIC,RUN-AESTHETIC-4,Tie,TIE,2727.0,2000-01-01T00:01:57.097Z,2000-01-01T00:02:00.055Z,horizontal,,False
3131,276,P0276,441,3,C18,6127,2597,BASE,,2789,CONTROL,RUN-CONTROL-4,Left,BASE,10147.0,2000-01-01T00:04:43.029Z,2000-01-01T00:05:01.081Z,vertical,,False
3132,276,P0276,441,3,A11,85,2240,AESTHETIC,RUN-AESTHETIC-4,2432,BASE,,Right,BASE,2996.0,2000-01-01T00:05:01.092Z,2000-01-01T00:05:06.582Z,vertical,,False
3133,276,P0276,441,3,C10,7,2374,AESTHETIC,RUN-AESTHETIC-4,2566,BASE,,Right,BASE,17187.0,2000-01-01T00:05:06.592Z,2000-01-01T00:05:26.263Z,vertical,,False
3134,276,P0276,441,3,B06,85,2668,CONTROL,RUN-CONTROL-4,2284,AESTHETIC,RUN-AESTHETIC-4,Right,AESTHETIC,8373.0,2000-01-01T00:05:26.280Z,2000-01-01T00:05:34.961Z,vertical,,False
3135,276,P0276,441,3,B27,25478,2705,CONTROL,RUN-CONTROL-4,2513,BASE,,Right,BASE,6128.0,2000-01-01T00:05:34.971Z,2000-01-01T00:05:41.346Z,vertical,,False
3136,276,P0276,441,3,C19,6127,2599,BASE,,2791,CONTROL,RUN-CONTROL-4,Right,CONTROL,7365.0,2000-01-01T00:05:41.357Z,2000-01-01T00:05:48.987Z,vertical,,False
3137,276,P0276,441,3,C17,6127,2787,CONTROL,RUN-CONTROL-4,2403,AESTHETIC,RUN-AESTHETIC-4,Left,CONTROL,6616.0,2000-01-01T00:05:48.999Z,2000-01-01T00:05:55.841Z,vertical,,False
3138,276,P0276,441,3,B23,85,2508,BASE,,2316,AESTHETIC,RUN-AESTHETIC-4,Tie,TIE,5573.0,2000-01-01T00:05:55.852Z,2000-01-01T00:06:01.679Z,vertical,,False
3139,276,P0276,441,3,B26,7,2328,AESTHETIC,RUN-AESTHETIC-4,2520,BASE,,Left,AESTHETIC,14097.0,2000-01-01T00:06:01.690Z,2000-01-01T00:06:16.036Z,vertical,,False
3140,276,P0276,441,3,B23,7,2708,CONTROL,RUN-CONTROL-4,2516,BASE,,Left,CONTROL,2878.0,2000-01-01T00:06:16.049Z,2000-01-01T00:06:19.179Z,vertical,,False
3141,276,P0276,441,3,C14,7,2390,AESTHETIC,RUN-AESTHETIC-4,2774,CONTROL,RUN-CONTROL-4,Tie,TIE,2064.0,2000-01-01T00:06:19.191Z,2000-01-01T00:06:21.503Z,vertical,,False
3142,276,P0276,441,3,B26,6127,2711,CONTROL,RUN-CONTROL-4,2327,AESTHETIC,RUN-AESTHETIC-4,Right,AESTHETIC,6961.0,2000-01-01T00:06:21.518Z,2000-01-01T00:06:28.728Z,vertical,,False
3143,276,P0276,441,3,C05,6127,2355,AESTHETIC,RUN-AESTHETIC-4,2547,BASE,,Left,AESTHETIC,3229.0,2000-01-01T00:06:28.738Z,2000-01-01T00:06:32.216Z,vertical,,False
3144,276,P0276,441,3,A08,85,2236,AESTHETIC,RUN-AESTHETIC-4,2620,CONTROL,RUN-CONTROL-4,Left,AESTHETIC,3230.0,2000-01-01T00:06:32.228Z,2000-01-01T00:06:35.704Z,vertical,,False
3145,276,P0276,441,3,C14,7,2390,AESTHETIC,RUN-AESTHETIC-4,2582,BASE,,Tie,TIE,1346.0,2000-01-01T00:06:35.715Z,2000-01-01T00:06:37.333Z,vertical,,False
3146,276,P0276,441,3,C07,85,2544,BASE,,2352,AESTHETIC,RUN-AESTHETIC-4,Tie,TIE,3370.0,2000-01-01T00:06:37.345Z,2000-01-01T00:06:40.965Z,vertical,,False
3147,276,P0276,441,3,C09,6127,2563,BASE,,2755,CONTROL,RUN-CONTROL-4,Left,BASE,2813.0,2000-01-01T00:06:40.973Z,2000-01-01T00:06:44.033Z,vertical,,False
3148,276,P0276,441,3,A25,25478,2447,BASE,,2255,AESTHETIC,RUN-AESTHETIC-4,Left,BASE,6006.0,2000-01-01T00:06:44.043Z,2000-01-01T00:06:50.279Z,vertical,,False
3149,276,P0276,441,3,C02,25478,2335,AESTHETIC,RUN-AESTHETIC-4,2527,BASE,,Tie,TIE,4111.0,2000-01-01T00:06:50.291Z,2000-01-01T00:06:54.684Z,vertical,,False
3150,276,P0276,441,3,C15,85,2576,BASE,,2768,CONTROL,RUN-CONTROL-4,Right,CONTROL,2233.0,2000-01-01T00:06:54.694Z,2000-01-01T00:06:57.202Z,vertical,,False
3151,276,P0276,441,3,A25,7,2264,AESTHETIC,RUN-AESTHETIC-4,2648,CONTROL,RUN-CONTROL-4,Right,CONTROL,5178.0,2000-01-01T00:06:57.216Z,2000-01-01T00:07:02.998Z,vertical,,False
3152,276,P0276,441,3,B19,25478,2303,AESTHETIC,RUN-AESTHETIC-4,2495,BASE,,Left,AESTHETIC,13986.0,2000-01-01T00:07:03.009Z,2000-01-01T00:07:17.223Z,vertical,,False
3153,276,P0276,441,3,B27,25478,2321,AESTHETIC,RUN-AESTHETIC-4,2513,BASE,,Left,AESTHETIC,10234.0,2000-01-01T00:07:17.234Z,2000-01-01T00:07:27.741Z,vertical,,False
3154,276,P0276,441,3,B20,85,2306,AESTHETIC,RUN-AESTHETIC-4,2498,BASE,,Tie,TIE,1775.0,2000-01-01T00:07:27.751Z,2000-01-01T00:07:29.765Z,vertical,,False
3155,276,P0276,441,3,C12,85,2562,BASE,,2370,AESTHETIC,RUN-AESTHETIC-4,Left,BASE,2266.0,2000-01-01T00:07:29.776Z,2000-01-01T00:07:32.341Z,vertical,,False
3156,276,P0276,441,3,C18,85,2590,BASE,,2782,CONTROL,RUN-CONTROL-4,Right,CONTROL,1877.0,2000-01-01T00:07:32.352Z,2000-01-01T00:07:34.464Z,vertical,,False
3157,276,P0276,441,3,C11,6127,2375,AESTHETIC,RUN-AESTHETIC-4,2759,CONTROL,RUN-CONTROL-4,Right,CONTROL,10149.0,2000-01-01T00:07:34.476Z,2000-01-01T00:07:44.872Z,vertical,,False
3158,276,P0276,441,3,B14,85,2492,BASE,,2300,AESTHETIC,RUN-AESTHETIC-4,Left,BASE,9236.0,2000-01-01T00:07:44.883Z,2000-01-01T00:07:54.358Z,vertical,,False
3159,276,P0276,441,3,A02,6127,2229,AESTHETIC,RUN-AESTHETIC-4,2421,BASE,,Right,BASE,4401.0,2000-01-01T00:07:54.368Z,2000-01-01T00:07:59.009Z,vertical,,False
3160,276,P0276,441,3,B14,25478,2683,CONTROL,RUN-CONTROL-4,2299,AESTHETIC,RUN-AESTHETIC-4,Left,CONTROL,8402.0,2000-01-01T00:07:59.020Z,2000-01-01T00:08:07.643Z,vertical,,False
3161,94,P0094,444,3,C13,6127,2387,AESTHETIC,RUN-AESTHETIC-4,2579,BASE,,Tie,TIE,19278.0,2000-01-03T13:02:54.604Z,2000-01-03T13:03:15.142Z,vertical,,False
3162,94,P0094,444,3,C01,6127,2533,BASE,,2725,CONTROL,RUN-CONTROL-4,Left,BASE,4966.0,2000-01-03T13:03:15.152Z,2000-01-03T13:03:20.411Z,vertical,,False
3163,94,P0094,444,3,B27,7,2522,BASE,,2714,CONTROL,RUN-CONTROL-4,Left,BASE,3108.0,2000-01-03T13:03:20.421Z,2000-01-03T13:03:23.839Z,vertical,,False
3164,94,P0094,444,3,C20,7,2794,CONTROL,RUN-CONTROL-4,2602,BASE,,Tie,TIE,2363.0,2000-01-03T13:03:23.849Z,2000-01-03T13:03:26.588Z,vertical,,False
3165,94,P0094,444,3,B29,7,2724,CONTROL,RUN-CONTROL-4,2532,BASE,,Left,CONTROL,5724.0,2000-01-03T13:03:26.599Z,2000-01-03T13:03:32.600Z,vertical,,False
3166,94,P0094,444,3,B02,6127,2663,CONTROL,RUN-CONTROL-4,2471,BASE,,Tie,TIE,10708.0,2000-01-03T13:03:32.610Z,2000-01-03T13:03:43.618Z,vertical,,False
3167,94,P0094,444,3,C08,7,2746,CONTROL,RUN-CONTROL-4,2362,AESTHETIC,RUN-AESTHETIC-4,Right,AESTHETIC,4689.0,2000-01-03T13:03:43.628Z,2000-01-03T13:03:48.618Z,vertical,,False
3168,94,P0094,444,3,C18,7,2406,AESTHETIC,RUN-AESTHETIC-4,2790,CONTROL,RUN-CONTROL-4,Right,CONTROL,5493.0,2000-01-03T13:03:48.628Z,2000-01-03T13:03:54.429Z,vertical,,False
3169,94,P0094,444,3,B04,25478,2657,CONTROL,RUN-CONTROL-4,2465,BASE,,Tie,TIE,4526.0,2000-01-03T13:03:54.439Z,2000-01-03T13:03:59.264Z,vertical,,False
3170,94,P0094,444,3,A22,25478,2253,AESTHETIC,RUN-AESTHETIC-4,2637,CONTROL,RUN-CONTROL-4,Left,AESTHETIC,13441.0,2000-01-03T13:03:59.275Z,2000-01-03T13:04:12.987Z,vertical,,False
3171,94,P0094,444,3,C06,25478,2349,AESTHETIC,RUN-AESTHETIC-4,2541,BASE,,Tie,TIE,1850.0,2000-01-03T13:04:12.997Z,2000-01-03T13:04:15.127Z,vertical,,False
3172,94,P0094,444,3,C15,7,2584,BASE,,2776,CONTROL,RUN-CONTROL-4,Tie,TIE,11260.0,2000-01-03T13:04:15.137Z,2000-01-03T13:04:26.723Z,vertical,,False
3173,94,P0094,444,3,A22,6127,2261,AESTHETIC,RUN-AESTHETIC-4,2645,CONTROL,RUN-CONTROL-4,Left,AESTHETIC,5143.0,2000-01-03T13:04:26.732Z,2000-01-03T13:04:32.145Z,vertical,,False
3174,94,P0094,444,3,C05,7,2740,CONTROL,RUN-CONTROL-4,2356,AESTHETIC,RUN-AESTHETIC-4,Tie,TIE,19350.0,2000-01-03T13:04:32.155Z,2000-01-03T13:04:51.855Z,vertical,,False
3175,94,P0094,444,3,C20,85,2594,BASE,,2786,CONTROL,RUN-CONTROL-4,Left,BASE,2119.0,2000-01-03T13:04:51.867Z,2000-01-03T13:04:54.254Z,vertical,,False
3176,94,P0094,444,3,A09,7,2246,AESTHETIC,RUN-AESTHETIC-4,2438,BASE,,Right,BASE,3638.0,2000-01-03T13:04:54.264Z,2000-01-03T13:04:58.193Z,vertical,,False
3177,94,P0094,444,3,B06,85,2284,AESTHETIC,RUN-AESTHETIC-4,2476,BASE,,Tie,TIE,2593.0,2000-01-03T13:04:58.204Z,2000-01-03T13:05:01.092Z,vertical,,False
3178,94,P0094,444,3,A11,25478,2239,AESTHETIC,RUN-AESTHETIC-4,2431,BASE,,Left,AESTHETIC,8375.0,2000-01-03T13:05:01.102Z,2000-01-03T13:05:09.755Z,vertical,,False
3179,94,P0094,444,3,C09,25478,2555,BASE,,2747,CONTROL,RUN-CONTROL-4,Left,BASE,7823.0,2000-01-03T13:05:09.764Z,2000-01-03T13:05:17.909Z,vertical,,False
3180,94,P0094,444,3,A01,6127,2611,CONTROL,RUN-CONTROL-4,2419,BASE,,Left,CONTROL,16435.0,2000-01-03T13:05:17.918Z,2000-01-03T13:05:34.633Z,vertical,,False
3181,94,P0094,444,3,C16,6127,2585,BASE,,2777,CONTROL,RUN-CONTROL-4,Left,BASE,2192.0,2000-01-03T13:05:34.644Z,2000-01-03T13:05:37.345Z,vertical,,False
3182,94,P0094,444,3,B06,7,2484,BASE,,2292,AESTHETIC,RUN-AESTHETIC-4,Left,BASE,6411.0,2000-01-03T13:05:37.355Z,2000-01-03T13:05:44.063Z,vertical,,False
3183,94,P0094,444,3,B04,7,2474,BASE,,2666,CONTROL,RUN-CONTROL-4,Left,BASE,4836.0,2000-01-03T13:05:44.078Z,2000-01-03T13:05:49.194Z,vertical,,False
3184,94,P0094,444,3,A26,6127,2457,BASE,,2265,AESTHETIC,RUN-AESTHETIC-4,Right,AESTHETIC,5573.0,2000-01-03T13:05:49.204Z,2000-01-03T13:05:55.044Z,vertical,,False
3185,94,P0094,444,3,B29,7,2724,CONTROL,RUN-CONTROL-4,2340,AESTHETIC,RUN-AESTHETIC-4,Left,CONTROL,5016.0,2000-01-03T13:05:55.069Z,2000-01-03T13:06:00.373Z,vertical,,False
3186,94,P0094,444,3,C01,6127,2341,AESTHETIC,RUN-AESTHETIC-4,2725,CONTROL,RUN-CONTROL-4,Right,CONTROL,2852.0,2000-01-03T13:06:00.383Z,2000-01-03T13:06:03.501Z,vertical,,False
3187,94,P0094,444,3,B09,25478,2479,BASE,,2287,AESTHETIC,RUN-AESTHETIC-4,Tie,TIE,3073.0,2000-01-03T13:06:03.513Z,2000-01-03T13:06:06.850Z,vertical,,False
3188,94,P0094,444,3,C15,25478,2383,AESTHETIC,RUN-AESTHETIC-4,2767,CONTROL,RUN-CONTROL-4,Tie,TIE,8369.0,2000-01-03T13:06:06.862Z,2000-01-03T13:06:15.574Z,vertical,,False
3189,94,P0094,444,3,C20,25478,2785,CONTROL,RUN-CONTROL-4,2593,BASE,,Tie,TIE,1888.0,2000-01-03T13:06:15.584Z,2000-01-03T13:06:17.754Z,vertical,,False
3190,94,P0094,444,3,A04,85,2224,AESTHETIC,RUN-AESTHETIC-4,2608,CONTROL,RUN-CONTROL-4,Right,CONTROL,1954.0,2000-01-03T13:06:17.765Z,2000-01-03T13:06:20.007Z,vertical,,False
3191,126,P0126,446,3,B19,25478,2303,AESTHETIC,RUN-AESTHETIC-4,2687,CONTROL,RUN-CONTROL-4,Left,AESTHETIC,10668.0,2000-01-01T00:02:30.461Z,2000-01-01T00:02:41.873Z,vertical,,False
3192,126,P0126,446,3,A11,6127,2631,CONTROL,RUN-CONTROL-4,2247,AESTHETIC,RUN-AESTHETIC-4,Left,CONTROL,6510.0,2000-01-01T00:02:41.884Z,2000-01-01T00:02:48.667Z,vertical,,False
3193,126,P0126,446,3,C06,25478,2541,BASE,,2733,CONTROL,RUN-CONTROL-4,Right,CONTROL,3590.0,2000-01-01T00:02:48.678Z,2000-01-01T00:02:52.546Z,vertical,,False
3194,126,P0126,446,3,A07,6127,2233,AESTHETIC,RUN-AESTHETIC-4,2617,CONTROL,RUN-CONTROL-4,Right,CONTROL,1941.0,2000-01-01T00:02:52.556Z,2000-01-01T00:02:54.745Z,vertical,,False
3195,126,P0126,446,3,C12,6127,2377,AESTHETIC,RUN-AESTHETIC-4,2761,CONTROL,RUN-CONTROL-4,Right,CONTROL,2910.0,2000-01-01T00:02:54.760Z,2000-01-01T00:02:57.987Z,vertical,,False
3196,126,P0126,446,3,B01,6127,2469,BASE,,2661,CONTROL,RUN-CONTROL-4,Left,BASE,2716.0,2000-01-01T00:02:57.997Z,2000-01-01T00:03:00.961Z,vertical,,False
3197,126,P0126,446,3,C05,85,2540,BASE,,2732,CONTROL,RUN-CONTROL-4,Left,BASE,3486.0,2000-01-01T00:03:00.973Z,2000-01-01T00:03:04.745Z,vertical,,False
3198,126,P0126,446,3,A08,6127,2627,CONTROL,RUN-CONTROL-4,2435,BASE,,Right,BASE,2714.0,2000-01-01T00:03:04.756Z,2000-01-01T00:03:07.746Z,vertical,,False
3199,126,P0126,446,3,C12,25478,2753,CONTROL,RUN-CONTROL-4,2369,AESTHETIC,RUN-AESTHETIC-4,Left,CONTROL,3824.0,2000-01-01T00:03:07.756Z,2000-01-01T00:03:11.914Z,vertical,,False
3200,126,P0126,446,3,A13,85,2434,BASE,,2626,CONTROL,RUN-CONTROL-4,Left,BASE,2495.0,2000-01-01T00:03:11.925Z,2000-01-01T00:03:14.668Z,vertical,,False
3201,126,P0126,446,3,C07,6127,2743,CONTROL,RUN-CONTROL-4,2359,AESTHETIC,RUN-AESTHETIC-4,Left,CONTROL,2730.0,2000-01-01T00:03:14.680Z,2000-01-01T00:03:17.666Z,vertical,,False
3202,126,P0126,446,3,B04,25478,2273,AESTHETIC,RUN-AESTHETIC-4,2657,CONTROL,RUN-CONTROL-4,Right,CONTROL,3011.0,2000-01-01T00:03:17.676Z,2000-01-01T00:03:21.026Z,vertical,,False
3203,126,P0126,446,3,C11,25478,2751,CONTROL,RUN-CONTROL-4,2559,BASE,,Left,CONTROL,2202.0,2000-01-01T00:03:21.042Z,2000-01-01T00:03:23.505Z,vertical,,False
3204,126,P0126,446,3,C20,7,2410,AESTHETIC,RUN-AESTHETIC-4,2794,CONTROL,RUN-CONTROL-4,Left,AESTHETIC,2244.0,2000-01-01T00:03:23.515Z,2000-01-01T00:03:26.106Z,vertical,,False
3205,126,P0126,446,3,C16,25478,2769,CONTROL,RUN-CONTROL-4,2577,BASE,,Right,BASE,2053.0,2000-01-01T00:03:26.139Z,2000-01-01T00:03:28.466Z,vertical,,False
3206,126,P0126,446,3,C18,6127,2789,CONTROL,RUN-CONTROL-4,2405,AESTHETIC,RUN-AESTHETIC-4,Right,AESTHETIC,1367.0,2000-01-01T00:03:28.477Z,2000-01-01T00:03:30.106Z,vertical,,False
3207,126,P0126,446,3,A25,7,2648,CONTROL,RUN-CONTROL-4,2456,BASE,,Right,BASE,5901.0,2000-01-01T00:03:30.120Z,2000-01-01T00:03:36.265Z,vertical,,False
3208,126,P0126,446,3,C20,85,2594,BASE,,2402,AESTHETIC,RUN-AESTHETIC-4,Right,AESTHETIC,2961.0,2000-01-01T00:03:36.275Z,2000-01-01T00:03:39.506Z,vertical,,False
3209,126,P0126,446,3,A11,6127,2439,BASE,,2247,AESTHETIC,RUN-AESTHETIC-4,Left,BASE,1796.0,2000-01-01T00:03:39.516Z,2000-01-01T00:03:41.627Z,vertical,,False
3210,126,P0126,446,3,A15,25478,2635,CONTROL,RUN-CONTROL-4,2443,BASE,,Left,CONTROL,1698.0,2000-01-01T00:03:41.638Z,2000-01-01T00:03:43.669Z,vertical,,False
3211,126,P0126,446,3,C10,6127,2373,AESTHETIC,RUN-AESTHETIC-4,2565,BASE,,Left,AESTHETIC,3291.0,2000-01-01T00:03:43.679Z,2000-01-01T00:03:47.226Z,vertical,,False
3212,126,P0126,446,3,B23,25478,2507,BASE,,2315,AESTHETIC,RUN-AESTHETIC-4,Right,AESTHETIC,6002.0,2000-01-01T00:03:47.244Z,2000-01-01T00:03:53.507Z,vertical,,False
3213,126,P0126,446,3,B26,6127,2519,BASE,,2711,CONTROL,RUN-CONTROL-4,Left,BASE,1656.0,2000-01-01T00:03:53.518Z,2000-01-01T00:03:55.507Z,vertical,,False
3214,126,P0126,446,3,A13,7,2250,AESTHETIC,RUN-AESTHETIC-4,2634,CONTROL,RUN-CONTROL-4,Left,AESTHETIC,4216.0,2000-01-01T00:03:55.519Z,2000-01-01T00:04:00.026Z,vertical,,False
3215,126,P0126,446,3,C13,7,2388,AESTHETIC,RUN-AESTHETIC-4,2772,CONTROL,RUN-CONTROL-4,Left,AESTHETIC,2840.0,2000-01-01T00:04:00.043Z,2000-01-01T00:04:03.146Z,vertical,,False
3216,126,P0126,446,3,B08,7,2486,BASE,,2678,CONTROL,RUN-CONTROL-4,Left,BASE,1413.0,2000-01-01T00:04:03.157Z,2000-01-01T00:04:04.866Z,vertical,,False
3217,126,P0126,446,3,B20,85,2498,BASE,,2690,CONTROL,RUN-CONTROL-4,Left,BASE,1267.0,2000-01-01T00:04:04.876Z,2000-01-01T00:04:06.386Z,vertical,,False
3218,126,P0126,446,3,B15,85,2494,BASE,,2302,AESTHETIC,RUN-AESTHETIC-4,Left,BASE,2619.0,2000-01-01T00:04:06.396Z,2000-01-01T00:04:09.256Z,vertical,,False
3219,126,P0126,446,3,C04,25478,2529,BASE,,2721,CONTROL,RUN-CONTROL-4,Left,BASE,1215.0,2000-01-01T00:04:09.268Z,2000-01-01T00:04:10.746Z,vertical,,False
3220,126,P0126,446,3,A27,7,2660,CONTROL,RUN-CONTROL-4,2276,AESTHETIC,RUN-AESTHETIC-4,Right,AESTHETIC,2582.0,2000-01-01T00:04:10.761Z,2000-01-01T00:04:13.627Z,vertical,,False
3221,105,P0105,447,3,C14,25478,2765,CONTROL,RUN-CONTROL-4,2573,BASE,,Tie,TIE,10738.0,2000-01-01T00:00:21.963Z,2000-01-01T00:00:32.904Z,vertical,,False
3222,105,P0105,447,3,C14,25478,2765,CONTROL,RUN-CONTROL-4,2381,AESTHETIC,RUN-AESTHETIC-4,Left,CONTROL,12891.0,2000-01-01T00:00:32.915Z,2000-01-01T00:00:46.016Z,vertical,,False
3223,105,P0105,447,3,C19,25478,2399,AESTHETIC,RUN-AESTHETIC-4,2783,CONTROL,RUN-CONTROL-4,Right,CONTROL,8039.0,2000-01-01T00:00:46.054Z,2000-01-01T00:00:54.296Z,vertical,,False
3224,105,P0105,447,3,B09,6127,2487,BASE,,2295,AESTHETIC,RUN-AESTHETIC-4,Left,BASE,4723.0,2000-01-01T00:00:54.306Z,2000-01-01T00:00:59.221Z,vertical,,False
3225,105,P0105,447,3,C17,25478,2779,CONTROL,RUN-CONTROL-4,2395,AESTHETIC,RUN-AESTHETIC-4,Left,CONTROL,6434.0,2000-01-01T00:00:59.232Z,2000-01-01T00:01:05.861Z,vertical,,False
3226,105,P0105,447,3,C05,6127,2547,BASE,,2739,CONTROL,RUN-CONTROL-4,Left,BASE,5088.0,2000-01-01T00:01:05.871Z,2000-01-01T00:01:11.187Z,vertical,,False
3227,105,P0105,447,3,C07,6127,2551,BASE,,2743,CONTROL,RUN-CONTROL-4,Tie,TIE,6147.0,2000-01-01T00:01:11.200Z,2000-01-01T00:01:17.559Z,vertical,,False
3228,105,P0105,447,3,C01,85,2334,AESTHETIC,RUN-AESTHETIC-4,2526,BASE,,Right,BASE,4196.0,2000-01-01T00:01:17.569Z,2000-01-01T00:01:21.958Z,vertical,,False
3229,105,P0105,447,3,C12,7,2570,BASE,,2378,AESTHETIC,RUN-AESTHETIC-4,Left,BASE,5702.0,2000-01-01T00:01:21.969Z,2000-01-01T00:01:27.904Z,vertical,,False
3230,105,P0105,447,3,C07,6127,2551,BASE,,2359,AESTHETIC,RUN-AESTHETIC-4,Tie,TIE,5818.0,2000-01-01T00:01:27.923Z,2000-01-01T00:01:33.936Z,vertical,,False
3231,105,P0105,447,3,C16,7,2778,CONTROL,RUN-CONTROL-4,2586,BASE,,Right,BASE,3633.0,2000-01-01T00:01:33.946Z,2000-01-01T00:01:37.769Z,vertical,,False
3232,105,P0105,447,3,A25,25478,2639,CONTROL,RUN-CONTROL-4,2255,AESTHETIC,RUN-AESTHETIC-4,Right,AESTHETIC,9011.0,2000-01-01T00:01:37.780Z,2000-01-01T00:01:46.982Z,vertical,,False
3233,105,P0105,447,3,B23,25478,2507,BASE,,2699,CONTROL,RUN-CONTROL-4,Right,CONTROL,5678.0,2000-01-01T00:01:46.994Z,2000-01-01T00:01:52.865Z,vertical,,False
3234,105,P0105,447,3,C12,25478,2753,CONTROL,RUN-CONTROL-4,2561,BASE,,Right,BASE,2695.0,2000-01-01T00:01:52.876Z,2000-01-01T00:01:55.766Z,vertical,,False
3235,105,P0105,447,3,B09,25478,2287,AESTHETIC,RUN-AESTHETIC-4,2671,CONTROL,RUN-CONTROL-4,Right,CONTROL,1234897.0,2000-01-01T00:01:55.778Z,2000-01-01T01:09:59.683Z,vertical,,False
3236,105,P0105,447,3,B12,7,2682,CONTROL,RUN-CONTROL-4,2298,AESTHETIC,RUN-AESTHETIC-4,Right,AESTHETIC,5810.0,2000-01-01T01:09:59.696Z,2000-01-01T01:10:05.735Z,vertical,,False
3237,105,P0105,447,3,C07,25478,2351,AESTHETIC,RUN-AESTHETIC-4,2543,BASE,,Left,AESTHETIC,3660.0,2000-01-01T01:10:05.745Z,2000-01-01T01:10:09.609Z,vertical,,False
3238,105,P0105,447,3,C11,25478,2367,AESTHETIC,RUN-AESTHETIC-4,2751,CONTROL,RUN-CONTROL-4,Tie,TIE,5691.0,2000-01-01T01:10:09.621Z,2000-01-01T01:10:15.506Z,vertical,,False
3239,105,P0105,447,3,A02,25478,2413,BASE,,2605,CONTROL,RUN-CONTROL-4,Right,CONTROL,3216.0,2000-01-01T01:10:15.518Z,2000-01-01T01:10:18.936Z,vertical,,False
3240,105,P0105,447,3,C04,7,2538,BASE,,2730,CONTROL,RUN-CONTROL-4,Left,BASE,3509.0,2000-01-01T01:10:18.949Z,2000-01-01T01:10:22.650Z,vertical,,False
3241,105,P0105,447,3,C19,7,2408,AESTHETIC,RUN-AESTHETIC-4,2600,BASE,,Right,BASE,4165.0,2000-01-01T01:10:22.660Z,2000-01-01T01:10:27.015Z,vertical,,False
3242,105,P0105,447,3,B23,7,2324,AESTHETIC,RUN-AESTHETIC-4,2516,BASE,,Tie,TIE,8724.0,2000-01-01T01:10:27.025Z,2000-01-01T01:10:35.975Z,vertical,,False
3243,105,P0105,447,3,C11,85,2368,AESTHETIC,RUN-AESTHETIC-4,2560,BASE,,Tie,TIE,7392.0,2000-01-01T01:10:35.984Z,2000-01-01T01:10:43.579Z,vertical,,False
3244,105,P0105,447,3,C15,6127,2391,AESTHETIC,RUN-AESTHETIC-4,2583,BASE,,Right,BASE,2797.0,2000-01-01T01:10:43.591Z,2000-01-01T01:10:46.579Z,vertical,,False
3245,105,P0105,447,3,C11,85,2752,CONTROL,RUN-CONTROL-4,2368,AESTHETIC,RUN-AESTHETIC-4,Right,AESTHETIC,5778.0,2000-01-01T01:10:46.588Z,2000-01-01T01:10:52.560Z,vertical,,False
3246,105,P0105,447,3,C06,85,2350,AESTHETIC,RUN-AESTHETIC-4,2734,CONTROL,RUN-CONTROL-4,Tie,TIE,3269.0,2000-01-01T01:10:52.570Z,2000-01-01T01:10:56.030Z,vertical,,False
3247,105,P0105,447,3,C16,6127,2585,BASE,,2393,AESTHETIC,RUN-AESTHETIC-4,Right,AESTHETIC,7820.0,2000-01-01T01:10:56.040Z,2000-01-01T01:11:04.063Z,vertical,,False
3248,105,P0105,447,3,B09,25478,2479,BASE,,2671,CONTROL,RUN-CONTROL-4,Tie,TIE,4583.0,2000-01-01T01:11:04.073Z,2000-01-01T01:11:08.883Z,vertical,,False
3249,105,P0105,447,3,C20,6127,2793,CONTROL,RUN-CONTROL-4,2601,BASE,,Left,CONTROL,4937.0,2000-01-01T01:11:08.894Z,2000-01-01T01:11:14.025Z,vertical,,False
3250,105,P0105,447,3,C17,6127,2595,BASE,,2787,CONTROL,RUN-CONTROL-4,Right,CONTROL,3532.0,2000-01-01T01:11:14.038Z,2000-01-01T01:11:17.805Z,vertical,,False
3251,179,P0179,449,3,B12,25478,2481,BASE,,2673,CONTROL,RUN-CONTROL-4,Tie,TIE,19054.0,2000-01-01T00:06:15.995Z,2000-01-01T00:06:35.536Z,horizontal,,False
3252,179,P0179,449,3,B19,25478,2495,BASE,,2687,CONTROL,RUN-CONTROL-4,Left,BASE,10069.0,2000-01-01T00:06:35.546Z,2000-01-01T00:06:45.814Z,horizontal,,False
3253,179,P0179,449,3,C15,25478,2383,AESTHETIC,RUN-AESTHETIC-4,2575,BASE,,Right,BASE,4572.0,2000-01-01T00:06:45.827Z,2000-01-01T00:06:50.603Z,horizontal,,False
3254,179,P0179,449,3,C20,25478,2401,AESTHETIC,RUN-AESTHETIC-4,2593,BASE,,Left,AESTHETIC,3754.0,2000-01-01T00:06:50.613Z,2000-01-01T00:06:54.578Z,horizontal,,False
3255,179,P0179,449,3,B06,7,2676,CONTROL,RUN-CONTROL-4,2484,BASE,,Right,BASE,17891.0,2000-01-01T00:06:54.590Z,2000-01-01T00:07:12.681Z,horizontal,,False
3256,179,P0179,449,3,C12,85,2562,BASE,,2754,CONTROL,RUN-CONTROL-4,Left,BASE,6367.0,2000-01-01T00:07:12.691Z,2000-01-01T00:07:19.254Z,horizontal,,False
3257,179,P0179,449,3,B15,6127,2309,AESTHETIC,RUN-AESTHETIC-4,2693,CONTROL,RUN-CONTROL-4,Tie,TIE,7321.0,2000-01-01T00:07:19.264Z,2000-01-01T00:07:26.784Z,horizontal,,False
3258,179,P0179,449,3,A26,25478,2257,AESTHETIC,RUN-AESTHETIC-4,2449,BASE,,Left,AESTHETIC,4424.0,2000-01-01T00:07:26.795Z,2000-01-01T00:07:31.413Z,horizontal,,False
3259,179,P0179,449,3,C05,7,2356,AESTHETIC,RUN-AESTHETIC-4,2548,BASE,,Tie,TIE,7363.0,2000-01-01T00:07:31.426Z,2000-01-01T00:07:38.985Z,horizontal,,False
3260,179,P0179,449,3,C16,85,2770,CONTROL,RUN-CONTROL-4,2386,AESTHETIC,RUN-AESTHETIC-4,Right,AESTHETIC,14518.0,2000-01-01T00:07:38.996Z,2000-01-01T00:07:53.713Z,horizontal,,False
3261,179,P0179,449,3,B20,85,2306,AESTHETIC,RUN-AESTHETIC-4,2690,CONTROL,RUN-CONTROL-4,Right,CONTROL,6397.0,2000-01-01T00:07:53.723Z,2000-01-01T00:08:00.325Z,horizontal,,False
3262,179,P0179,449,3,C01,85,2334,AESTHETIC,RUN-AESTHETIC-4,2718,CONTROL,RUN-CONTROL-4,Tie,TIE,7707.0,2000-01-01T00:08:00.336Z,2000-01-01T00:08:08.240Z,horizontal,,False
3263,179,P0179,449,3,B19,7,2312,AESTHETIC,RUN-AESTHETIC-4,2696,CONTROL,RUN-CONTROL-4,Tie,TIE,53359.0,2000-01-01T00:08:08.252Z,2000-01-01T00:09:01.805Z,horizontal,,False
3264,179,P0179,449,3,A22,6127,2453,BASE,,2261,AESTHETIC,RUN-AESTHETIC-4,Left,BASE,4459.0,2000-01-01T00:09:01.816Z,2000-01-01T00:09:06.491Z,horizontal,,False
3265,179,P0179,449,3,C11,7,2568,BASE,,2376,AESTHETIC,RUN-AESTHETIC-4,Right,AESTHETIC,15678.0,2000-01-01T00:09:06.503Z,2000-01-01T00:09:22.378Z,horizontal,,False
3266,179,P0179,449,3,B01,85,2270,AESTHETIC,RUN-AESTHETIC-4,2462,BASE,,Right,BASE,4640.0,2000-01-01T00:09:22.388Z,2000-01-01T00:09:27.230Z,horizontal,,False
3267,179,P0179,449,3,C17,25478,2587,BASE,,2395,AESTHETIC,RUN-AESTHETIC-4,Left,BASE,8725.0,2000-01-01T00:09:27.240Z,2000-01-01T00:09:36.162Z,horizontal,,False
3268,179,P0179,449,3,A01,7,2612,CONTROL,RUN-CONTROL-4,2420,BASE,,Right,BASE,5438.0,2000-01-01T00:09:36.173Z,2000-01-01T00:09:41.816Z,horizontal,,False
3269,179,P0179,449,3,A27,7,2468,BASE,,2660,CONTROL,RUN-CONTROL-4,Right,CONTROL,14391.0,2000-01-01T00:09:41.829Z,2000-01-01T00:09:56.417Z,horizontal,,False
3270,179,P0179,449,3,A07,25478,2225,AESTHETIC,RUN-AESTHETIC-4,2609,CONTROL,RUN-CONTROL-4,Tie,TIE,9131.0,2000-01-01T00:09:56.426Z,2000-01-01T00:10:05.753Z,horizontal,,False
3271,179,P0179,449,3,B20,25478,2305,AESTHETIC,RUN-AESTHETIC-4,2497,BASE,,Right,BASE,3970.0,2000-01-01T00:10:05.763Z,2000-01-01T00:10:09.931Z,horizontal,,False
3272,179,P0179,449,3,C14,6127,2389,AESTHETIC,RUN-AESTHETIC-4,2773,CONTROL,RUN-CONTROL-4,Tie,TIE,4304.0,2000-01-01T00:10:09.941Z,2000-01-01T00:10:14.442Z,horizontal,,False
3273,179,P0179,449,3,B01,25478,2269,AESTHETIC,RUN-AESTHETIC-4,2653,CONTROL,RUN-CONTROL-4,Left,AESTHETIC,6078.0,2000-01-01T00:10:14.453Z,2000-01-01T00:10:20.729Z,horizontal,,False
3274,179,P0179,449,3,A08,7,2244,AESTHETIC,RUN-AESTHETIC-4,2628,CONTROL,RUN-CONTROL-4,Right,CONTROL,26829.0,2000-01-01T00:10:20.740Z,2000-01-01T00:10:47.762Z,horizontal,,False
3275,179,P0179,449,3,A07,7,2426,BASE,,2618,CONTROL,RUN-CONTROL-4,Right,CONTROL,10132.0,2000-01-01T00:10:47.775Z,2000-01-01T00:10:58.115Z,horizontal,,False
3276,179,P0179,449,3,C16,6127,2393,AESTHETIC,RUN-AESTHETIC-4,2777,CONTROL,RUN-CONTROL-4,Left,AESTHETIC,21230.0,2000-01-01T00:10:58.125Z,2000-01-01T00:11:19.556Z,horizontal,,False
3277,179,P0179,449,3,C19,85,2400,AESTHETIC,RUN-AESTHETIC-4,2592,BASE,,Tie,TIE,8757.0,2000-01-01T00:11:19.567Z,2000-01-01T00:11:28.552Z,horizontal,,False
3278,179,P0179,449,3,C02,6127,2727,CONTROL,RUN-CONTROL-4,2535,BASE,,Right,BASE,6960.0,2000-01-01T00:11:28.565Z,2000-01-01T00:11:35.723Z,horizontal,,False
3279,179,P0179,449,3,C13,6127,2387,AESTHETIC,RUN-AESTHETIC-4,2771,CONTROL,RUN-CONTROL-4,Tie,TIE,8014.0,2000-01-01T00:11:35.737Z,2000-01-01T00:11:43.946Z,horizontal,,False
3280,179,P0179,449,3,C10,7,2566,BASE,,2758,CONTROL,RUN-CONTROL-4,Right,CONTROL,5754.0,2000-01-01T00:11:43.955Z,2000-01-01T00:11:49.906Z,horizontal,,False
3281,204,P0204,451,3,C08,25478,2353,AESTHETIC,RUN-AESTHETIC-4,2545,BASE,,Left,AESTHETIC,3167.0,2000-01-04T00:14:30.056Z,2000-01-04T00:14:34.254Z,vertical,,True
3282,204,P0204,451,3,A25,85,2640,CONTROL,RUN-CONTROL-4,2256,AESTHETIC,RUN-AESTHETIC-4,Right,AESTHETIC,4559.0,2000-01-04T00:14:34.265Z,2000-01-04T00:14:39.128Z,vertical,,True
3283,204,P0204,451,3,A27,25478,2267,AESTHETIC,RUN-AESTHETIC-4,2651,CONTROL,RUN-CONTROL-4,Left,AESTHETIC,3184.0,2000-01-04T00:14:39.140Z,2000-01-04T00:14:42.596Z,vertical,,True
3284,204,P0204,451,3,B23,6127,2323,AESTHETIC,RUN-AESTHETIC-4,2515,BASE,,Right,BASE,2525.0,2000-01-04T00:14:42.609Z,2000-01-04T00:14:45.421Z,vertical,,True
3285,204,P0204,451,3,A27,85,2460,BASE,,2268,AESTHETIC,RUN-AESTHETIC-4,Right,AESTHETIC,4652.0,2000-01-04T00:14:45.430Z,2000-01-04T00:14:50.350Z,vertical,,True
3286,204,P0204,451,3,C01,25478,2333,AESTHETIC,RUN-AESTHETIC-4,2717,CONTROL,RUN-CONTROL-4,Tie,TIE,6609.0,2000-01-04T00:14:50.360Z,2000-01-04T00:14:57.232Z,vertical,,True
3287,204,P0204,451,3,A26,7,2650,CONTROL,RUN-CONTROL-4,2458,BASE,,Right,BASE,2169.0,2000-01-04T00:14:57.244Z,2000-01-04T00:14:59.934Z,vertical,,True
3288,204,P0204,451,3,A02,6127,2613,CONTROL,RUN-CONTROL-4,2421,BASE,,Tie,TIE,6660.0,2000-01-04T00:14:59.945Z,2000-01-04T00:15:06.896Z,vertical,,True
3289,204,P0204,451,3,C01,6127,2533,BASE,,2341,AESTHETIC,RUN-AESTHETIC-4,Tie,TIE,3407.0,2000-01-04T00:15:06.906Z,2000-01-04T00:15:10.600Z,vertical,,True
3290,204,P0204,451,3,C08,7,2554,BASE,,2362,AESTHETIC,RUN-AESTHETIC-4,Left,BASE,5244.0,2000-01-04T00:15:10.610Z,2000-01-04T00:15:16.129Z,vertical,,True
3291,204,P0204,451,3,B12,25478,2673,CONTROL,RUN-CONTROL-4,2289,AESTHETIC,RUN-AESTHETIC-4,Right,AESTHETIC,2479.0,2000-01-04T00:15:16.150Z,2000-01-04T00:15:18.912Z,vertical,,True
3292,204,P0204,451,3,C02,25478,2335,AESTHETIC,RUN-AESTHETIC-4,2719,CONTROL,RUN-CONTROL-4,Tie,TIE,3938.0,2000-01-04T00:15:18.922Z,2000-01-04T00:15:23.138Z,vertical,,True
3293,204,P0204,451,3,B25,25478,2509,BASE,,2317,AESTHETIC,RUN-AESTHETIC-4,Right,AESTHETIC,2904.0,2000-01-04T00:15:23.148Z,2000-01-04T00:15:26.327Z,vertical,,True
3294,204,P0204,451,3,B26,7,2328,AESTHETIC,RUN-AESTHETIC-4,2712,CONTROL,RUN-CONTROL-4,Tie,TIE,2524.0,2000-01-04T00:15:26.339Z,2000-01-04T00:15:29.150Z,vertical,,True
3295,204,P0204,451,3,A15,25478,2251,AESTHETIC,RUN-AESTHETIC-4,2443,BASE,,Right,BASE,5269.0,2000-01-04T00:15:29.162Z,2000-01-04T00:15:34.909Z,vertical,,True
3296,204,P0204,451,3,B23,6127,2323,AESTHETIC,RUN-AESTHETIC-4,2707,CONTROL,RUN-CONTROL-4,Right,CONTROL,2978.0,2000-01-04T00:15:34.920Z,2000-01-04T00:15:38.172Z,vertical,,True
3297,204,P0204,451,3,A04,7,2232,AESTHETIC,RUN-AESTHETIC-4,2616,CONTROL,RUN-CONTROL-4,Right,CONTROL,5775.0,2000-01-04T00:15:38.182Z,2000-01-04T00:15:44.228Z,vertical,,True
3298,204,P0204,451,3,C06,85,2542,BASE,,2734,CONTROL,RUN-CONTROL-4,Right,CONTROL,6154.0,2000-01-04T00:15:44.239Z,2000-01-04T00:15:50.671Z,vertical,,True
3299,204,P0204,451,3,B19,7,2312,AESTHETIC,RUN-AESTHETIC-4,2504,BASE,,Left,AESTHETIC,4978.0,2000-01-04T00:15:50.681Z,2000-01-04T00:15:55.947Z,vertical,,True
3300,204,P0204,451,3,C15,85,2384,AESTHETIC,RUN-AESTHETIC-4,2576,BASE,,Right,BASE,3256.0,2000-01-04T00:15:55.959Z,2000-01-04T00:15:59.659Z,vertical,,True
3301,204,P0204,451,3,C19,85,2400,AESTHETIC,RUN-AESTHETIC-4,2784,CONTROL,RUN-CONTROL-4,Right,CONTROL,6831.0,2000-01-04T00:15:59.670Z,2000-01-04T00:16:06.816Z,vertical,,True
3302,204,P0204,451,3,C18,25478,2781,CONTROL,RUN-CONTROL-4,2397,AESTHETIC,RUN-AESTHETIC-4,Right,AESTHETIC,2323.0,2000-01-04T00:16:06.827Z,2000-01-04T00:16:09.424Z,vertical,,True
3303,204,P0204,451,3,A04,25478,2415,BASE,,2223,AESTHETIC,RUN-AESTHETIC-4,Right,AESTHETIC,5081.0,2000-01-04T00:16:09.437Z,2000-01-04T00:16:14.814Z,vertical,,True
3304,204,P0204,451,3,C05,7,2548,BASE,,2740,CONTROL,RUN-CONTROL-4,Tie,TIE,3653.0,2000-01-04T00:16:14.826Z,2000-01-04T00:16:18.778Z,vertical,,True
3305,204,P0204,451,3,B26,25478,2319,AESTHETIC,RUN-AESTHETIC-4,2703,CONTROL,RUN-CONTROL-4,,,,2000-01-04T00:16:18.789Z,,,,True
3306,204,P0204,451,3,B26,85,2704,CONTROL,RUN-CONTROL-4,2320,AESTHETIC,RUN-AESTHETIC-4,,,,,,,,True
3307,204,P0204,451,3,B15,7,2694,CONTROL,RUN-CONTROL-4,2310,AESTHETIC,RUN-AESTHETIC-4,,,,,,,,True
3308,204,P0204,451,3,A25,6127,2455,BASE,,2263,AESTHETIC,RUN-AESTHETIC-4,,,,,,,,True
3309,204,P0204,451,3,C16,25478,2577,BASE,,2385,AESTHETIC,RUN-AESTHETIC-4,,,,,,,,True
3310,204,P0204,451,3,C12,85,2754,CONTROL,RUN-CONTROL-4,2370,AESTHETIC,RUN-AESTHETIC-4,,,,,,,,True
3311,158,P0158,452,3,B12,6127,2681,CONTROL,RUN-CONTROL-4,2297,AESTHETIC,RUN-AESTHETIC-4,Left,CONTROL,9160.0,2000-01-01T00:00:12.570Z,2000-01-01T00:00:22.392Z,vertical,,False
3312,158,P0158,452,3,A22,85,2638,CONTROL,RUN-CONTROL-4,2254,AESTHETIC,RUN-AESTHETIC-4,Right,AESTHETIC,16220.0,2000-01-01T00:00:22.470Z,2000-01-01T00:00:38.967Z,vertical,,False
3313,158,P0158,452,3,C01,25478,2525,BASE,,2717,CONTROL,RUN-CONTROL-4,Left,BASE,8156.0,2000-01-01T00:00:39.005Z,2000-01-01T00:00:47.381Z,vertical,,False
3314,158,P0158,452,3,B14,7,2308,AESTHETIC,RUN-AESTHETIC-4,2692,CONTROL,RUN-CONTROL-4,Left,AESTHETIC,10294.0,2000-01-01T00:00:47.395Z,2000-01-01T00:00:57.900Z,vertical,,False
3315,158,P0158,452,3,C04,85,2722,CONTROL,RUN-CONTROL-4,2530,BASE,,Left,CONTROL,7303.0,2000-01-01T00:00:57.913Z,2000-01-01T00:01:05.419Z,vertical,,False
3316,158,P0158,452,3,B25,6127,2709,CONTROL,RUN-CONTROL-4,2325,AESTHETIC,RUN-AESTHETIC-4,Left,CONTROL,4225.0,2000-01-01T00:01:05.433Z,2000-01-01T00:01:09.865Z,vertical,,False
3317,158,P0158,452,3,C15,85,2768,CONTROL,RUN-CONTROL-4,2384,AESTHETIC,RUN-AESTHETIC-4,Right,AESTHETIC,5857.0,2000-01-01T00:01:09.878Z,2000-01-01T00:01:15.939Z,vertical,,False
3318,158,P0158,452,3,C05,25478,2347,AESTHETIC,RUN-AESTHETIC-4,2731,CONTROL,RUN-CONTROL-4,Right,CONTROL,2910.0,2000-01-01T00:01:15.952Z,2000-01-01T00:01:19.085Z,vertical,,False
3319,158,P0158,452,3,B04,7,2282,AESTHETIC,RUN-AESTHETIC-4,2474,BASE,,Left,AESTHETIC,4626.0,2000-01-01T00:01:19.097Z,2000-01-01T00:01:23.925Z,vertical,,False
3320,158,P0158,452,3,C17,25478,2587,BASE,,2779,CONTROL,RUN-CONTROL-4,Right,CONTROL,2382.0,2000-01-01T00:01:23.936Z,2000-01-01T00:01:26.521Z,vertical,,False
3321,158,P0158,452,3,C12,7,2378,AESTHETIC,RUN-AESTHETIC-4,2762,CONTROL,RUN-CONTROL-4,Left,AESTHETIC,7012.0,2000-01-01T00:01:26.532Z,2000-01-01T00:01:33.744Z,vertical,,False
3322,158,P0158,452,3,A25,85,2256,AESTHETIC,RUN-AESTHETIC-4,2448,BASE,,Right,BASE,7667.0,2000-01-01T00:01:33.758Z,2000-01-01T00:01:41.631Z,vertical,,False
3323,158,P0158,452,3,C16,25478,2385,AESTHETIC,RUN-AESTHETIC-4,2769,CONTROL,RUN-CONTROL-4,Left,AESTHETIC,5316.0,2000-01-01T00:01:41.641Z,2000-01-01T00:01:47.302Z,vertical,,False
3324,158,P0158,452,3,C15,25478,2575,BASE,,2767,CONTROL,RUN-CONTROL-4,Left,BASE,5015.0,2000-01-01T00:01:47.312Z,2000-01-01T00:01:52.534Z,vertical,,False
3325,158,P0158,452,3,C02,6127,2343,AESTHETIC,RUN-AESTHETIC-4,2727,CONTROL,RUN-CONTROL-4,Right,CONTROL,6199.0,2000-01-01T00:01:52.547Z,2000-01-01T00:01:58.985Z,vertical,,False
3326,158,P0158,452,3,C15,6127,2583,BASE,,2775,CONTROL,RUN-CONTROL-4,Right,CONTROL,7493.0,2000-01-01T00:01:58.999Z,2000-01-01T00:02:06.695Z,vertical,,False
3327,158,P0158,452,3,B14,85,2300,AESTHETIC,RUN-AESTHETIC-4,2684,CONTROL,RUN-CONTROL-4,Left,AESTHETIC,2595.0,2000-01-01T00:02:06.707Z,2000-01-01T00:02:09.506Z,vertical,,False
3328,158,P0158,452,3,A08,7,2628,CONTROL,RUN-CONTROL-4,2436,BASE,,Right,BASE,2949.0,2000-01-01T00:02:09.518Z,2000-01-01T00:02:12.669Z,vertical,,False
3329,158,P0158,452,3,B23,85,2508,BASE,,2700,CONTROL,RUN-CONTROL-4,Left,BASE,5261.0,2000-01-01T00:02:12.680Z,2000-01-01T00:02:18.147Z,vertical,,False
3330,158,P0158,452,3,B02,25478,2463,BASE,,2271,AESTHETIC,RUN-AESTHETIC-4,Left,BASE,8568.0,2000-01-01T00:02:18.158Z,2000-01-01T00:02:26.927Z,vertical,,False
3331,158,P0158,452,3,A02,7,2230,AESTHETIC,RUN-AESTHETIC-4,2422,BASE,,Left,AESTHETIC,3024.0,2000-01-01T00:02:26.938Z,2000-01-01T00:02:30.175Z,vertical,,False
3332,158,P0158,452,3,C05,6127,2739,CONTROL,RUN-CONTROL-4,2355,AESTHETIC,RUN-AESTHETIC-4,Left,CONTROL,9583.0,2000-01-01T00:02:30.187Z,2000-01-01T00:02:39.977Z,vertical,,False
3333,158,P0158,452,3,A09,6127,2437,BASE,,2245,AESTHETIC,RUN-AESTHETIC-4,Left,BASE,2328.0,2000-01-01T00:02:39.987Z,2000-01-01T00:02:42.516Z,vertical,,False
3334,158,P0158,452,3,C02,85,2528,BASE,,2336,AESTHETIC,RUN-AESTHETIC-4,Right,AESTHETIC,4604.0,2000-01-01T00:02:42.527Z,2000-01-01T00:02:47.331Z,vertical,,False
3335,158,P0158,452,3,C17,85,2396,AESTHETIC,RUN-AESTHETIC-4,2588,BASE,,Right,BASE,3698.0,2000-01-01T00:02:47.342Z,2000-01-01T00:02:51.242Z,vertical,,False
3336,158,P0158,452,3,B20,25478,2689,CONTROL,RUN-CONTROL-4,2497,BASE,,Right,BASE,3774.0,2000-01-01T00:02:51.254Z,2000-01-01T00:02:55.236Z,vertical,,False
3337,158,P0158,452,3,C04,25478,2337,AESTHETIC,RUN-AESTHETIC-4,2721,CONTROL,RUN-CONTROL-4,Left,AESTHETIC,3203.0,2000-01-01T00:02:55.246Z,2000-01-01T00:02:58.651Z,vertical,,False
3338,158,P0158,452,3,C14,7,2582,BASE,,2774,CONTROL,RUN-CONTROL-4,Right,CONTROL,3987.0,2000-01-01T00:02:58.666Z,2000-01-01T00:03:02.881Z,vertical,,False
3339,158,P0158,452,3,B20,6127,2505,BASE,,2313,AESTHETIC,RUN-AESTHETIC-4,Left,BASE,5244.0,2000-01-01T00:03:02.892Z,2000-01-01T00:03:08.350Z,vertical,,False
3340,158,P0158,452,3,C08,85,2738,CONTROL,RUN-CONTROL-4,2546,BASE,,Right,BASE,7446.0,2000-01-01T00:03:08.361Z,2000-01-01T00:03:16.007Z,vertical,,False
3341,143,P0143,455,3,C12,6127,2569,BASE,,2377,AESTHETIC,RUN-AESTHETIC-4,Right,AESTHETIC,24601.0,2000-01-01T00:06:55.332Z,2000-01-01T00:07:20.404Z,horizontal,,False
3342,143,P0143,455,3,C14,6127,2773,CONTROL,RUN-CONTROL-4,2581,BASE,,Right,BASE,11629.0,2000-01-01T00:07:20.416Z,2000-01-01T00:07:32.251Z,horizontal,,False
3343,143,P0143,455,3,B15,6127,2501,BASE,,2693,CONTROL,RUN-CONTROL-4,Right,CONTROL,7486.0,2000-01-01T00:07:32.262Z,2000-01-01T00:07:39.950Z,horizontal,,False
3344,143,P0143,455,3,B06,6127,2291,AESTHETIC,RUN-AESTHETIC-4,2483,BASE,,Right,BASE,11163.0,2000-01-01T00:07:39.963Z,2000-01-01T00:07:51.330Z,horizontal,,False
3345,143,P0143,455,3,C09,7,2372,AESTHETIC,RUN-AESTHETIC-4,2756,CONTROL,RUN-CONTROL-4,Left,AESTHETIC,7313.0,2000-01-01T00:07:51.340Z,2000-01-01T00:07:58.855Z,horizontal,,False
3346,143,P0143,455,3,A25,6127,2647,CONTROL,RUN-CONTROL-4,2455,BASE,,Right,BASE,20497.0,2000-01-01T00:07:58.865Z,2000-01-01T00:08:19.619Z,horizontal,,False
3347,143,P0143,455,3,C19,7,2600,BASE,,2792,CONTROL,RUN-CONTROL-4,Left,BASE,8809.0,2000-01-01T00:08:19.632Z,2000-01-01T00:08:28.644Z,horizontal,,False
3348,143,P0143,455,3,A04,85,2416,BASE,,2608,CONTROL,RUN-CONTROL-4,Left,BASE,12807.0,2000-01-01T00:08:28.654Z,2000-01-01T00:08:41.663Z,horizontal,,False
3349,143,P0143,455,3,C10,7,2374,AESTHETIC,RUN-AESTHETIC-4,2758,CONTROL,RUN-CONTROL-4,Left,AESTHETIC,8237.0,2000-01-01T00:08:41.673Z,2000-01-01T00:08:50.110Z,horizontal,,False
3350,143,P0143,455,3,B23,7,2708,CONTROL,RUN-CONTROL-4,2324,AESTHETIC,RUN-AESTHETIC-4,Right,AESTHETIC,7820.0,2000-01-01T00:08:50.120Z,2000-01-01T00:08:58.143Z,horizontal,,False
3351,143,P0143,455,3,A04,85,2224,AESTHETIC,RUN-AESTHETIC-4,2416,BASE,,Left,AESTHETIC,8528.0,2000-01-01T00:08:58.153Z,2000-01-01T00:09:06.882Z,horizontal,,False
3352,143,P0143,455,3,C07,85,2544,BASE,,2736,CONTROL,RUN-CONTROL-4,Left,BASE,6010.0,2000-01-01T00:09:06.893Z,2000-01-01T00:09:13.105Z,horizontal,,False
3353,143,P0143,455,3,C09,25478,2363,AESTHETIC,RUN-AESTHETIC-4,2555,BASE,,Left,AESTHETIC,9380.0,2000-01-01T00:09:13.115Z,2000-01-01T00:09:22.698Z,horizontal,,False
3354,143,P0143,455,3,A25,25478,2447,BASE,,2639,CONTROL,RUN-CONTROL-4,Left,BASE,20495.0,2000-01-01T00:09:22.707Z,2000-01-01T00:09:43.405Z,horizontal,,False
3355,143,P0143,455,3,B26,25478,2319,AESTHETIC,RUN-AESTHETIC-4,2511,BASE,,Tie,TIE,6788.0,2000-01-01T00:09:43.417Z,2000-01-01T00:09:50.406Z,horizontal,,False
3356,143,P0143,455,3,B01,25478,2653,CONTROL,RUN-CONTROL-4,2461,BASE,,Tie,TIE,7412.0,2000-01-01T00:09:50.419Z,2000-01-01T00:09:58.032Z,horizontal,,False
3357,143,P0143,455,3,B20,6127,2505,BASE,,2697,CONTROL,RUN-CONTROL-4,Left,BASE,10494.0,2000-01-01T00:09:58.043Z,2000-01-01T00:10:08.737Z,horizontal,,False
3358,143,P0143,455,3,C01,85,2718,CONTROL,RUN-CONTROL-4,2526,BASE,,Tie,TIE,8192.0,2000-01-01T00:10:08.747Z,2000-01-01T00:10:17.147Z,horizontal,,False
3359,143,P0143,455,3,A01,7,2612,CONTROL,RUN-CONTROL-4,2228,AESTHETIC,RUN-AESTHETIC-4,Left,CONTROL,10744.0,2000-01-01T00:10:17.156Z,2000-01-01T00:10:28.100Z,horizontal,,False
3360,143,P0143,455,3,C07,25478,2351,AESTHETIC,RUN-AESTHETIC-4,2735,CONTROL,RUN-CONTROL-4,Left,AESTHETIC,7786.0,2000-01-01T00:10:28.111Z,2000-01-01T00:10:36.101Z,horizontal,,False
3361,143,P0143,455,3,A22,7,2646,CONTROL,RUN-CONTROL-4,2454,BASE,,Tie,TIE,6150.0,2000-01-01T00:10:36.110Z,2000-01-01T00:10:42.461Z,horizontal,,False
3362,143,P0143,455,3,B15,7,2310,AESTHETIC,RUN-AESTHETIC-4,2502,BASE,,Tie,TIE,5355.0,2000-01-01T00:10:42.472Z,2000-01-01T00:10:48.030Z,horizontal,,False
3363,143,P0143,455,3,B25,6127,2325,AESTHETIC,RUN-AESTHETIC-4,2517,BASE,,Tie,TIE,8577.0,2000-01-01T00:10:48.039Z,2000-01-01T00:10:56.816Z,horizontal,,False
3364,143,P0143,455,3,B29,25478,2715,CONTROL,RUN-CONTROL-4,2523,BASE,,Tie,TIE,10108.0,2000-01-01T00:10:56.826Z,2000-01-01T00:11:07.138Z,horizontal,,False
3365,143,P0143,455,3,C08,25478,2353,AESTHETIC,RUN-AESTHETIC-4,2737,CONTROL,RUN-CONTROL-4,Tie,TIE,5010.0,2000-01-01T00:11:07.150Z,2000-01-01T00:11:12.641Z,horizontal,,False
3366,143,P0143,455,3,B09,6127,2679,CONTROL,RUN-CONTROL-4,2295,AESTHETIC,RUN-AESTHETIC-4,Left,CONTROL,12932.0,2000-01-01T00:11:12.660Z,2000-01-01T00:11:25.796Z,horizontal,,False
3367,143,P0143,455,3,C08,6127,2745,CONTROL,RUN-CONTROL-4,2361,AESTHETIC,RUN-AESTHETIC-4,Tie,TIE,4765.0,2000-01-01T00:11:25.805Z,2000-01-01T00:11:30.772Z,horizontal,,False
3368,143,P0143,455,3,C11,85,2752,CONTROL,RUN-CONTROL-4,2560,BASE,,Tie,TIE,9832.0,2000-01-01T00:11:30.781Z,2000-01-01T00:11:40.815Z,horizontal,,False
3369,143,P0143,455,3,B02,6127,2663,CONTROL,RUN-CONTROL-4,2279,AESTHETIC,RUN-AESTHETIC-4,Tie,TIE,5894.0,2000-01-01T00:11:40.825Z,2000-01-01T00:11:46.917Z,horizontal,,False
3370,143,P0143,455,3,A26,25478,2641,CONTROL,RUN-CONTROL-4,2449,BASE,,Tie,TIE,10694.0,2000-01-01T00:11:46.926Z,2000-01-01T00:11:57.825Z,horizontal,,False
3371,268,P0268,456,3,C16,85,2578,BASE,,2770,CONTROL,RUN-CONTROL-4,Right,CONTROL,44838.0,2000-01-05T04:20:19.577Z,2000-01-05T04:21:05.330Z,vertical,,False
3372,268,P0268,456,3,A07,25478,2417,BASE,,2609,CONTROL,RUN-CONTROL-4,Right,CONTROL,17755.0,2000-01-05T04:21:05.342Z,2000-01-05T04:21:23.340Z,vertical,,False
3373,268,P0268,456,3,B29,25478,2331,AESTHETIC,RUN-AESTHETIC-4,2715,CONTROL,RUN-CONTROL-4,Right,CONTROL,13254.0,2000-01-05T04:21:23.355Z,2000-01-05T04:21:36.884Z,vertical,,False
3374,268,P0268,456,3,B14,25478,2683,CONTROL,RUN-CONTROL-4,2491,BASE,,Right,BASE,12970.0,2000-01-05T04:21:36.896Z,2000-01-05T04:21:50.105Z,vertical,,False
3375,268,P0268,456,3,B27,25478,2705,CONTROL,RUN-CONTROL-4,2321,AESTHETIC,RUN-AESTHETIC-4,Left,CONTROL,24110.0,2000-01-05T04:21:50.116Z,2000-01-05T04:22:14.469Z,vertical,,False
3376,268,P0268,456,3,C06,85,2350,AESTHETIC,RUN-AESTHETIC-4,2542,BASE,,Left,AESTHETIC,14142.0,2000-01-05T04:22:14.479Z,2000-01-05T04:22:28.994Z,vertical,,False
3377,268,P0268,456,3,A26,7,2650,CONTROL,RUN-CONTROL-4,2266,AESTHETIC,RUN-AESTHETIC-4,Right,AESTHETIC,12720.0,2000-01-05T04:22:29.115Z,2000-01-05T04:22:42.436Z,vertical,,False
3378,268,P0268,456,3,A09,25478,2429,BASE,,2621,CONTROL,RUN-CONTROL-4,Right,CONTROL,3692.0,2000-01-05T04:22:42.447Z,2000-01-05T04:22:46.385Z,vertical,,False
3379,268,P0268,456,3,C18,7,2406,AESTHETIC,RUN-AESTHETIC-4,2598,BASE,,Right,BASE,4932.0,2000-01-05T04:22:46.396Z,2000-01-05T04:22:51.564Z,vertical,,False
3380,268,P0268,456,3,C02,6127,2535,BASE,,2343,AESTHETIC,RUN-AESTHETIC-4,Left,BASE,7505.0,2000-01-05T04:22:51.578Z,2000-01-05T04:22:59.487Z,vertical,,False
3381,268,P0268,456,3,C17,85,2780,CONTROL,RUN-CONTROL-4,2588,BASE,,Right,BASE,5898.0,2000-01-05T04:22:59.498Z,2000-01-05T04:23:05.646Z,vertical,,False
3382,268,P0268,456,3,A11,7,2248,AESTHETIC,RUN-AESTHETIC-4,2440,BASE,,Right,BASE,7560.0,2000-01-05T04:23:05.657Z,2000-01-05T04:23:13.739Z,vertical,,False
3383,268,P0268,456,3,B15,85,2686,CONTROL,RUN-CONTROL-4,2302,AESTHETIC,RUN-AESTHETIC-4,Left,CONTROL,4331.0,2000-01-05T04:23:13.750Z,2000-01-05T04:23:18.345Z,vertical,,False
3384,268,P0268,456,3,C12,7,2762,CONTROL,RUN-CONTROL-4,2570,BASE,,Right,BASE,7651.0,2000-01-05T04:23:18.355Z,2000-01-05T04:23:26.434Z,vertical,,False
3385,268,P0268,456,3,C20,85,2402,AESTHETIC,RUN-AESTHETIC-4,2786,CONTROL,RUN-CONTROL-4,Left,AESTHETIC,6459.0,2000-01-05T04:23:26.445Z,2000-01-05T04:23:33.159Z,vertical,,False
3386,268,P0268,456,3,B14,6127,2307,AESTHETIC,RUN-AESTHETIC-4,2499,BASE,,Right,BASE,6951.0,2000-01-05T04:23:33.171Z,2000-01-05T04:23:40.716Z,vertical,,False
3387,268,P0268,456,3,A22,25478,2445,BASE,,2637,CONTROL,RUN-CONTROL-4,Right,CONTROL,4827.0,2000-01-05T04:23:40.726Z,2000-01-05T04:23:45.809Z,vertical,,False
3388,268,P0268,456,3,B09,6127,2679,CONTROL,RUN-CONTROL-4,2487,BASE,,Right,BASE,4150.0,2000-01-05T04:23:45.820Z,2000-01-05T04:23:50.229Z,vertical,,False
3389,268,P0268,456,3,C07,85,2352,AESTHETIC,RUN-AESTHETIC-4,2736,CONTROL,RUN-CONTROL-4,Left,AESTHETIC,7082.0,2000-01-05T04:23:50.243Z,2000-01-05T04:23:57.569Z,vertical,,False
3390,268,P0268,456,3,A13,85,2434,BASE,,2242,AESTHETIC,RUN-AESTHETIC-4,Left,BASE,3378.0,2000-01-05T04:23:57.580Z,2000-01-05T04:24:01.209Z,vertical,,False
3391,268,P0268,456,3,C12,25478,2369,AESTHETIC,RUN-AESTHETIC-4,2561,BASE,,Right,BASE,8918.0,2000-01-05T04:24:01.219Z,2000-01-05T04:24:10.503Z,vertical,,False
3392,268,P0268,456,3,B26,7,2520,BASE,,2712,CONTROL,RUN-CONTROL-4,Right,CONTROL,4020.0,2000-01-05T04:24:10.515Z,2000-01-05T04:24:14.795Z,vertical,,False
3393,268,P0268,456,3,A09,6127,2437,BASE,,2629,CONTROL,RUN-CONTROL-4,Right,CONTROL,7939.0,2000-01-05T04:24:14.805Z,2000-01-05T04:24:22.975Z,vertical,,False
3394,268,P0268,456,3,C17,6127,2595,BASE,,2403,AESTHETIC,RUN-AESTHETIC-4,Left,BASE,4567.0,2000-01-05T04:24:22.986Z,2000-01-05T04:24:27.809Z,vertical,,False
3395,268,P0268,456,3,C09,7,2756,CONTROL,RUN-CONTROL-4,2564,BASE,,Left,CONTROL,7918.0,2000-01-05T04:24:27.819Z,2000-01-05T04:24:36.113Z,vertical,,False
3396,268,P0268,456,3,A22,85,2254,AESTHETIC,RUN-AESTHETIC-4,2446,BASE,,Left,AESTHETIC,4576.0,2000-01-05T04:24:36.178Z,2000-01-05T04:24:40.999Z,vertical,,False
3397,268,P0268,456,3,A26,6127,2649,CONTROL,RUN-CONTROL-4,2265,AESTHETIC,RUN-AESTHETIC-4,Left,CONTROL,5142.0,2000-01-05T04:24:41.012Z,2000-01-05T04:24:46.378Z,vertical,,False
3398,268,P0268,456,3,C16,85,2386,AESTHETIC,RUN-AESTHETIC-4,2578,BASE,,Right,BASE,6739.0,2000-01-05T04:24:46.389Z,2000-01-05T04:24:53.358Z,vertical,,False
3399,268,P0268,456,3,B06,85,2476,BASE,,2668,CONTROL,RUN-CONTROL-4,Left,BASE,8279.0,2000-01-05T04:24:53.367Z,2000-01-05T04:25:02.019Z,vertical,,False
3400,268,P0268,456,3,B27,85,2514,BASE,,2706,CONTROL,RUN-CONTROL-4,Right,CONTROL,9373.0,2000-01-05T04:25:02.030Z,2000-01-05T04:25:11.791Z,vertical,,False
3401,10,P0010,458,3,B12,6127,2489,BASE,,2297,AESTHETIC,RUN-AESTHETIC-4,Right,AESTHETIC,14086.0,2000-01-01T00:00:04.121Z,2000-01-01T00:00:18.465Z,horizontal,,False
3402,10,P0010,458,3,A25,7,2456,BASE,,2264,AESTHETIC,RUN-AESTHETIC-4,Right,AESTHETIC,22318.0,2000-01-01T00:00:18.474Z,2000-01-01T00:00:40.991Z,horizontal,,False
3403,10,P0010,458,3,B06,7,2676,CONTROL,RUN-CONTROL-4,2292,AESTHETIC,RUN-AESTHETIC-4,Tie,TIE,2610.0,2000-01-01T00:00:41.001Z,2000-01-01T00:00:43.822Z,horizontal,,False
3404,10,P0010,458,3,B23,6127,2707,CONTROL,RUN-CONTROL-4,2515,BASE,,Left,CONTROL,4047.0,2000-01-01T00:00:43.832Z,2000-01-01T00:00:48.080Z,horizontal,,False
3405,10,P0010,458,3,B12,7,2298,AESTHETIC,RUN-AESTHETIC-4,2490,BASE,,Tie,TIE,2719.0,2000-01-01T00:00:48.093Z,2000-01-01T00:00:51.007Z,horizontal,,False
3406,10,P0010,458,3,B04,85,2466,BASE,,2658,CONTROL,RUN-CONTROL-4,Tie,TIE,3258.0,2000-01-01T00:00:51.018Z,2000-01-01T00:00:54.495Z,horizontal,,False
3407,10,P0010,458,3,A01,6127,2227,AESTHETIC,RUN-AESTHETIC-4,2611,CONTROL,RUN-CONTROL-4,Right,CONTROL,4662.0,2000-01-01T00:00:54.505Z,2000-01-01T00:00:59.368Z,horizontal,,False
3408,10,P0010,458,3,A13,6127,2249,AESTHETIC,RUN-AESTHETIC-4,2441,BASE,,Left,AESTHETIC,4773.0,2000-01-01T00:00:59.379Z,2000-01-01T00:01:04.376Z,horizontal,,False
3409,10,P0010,458,3,C12,6127,2761,CONTROL,RUN-CONTROL-4,2569,BASE,,Right,BASE,3319.0,2000-01-01T00:01:04.385Z,2000-01-01T00:01:07.958Z,horizontal,,False
3410,10,P0010,458,3,B27,6127,2713,CONTROL,RUN-CONTROL-4,2329,AESTHETIC,RUN-AESTHETIC-4,Right,AESTHETIC,7002.0,2000-01-01T00:01:07.979Z,2000-01-01T00:01:15.190Z,horizontal,,False
3411,10,P0010,458,3,B19,6127,2695,CONTROL,RUN-CONTROL-4,2311,AESTHETIC,RUN-AESTHETIC-4,Right,AESTHETIC,4314.0,2000-01-01T00:01:15.201Z,2000-01-01T00:01:19.711Z,horizontal,,False
3412,10,P0010,458,3,A27,25478,2459,BASE,,2267,AESTHETIC,RUN-AESTHETIC-4,Left,BASE,3670.0,2000-01-01T00:01:19.724Z,2000-01-01T00:01:23.591Z,horizontal,,False
3413,10,P0010,458,3,A11,7,2632,CONTROL,RUN-CONTROL-4,2440,BASE,,Left,CONTROL,8412.0,2000-01-01T00:01:23.603Z,2000-01-01T00:01:32.216Z,horizontal,,False
3414,10,P0010,458,3,A11,85,2240,AESTHETIC,RUN-AESTHETIC-4,2624,CONTROL,RUN-CONTROL-4,Right,CONTROL,3074.0,2000-01-01T00:01:32.227Z,2000-01-01T00:01:35.503Z,horizontal,,False
3415,10,P0010,458,3,C07,25478,2735,CONTROL,RUN-CONTROL-4,2543,BASE,,Tie,TIE,3480.0,2000-01-01T00:01:35.513Z,2000-01-01T00:01:39.191Z,horizontal,,False
3416,10,P0010,458,3,C04,7,2730,CONTROL,RUN-CONTROL-4,2346,AESTHETIC,RUN-AESTHETIC-4,Left,CONTROL,2507.0,2000-01-01T00:01:39.202Z,2000-01-01T00:01:41.928Z,horizontal,,False
3417,10,P0010,458,3,A04,6127,2231,AESTHETIC,RUN-AESTHETIC-4,2423,BASE,,Tie,TIE,150816.0,2000-01-01T00:01:41.938Z,2000-01-01T00:04:13.038Z,horizontal,,False
3418,10,P0010,458,3,C05,85,2348,AESTHETIC,RUN-AESTHETIC-4,2732,CONTROL,RUN-CONTROL-4,Right,CONTROL,4465.0,2000-01-01T00:04:13.051Z,2000-01-01T00:04:17.732Z,horizontal,,False
3419,10,P0010,458,3,A26,7,2458,BASE,,2266,AESTHETIC,RUN-AESTHETIC-4,Left,BASE,4987.0,2000-01-01T00:04:17.744Z,2000-01-01T00:04:23.011Z,horizontal,,False
3420,10,P0010,458,3,C18,25478,2589,BASE,,2397,AESTHETIC,RUN-AESTHETIC-4,Tie,TIE,2888.0,2000-01-01T00:04:23.022Z,2000-01-01T00:04:26.115Z,horizontal,,False
3421,10,P0010,458,3,B15,6127,2501,BASE,,2309,AESTHETIC,RUN-AESTHETIC-4,Right,AESTHETIC,1254.0,2000-01-01T00:04:26.126Z,2000-01-01T00:04:27.596Z,horizontal,,False
3422,10,P0010,458,3,B12,7,2682,CONTROL,RUN-CONTROL-4,2490,BASE,,Left,CONTROL,1834.0,2000-01-01T00:04:27.607Z,2000-01-01T00:04:29.644Z,horizontal,,False
3423,10,P0010,458,3,C18,6127,2597,BASE,,2405,AESTHETIC,RUN-AESTHETIC-4,Left,BASE,2239.0,2000-01-01T00:04:29.662Z,2000-01-01T00:04:32.099Z,horizontal,,False
3424,10,P0010,458,3,C17,7,2404,AESTHETIC,RUN-AESTHETIC-4,2788,CONTROL,RUN-CONTROL-4,Left,AESTHETIC,1508.0,2000-01-01T00:04:32.109Z,2000-01-01T00:04:33.819Z,horizontal,,False
3425,10,P0010,458,3,A02,25478,2221,AESTHETIC,RUN-AESTHETIC-4,2413,BASE,,Left,AESTHETIC,1281.0,2000-01-01T00:04:33.829Z,2000-01-01T00:04:35.323Z,horizontal,,False
3426,10,P0010,458,3,C18,25478,2589,BASE,,2781,CONTROL,RUN-CONTROL-4,Tie,TIE,1453.0,2000-01-01T00:04:35.334Z,2000-01-01T00:04:36.996Z,horizontal,,False
3427,10,P0010,458,3,A04,7,2424,BASE,,2232,AESTHETIC,RUN-AESTHETIC-4,Right,AESTHETIC,1525.0,2000-01-01T00:04:37.008Z,2000-01-01T00:04:38.739Z,horizontal,,False
3428,10,P0010,458,3,A09,6127,2629,CONTROL,RUN-CONTROL-4,2245,AESTHETIC,RUN-AESTHETIC-4,Tie,TIE,1162.0,2000-01-01T00:04:38.749Z,2000-01-01T00:04:40.123Z,horizontal,,False
3429,10,P0010,458,3,A22,85,2638,CONTROL,RUN-CONTROL-4,2446,BASE,,Tie,TIE,2373.0,2000-01-01T00:04:40.133Z,2000-01-01T00:04:42.707Z,horizontal,,False
3430,10,P0010,458,3,B25,25478,2701,CONTROL,RUN-CONTROL-4,2317,AESTHETIC,RUN-AESTHETIC-4,Left,CONTROL,1910.0,2000-01-01T00:04:42.718Z,2000-01-01T00:04:44.838Z,horizontal,,False
3431,55,P0055,461,3,C17,85,2780,CONTROL,RUN-CONTROL-4,2396,AESTHETIC,RUN-AESTHETIC-4,Right,AESTHETIC,8355.0,2000-01-01T00:00:10.929Z,2000-01-01T00:00:19.498Z,vertical,,False
3432,55,P0055,461,3,A09,7,2438,BASE,,2630,CONTROL,RUN-CONTROL-4,Right,CONTROL,2744.0,2000-01-01T00:00:19.509Z,2000-01-01T00:00:22.501Z,vertical,,False
3433,55,P0055,461,3,B04,85,2658,CONTROL,RUN-CONTROL-4,2274,AESTHETIC,RUN-AESTHETIC-4,Right,AESTHETIC,7788.0,2000-01-01T00:00:22.511Z,2000-01-01T00:00:30.524Z,vertical,,False
3434,55,P0055,461,3,C13,7,2580,BASE,,2772,CONTROL,RUN-CONTROL-4,Right,CONTROL,7337.0,2000-01-01T00:00:30.698Z,2000-01-01T00:00:38.339Z,vertical,,False
3435,55,P0055,461,3,C16,7,2778,CONTROL,RUN-CONTROL-4,2394,AESTHETIC,RUN-AESTHETIC-4,Right,AESTHETIC,4134.0,2000-01-01T00:00:38.348Z,2000-01-01T00:00:42.734Z,vertical,,False
3436,55,P0055,461,3,B20,7,2506,BASE,,2698,CONTROL,RUN-CONTROL-4,Left,BASE,1750.0,2000-01-01T00:00:42.743Z,2000-01-01T00:00:44.774Z,vertical,,False
3437,55,P0055,461,3,A22,6127,2645,CONTROL,RUN-CONTROL-4,2453,BASE,,Right,BASE,4979.0,2000-01-01T00:00:44.784Z,2000-01-01T00:00:49.995Z,vertical,,False
3438,55,P0055,461,3,C08,25478,2545,BASE,,2737,CONTROL,RUN-CONTROL-4,Right,CONTROL,2858.0,2000-01-01T00:00:50.005Z,2000-01-01T00:00:53.107Z,vertical,,False
3439,55,P0055,461,3,B08,7,2294,AESTHETIC,RUN-AESTHETIC-4,2486,BASE,,Left,AESTHETIC,9530.0,2000-01-01T00:00:53.117Z,2000-01-01T00:01:02.886Z,vertical,,False
3440,55,P0055,461,3,A01,7,2228,AESTHETIC,RUN-AESTHETIC-4,2420,BASE,,Right,BASE,2993.0,2000-01-01T00:01:02.896Z,2000-01-01T00:01:06.192Z,vertical,,False
3441,55,P0055,461,3,B14,6127,2691,CONTROL,RUN-CONTROL-4,2499,BASE,,Right,BASE,4061.0,2000-01-01T00:01:06.202Z,2000-01-01T00:01:10.506Z,vertical,,False
3442,55,P0055,461,3,B06,6127,2291,AESTHETIC,RUN-AESTHETIC-4,2675,CONTROL,RUN-CONTROL-4,Left,AESTHETIC,3197.0,2000-01-01T00:01:10.518Z,2000-01-01T00:01:13.951Z,vertical,,False
3443,55,P0055,461,3,A27,25478,2651,CONTROL,RUN-CONTROL-4,2459,BASE,,Right,BASE,2662.0,2000-01-01T00:01:13.961Z,2000-01-01T00:01:16.898Z,vertical,,False
3444,55,P0055,461,3,A26,25478,2257,AESTHETIC,RUN-AESTHETIC-4,2641,CONTROL,RUN-CONTROL-4,Right,CONTROL,3404.0,2000-01-01T00:01:16.909Z,2000-01-01T00:01:20.565Z,vertical,,False
3445,55,P0055,461,3,C13,7,2580,BASE,,2388,AESTHETIC,RUN-AESTHETIC-4,Left,BASE,6155.0,2000-01-01T00:01:20.580Z,2000-01-01T00:01:26.986Z,vertical,,False
3446,55,P0055,461,3,B27,85,2706,CONTROL,RUN-CONTROL-4,2322,AESTHETIC,RUN-AESTHETIC-4,Right,AESTHETIC,4174.0,2000-01-01T00:01:26.995Z,2000-01-01T00:01:31.420Z,vertical,,False
3447,55,P0055,461,3,B01,7,2470,BASE,,2278,AESTHETIC,RUN-AESTHETIC-4,Left,BASE,6528.0,2000-01-01T00:01:31.430Z,2000-01-01T00:01:38.197Z,vertical,,False
3448,55,P0055,461,3,A11,25478,2623,CONTROL,RUN-CONTROL-4,2239,AESTHETIC,RUN-AESTHETIC-4,Left,CONTROL,2912.0,2000-01-01T00:01:38.206Z,2000-01-01T00:01:41.356Z,vertical,,False
3449,55,P0055,461,3,C08,6127,2361,AESTHETIC,RUN-AESTHETIC-4,2553,BASE,,Right,BASE,3390.0,2000-01-01T00:01:41.365Z,2000-01-01T00:01:44.980Z,vertical,,False
3450,55,P0055,461,3,A13,6127,2249,AESTHETIC,RUN-AESTHETIC-4,2633,CONTROL,RUN-CONTROL-4,Right,CONTROL,2084.0,2000-01-01T00:01:44.990Z,2000-01-01T00:01:47.298Z,vertical,,False
3451,55,P0055,461,3,A04,6127,2615,CONTROL,RUN-CONTROL-4,2423,BASE,,Left,CONTROL,6092.0,2000-01-01T00:01:47.309Z,2000-01-01T00:01:53.613Z,vertical,,False
3452,55,P0055,461,3,C02,85,2720,CONTROL,RUN-CONTROL-4,2336,AESTHETIC,RUN-AESTHETIC-4,Right,AESTHETIC,2420.0,2000-01-01T00:01:53.624Z,2000-01-01T00:01:56.289Z,vertical,,False
3453,55,P0055,461,3,C18,85,2590,BASE,,2398,AESTHETIC,RUN-AESTHETIC-4,Left,BASE,3175.0,2000-01-01T00:01:56.299Z,2000-01-01T00:01:59.716Z,vertical,,False
3454,55,P0055,461,3,A22,7,2646,CONTROL,RUN-CONTROL-4,2262,AESTHETIC,RUN-AESTHETIC-4,Right,AESTHETIC,3578.0,2000-01-01T00:01:59.727Z,2000-01-01T00:02:03.549Z,vertical,,False
3455,55,P0055,461,3,B19,85,2304,AESTHETIC,RUN-AESTHETIC-4,2688,CONTROL,RUN-CONTROL-4,Right,CONTROL,2045.0,2000-01-01T00:02:03.559Z,2000-01-01T00:02:05.818Z,vertical,,False
3456,55,P0055,461,3,C19,85,2784,CONTROL,RUN-CONTROL-4,2592,BASE,,Left,CONTROL,2752.0,2000-01-01T00:02:05.828Z,2000-01-01T00:02:08.809Z,vertical,,False
3457,55,P0055,461,3,A25,85,2640,CONTROL,RUN-CONTROL-4,2448,BASE,,Right,BASE,1650.0,2000-01-01T00:02:08.819Z,2000-01-01T00:02:10.698Z,vertical,,False
3458,55,P0055,461,3,C19,25478,2783,CONTROL,RUN-CONTROL-4,2591,BASE,,Right,BASE,4829.0,2000-01-01T00:02:10.711Z,2000-01-01T00:02:15.768Z,vertical,,False
3459,55,P0055,461,3,B20,7,2314,AESTHETIC,RUN-AESTHETIC-4,2698,CONTROL,RUN-CONTROL-4,Right,CONTROL,2107.0,2000-01-01T00:02:15.779Z,2000-01-01T00:02:18.128Z,vertical,,False
3460,55,P0055,461,3,C09,6127,2755,CONTROL,RUN-CONTROL-4,2371,AESTHETIC,RUN-AESTHETIC-4,Right,AESTHETIC,1798.0,2000-01-01T00:02:18.138Z,2000-01-01T00:02:20.164Z,vertical,,False
3461,46,P0046,462,3,A07,25478,2417,BASE,,2225,AESTHETIC,RUN-AESTHETIC-4,Left,BASE,7219.0,2000-01-01T00:02:15.877Z,2000-01-01T00:02:23.827Z,vertical,,False
3462,46,P0046,462,3,C05,25478,2347,AESTHETIC,RUN-AESTHETIC-4,2539,BASE,,Left,AESTHETIC,2984.0,2000-01-01T00:02:23.837Z,2000-01-01T00:02:27.005Z,vertical,,False
3463,46,P0046,462,3,A04,25478,2415,BASE,,2607,CONTROL,RUN-CONTROL-4,Left,BASE,2022.0,2000-01-01T00:02:27.016Z,2000-01-01T00:02:29.220Z,vertical,,False
3464,46,P0046,462,3,A13,7,2442,BASE,,2634,CONTROL,RUN-CONTROL-4,Left,BASE,3679.0,2000-01-01T00:02:29.230Z,2000-01-01T00:02:33.093Z,vertical,,False
3465,46,P0046,462,3,A15,25478,2251,AESTHETIC,RUN-AESTHETIC-4,2635,CONTROL,RUN-CONTROL-4,Right,CONTROL,3767.0,2000-01-01T00:02:33.104Z,2000-01-01T00:02:37.056Z,vertical,,False
3466,46,P0046,462,3,B26,85,2704,CONTROL,RUN-CONTROL-4,2512,BASE,,Right,BASE,2520.0,2000-01-01T00:02:37.067Z,2000-01-01T00:02:39.771Z,vertical,,False
3467,46,P0046,462,3,A22,25478,2445,BASE,,2253,AESTHETIC,RUN-AESTHETIC-4,Left,BASE,2120.0,2000-01-01T00:02:39.782Z,2000-01-01T00:02:42.085Z,vertical,,False
3468,46,P0046,462,3,B27,7,2330,AESTHETIC,RUN-AESTHETIC-4,2714,CONTROL,RUN-CONTROL-4,Left,AESTHETIC,1790.0,2000-01-01T00:02:42.097Z,2000-01-01T00:02:44.073Z,vertical,,False
3469,46,P0046,462,3,C08,85,2354,AESTHETIC,RUN-AESTHETIC-4,2738,CONTROL,RUN-CONTROL-4,Right,CONTROL,5052.0,2000-01-01T00:02:44.083Z,2000-01-01T00:02:49.318Z,vertical,,False
3470,46,P0046,462,3,C05,25478,2539,BASE,,2731,CONTROL,RUN-CONTROL-4,Right,CONTROL,2513.0,2000-01-01T00:02:49.329Z,2000-01-01T00:02:52.029Z,vertical,,False
3471,46,P0046,462,3,C08,7,2746,CONTROL,RUN-CONTROL-4,2554,BASE,,Left,CONTROL,4796.0,2000-01-01T00:02:52.040Z,2000-01-01T00:02:57.028Z,vertical,,False
3472,46,P0046,462,3,C10,6127,2757,CONTROL,RUN-CONTROL-4,2565,BASE,,Right,BASE,2712.0,2000-01-01T00:02:57.038Z,2000-01-01T00:03:00.110Z,vertical,,False
3473,46,P0046,462,3,C01,25478,2333,AESTHETIC,RUN-AESTHETIC-4,2525,BASE,,Left,AESTHETIC,3517.0,2000-01-01T00:03:00.121Z,2000-01-01T00:03:03.848Z,vertical,,False
3474,46,P0046,462,3,A04,7,2616,CONTROL,RUN-CONTROL-4,2424,BASE,,Right,BASE,1749.0,2000-01-01T00:03:03.858Z,2000-01-01T00:03:05.793Z,vertical,,False
3475,46,P0046,462,3,C20,6127,2601,BASE,,2409,AESTHETIC,RUN-AESTHETIC-4,Left,BASE,1836.0,2000-01-01T00:03:05.802Z,2000-01-01T00:03:07.825Z,vertical,,False
3476,46,P0046,462,3,C15,6127,2391,AESTHETIC,RUN-AESTHETIC-4,2775,CONTROL,RUN-CONTROL-4,Right,CONTROL,3907.0,2000-01-01T00:03:07.836Z,2000-01-01T00:03:11.931Z,vertical,,False
3477,46,P0046,462,3,C20,7,2602,BASE,,2410,AESTHETIC,RUN-AESTHETIC-4,Left,BASE,1665.0,2000-01-01T00:03:11.943Z,2000-01-01T00:03:13.793Z,vertical,,False
3478,46,P0046,462,3,A11,6127,2631,CONTROL,RUN-CONTROL-4,2439,BASE,,Left,CONTROL,1430.0,2000-01-01T00:03:13.804Z,2000-01-01T00:03:15.427Z,vertical,,False
3479,46,P0046,462,3,B15,25478,2685,CONTROL,RUN-CONTROL-4,2301,AESTHETIC,RUN-AESTHETIC-4,Left,CONTROL,1492.0,2000-01-01T00:03:15.436Z,2000-01-01T00:03:17.113Z,vertical,,False
3480,46,P0046,462,3,C11,7,2760,CONTROL,RUN-CONTROL-4,2376,AESTHETIC,RUN-AESTHETIC-4,Left,CONTROL,3219.0,2000-01-01T00:03:17.123Z,2000-01-01T00:03:20.527Z,vertical,,False
3481,46,P0046,462,3,C19,25478,2591,BASE,,2399,AESTHETIC,RUN-AESTHETIC-4,Right,AESTHETIC,2035.0,2000-01-01T00:03:20.540Z,2000-01-01T00:03:22.780Z,vertical,,False
3482,46,P0046,462,3,B15,7,2694,CONTROL,RUN-CONTROL-4,2502,BASE,,Left,CONTROL,3300.0,2000-01-01T00:03:22.790Z,2000-01-01T00:03:26.287Z,vertical,,False
3483,46,P0046,462,3,C06,25478,2733,CONTROL,RUN-CONTROL-4,2349,AESTHETIC,RUN-AESTHETIC-4,Right,AESTHETIC,1360.0,2000-01-01T00:03:26.297Z,2000-01-01T00:03:27.842Z,vertical,,False
3484,46,P0046,462,3,B15,25478,2493,BASE,,2685,CONTROL,RUN-CONTROL-4,Left,BASE,959.0,2000-01-01T00:03:27.851Z,2000-01-01T00:03:28.998Z,vertical,,False
3485,46,P0046,462,3,B12,25478,2481,BASE,,2289,AESTHETIC,RUN-AESTHETIC-4,Left,BASE,1232.0,2000-01-01T00:03:29.009Z,2000-01-01T00:03:30.427Z,vertical,,False
3486,46,P0046,462,3,C08,85,2546,BASE,,2354,AESTHETIC,RUN-AESTHETIC-4,Left,BASE,1831.0,2000-01-01T00:03:30.448Z,2000-01-01T00:03:32.461Z,vertical,,False
3487,46,P0046,462,3,C04,6127,2729,CONTROL,RUN-CONTROL-4,2345,AESTHETIC,RUN-AESTHETIC-4,Right,AESTHETIC,1235.0,2000-01-01T00:03:32.473Z,2000-01-01T00:03:33.897Z,vertical,,False
3488,46,P0046,462,3,B06,6127,2675,CONTROL,RUN-CONTROL-4,2483,BASE,,Left,CONTROL,1027.0,2000-01-01T00:03:33.907Z,2000-01-01T00:03:35.114Z,vertical,,False
3489,46,P0046,462,3,B14,7,2500,BASE,,2308,AESTHETIC,RUN-AESTHETIC-4,Right,AESTHETIC,2120.0,2000-01-01T00:03:35.124Z,2000-01-01T00:03:37.431Z,vertical,,False
3490,46,P0046,462,3,A08,85,2620,CONTROL,RUN-CONTROL-4,2428,BASE,,Right,BASE,2489.0,2000-01-01T00:03:37.442Z,2000-01-01T00:03:40.114Z,vertical,,False
3491,35,P0035,465,3,B23,25478,2699,CONTROL,RUN-CONTROL-4,2507,BASE,,Left,CONTROL,8358.0,2000-01-01T00:02:45.839Z,2000-01-01T00:02:54.946Z,vertical,,False
3492,35,P0035,465,3,B20,85,2690,CONTROL,RUN-CONTROL-4,2306,AESTHETIC,RUN-AESTHETIC-4,Left,CONTROL,6403.0,2000-01-01T00:02:54.955Z,2000-01-01T00:03:01.640Z,vertical,,False
3493,35,P0035,465,3,C05,7,2740,CONTROL,RUN-CONTROL-4,2356,AESTHETIC,RUN-AESTHETIC-4,Left,CONTROL,2724.0,2000-01-01T00:03:01.650Z,2000-01-01T00:03:04.668Z,vertical,,False
3494,35,P0035,465,3,B02,85,2272,AESTHETIC,RUN-AESTHETIC-4,2656,CONTROL,RUN-CONTROL-4,Right,CONTROL,2834.0,2000-01-01T00:03:04.678Z,2000-01-01T00:03:07.971Z,vertical,,False
3495,35,P0035,465,3,B27,7,2714,CONTROL,RUN-CONTROL-4,2330,AESTHETIC,RUN-AESTHETIC-4,Left,CONTROL,3443.0,2000-01-01T00:03:07.980Z,2000-01-01T00:03:11.742Z,vertical,,False
3496,35,P0035,465,3,C05,25478,2731,CONTROL,RUN-CONTROL-4,2347,AESTHETIC,RUN-AESTHETIC-4,Left,CONTROL,1940.0,2000-01-01T00:03:11.760Z,2000-01-01T00:03:14.029Z,vertical,,False
3497,35,P0035,465,3,A08,6127,2243,AESTHETIC,RUN-AESTHETIC-4,2627,CONTROL,RUN-CONTROL-4,Right,CONTROL,1635.0,2000-01-01T00:03:14.039Z,2000-01-01T00:03:15.963Z,vertical,,False
3498,35,P0035,465,3,B01,6127,2277,AESTHETIC,RUN-AESTHETIC-4,2661,CONTROL,RUN-CONTROL-4,Right,CONTROL,9838.0,2000-01-01T00:03:15.972Z,2000-01-01T00:03:26.141Z,vertical,,False
3499,35,P0035,465,3,B25,6127,2709,CONTROL,RUN-CONTROL-4,2325,AESTHETIC,RUN-AESTHETIC-4,Left,CONTROL,1790.0,2000-01-01T00:03:26.151Z,2000-01-01T00:03:28.300Z,vertical,,False
3500,35,P0035,465,3,B01,25478,2461,BASE,,2269,AESTHETIC,RUN-AESTHETIC-4,Right,AESTHETIC,2506.0,2000-01-01T00:03:28.311Z,2000-01-01T00:03:31.178Z,vertical,,False
3501,35,P0035,465,3,B01,85,2654,CONTROL,RUN-CONTROL-4,2462,BASE,,Right,BASE,3588.0,2000-01-01T00:03:31.188Z,2000-01-01T00:03:35.171Z,vertical,,False
3502,35,P0035,465,3,A13,7,2250,AESTHETIC,RUN-AESTHETIC-4,2442,BASE,,Left,AESTHETIC,3262.0,2000-01-01T00:03:35.181Z,2000-01-01T00:03:38.822Z,vertical,,False
3503,35,P0035,465,3,A08,25478,2235,AESTHETIC,RUN-AESTHETIC-4,2619,CONTROL,RUN-CONTROL-4,Left,AESTHETIC,2191.0,2000-01-01T00:03:38.832Z,2000-01-01T00:03:41.307Z,vertical,,False
3504,35,P0035,465,3,C19,6127,2407,AESTHETIC,RUN-AESTHETIC-4,2791,CONTROL,RUN-CONTROL-4,Left,AESTHETIC,3633.0,2000-01-01T00:03:41.318Z,2000-01-01T00:03:45.324Z,vertical,,False
3505,35,P0035,465,3,A27,85,2460,BASE,,2268,AESTHETIC,RUN-AESTHETIC-4,Right,AESTHETIC,2792.0,2000-01-01T00:03:45.334Z,2000-01-01T00:03:48.469Z,vertical,,False
3506,35,P0035,465,3,B15,25478,2301,AESTHETIC,RUN-AESTHETIC-4,2493,BASE,,Right,BASE,8553.0,2000-01-01T00:03:48.478Z,2000-01-01T00:03:57.418Z,vertical,,False
3507,35,P0035,465,3,B06,6127,2483,BASE,,2675,CONTROL,RUN-CONTROL-4,Left,BASE,1758.0,2000-01-01T00:03:57.428Z,2000-01-01T00:03:59.518Z,vertical,,False
3508,35,P0035,465,3,C19,7,2600,BASE,,2408,AESTHETIC,RUN-AESTHETIC-4,Left,BASE,5221.0,2000-01-01T00:03:59.527Z,2000-01-01T00:04:05.087Z,vertical,,False
3509,35,P0035,465,3,B06,6127,2483,BASE,,2291,AESTHETIC,RUN-AESTHETIC-4,Left,BASE,1473.0,2000-01-01T00:04:05.099Z,2000-01-01T00:04:06.878Z,vertical,,False
3510,35,P0035,465,3,C18,7,2598,BASE,,2790,CONTROL,RUN-CONTROL-4,Right,CONTROL,3799.0,2000-01-01T00:04:06.889Z,2000-01-01T00:04:10.960Z,vertical,,False
3511,35,P0035,465,3,C14,25478,2765,CONTROL,RUN-CONTROL-4,2381,AESTHETIC,RUN-AESTHETIC-4,Left,CONTROL,3018.0,2000-01-01T00:04:10.969Z,2000-01-01T00:04:14.280Z,vertical,,False
3512,35,P0035,465,3,B19,6127,2503,BASE,,2311,AESTHETIC,RUN-AESTHETIC-4,Left,BASE,8050.0,2000-01-01T00:04:14.291Z,2000-01-01T00:04:22.632Z,vertical,,False
3513,35,P0035,465,3,C16,85,2770,CONTROL,RUN-CONTROL-4,2386,AESTHETIC,RUN-AESTHETIC-4,Left,CONTROL,1646.0,2000-01-01T00:04:22.644Z,2000-01-01T00:04:24.577Z,vertical,,False
3514,35,P0035,465,3,C07,85,2736,CONTROL,RUN-CONTROL-4,2544,BASE,,Right,BASE,4512.0,2000-01-01T00:04:24.587Z,2000-01-01T00:04:29.371Z,vertical,,False
3515,35,P0035,465,3,B15,85,2686,CONTROL,RUN-CONTROL-4,2494,BASE,,Right,BASE,2645.0,2000-01-01T00:04:29.382Z,2000-01-01T00:04:32.430Z,vertical,,False
3516,35,P0035,465,3,A22,6127,2645,CONTROL,RUN-CONTROL-4,2453,BASE,,Right,BASE,11394.0,2000-01-01T00:04:32.440Z,2000-01-01T00:04:44.210Z,vertical,,False
3517,35,P0035,465,3,B01,85,2654,CONTROL,RUN-CONTROL-4,2270,AESTHETIC,RUN-AESTHETIC-4,Right,AESTHETIC,2052.0,2000-01-01T00:04:44.220Z,2000-01-01T00:04:46.608Z,vertical,,False
3518,35,P0035,465,3,C11,25478,2751,CONTROL,RUN-CONTROL-4,2559,BASE,,Left,CONTROL,4301.0,2000-01-01T00:04:46.622Z,2000-01-01T00:04:51.210Z,vertical,,False
3519,35,P0035,465,3,C09,7,2564,BASE,,2372,AESTHETIC,RUN-AESTHETIC-4,Right,AESTHETIC,2422.0,2000-01-01T00:04:51.220Z,2000-01-01T00:04:53.951Z,vertical,,False
3520,35,P0035,465,3,A13,6127,2441,BASE,,2633,CONTROL,RUN-CONTROL-4,Left,BASE,1676.0,2000-01-01T00:04:53.962Z,2000-01-01T00:04:55.958Z,vertical,,False
3521,62,P0062,466,3,B15,25478,2493,BASE,,2685,CONTROL,RUN-CONTROL-4,Left,BASE,5101.0,2000-01-01T00:00:18.218Z,2000-01-01T00:00:23.548Z,vertical,,False
3522,62,P0062,466,3,C19,7,2792,CONTROL,RUN-CONTROL-4,2408,AESTHETIC,RUN-AESTHETIC-4,Left,CONTROL,4162.0,2000-01-01T00:00:23.558Z,2000-01-01T00:00:27.940Z,vertical,,False
3523,62,P0062,466,3,B27,85,2322,AESTHETIC,RUN-AESTHETIC-4,2706,CONTROL,RUN-CONTROL-4,Right,CONTROL,2727.0,2000-01-01T00:00:27.950Z,2000-01-01T00:00:30.903Z,vertical,,False
3524,62,P0062,466,3,A08,6127,2435,BASE,,2627,CONTROL,RUN-CONTROL-4,Right,CONTROL,7610.0,2000-01-01T00:00:30.913Z,2000-01-01T00:00:38.748Z,vertical,,False
3525,62,P0062,466,3,A04,85,2224,AESTHETIC,RUN-AESTHETIC-4,2416,BASE,,Left,AESTHETIC,2816.0,2000-01-01T00:00:38.758Z,2000-01-01T00:00:41.858Z,vertical,,False
3526,62,P0062,466,3,C11,7,2760,CONTROL,RUN-CONTROL-4,2568,BASE,,Right,BASE,9732.0,2000-01-01T00:00:41.868Z,2000-01-01T00:00:51.819Z,vertical,,False
3527,62,P0062,466,3,A11,6127,2247,AESTHETIC,RUN-AESTHETIC-4,2631,CONTROL,RUN-CONTROL-4,Right,CONTROL,2839.0,2000-01-01T00:00:51.828Z,2000-01-01T00:00:54.932Z,vertical,,False
3528,62,P0062,466,3,C06,25478,2541,BASE,,2349,AESTHETIC,RUN-AESTHETIC-4,Right,AESTHETIC,5288.0,2000-01-01T00:00:55.116Z,2000-01-01T00:01:00.766Z,vertical,,False
3529,62,P0062,466,3,C01,85,2334,AESTHETIC,RUN-AESTHETIC-4,2526,BASE,,Tie,TIE,2135.0,2000-01-01T00:01:00.777Z,2000-01-01T00:01:03.159Z,vertical,,False
3530,62,P0062,466,3,C20,6127,2409,AESTHETIC,RUN-AESTHETIC-4,2601,BASE,,Tie,TIE,3082.0,2000-01-01T00:01:03.169Z,2000-01-01T00:01:06.473Z,vertical,,False
3531,62,P0062,466,3,A08,7,2244,AESTHETIC,RUN-AESTHETIC-4,2436,BASE,,Right,BASE,5016.0,2000-01-01T00:01:06.484Z,2000-01-01T00:01:11.742Z,vertical,,False
3532,62,P0062,466,3,C16,25478,2577,BASE,,2769,CONTROL,RUN-CONTROL-4,Right,CONTROL,3885.0,2000-01-01T00:01:11.751Z,2000-01-01T00:01:15.935Z,vertical,,False
3533,62,P0062,466,3,C09,6127,2371,AESTHETIC,RUN-AESTHETIC-4,2563,BASE,,Tie,TIE,6465.0,2000-01-01T00:01:15.947Z,2000-01-01T00:01:22.679Z,vertical,,False
3534,62,P0062,466,3,C07,6127,2359,AESTHETIC,RUN-AESTHETIC-4,2551,BASE,,Left,AESTHETIC,2037.0,2000-01-01T00:01:22.688Z,2000-01-01T00:01:24.977Z,vertical,,False
3535,62,P0062,466,3,C06,85,2542,BASE,,2350,AESTHETIC,RUN-AESTHETIC-4,Tie,TIE,2034.0,2000-01-01T00:01:24.989Z,2000-01-01T00:01:27.281Z,vertical,,False
3536,62,P0062,466,3,C14,85,2382,AESTHETIC,RUN-AESTHETIC-4,2766,CONTROL,RUN-CONTROL-4,Tie,TIE,1623.0,2000-01-01T00:01:27.291Z,2000-01-01T00:01:29.164Z,vertical,,False
3537,62,P0062,466,3,A07,6127,2233,AESTHETIC,RUN-AESTHETIC-4,2425,BASE,,Tie,TIE,6958.0,2000-01-01T00:01:29.174Z,2000-01-01T00:01:36.335Z,vertical,,False
3538,62,P0062,466,3,A01,6127,2611,CONTROL,RUN-CONTROL-4,2227,AESTHETIC,RUN-AESTHETIC-4,Left,CONTROL,6433.0,2000-01-01T00:01:36.345Z,2000-01-01T00:01:42.997Z,vertical,,False
3539,62,P0062,466,3,B02,85,2656,CONTROL,RUN-CONTROL-4,2464,BASE,,Tie,TIE,2924.0,2000-01-01T00:01:43.007Z,2000-01-01T00:01:46.158Z,vertical,,False
3540,62,P0062,466,3,C19,85,2784,CONTROL,RUN-CONTROL-4,2592,BASE,,Left,CONTROL,2610.0,2000-01-01T00:01:46.169Z,2000-01-01T00:01:49.034Z,vertical,,False
3541,62,P0062,466,3,A11,7,2248,AESTHETIC,RUN-AESTHETIC-4,2440,BASE,,Left,AESTHETIC,3060.0,2000-01-01T00:01:49.044Z,2000-01-01T00:01:52.365Z,vertical,,False
3542,62,P0062,466,3,B20,7,2506,BASE,,2698,CONTROL,RUN-CONTROL-4,Left,BASE,5141.0,2000-01-01T00:01:52.375Z,2000-01-01T00:01:57.745Z,vertical,,False
3543,62,P0062,466,3,B26,25478,2319,AESTHETIC,RUN-AESTHETIC-4,2703,CONTROL,RUN-CONTROL-4,Left,AESTHETIC,1384.0,2000-01-01T00:01:57.757Z,2000-01-01T00:01:59.397Z,vertical,,False
3544,62,P0062,466,3,B23,7,2324,AESTHETIC,RUN-AESTHETIC-4,2516,BASE,,Left,AESTHETIC,5388.0,2000-01-01T00:01:59.416Z,2000-01-01T00:02:05.043Z,vertical,,False
3545,62,P0062,466,3,B04,85,2466,BASE,,2658,CONTROL,RUN-CONTROL-4,Tie,TIE,2529.0,2000-01-01T00:02:05.053Z,2000-01-01T00:02:07.808Z,vertical,,False
3546,62,P0062,466,3,B14,7,2692,CONTROL,RUN-CONTROL-4,2500,BASE,,Tie,TIE,1287.0,2000-01-01T00:02:07.817Z,2000-01-01T00:02:09.333Z,vertical,,False
3547,62,P0062,466,3,C11,7,2568,BASE,,2376,AESTHETIC,RUN-AESTHETIC-4,Tie,TIE,10741.0,2000-01-01T00:02:09.343Z,2000-01-01T00:02:20.334Z,vertical,,False
3548,62,P0062,466,3,B15,6127,2309,AESTHETIC,RUN-AESTHETIC-4,2693,CONTROL,RUN-CONTROL-4,Right,CONTROL,17636.0,2000-01-01T00:02:20.344Z,2000-01-01T00:02:38.209Z,vertical,,False
3549,62,P0062,466,3,C19,85,2400,AESTHETIC,RUN-AESTHETIC-4,2592,BASE,,Left,AESTHETIC,976.0,2000-01-01T00:02:38.219Z,2000-01-01T00:02:39.420Z,vertical,,False
3550,62,P0062,466,3,B12,6127,2297,AESTHETIC,RUN-AESTHETIC-4,2681,CONTROL,RUN-CONTROL-4,Right,CONTROL,8640.0,2000-01-01T00:02:39.431Z,2000-01-01T00:02:48.363Z,vertical,,False
3551,75,P0075,469,3,C12,85,2754,CONTROL,RUN-CONTROL-4,2562,BASE,,Tie,TIE,17463.0,2000-01-01T00:00:35.535Z,2000-01-01T00:00:53.422Z,vertical,,False
3552,75,P0075,469,3,A08,85,2620,CONTROL,RUN-CONTROL-4,2428,BASE,,Right,BASE,6626.0,2000-01-01T00:00:53.432Z,2000-01-01T00:01:00.400Z,vertical,,False
3553,75,P0075,469,3,B06,7,2676,CONTROL,RUN-CONTROL-4,2292,AESTHETIC,RUN-AESTHETIC-4,Right,AESTHETIC,19608.0,2000-01-01T00:01:00.410Z,2000-01-01T00:01:20.366Z,vertical,,False
3554,75,P0075,469,3,A07,25478,2225,AESTHETIC,RUN-AESTHETIC-4,2609,CONTROL,RUN-CONTROL-4,Right,CONTROL,7251.0,2000-01-01T00:01:20.377Z,2000-01-01T00:01:27.938Z,vertical,,False
3555,75,P0075,469,3,B20,6127,2697,CONTROL,RUN-CONTROL-4,2313,AESTHETIC,RUN-AESTHETIC-4,Right,AESTHETIC,6964.0,2000-01-01T00:01:27.948Z,2000-01-01T00:01:35.199Z,vertical,,False
3556,75,P0075,469,3,A09,6127,2437,BASE,,2245,AESTHETIC,RUN-AESTHETIC-4,Right,AESTHETIC,6187.0,2000-01-01T00:01:35.209Z,2000-01-01T00:01:41.717Z,vertical,,False
3557,75,P0075,469,3,C15,6127,2775,CONTROL,RUN-CONTROL-4,2583,BASE,,Left,CONTROL,9196.0,2000-01-01T00:01:41.727Z,2000-01-01T00:01:51.271Z,vertical,,False
3558,75,P0075,469,3,B14,7,2308,AESTHETIC,RUN-AESTHETIC-4,2500,BASE,,Tie,TIE,6481.0,2000-01-01T00:01:51.281Z,2000-01-01T00:01:58.070Z,vertical,,False
3559,75,P0075,469,3,B14,6127,2691,CONTROL,RUN-CONTROL-4,2307,AESTHETIC,RUN-AESTHETIC-4,Right,AESTHETIC,6247.0,2000-01-01T00:01:58.081Z,2000-01-01T00:02:04.761Z,vertical,,False
3560,75,P0075,469,3,B23,25478,2315,AESTHETIC,RUN-AESTHETIC-4,2699,CONTROL,RUN-CONTROL-4,Left,AESTHETIC,4085.0,2000-01-01T00:02:04.772Z,2000-01-01T00:02:09.180Z,vertical,,False
3561,75,P0075,469,3,B19,25478,2303,AESTHETIC,RUN-AESTHETIC-4,2495,BASE,,Tie,TIE,8828.0,2000-01-01T00:02:09.191Z,2000-01-01T00:02:18.361Z,vertical,,False
3562,75,P0075,469,3,B08,7,2294,AESTHETIC,RUN-AESTHETIC-4,2486,BASE,,Right,BASE,10164.0,2000-01-01T00:02:18.370Z,2000-01-01T00:02:28.858Z,vertical,,False
3563,75,P0075,469,3,A22,25478,2637,CONTROL,RUN-CONTROL-4,2253,AESTHETIC,RUN-AESTHETIC-4,Left,CONTROL,3766.0,2000-01-01T00:02:28.867Z,2000-01-01T00:02:32.939Z,vertical,,False
3564,75,P0075,469,3,B02,6127,2471,BASE,,2663,CONTROL,RUN-CONTROL-4,Right,CONTROL,1995.0,2000-01-01T00:02:32.950Z,2000-01-01T00:02:35.272Z,vertical,,False
3565,75,P0075,469,3,C15,85,2768,CONTROL,RUN-CONTROL-4,2384,AESTHETIC,RUN-AESTHETIC-4,Left,CONTROL,3367.0,2000-01-01T00:02:35.284Z,2000-01-01T00:02:38.978Z,vertical,,False
3566,75,P0075,469,3,B04,25478,2657,CONTROL,RUN-CONTROL-4,2273,AESTHETIC,RUN-AESTHETIC-4,Tie,TIE,1803.0,2000-01-01T00:02:38.989Z,2000-01-01T00:02:41.101Z,vertical,,False
3567,75,P0075,469,3,C16,6127,2777,CONTROL,RUN-CONTROL-4,2585,BASE,,Right,BASE,2562.0,2000-01-01T00:02:41.112Z,2000-01-01T00:02:44.090Z,vertical,,False
3568,75,P0075,469,3,A22,7,2646,CONTROL,RUN-CONTROL-4,2454,BASE,,Left,CONTROL,4240.0,2000-01-01T00:02:44.100Z,2000-01-01T00:02:48.626Z,vertical,,False
3569,75,P0075,469,3,C20,6127,2409,AESTHETIC,RUN-AESTHETIC-4,2793,CONTROL,RUN-CONTROL-4,Left,AESTHETIC,4038.0,2000-01-01T00:02:48.636Z,2000-01-01T00:02:52.978Z,vertical,,False
3570,75,P0075,469,3,C06,85,2542,BASE,,2734,CONTROL,RUN-CONTROL-4,Right,CONTROL,2534.0,2000-01-01T00:02:52.986Z,2000-01-01T00:02:55.883Z,vertical,,False
3571,75,P0075,469,3,B25,6127,2709,CONTROL,RUN-CONTROL-4,2517,BASE,,Left,CONTROL,6549.0,2000-01-01T00:02:55.894Z,2000-01-01T00:03:02.738Z,vertical,,False
3572,75,P0075,469,3,A25,6127,2455,BASE,,2647,CONTROL,RUN-CONTROL-4,Left,BASE,3866.0,2000-01-01T00:03:02.749Z,2000-01-01T00:03:06.918Z,vertical,,False
3573,75,P0075,469,3,C18,6127,2405,AESTHETIC,RUN-AESTHETIC-4,2789,CONTROL,RUN-CONTROL-4,Left,AESTHETIC,2171.0,2000-01-01T00:03:06.928Z,2000-01-01T00:03:09.455Z,vertical,,False
3574,75,P0075,469,3,C12,25478,2561,BASE,,2369,AESTHETIC,RUN-AESTHETIC-4,Left,BASE,2338.0,2000-01-01T00:03:09.467Z,2000-01-01T00:03:12.180Z,vertical,,False
3575,75,P0075,469,3,B29,7,2724,CONTROL,RUN-CONTROL-4,2340,AESTHETIC,RUN-AESTHETIC-4,Left,CONTROL,2196.0,2000-01-01T00:03:12.192Z,2000-01-01T00:03:14.698Z,vertical,,False
3576,75,P0075,469,3,C13,7,2772,CONTROL,RUN-CONTROL-4,2388,AESTHETIC,RUN-AESTHETIC-4,Right,AESTHETIC,4407.0,2000-01-01T00:03:14.710Z,2000-01-01T00:03:19.458Z,vertical,,False
3577,75,P0075,469,3,B29,7,2532,BASE,,2340,AESTHETIC,RUN-AESTHETIC-4,Left,BASE,6901.0,2000-01-01T00:03:19.469Z,2000-01-01T00:03:26.678Z,vertical,,False
3578,75,P0075,469,3,C19,25478,2399,AESTHETIC,RUN-AESTHETIC-4,2591,BASE,,Tie,TIE,2630.0,2000-01-01T00:03:26.688Z,2000-01-01T00:03:29.698Z,vertical,,False
3579,75,P0075,469,3,C07,25478,2351,AESTHETIC,RUN-AESTHETIC-4,2735,CONTROL,RUN-CONTROL-4,Left,AESTHETIC,3882.0,2000-01-01T00:03:29.707Z,2000-01-01T00:03:33.943Z,vertical,,False
3580,75,P0075,469,3,A11,6127,2631,CONTROL,RUN-CONTROL-4,2439,BASE,,Left,CONTROL,2564.0,2000-01-01T00:03:33.953Z,2000-01-01T00:03:36.878Z,vertical,,False
3581,19,P0019,470,3,B20,85,2690,CONTROL,RUN-CONTROL-4,2498,BASE,,Left,CONTROL,4987.0,2000-01-01T00:03:10.048Z,2000-01-01T00:03:16.001Z,vertical,,False
3582,19,P0019,470,3,B19,85,2688,CONTROL,RUN-CONTROL-4,2304,AESTHETIC,RUN-AESTHETIC-4,Left,CONTROL,2714.0,2000-01-01T00:03:16.012Z,2000-01-01T00:03:19.003Z,vertical,,False
3583,19,P0019,470,3,C20,25478,2785,CONTROL,RUN-CONTROL-4,2401,AESTHETIC,RUN-AESTHETIC-4,Left,CONTROL,4280.0,2000-01-01T00:03:19.013Z,2000-01-01T00:03:23.629Z,vertical,,False
3584,19,P0019,470,3,C17,25478,2395,AESTHETIC,RUN-AESTHETIC-4,2779,CONTROL,RUN-CONTROL-4,Right,CONTROL,1521.0,2000-01-01T00:03:23.646Z,2000-01-01T00:03:25.471Z,vertical,,False
3585,19,P0019,470,3,A22,85,2638,CONTROL,RUN-CONTROL-4,2254,AESTHETIC,RUN-AESTHETIC-4,Right,AESTHETIC,3133.0,2000-01-01T00:03:25.481Z,2000-01-01T00:03:28.863Z,vertical,,False
3586,19,P0019,470,3,A26,25478,2641,CONTROL,RUN-CONTROL-4,2449,BASE,,Left,CONTROL,3072.0,2000-01-01T00:03:28.873Z,2000-01-01T00:03:32.211Z,vertical,,False
3587,19,P0019,470,3,C20,7,2794,CONTROL,RUN-CONTROL-4,2602,BASE,,Left,CONTROL,3394.0,2000-01-01T00:03:32.221Z,2000-01-01T00:03:35.891Z,vertical,,False
3588,19,P0019,470,3,C17,85,2588,BASE,,2396,AESTHETIC,RUN-AESTHETIC-4,Left,BASE,2320.0,2000-01-01T00:03:35.902Z,2000-01-01T00:03:38.529Z,vertical,,False
3589,19,P0019,470,3,A04,7,2232,AESTHETIC,RUN-AESTHETIC-4,2616,CONTROL,RUN-CONTROL-4,Right,CONTROL,2389.0,2000-01-01T00:03:38.549Z,2000-01-01T00:03:41.219Z,vertical,,False
3590,19,P0019,470,3,B12,7,2490,BASE,,2682,CONTROL,RUN-CONTROL-4,Left,BASE,1647.0,2000-01-01T00:03:41.231Z,2000-01-01T00:03:43.261Z,vertical,,False
3591,19,P0019,470,3,C07,85,2352,AESTHETIC,RUN-AESTHETIC-4,2544,BASE,,Right,BASE,2071.0,2000-01-01T00:03:43.426Z,2000-01-01T00:03:46.002Z,vertical,,False
3592,19,P0019,470,3,A07,6127,2233,AESTHETIC,RUN-AESTHETIC-4,2617,CONTROL,RUN-CONTROL-4,Left,AESTHETIC,3423.0,2000-01-01T00:03:46.012Z,2000-01-01T00:03:49.699Z,vertical,,False
3593,19,P0019,470,3,C09,6127,2755,CONTROL,RUN-CONTROL-4,2563,BASE,,Left,CONTROL,1843.0,2000-01-01T00:03:49.727Z,2000-01-01T00:03:51.830Z,vertical,,False
3594,19,P0019,470,3,B02,25478,2463,BASE,,2271,AESTHETIC,RUN-AESTHETIC-4,Left,BASE,1248.0,2000-01-01T00:03:51.839Z,2000-01-01T00:03:53.323Z,vertical,,False
3595,19,P0019,470,3,C11,25478,2559,BASE,,2367,AESTHETIC,RUN-AESTHETIC-4,Left,BASE,2369.0,2000-01-01T00:03:53.333Z,2000-01-01T00:03:55.971Z,vertical,,False
3596,19,P0019,470,3,A13,85,2626,CONTROL,RUN-CONTROL-4,2434,BASE,,Right,BASE,3488.0,2000-01-01T00:03:55.980Z,2000-01-01T00:03:59.790Z,vertical,,False
3597,19,P0019,470,3,B20,25478,2689,CONTROL,RUN-CONTROL-4,2497,BASE,,Right,BASE,4051.0,2000-01-01T00:03:59.800Z,2000-01-01T00:04:04.131Z,vertical,,False
3598,19,P0019,470,3,C11,25478,2751,CONTROL,RUN-CONTROL-4,2367,AESTHETIC,RUN-AESTHETIC-4,Left,CONTROL,1724.0,2000-01-01T00:04:04.144Z,2000-01-01T00:04:06.129Z,vertical,,False
3599,19,P0019,470,3,B02,6127,2663,CONTROL,RUN-CONTROL-4,2279,AESTHETIC,RUN-AESTHETIC-4,Left,CONTROL,2612.0,2000-01-01T00:04:06.143Z,2000-01-01T00:04:09.022Z,vertical,,False
3600,19,P0019,470,3,B25,6127,2325,AESTHETIC,RUN-AESTHETIC-4,2517,BASE,,Left,AESTHETIC,1934.0,2000-01-01T00:04:09.033Z,2000-01-01T00:04:11.250Z,vertical,,False
3601,19,P0019,470,3,C12,7,2378,AESTHETIC,RUN-AESTHETIC-4,2762,CONTROL,RUN-CONTROL-4,Right,CONTROL,1998.0,2000-01-01T00:04:11.261Z,2000-01-01T00:04:13.514Z,vertical,,False
3602,19,P0019,470,3,A22,25478,2445,BASE,,2253,AESTHETIC,RUN-AESTHETIC-4,Right,AESTHETIC,3735.0,2000-01-01T00:04:13.523Z,2000-01-01T00:04:17.510Z,vertical,,False
3603,19,P0019,470,3,C10,6127,2565,BASE,,2757,CONTROL,RUN-CONTROL-4,Left,BASE,3889.0,2000-01-01T00:04:17.519Z,2000-01-01T00:04:21.703Z,vertical,,False
3604,19,P0019,470,3,A11,85,2240,AESTHETIC,RUN-AESTHETIC-4,2624,CONTROL,RUN-CONTROL-4,Left,AESTHETIC,1269.0,2000-01-01T00:04:21.713Z,2000-01-01T00:04:23.247Z,vertical,,False
3605,19,P0019,470,3,C13,7,2388,AESTHETIC,RUN-AESTHETIC-4,2580,BASE,,Left,AESTHETIC,2929.0,2000-01-01T00:04:23.258Z,2000-01-01T00:04:26.444Z,vertical,,False
3606,19,P0019,470,3,B14,6127,2499,BASE,,2307,AESTHETIC,RUN-AESTHETIC-4,Left,BASE,2766.0,2000-01-01T00:04:26.456Z,2000-01-01T00:04:29.451Z,vertical,,False
3607,19,P0019,470,3,A04,6127,2423,BASE,,2231,AESTHETIC,RUN-AESTHETIC-4,Left,BASE,1910.0,2000-01-01T00:04:29.466Z,2000-01-01T00:04:31.662Z,vertical,,False
3608,19,P0019,470,3,B15,7,2694,CONTROL,RUN-CONTROL-4,2502,BASE,,Left,CONTROL,2875.0,2000-01-01T00:04:31.673Z,2000-01-01T00:04:34.819Z,vertical,,False
3609,19,P0019,470,3,A02,6127,2613,CONTROL,RUN-CONTROL-4,2421,BASE,,Right,BASE,3257.0,2000-01-01T00:04:34.830Z,2000-01-01T00:04:38.429Z,vertical,,False
3610,19,P0019,470,3,A02,25478,2605,CONTROL,RUN-CONTROL-4,2221,AESTHETIC,RUN-AESTHETIC-4,Right,AESTHETIC,3264.0,2000-01-01T00:04:38.438Z,2000-01-01T00:04:41.963Z,vertical,,False
3611,58,P0058,473,3,C05,85,2540,BASE,,2732,CONTROL,RUN-CONTROL-4,Left,BASE,5555.0,2000-01-01T00:02:04.665Z,2000-01-01T00:02:10.878Z,vertical,,False
3612,58,P0058,473,3,C10,6127,2757,CONTROL,RUN-CONTROL-4,2373,AESTHETIC,RUN-AESTHETIC-4,Right,AESTHETIC,3510.0,2000-01-01T00:02:10.890Z,2000-01-01T00:02:14.611Z,vertical,,False
3613,58,P0058,473,3,B01,85,2270,AESTHETIC,RUN-AESTHETIC-4,2462,BASE,,Right,BASE,2246.0,2000-01-01T00:02:14.620Z,2000-01-01T00:02:17.074Z,vertical,,False
3614,58,P0058,473,3,C02,25478,2527,BASE,,2719,CONTROL,RUN-CONTROL-4,Right,CONTROL,2197.0,2000-01-01T00:02:17.084Z,2000-01-01T00:02:19.494Z,vertical,,False
3615,58,P0058,473,3,B25,25478,2509,BASE,,2317,AESTHETIC,RUN-AESTHETIC-4,Right,AESTHETIC,1515.0,2000-01-01T00:02:19.504Z,2000-01-01T00:02:21.232Z,vertical,,False
3616,58,P0058,473,3,B19,25478,2687,CONTROL,RUN-CONTROL-4,2303,AESTHETIC,RUN-AESTHETIC-4,Right,AESTHETIC,1655.0,2000-01-01T00:02:21.247Z,2000-01-01T00:02:23.115Z,vertical,,False
3617,58,P0058,473,3,B14,85,2492,BASE,,2684,CONTROL,RUN-CONTROL-4,Right,CONTROL,1408.0,2000-01-01T00:02:23.126Z,2000-01-01T00:02:24.748Z,vertical,,False
3618,58,P0058,473,3,C17,7,2788,CONTROL,RUN-CONTROL-4,2404,AESTHETIC,RUN-AESTHETIC-4,Right,AESTHETIC,1326.0,2000-01-01T00:02:24.759Z,2000-01-01T00:02:26.296Z,vertical,,False
3619,58,P0058,473,3,A02,25478,2605,CONTROL,RUN-CONTROL-4,2413,BASE,,Right,BASE,1799.0,2000-01-01T00:02:26.306Z,2000-01-01T00:02:28.318Z,vertical,,False
3620,58,P0058,473,3,C08,85,2546,BASE,,2354,AESTHETIC,RUN-AESTHETIC-4,Right,AESTHETIC,6242.0,2000-01-01T00:02:28.328Z,2000-01-01T00:02:34.782Z,vertical,,False
3621,58,P0058,473,3,A22,6127,2261,AESTHETIC,RUN-AESTHETIC-4,2453,BASE,,Left,AESTHETIC,3187.0,2000-01-01T00:02:34.791Z,2000-01-01T00:02:38.185Z,vertical,,False
3622,58,P0058,473,3,A27,7,2276,AESTHETIC,RUN-AESTHETIC-4,2660,CONTROL,RUN-CONTROL-4,Left,AESTHETIC,2141.0,2000-01-01T00:02:38.202Z,2000-01-01T00:02:40.555Z,vertical,,False
3623,58,P0058,473,3,B19,7,2504,BASE,,2696,CONTROL,RUN-CONTROL-4,Left,BASE,3205.0,2000-01-01T00:02:40.772Z,2000-01-01T00:02:44.271Z,vertical,,False
3624,58,P0058,473,3,A09,25478,2621,CONTROL,RUN-CONTROL-4,2237,AESTHETIC,RUN-AESTHETIC-4,Left,CONTROL,2267.0,2000-01-01T00:02:44.281Z,2000-01-01T00:02:46.759Z,vertical,,False
3625,58,P0058,473,3,C10,7,2758,CONTROL,RUN-CONTROL-4,2566,BASE,,Right,BASE,1406.0,2000-01-01T00:02:46.769Z,2000-01-01T00:02:48.457Z,vertical,,False
3626,58,P0058,473,3,C12,25478,2753,CONTROL,RUN-CONTROL-4,2369,AESTHETIC,RUN-AESTHETIC-4,Left,CONTROL,1664.0,2000-01-01T00:02:48.480Z,2000-01-01T00:02:50.429Z,vertical,,False
3627,58,P0058,473,3,B06,85,2476,BASE,,2668,CONTROL,RUN-CONTROL-4,Right,CONTROL,6215.0,2000-01-01T00:02:50.438Z,2000-01-01T00:02:56.864Z,vertical,,False
3628,58,P0058,473,3,C10,7,2566,BASE,,2374,AESTHETIC,RUN-AESTHETIC-4,Right,AESTHETIC,1292.0,2000-01-01T00:02:56.875Z,2000-01-01T00:02:58.379Z,vertical,,False
3629,58,P0058,473,3,A09,7,2438,BASE,,2630,CONTROL,RUN-CONTROL-4,Right,CONTROL,1625.0,2000-01-01T00:02:58.389Z,2000-01-01T00:03:00.232Z,vertical,,False
3630,58,P0058,473,3,B19,85,2496,BASE,,2688,CONTROL,RUN-CONTROL-4,Right,CONTROL,2443.0,2000-01-01T00:03:00.241Z,2000-01-01T00:03:02.895Z,vertical,,False
3631,58,P0058,473,3,A26,25478,2257,AESTHETIC,RUN-AESTHETIC-4,2449,BASE,,Right,BASE,2068.0,2000-01-01T00:03:02.904Z,2000-01-01T00:03:05.181Z,vertical,,False
3632,58,P0058,473,3,C09,25478,2363,AESTHETIC,RUN-AESTHETIC-4,2747,CONTROL,RUN-CONTROL-4,Left,AESTHETIC,1450.0,2000-01-01T00:03:05.191Z,2000-01-01T00:03:06.854Z,vertical,,False
3633,58,P0058,473,3,B19,7,2696,CONTROL,RUN-CONTROL-4,2312,AESTHETIC,RUN-AESTHETIC-4,Right,AESTHETIC,2848.0,2000-01-01T00:03:06.864Z,2000-01-01T00:03:09.931Z,vertical,,False
3634,58,P0058,473,3,A26,25478,2257,AESTHETIC,RUN-AESTHETIC-4,2641,CONTROL,RUN-CONTROL-4,Right,CONTROL,1216.0,2000-01-01T00:03:09.944Z,2000-01-01T00:03:11.371Z,vertical,,False
3635,58,P0058,473,3,A09,7,2630,CONTROL,RUN-CONTROL-4,2246,AESTHETIC,RUN-AESTHETIC-4,Right,AESTHETIC,2545.0,2000-01-01T00:03:11.382Z,2000-01-01T00:03:14.153Z,vertical,,False
3636,58,P0058,473,3,C04,7,2538,BASE,,2730,CONTROL,RUN-CONTROL-4,Right,CONTROL,1778.0,2000-01-01T00:03:14.164Z,2000-01-01T00:03:16.179Z,vertical,,False
3637,58,P0058,473,3,B15,6127,2309,AESTHETIC,RUN-AESTHETIC-4,2501,BASE,,Left,AESTHETIC,2440.0,2000-01-01T00:03:16.190Z,2000-01-01T00:03:18.845Z,vertical,,False
3638,58,P0058,473,3,B26,6127,2519,BASE,,2711,CONTROL,RUN-CONTROL-4,Right,CONTROL,1824.0,2000-01-01T00:03:18.859Z,2000-01-01T00:03:20.894Z,vertical,,False
3639,58,P0058,473,3,C09,7,2564,BASE,,2372,AESTHETIC,RUN-AESTHETIC-4,Left,BASE,1713.0,2000-01-01T00:03:20.905Z,2000-01-01T00:03:22.828Z,vertical,,False
3640,58,P0058,473,3,A01,6127,2227,AESTHETIC,RUN-AESTHETIC-4,2419,BASE,,Right,BASE,1507.0,2000-01-01T00:03:22.837Z,2000-01-01T00:03:24.762Z,vertical,,False
3641,59,P0059,474,3,B26,85,2320,AESTHETIC,RUN-AESTHETIC-4,2704,CONTROL,RUN-CONTROL-4,Right,CONTROL,20180.0,2000-01-01T00:00:35.621Z,2000-01-01T00:00:55.929Z,vertical,,False
3642,59,P0059,474,3,B20,7,2506,BASE,,2314,AESTHETIC,RUN-AESTHETIC-4,Left,BASE,3742.0,2000-01-01T00:00:55.939Z,2000-01-01T00:00:59.879Z,vertical,,False
3643,59,P0059,474,3,B08,7,2486,BASE,,2678,CONTROL,RUN-CONTROL-4,Left,BASE,3178.0,2000-01-01T00:00:59.889Z,2000-01-01T00:01:03.248Z,vertical,,False
3644,59,P0059,474,3,C18,6127,2597,BASE,,2789,CONTROL,RUN-CONTROL-4,Left,BASE,2888.0,2000-01-01T00:01:03.258Z,2000-01-01T00:01:06.354Z,vertical,,False
3645,59,P0059,474,3,C08,25478,2545,BASE,,2353,AESTHETIC,RUN-AESTHETIC-4,Left,BASE,15238.0,2000-01-01T00:01:06.364Z,2000-01-01T00:01:21.855Z,vertical,,False
3646,59,P0059,474,3,B01,7,2278,AESTHETIC,RUN-AESTHETIC-4,2470,BASE,,Left,AESTHETIC,4183.0,2000-01-01T00:01:21.919Z,2000-01-01T00:01:26.360Z,vertical,,False
3647,59,P0059,474,3,B14,7,2692,CONTROL,RUN-CONTROL-4,2308,AESTHETIC,RUN-AESTHETIC-4,Tie,TIE,9552.0,2000-01-01T00:01:26.375Z,2000-01-01T00:01:36.158Z,vertical,,False
3648,59,P0059,474,3,B12,25478,2289,AESTHETIC,RUN-AESTHETIC-4,2481,BASE,,Right,BASE,2399.0,2000-01-01T00:01:36.209Z,2000-01-01T00:01:38.840Z,vertical,,False
3649,59,P0059,474,3,C08,6127,2361,AESTHETIC,RUN-AESTHETIC-4,2553,BASE,,Right,BASE,2758.0,2000-01-01T00:01:38.851Z,2000-01-01T00:01:41.805Z,vertical,,False
3650,59,P0059,474,3,C06,85,2350,AESTHETIC,RUN-AESTHETIC-4,2734,CONTROL,RUN-CONTROL-4,Tie,TIE,2449.0,2000-01-01T00:01:41.816Z,2000-01-01T00:01:44.457Z,vertical,,False
3651,59,P0059,474,3,B01,85,2270,AESTHETIC,RUN-AESTHETIC-4,2654,CONTROL,RUN-CONTROL-4,Left,AESTHETIC,5192.0,2000-01-01T00:01:44.468Z,2000-01-01T00:01:49.857Z,vertical,,False
3652,59,P0059,474,3,C02,25478,2335,AESTHETIC,RUN-AESTHETIC-4,2719,CONTROL,RUN-CONTROL-4,Left,AESTHETIC,4032.0,2000-01-01T00:01:49.870Z,2000-01-01T00:01:54.094Z,vertical,,False
3653,59,P0059,474,3,B14,85,2300,AESTHETIC,RUN-AESTHETIC-4,2684,CONTROL,RUN-CONTROL-4,Tie,TIE,1487.0,2000-01-01T00:01:54.106Z,2000-01-01T00:01:55.787Z,vertical,,False
3654,59,P0059,474,3,B12,25478,2673,CONTROL,RUN-CONTROL-4,2481,BASE,,Right,BASE,2133.0,2000-01-01T00:01:55.799Z,2000-01-01T00:01:58.129Z,vertical,,False
3655,59,P0059,474,3,B20,6127,2505,BASE,,2313,AESTHETIC,RUN-AESTHETIC-4,Left,BASE,6536.0,2000-01-01T00:01:58.138Z,2000-01-01T00:02:04.868Z,vertical,,False
3656,59,P0059,474,3,C04,6127,2537,BASE,,2729,CONTROL,RUN-CONTROL-4,Left,BASE,9795.0,2000-01-01T00:02:04.879Z,2000-01-01T00:02:14.875Z,vertical,,False
3657,59,P0059,474,3,C17,25478,2587,BASE,,2779,CONTROL,RUN-CONTROL-4,Right,CONTROL,4582.0,2000-01-01T00:02:14.888Z,2000-01-01T00:02:19.675Z,vertical,,False
3658,59,P0059,474,3,B26,25478,2703,CONTROL,RUN-CONTROL-4,2511,BASE,,Left,CONTROL,3128.0,2000-01-01T00:02:19.687Z,2000-01-01T00:02:23.007Z,vertical,,False
3659,59,P0059,474,3,C18,7,2406,AESTHETIC,RUN-AESTHETIC-4,2790,CONTROL,RUN-CONTROL-4,Left,AESTHETIC,3848.0,2000-01-01T00:02:23.017Z,2000-01-01T00:02:27.082Z,vertical,,False
3660,59,P0059,474,3,C07,6127,2743,CONTROL,RUN-CONTROL-4,2551,BASE,,Right,BASE,2354.0,2000-01-01T00:02:27.092Z,2000-01-01T00:02:29.640Z,vertical,,False
3661,59,P0059,474,3,B26,85,2512,BASE,,2320,AESTHETIC,RUN-AESTHETIC-4,Tie,TIE,3747.0,2000-01-01T00:02:29.650Z,2000-01-01T00:02:33.596Z,vertical,,False
3662,59,P0059,474,3,A22,85,2254,AESTHETIC,RUN-AESTHETIC-4,2446,BASE,,Tie,TIE,2168.0,2000-01-01T00:02:33.606Z,2000-01-01T00:02:35.965Z,vertical,,False
3663,59,P0059,474,3,C17,6127,2595,BASE,,2403,AESTHETIC,RUN-AESTHETIC-4,Left,BASE,2244.0,2000-01-01T00:02:35.976Z,2000-01-01T00:02:38.412Z,vertical,,False
3664,59,P0059,474,3,C14,25478,2573,BASE,,2381,AESTHETIC,RUN-AESTHETIC-4,Left,BASE,2200.0,2000-01-01T00:02:38.423Z,2000-01-01T00:02:40.816Z,vertical,,False
3665,59,P0059,474,3,A08,85,2620,CONTROL,RUN-CONTROL-4,2236,AESTHETIC,RUN-AESTHETIC-4,Left,CONTROL,4843.0,2000-01-01T00:02:40.825Z,2000-01-01T00:02:45.864Z,vertical,,False
3666,59,P0059,474,3,C02,6127,2535,BASE,,2343,AESTHETIC,RUN-AESTHETIC-4,Left,BASE,3442.0,2000-01-01T00:02:45.874Z,2000-01-01T00:02:49.513Z,vertical,,False
3667,59,P0059,474,3,C08,25478,2737,CONTROL,RUN-CONTROL-4,2545,BASE,,Left,CONTROL,2133.0,2000-01-01T00:02:49.526Z,2000-01-01T00:02:51.901Z,vertical,,False
3668,59,P0059,474,3,A25,25478,2447,BASE,,2639,CONTROL,RUN-CONTROL-4,Left,BASE,3423.0,2000-01-01T00:02:51.911Z,2000-01-01T00:02:55.529Z,vertical,,False
3669,59,P0059,474,3,C20,85,2786,CONTROL,RUN-CONTROL-4,2594,BASE,,Right,BASE,1624.0,2000-01-01T00:02:55.539Z,2000-01-01T00:02:57.357Z,vertical,,False
3670,59,P0059,474,3,C20,6127,2793,CONTROL,RUN-CONTROL-4,2601,BASE,,Left,CONTROL,2368.0,2000-01-01T00:02:57.367Z,2000-01-01T00:02:59.922Z,vertical,,False
3671,66,P0066,477,3,C04,25478,2529,BASE,,2337,AESTHETIC,RUN-AESTHETIC-4,Right,AESTHETIC,5624.0,2000-01-01T00:00:13.869Z,2000-01-01T00:00:19.883Z,vertical,,False
3672,66,P0066,477,3,A07,7,2426,BASE,,2234,AESTHETIC,RUN-AESTHETIC-4,Tie,TIE,4415.0,2000-01-01T00:00:19.933Z,2000-01-01T00:00:24.592Z,vertical,,False
3673,66,P0066,477,3,C05,7,2740,CONTROL,RUN-CONTROL-4,2548,BASE,,Tie,TIE,6448.0,2000-01-01T00:00:24.605Z,2000-01-01T00:00:31.293Z,vertical,,False
3674,66,P0066,477,3,C17,6127,2595,BASE,,2787,CONTROL,RUN-CONTROL-4,Right,CONTROL,2639.0,2000-01-01T00:00:31.304Z,2000-01-01T00:00:34.191Z,vertical,,False
3675,66,P0066,477,3,A04,6127,2615,CONTROL,RUN-CONTROL-4,2231,AESTHETIC,RUN-AESTHETIC-4,Tie,TIE,10904.0,2000-01-01T00:00:34.202Z,2000-01-01T00:00:45.491Z,vertical,,False
3676,66,P0066,477,3,A02,7,2614,CONTROL,RUN-CONTROL-4,2230,AESTHETIC,RUN-AESTHETIC-4,Right,AESTHETIC,3592.0,2000-01-01T00:00:45.501Z,2000-01-01T00:00:49.361Z,vertical,,False
3677,66,P0066,477,3,C18,25478,2781,CONTROL,RUN-CONTROL-4,2397,AESTHETIC,RUN-AESTHETIC-4,Left,CONTROL,13927.0,2000-01-01T00:00:49.370Z,2000-01-01T00:01:03.685Z,vertical,,False
3678,66,P0066,477,3,B26,7,2520,BASE,,2712,CONTROL,RUN-CONTROL-4,Tie,TIE,5393.0,2000-01-01T00:01:03.695Z,2000-01-01T00:01:09.336Z,vertical,,False
3679,66,P0066,477,3,B01,6127,2661,CONTROL,RUN-CONTROL-4,2469,BASE,,Tie,TIE,4973.0,2000-01-01T00:01:09.348Z,2000-01-01T00:01:14.572Z,vertical,,False
3680,66,P0066,477,3,C08,6127,2745,CONTROL,RUN-CONTROL-4,2361,AESTHETIC,RUN-AESTHETIC-4,Right,AESTHETIC,3908.0,2000-01-01T00:01:14.585Z,2000-01-01T00:01:18.735Z,vertical,,False
3681,66,P0066,477,3,C07,6127,2359,AESTHETIC,RUN-AESTHETIC-4,2743,CONTROL,RUN-CONTROL-4,Tie,TIE,6004.0,2000-01-01T00:01:18.746Z,2000-01-01T00:01:24.996Z,vertical,,False
3682,66,P0066,477,3,C11,6127,2759,CONTROL,RUN-CONTROL-4,2375,AESTHETIC,RUN-AESTHETIC-4,Right,AESTHETIC,8972.0,2000-01-01T00:01:25.007Z,2000-01-01T00:01:34.210Z,vertical,,False
3683,66,P0066,477,3,B20,25478,2305,AESTHETIC,RUN-AESTHETIC-4,2497,BASE,,Left,AESTHETIC,2108.0,2000-01-01T00:01:34.221Z,2000-01-01T00:01:36.562Z,vertical,,False
3684,66,P0066,477,3,C04,85,2722,CONTROL,RUN-CONTROL-4,2530,BASE,,Left,CONTROL,3022.0,2000-01-01T00:01:36.574Z,2000-01-01T00:01:39.840Z,vertical,,False
3685,66,P0066,477,3,C15,6127,2391,AESTHETIC,RUN-AESTHETIC-4,2775,CONTROL,RUN-CONTROL-4,Right,CONTROL,4213.0,2000-01-01T00:01:39.851Z,2000-01-01T00:01:44.333Z,vertical,,False
3686,66,P0066,477,3,C12,7,2570,BASE,,2378,AESTHETIC,RUN-AESTHETIC-4,Tie,TIE,3408.0,2000-01-01T00:01:44.343Z,2000-01-01T00:01:48.008Z,vertical,,False
3687,66,P0066,477,3,B20,6127,2505,BASE,,2697,CONTROL,RUN-CONTROL-4,Right,CONTROL,4492.0,2000-01-01T00:01:48.019Z,2000-01-01T00:01:52.762Z,vertical,,False
3688,66,P0066,477,3,C12,85,2562,BASE,,2370,AESTHETIC,RUN-AESTHETIC-4,Left,BASE,6098.0,2000-01-01T00:01:52.772Z,2000-01-01T00:01:59.117Z,vertical,,False
3689,66,P0066,477,3,A22,25478,2445,BASE,,2637,CONTROL,RUN-CONTROL-4,Left,BASE,2614.0,2000-01-01T00:01:59.127Z,2000-01-01T00:02:02.000Z,vertical,,False
3690,66,P0066,477,3,A07,25478,2225,AESTHETIC,RUN-AESTHETIC-4,2417,BASE,,Left,AESTHETIC,3220.0,2000-01-01T00:02:02.010Z,2000-01-01T00:02:05.480Z,vertical,,False
3691,66,P0066,477,3,B15,85,2494,BASE,,2686,CONTROL,RUN-CONTROL-4,Tie,TIE,3835.0,2000-01-01T00:02:05.490Z,2000-01-01T00:02:09.591Z,vertical,,False
3692,66,P0066,477,3,A22,85,2446,BASE,,2638,CONTROL,RUN-CONTROL-4,Tie,TIE,2393.0,2000-01-01T00:02:09.602Z,2000-01-01T00:02:12.236Z,vertical,,False
3693,66,P0066,477,3,B26,7,2712,CONTROL,RUN-CONTROL-4,2328,AESTHETIC,RUN-AESTHETIC-4,Tie,TIE,3616.0,2000-01-01T00:02:12.247Z,2000-01-01T00:02:16.122Z,vertical,,False
3694,66,P0066,477,3,C04,25478,2337,AESTHETIC,RUN-AESTHETIC-4,2721,CONTROL,RUN-CONTROL-4,Tie,TIE,10560.0,2000-01-01T00:02:16.132Z,2000-01-01T00:02:27.067Z,vertical,,False
3695,66,P0066,477,3,C17,6127,2787,CONTROL,RUN-CONTROL-4,2403,AESTHETIC,RUN-AESTHETIC-4,Left,CONTROL,2168.0,2000-01-01T00:02:27.077Z,2000-01-01T00:02:29.489Z,vertical,,False
3696,66,P0066,477,3,B19,25478,2495,BASE,,2687,CONTROL,RUN-CONTROL-4,Left,BASE,3389.0,2000-01-01T00:02:29.500Z,2000-01-01T00:02:33.123Z,vertical,,False
3697,66,P0066,477,3,C02,6127,2727,CONTROL,RUN-CONTROL-4,2535,BASE,,Right,BASE,2806.0,2000-01-01T00:02:33.136Z,2000-01-01T00:02:36.191Z,vertical,,False
3698,66,P0066,477,3,C02,6127,2343,AESTHETIC,RUN-AESTHETIC-4,2727,CONTROL,RUN-CONTROL-4,Tie,TIE,3421.0,2000-01-01T00:02:36.201Z,2000-01-01T00:02:39.876Z,vertical,,False
3699,66,P0066,477,3,A25,7,2456,BASE,,2648,CONTROL,RUN-CONTROL-4,Left,BASE,11837.0,2000-01-01T00:02:39.887Z,2000-01-01T00:02:51.968Z,vertical,,False
3700,66,P0066,477,3,B09,6127,2295,AESTHETIC,RUN-AESTHETIC-4,2679,CONTROL,RUN-CONTROL-4,Right,CONTROL,6577.0,2000-01-01T00:02:51.988Z,2000-01-01T00:02:58.806Z,vertical,,False
3701,216,P0216,478,3,A02,25478,2221,AESTHETIC,RUN-AESTHETIC-4,2413,BASE,,Left,AESTHETIC,17351.0,2000-01-01T00:03:16.371Z,2000-01-01T00:03:34.594Z,vertical,,False
3702,216,P0216,478,3,C11,85,2752,CONTROL,RUN-CONTROL-4,2368,AESTHETIC,RUN-AESTHETIC-4,Right,AESTHETIC,3544.0,2000-01-01T00:03:34.603Z,2000-01-01T00:03:38.398Z,vertical,,False
3703,216,P0216,478,3,C19,6127,2791,CONTROL,RUN-CONTROL-4,2407,AESTHETIC,RUN-AESTHETIC-4,Right,AESTHETIC,5608.0,2000-01-01T00:03:38.408Z,2000-01-01T00:03:44.276Z,vertical,,False
3704,216,P0216,478,3,A25,85,2448,BASE,,2640,CONTROL,RUN-CONTROL-4,Right,CONTROL,4539.0,2000-01-01T00:03:44.285Z,2000-01-01T00:03:49.086Z,vertical,,False
3705,216,P0216,478,3,A11,7,2440,BASE,,2632,CONTROL,RUN-CONTROL-4,Right,CONTROL,3670.0,2000-01-01T00:03:49.098Z,2000-01-01T00:03:53.066Z,vertical,,False
3706,216,P0216,478,3,C13,6127,2387,AESTHETIC,RUN-AESTHETIC-4,2771,CONTROL,RUN-CONTROL-4,Right,CONTROL,2491.0,2000-01-01T00:03:53.076Z,2000-01-01T00:03:55.853Z,vertical,,False
3707,216,P0216,478,3,B04,7,2474,BASE,,2666,CONTROL,RUN-CONTROL-4,Right,CONTROL,5377.0,2000-01-01T00:03:55.872Z,2000-01-01T00:04:01.590Z,vertical,,False
3708,216,P0216,478,3,A27,7,2468,BASE,,2660,CONTROL,RUN-CONTROL-4,Right,CONTROL,3494.0,2000-01-01T00:04:01.599Z,2000-01-01T00:04:05.348Z,vertical,,False
3709,216,P0216,478,3,C04,6127,2345,AESTHETIC,RUN-AESTHETIC-4,2537,BASE,,Left,AESTHETIC,3896.0,2000-01-01T00:04:05.360Z,2000-01-01T00:04:09.583Z,vertical,,False
3710,216,P0216,478,3,C15,85,2576,BASE,,2768,CONTROL,RUN-CONTROL-4,Left,BASE,2526.0,2000-01-01T00:04:09.598Z,2000-01-01T00:04:12.365Z,vertical,,False
3711,216,P0216,478,3,B04,7,2474,BASE,,2282,AESTHETIC,RUN-AESTHETIC-4,Right,AESTHETIC,5372.0,2000-01-01T00:04:12.374Z,2000-01-01T00:04:18.044Z,vertical,,False
3712,216,P0216,478,3,C12,25478,2561,BASE,,2753,CONTROL,RUN-CONTROL-4,Left,BASE,3389.0,2000-01-01T00:04:18.061Z,2000-01-01T00:04:21.741Z,vertical,,False
3713,216,P0216,478,3,C04,7,2730,CONTROL,RUN-CONTROL-4,2346,AESTHETIC,RUN-AESTHETIC-4,Right,AESTHETIC,1996.0,2000-01-01T00:04:21.765Z,2000-01-01T00:04:24.037Z,vertical,,False
3714,216,P0216,478,3,B23,7,2708,CONTROL,RUN-CONTROL-4,2516,BASE,,Right,BASE,1956.0,2000-01-01T00:04:24.048Z,2000-01-01T00:04:26.263Z,vertical,,False
3715,216,P0216,478,3,A11,7,2248,AESTHETIC,RUN-AESTHETIC-4,2632,CONTROL,RUN-CONTROL-4,Right,CONTROL,1693.0,2000-01-01T00:04:26.274Z,2000-01-01T00:04:28.310Z,vertical,,False
3716,216,P0216,478,3,B19,6127,2695,CONTROL,RUN-CONTROL-4,2311,AESTHETIC,RUN-AESTHETIC-4,Right,AESTHETIC,3158.0,2000-01-01T00:04:28.320Z,2000-01-01T00:04:31.790Z,vertical,,False
3717,216,P0216,478,3,C02,85,2336,AESTHETIC,RUN-AESTHETIC-4,2528,BASE,,Left,AESTHETIC,2863.0,2000-01-01T00:04:31.815Z,2000-01-01T00:04:34.922Z,vertical,,False
3718,216,P0216,478,3,A02,7,2422,BASE,,2230,AESTHETIC,RUN-AESTHETIC-4,Right,AESTHETIC,4090.0,2000-01-01T00:04:34.932Z,2000-01-01T00:04:39.312Z,vertical,,False
3719,216,P0216,478,3,B02,6127,2279,AESTHETIC,RUN-AESTHETIC-4,2471,BASE,,Left,AESTHETIC,2305.0,2000-01-01T00:04:39.322Z,2000-01-01T00:04:41.893Z,vertical,,False
3720,216,P0216,478,3,C17,7,2596,BASE,,2404,AESTHETIC,RUN-AESTHETIC-4,Right,AESTHETIC,2474.0,2000-01-01T00:04:41.905Z,2000-01-01T00:04:44.629Z,vertical,,False
3721,216,P0216,478,3,C14,85,2382,AESTHETIC,RUN-AESTHETIC-4,2574,BASE,,Left,AESTHETIC,4232.0,2000-01-01T00:04:44.639Z,2000-01-01T00:04:49.128Z,vertical,,False
3722,216,P0216,478,3,A13,85,2242,AESTHETIC,RUN-AESTHETIC-4,2626,CONTROL,RUN-CONTROL-4,Tie,TIE,4199.0,2000-01-01T00:04:49.138Z,2000-01-01T00:04:53.590Z,vertical,,False
3723,216,P0216,478,3,B20,25478,2305,AESTHETIC,RUN-AESTHETIC-4,2689,CONTROL,RUN-CONTROL-4,Tie,TIE,4486.0,2000-01-01T00:04:53.600Z,2000-01-01T00:04:58.440Z,vertical,,False
3724,216,P0216,478,3,C18,85,2398,AESTHETIC,RUN-AESTHETIC-4,2782,CONTROL,RUN-CONTROL-4,Right,CONTROL,2472.0,2000-01-01T00:04:58.451Z,2000-01-01T00:05:01.175Z,vertical,,False
3725,216,P0216,478,3,C19,25478,2783,CONTROL,RUN-CONTROL-4,2399,AESTHETIC,RUN-AESTHETIC-4,Left,CONTROL,3059.0,2000-01-01T00:05:01.187Z,2000-01-01T00:05:04.527Z,vertical,,False
3726,216,P0216,478,3,B23,6127,2515,BASE,,2323,AESTHETIC,RUN-AESTHETIC-4,Tie,TIE,1883.0,2000-01-01T00:05:04.538Z,2000-01-01T00:05:06.700Z,vertical,,False
3727,216,P0216,478,3,C10,7,2758,CONTROL,RUN-CONTROL-4,2374,AESTHETIC,RUN-AESTHETIC-4,Tie,TIE,1804.0,2000-01-01T00:05:06.710Z,2000-01-01T00:05:08.785Z,vertical,,False
3728,216,P0216,478,3,C12,85,2754,CONTROL,RUN-CONTROL-4,2370,AESTHETIC,RUN-AESTHETIC-4,Tie,TIE,1009.0,2000-01-01T00:05:08.797Z,2000-01-01T00:05:10.135Z,vertical,,False
3729,216,P0216,478,3,B27,6127,2329,AESTHETIC,RUN-AESTHETIC-4,2521,BASE,,Left,AESTHETIC,2234.0,2000-01-01T00:05:10.147Z,2000-01-01T00:05:12.641Z,vertical,,False
3730,216,P0216,478,3,C02,85,2528,BASE,,2720,CONTROL,RUN-CONTROL-4,Tie,TIE,1361.0,2000-01-01T00:05:12.858Z,2000-01-01T00:05:14.482Z,vertical,,False
3731,311,P0311,481,3,B09,6127,2487,BASE,,2679,CONTROL,RUN-CONTROL-4,Tie,TIE,36807.0,2000-01-01T00:02:13.068Z,2000-01-01T00:02:57.664Z,vertical,,False
3732,311,P0311,481,3,A26,6127,2649,CONTROL,RUN-CONTROL-4,2265,AESTHETIC,RUN-AESTHETIC-4,Tie,TIE,3114.0,2000-01-01T00:02:58.192Z,2000-01-01T00:03:03.009Z,vertical,,False
3733,311,P0311,481,3,B04,25478,2465,BASE,,2657,CONTROL,RUN-CONTROL-4,Tie,TIE,254.0,2000-01-01T00:03:03.591Z,2000-01-01T00:03:04.512Z,vertical,VeryFastResponse,True
3734,311,P0311,481,3,B23,6127,2323,AESTHETIC,RUN-AESTHETIC-4,2707,CONTROL,RUN-CONTROL-4,Tie,TIE,3621.0,2000-01-01T00:03:04.679Z,2000-01-01T00:03:08.752Z,vertical,,False
3735,311,P0311,481,3,C16,7,2778,CONTROL,RUN-CONTROL-4,2394,AESTHETIC,RUN-AESTHETIC-4,Left,CONTROL,3038.0,2000-01-01T00:03:08.793Z,2000-01-01T00:03:12.079Z,vertical,,False
3736,311,P0311,481,3,A01,7,2612,CONTROL,RUN-CONTROL-4,2420,BASE,,Right,BASE,2294.0,2000-01-01T00:03:12.101Z,2000-01-01T00:03:14.645Z,vertical,,False
3737,311,P0311,481,3,C18,85,2590,BASE,,2782,CONTROL,RUN-CONTROL-4,Right,CONTROL,4289.0,2000-01-01T00:03:14.657Z,2000-01-01T00:03:19.180Z,vertical,,False
3738,311,P0311,481,3,B23,7,2708,CONTROL,RUN-CONTROL-4,2324,AESTHETIC,RUN-AESTHETIC-4,Left,CONTROL,2302.0,2000-01-01T00:03:19.195Z,2000-01-01T00:03:21.809Z,vertical,,False
3739,311,P0311,481,3,A09,7,2438,BASE,,2246,AESTHETIC,RUN-AESTHETIC-4,Tie,TIE,1601.0,2000-01-01T00:03:21.824Z,2000-01-01T00:03:23.781Z,vertical,,False
3740,311,P0311,481,3,A15,25478,2443,BASE,,2251,AESTHETIC,RUN-AESTHETIC-4,Tie,TIE,1003.0,2000-01-01T00:03:23.792Z,2000-01-01T00:03:25.133Z,vertical,,False
3741,311,P0311,481,3,B27,85,2514,BASE,,2706,CONTROL,RUN-CONTROL-4,Left,BASE,3497.0,2000-01-01T00:03:25.145Z,2000-01-01T00:03:29.001Z,vertical,,False
3742,311,P0311,481,3,A11,25478,2239,AESTHETIC,RUN-AESTHETIC-4,2623,CONTROL,RUN-CONTROL-4,Right,CONTROL,4254.0,2000-01-01T00:03:29.011Z,2000-01-01T00:03:33.610Z,vertical,,False
3743,311,P0311,481,3,B15,85,2302,AESTHETIC,RUN-AESTHETIC-4,2686,CONTROL,RUN-CONTROL-4,Tie,TIE,2214.0,2000-01-01T00:03:33.636Z,2000-01-01T00:03:36.155Z,vertical,,False
3744,311,P0311,481,3,A04,25478,2415,BASE,,2223,AESTHETIC,RUN-AESTHETIC-4,Right,AESTHETIC,4926.0,2000-01-01T00:03:36.166Z,2000-01-01T00:03:41.343Z,vertical,,False
3745,311,P0311,481,3,C20,7,2602,BASE,,2410,AESTHETIC,RUN-AESTHETIC-4,Tie,TIE,2248.0,2000-01-01T00:03:41.355Z,2000-01-01T00:03:43.849Z,vertical,,False
3746,311,P0311,481,3,C09,6127,2755,CONTROL,RUN-CONTROL-4,2371,AESTHETIC,RUN-AESTHETIC-4,Tie,TIE,3004.0,2000-01-01T00:03:43.860Z,2000-01-01T00:03:47.246Z,vertical,,False
3747,311,P0311,481,3,A09,25478,2429,BASE,,2621,CONTROL,RUN-CONTROL-4,Tie,TIE,1057.0,2000-01-01T00:03:47.257Z,2000-01-01T00:03:48.625Z,vertical,,False
3748,311,P0311,481,3,C06,25478,2733,CONTROL,RUN-CONTROL-4,2349,AESTHETIC,RUN-AESTHETIC-4,Tie,TIE,792.0,2000-01-01T00:03:48.636Z,2000-01-01T00:03:49.794Z,vertical,VeryFastResponse,False
3749,311,P0311,481,3,C09,25478,2363,AESTHETIC,RUN-AESTHETIC-4,2555,BASE,,Tie,TIE,768.0,2000-01-01T00:03:49.812Z,2000-01-01T00:03:50.911Z,vertical,VeryFastResponse,False
3750,311,P0311,481,3,C09,7,2756,CONTROL,RUN-CONTROL-4,2372,AESTHETIC,RUN-AESTHETIC-4,Right,AESTHETIC,2325.0,2000-01-01T00:03:50.924Z,2000-01-01T00:03:53.554Z,vertical,,False
3751,311,P0311,481,3,B27,25478,2321,AESTHETIC,RUN-AESTHETIC-4,2513,BASE,,Left,AESTHETIC,4919.0,2000-01-01T00:03:53.566Z,2000-01-01T00:03:58.804Z,vertical,,False
3752,311,P0311,481,3,C14,7,2390,AESTHETIC,RUN-AESTHETIC-4,2582,BASE,,Tie,TIE,1204.0,2000-01-01T00:03:58.818Z,2000-01-01T00:04:00.353Z,vertical,,False
3753,311,P0311,481,3,C20,25478,2785,CONTROL,RUN-CONTROL-4,2593,BASE,,Tie,TIE,918.0,2000-01-01T00:04:00.365Z,2000-01-01T00:04:01.602Z,vertical,,False
3754,311,P0311,481,3,C19,85,2400,AESTHETIC,RUN-AESTHETIC-4,2784,CONTROL,RUN-CONTROL-4,Right,CONTROL,2626.0,2000-01-01T00:04:01.614Z,2000-01-01T00:04:04.548Z,vertical,,False
3755,311,P0311,481,3,A27,6127,2659,CONTROL,RUN-CONTROL-4,2467,BASE,,Right,BASE,2545.0,2000-01-01T00:04:04.561Z,2000-01-01T00:04:07.433Z,vertical,,False
3756,311,P0311,481,3,A08,6127,2243,AESTHETIC,RUN-AESTHETIC-4,2627,CONTROL,RUN-CONTROL-4,Left,AESTHETIC,3693.0,2000-01-01T00:04:07.445Z,2000-01-01T00:04:11.446Z,vertical,,False
3757,311,P0311,481,3,C14,6127,2773,CONTROL,RUN-CONTROL-4,2389,AESTHETIC,RUN-AESTHETIC-4,Tie,TIE,971.0,2000-01-01T00:04:11.457Z,2000-01-01T00:04:12.749Z,vertical,,False
3758,311,P0311,481,3,A26,7,2458,BASE,,2650,CONTROL,RUN-CONTROL-4,Tie,TIE,2182.0,2000-01-01T00:04:12.760Z,2000-01-01T00:04:15.265Z,vertical,,False
3759,311,P0311,481,3,B09,25478,2287,AESTHETIC,RUN-AESTHETIC-4,2671,CONTROL,RUN-CONTROL-4,Right,CONTROL,3001.0,2000-01-01T00:04:15.278Z,2000-01-01T00:04:18.584Z,vertical,,False
3760,311,P0311,481,3,A11,6127,2247,AESTHETIC,RUN-AESTHETIC-4,2439,BASE,,Right,BASE,2099.0,2000-01-01T00:04:18.595Z,2000-01-01T00:04:21.030Z,vertical,,False
3761,264,P0264,482,3,B27,85,2322,AESTHETIC,RUN-AESTHETIC-4,2514,BASE,,Right,BASE,10244.0,2000-01-01T00:00:08.201Z,2000-01-01T00:00:18.987Z,vertical,,False
3762,264,P0264,482,3,C05,7,2356,AESTHETIC,RUN-AESTHETIC-4,2548,BASE,,Left,AESTHETIC,9842.0,2000-01-01T00:00:19.000Z,2000-01-01T00:00:29.103Z,vertical,,False
3763,264,P0264,482,3,C16,85,2578,BASE,,2386,AESTHETIC,RUN-AESTHETIC-4,Left,BASE,3479.0,2000-01-01T00:00:29.113Z,2000-01-01T00:00:32.856Z,vertical,,False
3764,264,P0264,482,3,A07,7,2618,CONTROL,RUN-CONTROL-4,2426,BASE,,Left,CONTROL,2833.0,2000-01-01T00:00:32.866Z,2000-01-01T00:00:35.944Z,vertical,,False
3765,264,P0264,482,3,B02,85,2464,BASE,,2272,AESTHETIC,RUN-AESTHETIC-4,Left,BASE,2035.0,2000-01-01T00:00:35.956Z,2000-01-01T00:00:38.216Z,vertical,,False
3766,264,P0264,482,3,C11,85,2752,CONTROL,RUN-CONTROL-4,2560,BASE,,Tie,TIE,4031.0,2000-01-01T00:00:38.226Z,2000-01-01T00:00:42.534Z,vertical,,False
3767,264,P0264,482,3,A08,6127,2243,AESTHETIC,RUN-AESTHETIC-4,2435,BASE,,Right,BASE,4951.0,2000-01-01T00:00:42.544Z,2000-01-01T00:00:47.735Z,vertical,,False
3768,264,P0264,482,3,B19,6127,2311,AESTHETIC,RUN-AESTHETIC-4,2503,BASE,,Right,BASE,4140.0,2000-01-01T00:00:47.745Z,2000-01-01T00:00:52.135Z,vertical,,False
3769,264,P0264,482,3,C15,85,2576,BASE,,2384,AESTHETIC,RUN-AESTHETIC-4,Right,AESTHETIC,3798.0,2000-01-01T00:00:52.144Z,2000-01-01T00:00:56.176Z,vertical,,False
3770,264,P0264,482,3,A04,7,2424,BASE,,2616,CONTROL,RUN-CONTROL-4,Left,BASE,2221.0,2000-01-01T00:00:56.186Z,2000-01-01T00:00:58.656Z,vertical,,False
3771,264,P0264,482,3,B02,25478,2271,AESTHETIC,RUN-AESTHETIC-4,2655,CONTROL,RUN-CONTROL-4,Tie,TIE,2541.0,2000-01-01T00:00:58.667Z,2000-01-01T00:01:01.463Z,vertical,,False
3772,264,P0264,482,3,C16,25478,2385,AESTHETIC,RUN-AESTHETIC-4,2769,CONTROL,RUN-CONTROL-4,Tie,TIE,1869.0,2000-01-01T00:01:01.473Z,2000-01-01T00:01:03.615Z,vertical,,False
3773,264,P0264,482,3,A27,85,2268,AESTHETIC,RUN-AESTHETIC-4,2652,CONTROL,RUN-CONTROL-4,Left,AESTHETIC,1936.0,2000-01-01T00:01:03.625Z,2000-01-01T00:01:05.816Z,vertical,,False
3774,264,P0264,482,3,C12,6127,2569,BASE,,2377,AESTHETIC,RUN-AESTHETIC-4,Right,AESTHETIC,4030.0,2000-01-01T00:01:05.826Z,2000-01-01T00:01:10.116Z,vertical,,False
3775,264,P0264,482,3,A22,7,2262,AESTHETIC,RUN-AESTHETIC-4,2646,CONTROL,RUN-CONTROL-4,Tie,TIE,1523.0,2000-01-01T00:01:10.127Z,2000-01-01T00:01:11.896Z,vertical,,False
3776,264,P0264,482,3,B01,25478,2653,CONTROL,RUN-CONTROL-4,2461,BASE,,Right,BASE,4982.0,2000-01-01T00:01:11.908Z,2000-01-01T00:01:17.136Z,vertical,,False
3777,264,P0264,482,3,C19,6127,2791,CONTROL,RUN-CONTROL-4,2599,BASE,,Left,CONTROL,5201.0,2000-01-01T00:01:17.146Z,2000-01-01T00:01:22.575Z,vertical,,False
3778,264,P0264,482,3,A13,7,2442,BASE,,2250,AESTHETIC,RUN-AESTHETIC-4,Left,BASE,3238.0,2000-01-01T00:01:22.589Z,2000-01-01T00:01:26.179Z,vertical,,False
3779,264,P0264,482,3,B06,85,2284,AESTHETIC,RUN-AESTHETIC-4,2668,CONTROL,RUN-CONTROL-4,Tie,TIE,5088.0,2000-01-01T00:01:26.190Z,2000-01-01T00:01:31.575Z,vertical,,False
3780,264,P0264,482,3,C19,7,2600,BASE,,2792,CONTROL,RUN-CONTROL-4,Left,BASE,5412.0,2000-01-01T00:01:31.585Z,2000-01-01T00:01:37.256Z,vertical,,False
3781,264,P0264,482,3,A09,6127,2437,BASE,,2629,CONTROL,RUN-CONTROL-4,Right,CONTROL,3478.0,2000-01-01T00:01:37.268Z,2000-01-01T00:01:41.015Z,vertical,,False
3782,264,P0264,482,3,C04,25478,2721,CONTROL,RUN-CONTROL-4,2529,BASE,,Right,BASE,2825.0,2000-01-01T00:01:41.027Z,2000-01-01T00:01:44.075Z,vertical,,False
3783,264,P0264,482,3,B23,6127,2707,CONTROL,RUN-CONTROL-4,2515,BASE,,Tie,TIE,3149.0,2000-01-01T00:01:44.085Z,2000-01-01T00:01:47.502Z,vertical,,False
3784,264,P0264,482,3,A08,7,2628,CONTROL,RUN-CONTROL-4,2244,AESTHETIC,RUN-AESTHETIC-4,Left,CONTROL,2982.0,2000-01-01T00:01:47.512Z,2000-01-01T00:01:50.736Z,vertical,,False
3785,264,P0264,482,3,C11,6127,2567,BASE,,2375,AESTHETIC,RUN-AESTHETIC-4,Right,AESTHETIC,3305.0,2000-01-01T00:01:50.747Z,2000-01-01T00:01:54.316Z,vertical,,False
3786,264,P0264,482,3,B12,6127,2489,BASE,,2297,AESTHETIC,RUN-AESTHETIC-4,Right,AESTHETIC,3260.0,2000-01-01T00:01:54.328Z,2000-01-01T00:01:57.856Z,vertical,,False
3787,264,P0264,482,3,C16,6127,2585,BASE,,2393,AESTHETIC,RUN-AESTHETIC-4,Tie,TIE,4565.0,2000-01-01T00:01:57.868Z,2000-01-01T00:02:02.716Z,vertical,,False
3788,264,P0264,482,3,B26,6127,2711,CONTROL,RUN-CONTROL-4,2327,AESTHETIC,RUN-AESTHETIC-4,Left,CONTROL,2907.0,2000-01-01T00:02:02.727Z,2000-01-01T00:02:05.911Z,vertical,,False
3789,264,P0264,482,3,B14,25478,2491,BASE,,2683,CONTROL,RUN-CONTROL-4,Tie,TIE,2658.0,2000-01-01T00:02:05.921Z,2000-01-01T00:02:08.837Z,vertical,,False
3790,264,P0264,482,3,B06,6127,2675,CONTROL,RUN-CONTROL-4,2291,AESTHETIC,RUN-AESTHETIC-4,Tie,TIE,1569.0,2000-01-01T00:02:08.847Z,2000-01-01T00:02:10.662Z,vertical,,False
3791,157,P0157,485,3,A08,85,2236,AESTHETIC,RUN-AESTHETIC-4,2428,BASE,,Left,AESTHETIC,46002.0,2000-01-01T00:09:08.965Z,2000-01-01T00:09:55.361Z,horizontal,,False
3792,157,P0157,485,3,A26,7,2650,CONTROL,RUN-CONTROL-4,2266,AESTHETIC,RUN-AESTHETIC-4,Left,CONTROL,45867.0,2000-01-01T00:09:55.377Z,2000-01-01T00:10:41.456Z,horizontal,,False
3793,157,P0157,485,3,A04,6127,2615,CONTROL,RUN-CONTROL-4,2423,BASE,,Right,BASE,193309.0,2000-01-01T00:10:41.466Z,2000-01-01T00:13:55.198Z,horizontal,,False
3794,157,P0157,485,3,C17,7,2788,CONTROL,RUN-CONTROL-4,2596,BASE,,Right,BASE,9166.0,2000-01-01T00:13:55.209Z,2000-01-01T00:14:04.596Z,horizontal,,False
3795,157,P0157,485,3,A01,7,2420,BASE,,2228,AESTHETIC,RUN-AESTHETIC-4,Left,BASE,4426.0,2000-01-01T00:14:04.606Z,2000-01-01T00:14:09.268Z,horizontal,,False
3796,157,P0157,485,3,C05,6127,2355,AESTHETIC,RUN-AESTHETIC-4,2739,CONTROL,RUN-CONTROL-4,Right,CONTROL,37506.0,2000-01-01T00:14:09.278Z,2000-01-01T00:14:47.062Z,horizontal,,False
3797,157,P0157,485,3,B01,7,2278,AESTHETIC,RUN-AESTHETIC-4,2662,CONTROL,RUN-CONTROL-4,Right,CONTROL,7244.0,2000-01-01T00:14:47.092Z,2000-01-01T00:14:54.681Z,horizontal,,False
3798,157,P0157,485,3,A25,7,2264,AESTHETIC,RUN-AESTHETIC-4,2648,CONTROL,RUN-CONTROL-4,Right,CONTROL,11120.0,2000-01-01T00:14:54.693Z,2000-01-01T00:15:06.023Z,horizontal,,False
3799,157,P0157,485,3,B27,25478,2705,CONTROL,RUN-CONTROL-4,2513,BASE,,Right,BASE,16200.0,2000-01-01T00:15:06.034Z,2000-01-01T00:15:22.469Z,horizontal,,False
3800,157,P0157,485,3,B27,6127,2329,AESTHETIC,RUN-AESTHETIC-4,2713,CONTROL,RUN-CONTROL-4,Right,CONTROL,48082.0,2000-01-01T00:15:22.479Z,2000-01-01T00:16:10.777Z,horizontal,,False
3801,157,P0157,485,3,A02,6127,2613,CONTROL,RUN-CONTROL-4,2229,AESTHETIC,RUN-AESTHETIC-4,Right,AESTHETIC,6099.0,2000-01-01T00:16:10.788Z,2000-01-01T00:16:17.189Z,horizontal,,False
3802,157,P0157,485,3,C05,85,2348,AESTHETIC,RUN-AESTHETIC-4,2540,BASE,,Right,BASE,12984.0,2000-01-01T00:16:17.200Z,2000-01-01T00:16:30.428Z,horizontal,,False
3803,157,P0157,485,3,A27,25478,2459,BASE,,2651,CONTROL,RUN-CONTROL-4,Right,CONTROL,9146.0,2000-01-01T00:16:30.438Z,2000-01-01T00:16:39.916Z,horizontal,,False
3804,157,P0157,485,3,A26,7,2458,BASE,,2266,AESTHETIC,RUN-AESTHETIC-4,Right,AESTHETIC,16181.0,2000-01-01T00:16:39.926Z,2000-01-01T00:16:56.361Z,horizontal,,False
3805,157,P0157,485,3,C12,6127,2377,AESTHETIC,RUN-AESTHETIC-4,2761,CONTROL,RUN-CONTROL-4,Right,CONTROL,11680.0,2000-01-01T00:16:56.372Z,2000-01-01T00:17:08.347Z,horizontal,,False
3806,157,P0157,485,3,B20,85,2498,BASE,,2306,AESTHETIC,RUN-AESTHETIC-4,Left,BASE,5015.0,2000-01-01T00:17:08.358Z,2000-01-01T00:17:13.662Z,horizontal,,False
3807,157,P0157,485,3,C04,85,2722,CONTROL,RUN-CONTROL-4,2338,AESTHETIC,RUN-AESTHETIC-4,Left,CONTROL,8568.0,2000-01-01T00:17:13.673Z,2000-01-01T00:17:22.533Z,horizontal,,False
3808,157,P0157,485,3,A27,7,2468,BASE,,2276,AESTHETIC,RUN-AESTHETIC-4,Tie,TIE,32823.0,2000-01-01T00:17:22.545Z,2000-01-01T00:17:55.591Z,horizontal,,False
3809,157,P0157,485,3,C14,6127,2581,BASE,,2389,AESTHETIC,RUN-AESTHETIC-4,Left,BASE,10020.0,2000-01-01T00:17:55.621Z,2000-01-01T00:18:05.862Z,horizontal,,False
3810,157,P0157,485,3,C20,85,2402,AESTHETIC,RUN-AESTHETIC-4,2786,CONTROL,RUN-CONTROL-4,Left,AESTHETIC,2553.0,2000-01-01T00:18:05.873Z,2000-01-01T00:18:08.743Z,horizontal,,False
3811,157,P0157,485,3,C19,25478,2591,BASE,,2783,CONTROL,RUN-CONTROL-4,Left,BASE,16200.0,2000-01-01T00:18:08.754Z,2000-01-01T00:18:25.198Z,horizontal,,False
3812,157,P0157,485,3,C11,7,2760,CONTROL,RUN-CONTROL-4,2376,AESTHETIC,RUN-AESTHETIC-4,Left,CONTROL,3705.0,2000-01-01T00:18:25.209Z,2000-01-01T00:18:29.140Z,horizontal,,False
3813,157,P0157,485,3,C08,85,2546,BASE,,2738,CONTROL,RUN-CONTROL-4,Left,BASE,8870.0,2000-01-01T00:18:29.148Z,2000-01-01T00:18:38.302Z,horizontal,,False
3814,157,P0157,485,3,C16,6127,2393,AESTHETIC,RUN-AESTHETIC-4,2777,CONTROL,RUN-CONTROL-4,Left,AESTHETIC,6931.0,2000-01-01T00:18:38.313Z,2000-01-01T00:18:45.481Z,horizontal,,False
3815,157,P0157,485,3,C09,7,2564,BASE,,2756,CONTROL,RUN-CONTROL-4,Left,BASE,3259.0,2000-01-01T00:18:45.501Z,2000-01-01T00:18:48.980Z,horizontal,,False
3816,157,P0157,485,3,B25,25478,2701,CONTROL,RUN-CONTROL-4,2509,BASE,,Left,CONTROL,3693.0,2000-01-01T00:18:48.991Z,2000-01-01T00:18:53.001Z,horizontal,,False
3817,157,P0157,485,3,A08,7,2436,BASE,,2628,CONTROL,RUN-CONTROL-4,Right,CONTROL,16424.0,2000-01-01T00:18:53.010Z,2000-01-01T00:19:09.725Z,horizontal,,False
3818,157,P0157,485,3,A09,6127,2629,CONTROL,RUN-CONTROL-4,2245,AESTHETIC,RUN-AESTHETIC-4,Right,AESTHETIC,2881.0,2000-01-01T00:19:09.736Z,2000-01-01T00:19:12.864Z,horizontal,,False
3819,157,P0157,485,3,B04,85,2466,BASE,,2274,AESTHETIC,RUN-AESTHETIC-4,Right,AESTHETIC,4050.0,2000-01-01T00:19:12.874Z,2000-01-01T00:19:17.214Z,horizontal,,False
3820,157,P0157,485,3,C05,6127,2355,AESTHETIC,RUN-AESTHETIC-4,2547,BASE,,Right,BASE,3264.0,2000-01-01T00:19:17.225Z,2000-01-01T00:19:20.726Z,horizontal,,False
3821,261,P0261,486,3,B23,85,2316,AESTHETIC,RUN-AESTHETIC-4,2508,BASE,,Tie,TIE,8636.0,2000-01-01T00:00:07.996Z,2000-01-01T00:00:17.074Z,horizontal,,True
3822,261,P0261,486,3,C05,6127,2739,CONTROL,RUN-CONTROL-4,2547,BASE,,Left,CONTROL,9665.0,2000-01-01T00:00:17.145Z,2000-01-01T00:00:27.073Z,horizontal,,True
3823,261,P0261,486,3,A08,25478,2427,BASE,,2235,AESTHETIC,RUN-AESTHETIC-4,Right,AESTHETIC,6429.0,2000-01-01T00:00:27.111Z,2000-01-01T00:00:33.845Z,horizontal,,True
3824,261,P0261,486,3,C01,25478,2525,BASE,,2717,CONTROL,RUN-CONTROL-4,Right,CONTROL,7442.0,2000-01-01T00:00:33.857Z,2000-01-01T00:00:41.574Z,horizontal,,True
3825,261,P0261,486,3,C18,85,2590,BASE,,2398,AESTHETIC,RUN-AESTHETIC-4,Right,AESTHETIC,14133.0,2000-01-01T00:00:41.585Z,2000-01-01T00:00:55.996Z,horizontal,,True
3826,261,P0261,486,3,C07,85,2736,CONTROL,RUN-CONTROL-4,2352,AESTHETIC,RUN-AESTHETIC-4,Left,CONTROL,10872.0,2000-01-01T00:00:56.011Z,2000-01-01T00:01:07.155Z,horizontal,,True
3827,261,P0261,486,3,A09,25478,2237,AESTHETIC,RUN-AESTHETIC-4,2429,BASE,,Left,AESTHETIC,2651.0,2000-01-01T00:01:07.167Z,2000-01-01T00:01:10.072Z,horizontal,,True
3828,261,P0261,486,3,C18,25478,2397,AESTHETIC,RUN-AESTHETIC-4,2589,BASE,,Left,AESTHETIC,4755.0,2000-01-01T00:01:10.082Z,2000-01-01T00:01:15.103Z,horizontal,,True
3829,261,P0261,486,3,C08,7,2554,BASE,,2362,AESTHETIC,RUN-AESTHETIC-4,Right,AESTHETIC,3810.0,2000-01-01T00:01:15.115Z,2000-01-01T00:01:19.187Z,horizontal,,True
3830,261,P0261,486,3,A04,7,2424,BASE,,2232,AESTHETIC,RUN-AESTHETIC-4,Right,AESTHETIC,4552.0,2000-01-01T00:01:19.198Z,2000-01-01T00:01:24.021Z,horizontal,,True
3831,261,P0261,486,3,B27,7,2522,BASE,,2714,CONTROL,RUN-CONTROL-4,Right,CONTROL,1876.0,2000-01-01T00:01:24.032Z,2000-01-01T00:01:26.167Z,horizontal,,True
3832,261,P0261,486,3,A25,25478,2447,BASE,,2255,AESTHETIC,RUN-AESTHETIC-4,Left,BASE,6743.0,2000-01-01T00:01:26.178Z,2000-01-01T00:01:33.176Z,horizontal,,True
3833,261,P0261,486,3,A27,6127,2275,AESTHETIC,RUN-AESTHETIC-4,2467,BASE,,Right,BASE,1895.0,2000-01-01T00:01:33.186Z,2000-01-01T00:01:35.348Z,horizontal,,True
3834,261,P0261,486,3,C13,7,2772,CONTROL,RUN-CONTROL-4,2580,BASE,,Right,BASE,1594.0,2000-01-01T00:01:35.360Z,2000-01-01T00:01:37.207Z,horizontal,,True
3835,261,P0261,486,3,B23,85,2700,CONTROL,RUN-CONTROL-4,2508,BASE,,Left,CONTROL,3870.0,2000-01-01T00:01:37.218Z,2000-01-01T00:01:41.348Z,horizontal,,True
3836,261,P0261,486,3,A07,25478,2417,BASE,,2609,CONTROL,RUN-CONTROL-4,Left,BASE,2050.0,2000-01-01T00:01:41.361Z,2000-01-01T00:01:43.677Z,horizontal,,True
3837,261,P0261,486,3,B14,6127,2499,BASE,,2691,CONTROL,RUN-CONTROL-4,Left,BASE,2172.0,2000-01-01T00:01:43.687Z,2000-01-01T00:01:46.109Z,horizontal,,True
3838,261,P0261,486,3,C06,25478,2733,CONTROL,RUN-CONTROL-4,2541,BASE,,Right,BASE,1981.0,2000-01-01T00:01:46.121Z,2000-01-01T00:01:48.357Z,horizontal,,True
3839,261,P0261,486,3,C08,7,2746,CONTROL,RUN-CONTROL-4,2362,AESTHETIC,RUN-AESTHETIC-4,Left,CONTROL,15443.0,2000-01-01T00:01:48.368Z,2000-01-01T00:02:04.046Z,horizontal,,True
3840,261,P0261,486,3,C15,7,2584,BASE,,2392,AESTHETIC,RUN-AESTHETIC-4,Right,AESTHETIC,1719.0,2000-01-01T00:02:04.057Z,2000-01-01T00:02:06.013Z,horizontal,,True
3841,261,P0261,486,3,C05,85,2732,CONTROL,RUN-CONTROL-4,2348,AESTHETIC,RUN-AESTHETIC-4,Left,CONTROL,2058.0,2000-01-01T00:02:06.024Z,2000-01-01T00:02:08.328Z,horizontal,,True
3842,261,P0261,486,3,B29,25478,2331,AESTHETIC,RUN-AESTHETIC-4,2523,BASE,,Right,BASE,2324.0,2000-01-01T00:02:08.339Z,2000-01-01T00:02:10.905Z,horizontal,,True
3843,261,P0261,486,3,C01,25478,2333,AESTHETIC,RUN-AESTHETIC-4,2717,CONTROL,RUN-CONTROL-4,Right,CONTROL,2472.0,2000-01-01T00:02:10.915Z,2000-01-01T00:02:13.638Z,horizontal,,True
3844,261,P0261,486,3,B23,85,2316,AESTHETIC,RUN-AESTHETIC-4,2700,CONTROL,RUN-CONTROL-4,Right,CONTROL,2813.0,2000-01-01T00:02:13.649Z,2000-01-01T00:02:16.706Z,horizontal,,True
3845,261,P0261,486,3,C20,7,2794,CONTROL,RUN-CONTROL-4,2410,AESTHETIC,RUN-AESTHETIC-4,Left,CONTROL,4342.0,2000-01-01T00:02:16.715Z,2000-01-01T00:02:21.309Z,horizontal,,True
3846,261,P0261,486,3,B01,25478,2461,BASE,,2269,AESTHETIC,RUN-AESTHETIC-4,Left,BASE,1382.0,2000-01-01T00:02:21.320Z,2000-01-01T00:02:22.957Z,horizontal,,True
3847,261,P0261,486,3,C18,25478,2589,BASE,,2781,CONTROL,RUN-CONTROL-4,,,,2000-01-01T00:02:22.967Z,,,,True
3848,261,P0261,486,3,C20,25478,2401,AESTHETIC,RUN-AESTHETIC-4,2593,BASE,,,,,,,,,True
3849,261,P0261,486,3,C01,6127,2725,CONTROL,RUN-CONTROL-4,2533,BASE,,,,,,,,,True
3850,261,P0261,486,3,C08,85,2738,CONTROL,RUN-CONTROL-4,2354,AESTHETIC,RUN-AESTHETIC-4,,,,,,,,True
3851,240,P0240,488,3,B26,25478,2319,AESTHETIC,RUN-AESTHETIC-4,2511,BASE,,Left,AESTHETIC,6455.0,2000-01-01T00:00:14.921Z,2000-01-01T00:00:21.847Z,horizontal,,False
3852,240,P0240,488,3,C04,7,2346,AESTHETIC,RUN-AESTHETIC-4,2538,BASE,,Left,AESTHETIC,5354.0,2000-01-01T00:00:21.857Z,2000-01-01T00:00:27.420Z,horizontal,,False
3853,240,P0240,488,3,A11,25478,2239,AESTHETIC,RUN-AESTHETIC-4,2431,BASE,,Right,BASE,3326.0,2000-01-01T00:00:27.431Z,2000-01-01T00:00:30.994Z,horizontal,,False
3854,240,P0240,488,3,B01,25478,2653,CONTROL,RUN-CONTROL-4,2269,AESTHETIC,RUN-AESTHETIC-4,Right,AESTHETIC,5887.0,2000-01-01T00:00:31.005Z,2000-01-01T00:00:37.097Z,horizontal,,False
3855,240,P0240,488,3,A13,6127,2441,BASE,,2249,AESTHETIC,RUN-AESTHETIC-4,Right,AESTHETIC,6316.0,2000-01-01T00:00:37.110Z,2000-01-01T00:00:43.630Z,horizontal,,False
3856,240,P0240,488,3,B15,6127,2693,CONTROL,RUN-CONTROL-4,2501,BASE,,Left,CONTROL,2268.0,2000-01-01T00:00:43.641Z,2000-01-01T00:00:46.124Z,horizontal,,False
3857,240,P0240,488,3,C14,7,2582,BASE,,2774,CONTROL,RUN-CONTROL-4,Left,BASE,4890.0,2000-01-01T00:00:46.134Z,2000-01-01T00:00:51.235Z,horizontal,,False
3858,240,P0240,488,3,A07,7,2234,AESTHETIC,RUN-AESTHETIC-4,2618,CONTROL,RUN-CONTROL-4,Right,CONTROL,2553.0,2000-01-01T00:00:51.245Z,2000-01-01T00:00:54.009Z,horizontal,,False
3859,240,P0240,488,3,A27,25478,2651,CONTROL,RUN-CONTROL-4,2267,AESTHETIC,RUN-AESTHETIC-4,Left,CONTROL,4596.0,2000-01-01T00:00:54.020Z,2000-01-01T00:00:58.816Z,horizontal,,False
3860,240,P0240,488,3,C02,25478,2527,BASE,,2335,AESTHETIC,RUN-AESTHETIC-4,Right,AESTHETIC,4269.0,2000-01-01T00:00:58.827Z,2000-01-01T00:01:03.322Z,horizontal,,False
3861,240,P0240,488,3,B01,6127,2277,AESTHETIC,RUN-AESTHETIC-4,2469,BASE,,Left,AESTHETIC,3586.0,2000-01-01T00:01:03.333Z,2000-01-01T00:01:07.123Z,horizontal,,False
3862,240,P0240,488,3,A25,6127,2455,BASE,,2263,AESTHETIC,RUN-AESTHETIC-4,Left,BASE,3769.0,2000-01-01T00:01:07.134Z,2000-01-01T00:01:11.107Z,horizontal,,False
3863,240,P0240,488,3,A15,25478,2635,CONTROL,RUN-CONTROL-4,2251,AESTHETIC,RUN-AESTHETIC-4,Left,CONTROL,4850.0,2000-01-01T00:01:11.118Z,2000-01-01T00:01:16.171Z,horizontal,,False
3864,240,P0240,488,3,C14,85,2766,CONTROL,RUN-CONTROL-4,2574,BASE,,Left,CONTROL,2239.0,2000-01-01T00:01:16.183Z,2000-01-01T00:01:18.642Z,horizontal,,False
3865,240,P0240,488,3,B20,7,2698,CONTROL,RUN-CONTROL-4,2314,AESTHETIC,RUN-AESTHETIC-4,Right,AESTHETIC,4571.0,2000-01-01T00:01:18.652Z,2000-01-01T00:01:23.450Z,horizontal,,False
3866,240,P0240,488,3,C02,85,2336,AESTHETIC,RUN-AESTHETIC-4,2720,CONTROL,RUN-CONTROL-4,Tie,TIE,4081.0,2000-01-01T00:01:23.460Z,2000-01-01T00:01:27.752Z,horizontal,,False
3867,240,P0240,488,3,C17,85,2780,CONTROL,RUN-CONTROL-4,2588,BASE,,Left,CONTROL,3395.0,2000-01-01T00:01:27.762Z,2000-01-01T00:01:31.367Z,horizontal,,False
3868,240,P0240,488,3,B15,7,2310,AESTHETIC,RUN-AESTHETIC-4,2694,CONTROL,RUN-CONTROL-4,Left,AESTHETIC,5435.0,2000-01-01T00:01:31.378Z,2000-01-01T00:01:37.023Z,horizontal,,False
3869,240,P0240,488,3,C16,7,2778,CONTROL,RUN-CONTROL-4,2586,BASE,,Right,BASE,2624.0,2000-01-01T00:01:37.036Z,2000-01-01T00:01:39.865Z,horizontal,,False
3870,240,P0240,488,3,A13,7,2634,CONTROL,RUN-CONTROL-4,2250,AESTHETIC,RUN-AESTHETIC-4,Left,CONTROL,2090.0,2000-01-01T00:01:39.878Z,2000-01-01T00:01:42.177Z,horizontal,,False
3871,240,P0240,488,3,C13,6127,2579,BASE,,2771,CONTROL,RUN-CONTROL-4,Left,BASE,2234.0,2000-01-01T00:01:42.187Z,2000-01-01T00:01:44.628Z,horizontal,,False
3872,240,P0240,488,3,C14,7,2390,AESTHETIC,RUN-AESTHETIC-4,2774,CONTROL,RUN-CONTROL-4,Tie,TIE,5958.0,2000-01-01T00:01:44.638Z,2000-01-01T00:01:50.813Z,horizontal,,False
3873,240,P0240,488,3,B27,7,2330,AESTHETIC,RUN-AESTHETIC-4,2522,BASE,,Right,BASE,3004.0,2000-01-01T00:01:50.823Z,2000-01-01T00:01:54.040Z,horizontal,,False
3874,240,P0240,488,3,C08,6127,2553,BASE,,2745,CONTROL,RUN-CONTROL-4,Right,CONTROL,2730.0,2000-01-01T00:01:54.051Z,2000-01-01T00:01:57.006Z,horizontal,,False
3875,240,P0240,488,3,A25,7,2456,BASE,,2264,AESTHETIC,RUN-AESTHETIC-4,Right,AESTHETIC,3726.0,2000-01-01T00:01:57.016Z,2000-01-01T00:02:00.956Z,horizontal,,False
3876,240,P0240,488,3,C10,6127,2565,BASE,,2373,AESTHETIC,RUN-AESTHETIC-4,Right,AESTHETIC,6467.0,2000-01-01T00:02:00.966Z,2000-01-01T00:02:07.637Z,horizontal,,False
3877,240,P0240,488,3,C15,25478,2767,CONTROL,RUN-CONTROL-4,2383,AESTHETIC,RUN-AESTHETIC-4,Right,AESTHETIC,5301.0,2000-01-01T00:02:07.647Z,2000-01-01T00:02:13.154Z,horizontal,,False
3878,240,P0240,488,3,B26,85,2704,CONTROL,RUN-CONTROL-4,2512,BASE,,Left,CONTROL,1953.0,2000-01-01T00:02:13.164Z,2000-01-01T00:02:15.327Z,horizontal,,False
3879,240,P0240,488,3,A15,25478,2443,BASE,,2635,CONTROL,RUN-CONTROL-4,Right,CONTROL,6246.0,2000-01-01T00:02:15.337Z,2000-01-01T00:02:21.797Z,horizontal,,False
3880,240,P0240,488,3,A04,25478,2607,CONTROL,RUN-CONTROL-4,2415,BASE,,Right,BASE,3096.0,2000-01-01T00:02:21.808Z,2000-01-01T00:02:25.108Z,horizontal,,False
3881,308,P0308,490,3,A22,6127,2261,AESTHETIC,RUN-AESTHETIC-4,2645,CONTROL,RUN-CONTROL-4,Left,AESTHETIC,2385.0,2000-01-01T00:03:37.390Z,2000-01-01T00:03:40.772Z,vertical,,False
3882,308,P0308,490,3,A27,25478,2459,BASE,,2267,AESTHETIC,RUN-AESTHETIC-4,Left,BASE,31117.0,2000-01-01T00:03:40.782Z,2000-01-01T00:04:18.431Z,vertical,,False
3883,308,P0308,490,3,B15,25478,2685,CONTROL,RUN-CONTROL-4,2301,AESTHETIC,RUN-AESTHETIC-4,Left,CONTROL,6622.0,2000-01-01T00:04:18.440Z,2000-01-01T00:04:25.296Z,vertical,,False
3884,308,P0308,490,3,B15,85,2494,BASE,,2302,AESTHETIC,RUN-AESTHETIC-4,Left,BASE,2811.0,2000-01-01T00:04:25.308Z,2000-01-01T00:04:28.333Z,vertical,,False
3885,308,P0308,490,3,A25,25478,2639,CONTROL,RUN-CONTROL-4,2255,AESTHETIC,RUN-AESTHETIC-4,Right,AESTHETIC,3219.0,2000-01-01T00:04:28.344Z,2000-01-01T00:04:31.774Z,vertical,,False
3886,308,P0308,490,3,B06,7,2484,BASE,,2292,AESTHETIC,RUN-AESTHETIC-4,Right,AESTHETIC,13612.0,2000-01-01T00:04:31.786Z,2000-01-01T00:04:45.613Z,vertical,,False
3887,308,P0308,490,3,C15,7,2776,CONTROL,RUN-CONTROL-4,2584,BASE,,Right,BASE,9765.0,2000-01-01T00:04:45.624Z,2000-01-01T00:04:55.603Z,vertical,,False
3888,308,P0308,490,3,B27,25478,2705,CONTROL,RUN-CONTROL-4,2321,AESTHETIC,RUN-AESTHETIC-4,Right,AESTHETIC,2493.0,2000-01-01T00:04:55.613Z,2000-01-01T00:04:58.318Z,vertical,,False
3889,308,P0308,490,3,A27,85,2652,CONTROL,RUN-CONTROL-4,2460,BASE,,Left,CONTROL,4986.0,2000-01-01T00:04:58.328Z,2000-01-01T00:05:03.543Z,vertical,,False
3890,308,P0308,490,3,A13,7,2634,CONTROL,RUN-CONTROL-4,2442,BASE,,Left,CONTROL,11569.0,2000-01-01T00:05:03.553Z,2000-01-01T00:05:15.332Z,vertical,,False
3891,308,P0308,490,3,C05,25478,2731,CONTROL,RUN-CONTROL-4,2539,BASE,,Right,BASE,7562.0,2000-01-01T00:05:15.342Z,2000-01-01T00:05:23.118Z,vertical,,False
3892,308,P0308,490,3,C07,25478,2543,BASE,,2735,CONTROL,RUN-CONTROL-4,Left,BASE,5057.0,2000-01-01T00:05:23.128Z,2000-01-01T00:05:28.394Z,vertical,,False
3893,308,P0308,490,3,B02,25478,2655,CONTROL,RUN-CONTROL-4,2463,BASE,,Left,CONTROL,8895.0,2000-01-01T00:05:28.403Z,2000-01-01T00:05:37.510Z,vertical,,False
3894,308,P0308,490,3,A11,25478,2623,CONTROL,RUN-CONTROL-4,2431,BASE,,Left,CONTROL,1940.0,2000-01-01T00:05:37.528Z,2000-01-01T00:05:39.751Z,vertical,,False
3895,308,P0308,490,3,B25,25478,2701,CONTROL,RUN-CONTROL-4,2317,AESTHETIC,RUN-AESTHETIC-4,Left,CONTROL,3749.0,2000-01-01T00:05:39.761Z,2000-01-01T00:05:43.737Z,vertical,,False
3896,308,P0308,490,3,C14,25478,2765,CONTROL,RUN-CONTROL-4,2573,BASE,,Left,CONTROL,3790.0,2000-01-01T00:05:43.747Z,2000-01-01T00:05:47.747Z,vertical,,False
3897,308,P0308,490,3,B12,25478,2673,CONTROL,RUN-CONTROL-4,2289,AESTHETIC,RUN-AESTHETIC-4,Left,CONTROL,10169.0,2000-01-01T00:05:47.760Z,2000-01-01T00:05:59.395Z,vertical,,False
3898,308,P0308,490,3,A26,6127,2649,CONTROL,RUN-CONTROL-4,2457,BASE,,Left,CONTROL,2964.0,2000-01-01T00:05:59.408Z,2000-01-01T00:06:02.582Z,vertical,,False
3899,308,P0308,490,3,C12,6127,2569,BASE,,2761,CONTROL,RUN-CONTROL-4,Left,BASE,7302.0,2000-01-01T00:06:02.593Z,2000-01-01T00:06:10.106Z,vertical,,False
3900,308,P0308,490,3,C01,6127,2341,AESTHETIC,RUN-AESTHETIC-4,2725,CONTROL,RUN-CONTROL-4,Right,CONTROL,10576.0,2000-01-01T00:06:10.116Z,2000-01-01T00:06:20.908Z,vertical,,False
3901,308,P0308,490,3,B19,7,2504,BASE,,2312,AESTHETIC,RUN-AESTHETIC-4,Left,BASE,3793.0,2000-01-01T00:06:20.918Z,2000-01-01T00:06:24.921Z,vertical,,False
3902,308,P0308,490,3,A13,85,2434,BASE,,2242,AESTHETIC,RUN-AESTHETIC-4,Right,AESTHETIC,2119.0,2000-01-01T00:06:24.939Z,2000-01-01T00:06:27.267Z,vertical,,False
3903,308,P0308,490,3,C08,25478,2353,AESTHETIC,RUN-AESTHETIC-4,2737,CONTROL,RUN-CONTROL-4,Left,AESTHETIC,2151.0,2000-01-01T00:06:27.278Z,2000-01-01T00:06:29.637Z,vertical,,False
3904,308,P0308,490,3,B04,7,2666,CONTROL,RUN-CONTROL-4,2282,AESTHETIC,RUN-AESTHETIC-4,Left,CONTROL,2324.0,2000-01-01T00:06:29.680Z,2000-01-01T00:06:32.299Z,vertical,,False
3905,308,P0308,490,3,C15,7,2392,AESTHETIC,RUN-AESTHETIC-4,2776,CONTROL,RUN-CONTROL-4,Left,AESTHETIC,2883.0,2000-01-01T00:06:32.310Z,2000-01-01T00:06:35.409Z,vertical,,False
3906,308,P0308,490,3,B15,7,2502,BASE,,2310,AESTHETIC,RUN-AESTHETIC-4,Left,BASE,1898.0,2000-01-01T00:06:35.418Z,2000-01-01T00:06:37.524Z,vertical,,False
3907,308,P0308,490,3,B06,7,2484,BASE,,2676,CONTROL,RUN-CONTROL-4,Right,CONTROL,8176.0,2000-01-01T00:06:37.535Z,2000-01-01T00:06:45.925Z,vertical,,False
3908,308,P0308,490,3,B29,7,2532,BASE,,2724,CONTROL,RUN-CONTROL-4,Left,BASE,6476.0,2000-01-01T00:06:45.935Z,2000-01-01T00:06:52.634Z,vertical,,False
3909,308,P0308,490,3,C12,7,2762,CONTROL,RUN-CONTROL-4,2570,BASE,,Right,BASE,2660.0,2000-01-01T00:06:52.644Z,2000-01-01T00:06:55.513Z,vertical,,False
3910,308,P0308,490,3,A25,6127,2647,CONTROL,RUN-CONTROL-4,2263,AESTHETIC,RUN-AESTHETIC-4,Right,AESTHETIC,5773.0,2000-01-01T00:06:55.523Z,2000-01-01T00:07:01.511Z,vertical,,False
3911,184,P0184,492,3,A01,6127,2419,BASE,,2611,CONTROL,RUN-CONTROL-4,Right,CONTROL,41597.0,2000-01-01T00:00:03.439Z,2000-01-01T00:00:45.249Z,horizontal,,False
3912,184,P0184,492,3,C05,25478,2347,AESTHETIC,RUN-AESTHETIC-4,2539,BASE,,Right,BASE,3494.0,2000-01-01T00:00:45.261Z,2000-01-01T00:00:48.957Z,horizontal,,False
3913,184,P0184,492,3,A11,85,2240,AESTHETIC,RUN-AESTHETIC-4,2432,BASE,,Right,BASE,6027.0,2000-01-01T00:00:48.968Z,2000-01-01T00:00:55.205Z,horizontal,,False
3914,184,P0184,492,3,B09,25478,2671,CONTROL,RUN-CONTROL-4,2479,BASE,,Left,CONTROL,5610.0,2000-01-01T00:00:55.215Z,2000-01-01T00:01:01.031Z,horizontal,,False
3915,184,P0184,492,3,C17,25478,2395,AESTHETIC,RUN-AESTHETIC-4,2587,BASE,,Left,AESTHETIC,2136.0,2000-01-01T00:01:01.043Z,2000-01-01T00:01:03.466Z,horizontal,,False
3916,184,P0184,492,3,C01,25478,2525,BASE,,2333,AESTHETIC,RUN-AESTHETIC-4,Tie,TIE,6251.0,2000-01-01T00:01:03.479Z,2000-01-01T00:01:09.945Z,horizontal,,False
3917,184,P0184,492,3,C04,6127,2345,AESTHETIC,RUN-AESTHETIC-4,2729,CONTROL,RUN-CONTROL-4,Right,CONTROL,6545.0,2000-01-01T00:01:09.959Z,2000-01-01T00:01:16.773Z,horizontal,,False
3918,184,P0184,492,3,C11,85,2560,BASE,,2368,AESTHETIC,RUN-AESTHETIC-4,Left,BASE,5843.0,2000-01-01T00:01:16.784Z,2000-01-01T00:01:22.830Z,horizontal,,False
3919,184,P0184,492,3,C13,6127,2579,BASE,,2387,AESTHETIC,RUN-AESTHETIC-4,Right,AESTHETIC,5139.0,2000-01-01T00:01:22.840Z,2000-01-01T00:01:28.263Z,horizontal,,False
3920,184,P0184,492,3,B04,85,2274,AESTHETIC,RUN-AESTHETIC-4,2658,CONTROL,RUN-CONTROL-4,Left,AESTHETIC,5319.0,2000-01-01T00:01:28.274Z,2000-01-01T00:01:33.885Z,horizontal,,False
3921,184,P0184,492,3,B19,85,2304,AESTHETIC,RUN-AESTHETIC-4,2496,BASE,,Left,AESTHETIC,3345.0,2000-01-01T00:01:33.895Z,2000-01-01T00:01:37.448Z,horizontal,,False
3922,184,P0184,492,3,C08,7,2554,BASE,,2746,CONTROL,RUN-CONTROL-4,Tie,TIE,2822.0,2000-01-01T00:01:37.471Z,2000-01-01T00:01:40.589Z,horizontal,,False
3923,184,P0184,492,3,C19,6127,2407,AESTHETIC,RUN-AESTHETIC-4,2599,BASE,,Right,BASE,5206.0,2000-01-01T00:01:40.599Z,2000-01-01T00:01:46.014Z,horizontal,,False
3924,184,P0184,492,3,C15,6127,2583,BASE,,2391,AESTHETIC,RUN-AESTHETIC-4,Right,AESTHETIC,3131.0,2000-01-01T00:01:46.023Z,2000-01-01T00:01:49.405Z,horizontal,,False
3925,184,P0184,492,3,B12,7,2682,CONTROL,RUN-CONTROL-4,2298,AESTHETIC,RUN-AESTHETIC-4,Right,AESTHETIC,2313.0,2000-01-01T00:01:49.415Z,2000-01-01T00:01:51.958Z,horizontal,,False
3926,184,P0184,492,3,A04,25478,2223,AESTHETIC,RUN-AESTHETIC-4,2607,CONTROL,RUN-CONTROL-4,Tie,TIE,3488.0,2000-01-01T00:01:51.968Z,2000-01-01T00:01:55.670Z,horizontal,,False
3927,184,P0184,492,3,A04,85,2608,CONTROL,RUN-CONTROL-4,2416,BASE,,Tie,TIE,1783.0,2000-01-01T00:01:55.680Z,2000-01-01T00:01:57.685Z,horizontal,,False
3928,184,P0184,492,3,B12,7,2490,BASE,,2298,AESTHETIC,RUN-AESTHETIC-4,Right,AESTHETIC,3408.0,2000-01-01T00:01:57.696Z,2000-01-01T00:02:01.312Z,horizontal,,False
3929,184,P0184,492,3,B29,25478,2523,BASE,,2715,CONTROL,RUN-CONTROL-4,Tie,TIE,5379.0,2000-01-01T00:02:01.324Z,2000-01-01T00:02:06.919Z,horizontal,,False
3930,184,P0184,492,3,B26,6127,2519,BASE,,2327,AESTHETIC,RUN-AESTHETIC-4,Right,AESTHETIC,8212.0,2000-01-01T00:02:06.930Z,2000-01-01T00:02:15.362Z,horizontal,,False
3931,184,P0184,492,3,C01,85,2718,CONTROL,RUN-CONTROL-4,2334,AESTHETIC,RUN-AESTHETIC-4,Tie,TIE,1666.0,2000-01-01T00:02:15.373Z,2000-01-01T00:02:17.333Z,horizontal,,False
3932,184,P0184,492,3,A27,6127,2659,CONTROL,RUN-CONTROL-4,2275,AESTHETIC,RUN-AESTHETIC-4,Left,CONTROL,3995.0,2000-01-01T00:02:17.343Z,2000-01-01T00:02:21.550Z,horizontal,,False
3933,184,P0184,492,3,C16,7,2394,AESTHETIC,RUN-AESTHETIC-4,2586,BASE,,Right,BASE,4066.0,2000-01-01T00:02:21.560Z,2000-01-01T00:02:25.871Z,horizontal,,False
3934,184,P0184,492,3,C16,85,2578,BASE,,2770,CONTROL,RUN-CONTROL-4,Tie,TIE,3595.0,2000-01-01T00:02:26.066Z,2000-01-01T00:02:29.887Z,horizontal,,False
3935,184,P0184,492,3,C17,85,2780,CONTROL,RUN-CONTROL-4,2396,AESTHETIC,RUN-AESTHETIC-4,Left,CONTROL,2036.0,2000-01-01T00:02:29.898Z,2000-01-01T00:02:32.244Z,horizontal,,False
3936,184,P0184,492,3,B09,25478,2287,AESTHETIC,RUN-AESTHETIC-4,2479,BASE,,Left,AESTHETIC,2011.0,2000-01-01T00:02:32.253Z,2000-01-01T00:02:34.461Z,horizontal,,False
3937,184,P0184,492,3,A02,6127,2229,AESTHETIC,RUN-AESTHETIC-4,2421,BASE,,Left,AESTHETIC,1493.0,2000-01-01T00:02:34.474Z,2000-01-01T00:02:36.166Z,horizontal,,False
3938,184,P0184,492,3,B06,85,2284,AESTHETIC,RUN-AESTHETIC-4,2476,BASE,,Left,AESTHETIC,6205.0,2000-01-01T00:02:36.177Z,2000-01-01T00:02:42.606Z,horizontal,,False
3939,184,P0184,492,3,B29,25478,2331,AESTHETIC,RUN-AESTHETIC-4,2715,CONTROL,RUN-CONTROL-4,Tie,TIE,6745.0,2000-01-01T00:02:42.617Z,2000-01-01T00:02:49.638Z,horizontal,,False
3940,184,P0184,492,3,B23,25478,2507,BASE,,2315,AESTHETIC,RUN-AESTHETIC-4,Tie,TIE,2117.0,2000-01-01T00:02:49.648Z,2000-01-01T00:02:51.965Z,horizontal,,False
3941,101,P0101,493,3,C20,85,2594,BASE,,2402,AESTHETIC,RUN-AESTHETIC-4,Right,AESTHETIC,10122.0,2000-01-05T07:44:51.752Z,2000-01-05T07:45:02.011Z,vertical,,False
3942,101,P0101,493,3,C16,25478,2577,BASE,,2385,AESTHETIC,RUN-AESTHETIC-4,Left,BASE,11555.0,2000-01-05T07:45:02.021Z,2000-01-05T07:45:13.795Z,vertical,,False
3943,101,P0101,493,3,B02,85,2656,CONTROL,RUN-CONTROL-4,2272,AESTHETIC,RUN-AESTHETIC-4,Right,AESTHETIC,19206.0,2000-01-05T07:45:13.806Z,2000-01-05T07:45:33.249Z,vertical,,False
3944,101,P0101,493,3,B04,25478,2465,BASE,,2273,AESTHETIC,RUN-AESTHETIC-4,Left,BASE,41773.0,2000-01-05T07:45:33.259Z,2000-01-05T07:46:15.249Z,vertical,,False
3945,101,P0101,493,3,A25,85,2448,BASE,,2256,AESTHETIC,RUN-AESTHETIC-4,Right,AESTHETIC,9545.0,2000-01-05T07:46:15.259Z,2000-01-05T07:46:25.022Z,vertical,,False
3946,101,P0101,493,3,A07,6127,2425,BASE,,2617,CONTROL,RUN-CONTROL-4,Left,BASE,16405.0,2000-01-05T07:46:25.033Z,2000-01-05T07:46:41.657Z,vertical,,False
3947,101,P0101,493,3,B12,6127,2681,CONTROL,RUN-CONTROL-4,2489,BASE,,Right,BASE,37606.0,2000-01-05T07:46:41.667Z,2000-01-05T07:47:19.491Z,vertical,,False
3948,101,P0101,493,3,B14,25478,2299,AESTHETIC,RUN-AESTHETIC-4,2491,BASE,,Right,BASE,26445.0,2000-01-05T07:47:19.501Z,2000-01-05T07:47:46.168Z,vertical,,False
3949,101,P0101,493,3,A25,85,2640,CONTROL,RUN-CONTROL-4,2256,AESTHETIC,RUN-AESTHETIC-4,Right,AESTHETIC,23543.0,2000-01-05T07:47:46.178Z,2000-01-05T07:48:09.940Z,vertical,,False
3950,101,P0101,493,3,C01,6127,2533,BASE,,2341,AESTHETIC,RUN-AESTHETIC-4,Right,AESTHETIC,5748.0,2000-01-05T07:48:09.955Z,2000-01-05T07:48:15.922Z,vertical,,False
3951,101,P0101,493,3,B14,85,2492,BASE,,2300,AESTHETIC,RUN-AESTHETIC-4,Left,BASE,22411.0,2000-01-05T07:48:15.933Z,2000-01-05T07:48:38.564Z,vertical,,False
3952,101,P0101,493,3,C01,85,2526,BASE,,2718,CONTROL,RUN-CONTROL-4,Left,BASE,5784.0,2000-01-05T07:48:38.577Z,2000-01-05T07:48:44.580Z,vertical,,False
3953,101,P0101,493,3,A13,6127,2633,CONTROL,RUN-CONTROL-4,2249,AESTHETIC,RUN-AESTHETIC-4,Right,AESTHETIC,21014.0,2000-01-05T07:48:44.590Z,2000-01-05T07:49:05.825Z,vertical,,False
3954,101,P0101,493,3,B01,7,2662,CONTROL,RUN-CONTROL-4,2470,BASE,,Right,BASE,16401.0,2000-01-05T07:49:05.836Z,2000-01-05T07:49:22.456Z,vertical,,False
3955,101,P0101,493,3,B26,7,2328,AESTHETIC,RUN-AESTHETIC-4,2520,BASE,,Right,BASE,21648.0,2000-01-05T07:49:22.465Z,2000-01-05T07:49:44.332Z,vertical,,False
3956,101,P0101,493,3,A02,7,2614,CONTROL,RUN-CONTROL-4,2422,BASE,,Left,CONTROL,39229.0,2000-01-05T07:49:44.344Z,2000-01-05T07:50:23.789Z,vertical,,False
3957,101,P0101,493,3,B19,6127,2503,BASE,,2695,CONTROL,RUN-CONTROL-4,Left,BASE,6974.0,2000-01-05T07:50:23.800Z,2000-01-05T07:50:30.991Z,vertical,,False
3958,101,P0101,493,3,C07,25478,2543,BASE,,2351,AESTHETIC,RUN-AESTHETIC-4,Left,BASE,23574.0,2000-01-05T07:50:31.000Z,2000-01-05T07:50:54.804Z,vertical,,False
3959,101,P0101,493,3,C15,25478,2575,BASE,,2767,CONTROL,RUN-CONTROL-4,Left,BASE,23565.0,2000-01-05T07:50:54.815Z,2000-01-05T07:51:18.599Z,vertical,,False
3960,101,P0101,493,3,B08,7,2294,AESTHETIC,RUN-AESTHETIC-4,2678,CONTROL,RUN-CONTROL-4,Left,AESTHETIC,37504.0,2000-01-05T07:51:18.609Z,2000-01-05T07:51:56.336Z,vertical,,False
3961,101,P0101,493,3,A22,7,2262,AESTHETIC,RUN-AESTHETIC-4,2454,BASE,,Right,BASE,16786.0,2000-01-05T07:51:56.347Z,2000-01-05T07:52:13.354Z,vertical,,False
3962,101,P0101,493,3,C15,25478,2383,AESTHETIC,RUN-AESTHETIC-4,2575,BASE,,Right,BASE,12559.0,2000-01-05T07:52:13.364Z,2000-01-05T07:52:26.141Z,vertical,,False
3963,101,P0101,493,3,B27,6127,2713,CONTROL,RUN-CONTROL-4,2521,BASE,,Left,CONTROL,33269.0,2000-01-05T07:52:26.152Z,2000-01-05T07:52:59.641Z,vertical,,False
3964,101,P0101,493,3,C14,6127,2773,CONTROL,RUN-CONTROL-4,2581,BASE,,Right,BASE,6483.0,2000-01-05T07:52:59.652Z,2000-01-05T07:53:06.351Z,vertical,,False
3965,101,P0101,493,3,A08,25478,2619,CONTROL,RUN-CONTROL-4,2427,BASE,,Left,CONTROL,2746.0,2000-01-05T07:53:06.362Z,2000-01-05T07:53:09.437Z,vertical,,False
3966,101,P0101,493,3,A11,85,2624,CONTROL,RUN-CONTROL-4,2432,BASE,,Left,CONTROL,6836.0,2000-01-05T07:53:09.468Z,2000-01-05T07:53:16.528Z,vertical,,False
3967,101,P0101,493,3,C09,25478,2555,BASE,,2747,CONTROL,RUN-CONTROL-4,Right,CONTROL,85470.0,2000-01-05T07:53:16.539Z,2000-01-05T07:54:42.255Z,vertical,,False
3968,101,P0101,493,3,A04,85,2608,CONTROL,RUN-CONTROL-4,2224,AESTHETIC,RUN-AESTHETIC-4,Left,CONTROL,40047.0,2000-01-05T07:54:42.265Z,2000-01-05T07:55:22.535Z,vertical,,False
3969,101,P0101,493,3,B14,25478,2683,CONTROL,RUN-CONTROL-4,2299,AESTHETIC,RUN-AESTHETIC-4,Left,CONTROL,21345.0,2000-01-05T07:55:22.545Z,2000-01-05T07:55:44.111Z,vertical,,False
3970,101,P0101,493,3,A01,7,2612,CONTROL,RUN-CONTROL-4,2228,AESTHETIC,RUN-AESTHETIC-4,Left,CONTROL,5451.0,2000-01-05T07:55:44.122Z,2000-01-05T07:55:49.792Z,vertical,,False
3971,90,P0090,496,3,B25,6127,2709,CONTROL,RUN-CONTROL-4,2325,AESTHETIC,RUN-AESTHETIC-4,Right,AESTHETIC,10518.0,2000-01-01T00:02:05.394Z,2000-01-01T00:02:16.732Z,vertical,,False
3972,90,P0090,496,3,A26,6127,2457,BASE,,2265,AESTHETIC,RUN-AESTHETIC-4,Right,AESTHETIC,2867.0,2000-01-01T00:02:16.741Z,2000-01-01T00:02:19.843Z,vertical,,False
3973,90,P0090,496,3,B23,6127,2707,CONTROL,RUN-CONTROL-4,2323,AESTHETIC,RUN-AESTHETIC-4,Right,AESTHETIC,2046.0,2000-01-01T00:02:19.852Z,2000-01-01T00:02:22.126Z,vertical,,False
3974,90,P0090,496,3,C14,7,2390,AESTHETIC,RUN-AESTHETIC-4,2774,CONTROL,RUN-CONTROL-4,Left,AESTHETIC,2952.0,2000-01-01T00:02:22.137Z,2000-01-01T00:02:25.315Z,vertical,,False
3975,90,P0090,496,3,C04,85,2722,CONTROL,RUN-CONTROL-4,2530,BASE,,Left,CONTROL,3676.0,2000-01-01T00:02:25.325Z,2000-01-01T00:02:29.249Z,vertical,,False
3976,90,P0090,496,3,C04,85,2338,AESTHETIC,RUN-AESTHETIC-4,2530,BASE,,Left,AESTHETIC,3679.0,2000-01-01T00:02:29.261Z,2000-01-01T00:02:33.184Z,vertical,,False
3977,90,P0090,496,3,C18,6127,2405,AESTHETIC,RUN-AESTHETIC-4,2597,BASE,,Right,BASE,2138.0,2000-01-01T00:02:33.194Z,2000-01-01T00:02:35.582Z,vertical,,False
3978,90,P0090,496,3,B06,7,2676,CONTROL,RUN-CONTROL-4,2484,BASE,,Right,BASE,3411.0,2000-01-01T00:02:35.592Z,2000-01-01T00:02:39.225Z,vertical,,False
3979,90,P0090,496,3,C13,7,2580,BASE,,2772,CONTROL,RUN-CONTROL-4,Left,BASE,3348.0,2000-01-01T00:02:39.235Z,2000-01-01T00:02:42.895Z,vertical,,False
3980,90,P0090,496,3,C08,85,2738,CONTROL,RUN-CONTROL-4,2546,BASE,,Right,BASE,2525.0,2000-01-01T00:02:42.909Z,2000-01-01T00:02:45.738Z,vertical,,False
3981,90,P0090,496,3,C12,25478,2369,AESTHETIC,RUN-AESTHETIC-4,2561,BASE,,Right,BASE,4393.0,2000-01-01T00:02:45.747Z,2000-01-01T00:02:50.381Z,vertical,,False
3982,90,P0090,496,3,B09,6127,2487,BASE,,2295,AESTHETIC,RUN-AESTHETIC-4,Left,BASE,3509.0,2000-01-01T00:02:50.393Z,2000-01-01T00:02:54.153Z,vertical,,False
3983,90,P0090,496,3,C18,7,2406,AESTHETIC,RUN-AESTHETIC-4,2598,BASE,,Right,BASE,1211.0,2000-01-01T00:02:54.163Z,2000-01-01T00:02:55.694Z,vertical,,False
3984,90,P0090,496,3,C06,85,2542,BASE,,2734,CONTROL,RUN-CONTROL-4,Right,CONTROL,2029.0,2000-01-01T00:02:55.751Z,2000-01-01T00:02:58.123Z,vertical,,False
3985,90,P0090,496,3,C11,6127,2567,BASE,,2759,CONTROL,RUN-CONTROL-4,Right,CONTROL,7598.0,2000-01-01T00:02:58.132Z,2000-01-01T00:03:05.959Z,vertical,,False
3986,90,P0090,496,3,B19,25478,2495,BASE,,2303,AESTHETIC,RUN-AESTHETIC-4,Right,AESTHETIC,3044.0,2000-01-01T00:03:05.969Z,2000-01-01T00:03:09.470Z,vertical,,False
3987,90,P0090,496,3,C13,6127,2387,AESTHETIC,RUN-AESTHETIC-4,2579,BASE,,Right,BASE,1807.0,2000-01-01T00:03:09.479Z,2000-01-01T00:03:11.613Z,vertical,,False
3988,90,P0090,496,3,B12,7,2490,BASE,,2298,AESTHETIC,RUN-AESTHETIC-4,Right,AESTHETIC,1303.0,2000-01-01T00:03:11.623Z,2000-01-01T00:03:13.240Z,vertical,,False
3989,90,P0090,496,3,C07,6127,2551,BASE,,2359,AESTHETIC,RUN-AESTHETIC-4,Right,AESTHETIC,2562.0,2000-01-01T00:03:13.250Z,2000-01-01T00:03:16.026Z,vertical,,False
3990,90,P0090,496,3,A25,6127,2647,CONTROL,RUN-CONTROL-4,2263,AESTHETIC,RUN-AESTHETIC-4,Right,AESTHETIC,5134.0,2000-01-01T00:03:16.035Z,2000-01-01T00:03:21.433Z,vertical,,False
3991,90,P0090,496,3,C05,85,2348,AESTHETIC,RUN-AESTHETIC-4,2540,BASE,,Left,AESTHETIC,4337.0,2000-01-01T00:03:21.444Z,2000-01-01T00:03:26.010Z,vertical,,False
3992,90,P0090,496,3,A22,85,2638,CONTROL,RUN-CONTROL-4,2446,BASE,,Left,CONTROL,4849.0,2000-01-01T00:03:26.022Z,2000-01-01T00:03:31.159Z,vertical,,False
3993,90,P0090,496,3,B29,25478,2331,AESTHETIC,RUN-AESTHETIC-4,2715,CONTROL,RUN-CONTROL-4,Right,CONTROL,2989.0,2000-01-01T00:03:31.170Z,2000-01-01T00:03:34.409Z,vertical,,False
3994,90,P0090,496,3,C19,7,2792,CONTROL,RUN-CONTROL-4,2600,BASE,,Right,BASE,2050.0,2000-01-01T00:03:34.421Z,2000-01-01T00:03:36.764Z,vertical,,False
3995,90,P0090,496,3,C15,25478,2767,CONTROL,RUN-CONTROL-4,2383,AESTHETIC,RUN-AESTHETIC-4,Right,AESTHETIC,1533.0,2000-01-01T00:03:36.774Z,2000-01-01T00:03:38.576Z,vertical,,False
3996,90,P0090,496,3,B12,6127,2681,CONTROL,RUN-CONTROL-4,2489,BASE,,Right,BASE,2060.0,2000-01-01T00:03:38.586Z,2000-01-01T00:03:40.899Z,vertical,,False
3997,90,P0090,496,3,A04,25478,2415,BASE,,2607,CONTROL,RUN-CONTROL-4,Left,BASE,3375.0,2000-01-01T00:03:40.909Z,2000-01-01T00:03:44.540Z,vertical,,False
3998,90,P0090,496,3,A22,25478,2253,AESTHETIC,RUN-AESTHETIC-4,2637,CONTROL,RUN-CONTROL-4,Right,CONTROL,1567.0,2000-01-01T00:03:44.549Z,2000-01-01T00:03:46.327Z,vertical,,False
3999,90,P0090,496,3,C05,6127,2547,BASE,,2739,CONTROL,RUN-CONTROL-4,Left,BASE,1572.0,2000-01-01T00:03:46.337Z,2000-01-01T00:03:48.124Z,vertical,,False
4000,90,P0090,496,3,B04,25478,2273,AESTHETIC,RUN-AESTHETIC-4,2465,BASE,,Right,BASE,1555.0,2000-01-01T00:03:48.134Z,2000-01-01T00:03:49.955Z,vertical,,False
4001,208,P0208,498,4,A22,85,2254,AESTHETIC,RUN-AESTHETIC-4,2446,BASE,,Right,BASE,20931.0,2000-01-01T00:01:12.370Z,2000-01-01T00:01:34.144Z,vertical,,False
4002,208,P0208,498,4,C14,6127,2581,BASE,,2389,AESTHETIC,RUN-AESTHETIC-4,Right,AESTHETIC,9583.0,2000-01-01T00:01:34.221Z,2000-01-01T00:01:44.073Z,vertical,,False
4003,208,P0208,498,4,B23,25478,2699,CONTROL,RUN-CONTROL-4,2507,BASE,,Right,BASE,2306.0,2000-01-01T00:01:44.115Z,2000-01-01T00:01:46.740Z,vertical,,False
4004,208,P0208,498,4,A04,7,2424,BASE,,2616,CONTROL,RUN-CONTROL-4,Right,CONTROL,4637.0,2000-01-01T00:01:46.752Z,2000-01-01T00:01:51.647Z,vertical,,False
4005,208,P0208,498,4,B19,85,2304,AESTHETIC,RUN-AESTHETIC-4,2496,BASE,,Left,AESTHETIC,1546.0,2000-01-01T00:01:51.657Z,2000-01-01T00:02:32.303Z,vertical,,False
4006,208,P0208,498,4,A11,7,2440,BASE,,2632,CONTROL,RUN-CONTROL-4,Right,CONTROL,5316.0,2000-01-01T00:02:32.314Z,2000-01-01T00:02:37.956Z,vertical,,False
4007,208,P0208,498,4,C05,25478,2347,AESTHETIC,RUN-AESTHETIC-4,2731,CONTROL,RUN-CONTROL-4,Right,CONTROL,16245.0,2000-01-01T00:02:37.968Z,2000-01-01T00:02:55.441Z,vertical,,False
4008,208,P0208,498,4,B23,25478,2699,CONTROL,RUN-CONTROL-4,2315,AESTHETIC,RUN-AESTHETIC-4,Right,AESTHETIC,4982.0,2000-01-01T00:02:55.452Z,2000-01-01T00:03:00.759Z,vertical,,False
4009,208,P0208,498,4,B01,25478,2653,CONTROL,RUN-CONTROL-4,2269,AESTHETIC,RUN-AESTHETIC-4,Right,AESTHETIC,8626.0,2000-01-01T00:03:00.772Z,2000-01-01T00:03:09.672Z,vertical,,False
4010,208,P0208,498,4,B04,7,2666,CONTROL,RUN-CONTROL-4,2282,AESTHETIC,RUN-AESTHETIC-4,Right,AESTHETIC,2578.0,2000-01-01T00:03:09.683Z,2000-01-01T00:03:12.518Z,vertical,,False
4011,208,P0208,498,4,B14,7,2308,AESTHETIC,RUN-AESTHETIC-4,2500,BASE,,Left,AESTHETIC,6617.0,2000-01-01T00:03:12.529Z,2000-01-01T00:03:19.542Z,vertical,,False
4012,208,P0208,498,4,C17,7,2788,CONTROL,RUN-CONTROL-4,2404,AESTHETIC,RUN-AESTHETIC-4,Right,AESTHETIC,12279.0,2000-01-01T00:03:19.553Z,2000-01-01T00:03:32.119Z,vertical,,False
4013,208,P0208,498,4,A07,6127,2233,AESTHETIC,RUN-AESTHETIC-4,2425,BASE,,Right,BASE,4878.0,2000-01-01T00:03:32.130Z,2000-01-01T00:03:37.273Z,vertical,,False
4014,208,P0208,498,4,A08,6127,2243,AESTHETIC,RUN-AESTHETIC-4,2627,CONTROL,RUN-CONTROL-4,Left,AESTHETIC,6644.0,2000-01-01T00:03:37.283Z,2000-01-01T00:03:44.311Z,vertical,,False
4015,208,P0208,498,4,C02,25478,2335,AESTHETIC,RUN-AESTHETIC-4,2719,CONTROL,RUN-CONTROL-4,Left,AESTHETIC,22988.0,2000-01-01T00:03:44.322Z,2000-01-01T00:04:07.622Z,vertical,,False
4016,208,P0208,498,4,C09,25478,2747,CONTROL,RUN-CONTROL-4,2555,BASE,,Right,BASE,5940.0,2000-01-01T00:04:07.634Z,2000-01-01T00:04:13.866Z,vertical,,False
4017,208,P0208,498,4,A27,25478,2267,AESTHETIC,RUN-AESTHETIC-4,2651,CONTROL,RUN-CONTROL-4,Right,CONTROL,11708.0,2000-01-01T00:04:13.877Z,2000-01-01T00:04:34.688Z,vertical,,False
4018,208,P0208,498,4,C05,7,2548,BASE,,2740,CONTROL,RUN-CONTROL-4,Right,CONTROL,2589.0,2000-01-01T00:04:34.698Z,2000-01-01T00:04:37.548Z,vertical,,False
4019,208,P0208,498,4,A11,6127,2247,AESTHETIC,RUN-AESTHETIC-4,2439,BASE,,Right,BASE,4452.0,2000-01-01T00:04:37.557Z,2000-01-01T00:04:42.281Z,vertical,,False
4020,208,P0208,498,4,C11,6127,2759,CONTROL,RUN-CONTROL-4,2567,BASE,,Right,BASE,6900.0,2000-01-01T00:04:42.293Z,2000-01-01T00:04:49.912Z,vertical,,False
4021,208,P0208,498,4,C07,25478,2351,AESTHETIC,RUN-AESTHETIC-4,2735,CONTROL,RUN-CONTROL-4,Left,AESTHETIC,3671.0,2000-01-01T00:04:49.922Z,2000-01-01T00:04:53.858Z,vertical,,False
4022,208,P0208,498,4,A27,7,2276,AESTHETIC,RUN-AESTHETIC-4,2468,BASE,,Left,AESTHETIC,6835.0,2000-01-01T00:04:53.869Z,2000-01-01T00:05:01.048Z,vertical,,False
4023,208,P0208,498,4,B26,25478,2319,AESTHETIC,RUN-AESTHETIC-4,2511,BASE,,Left,AESTHETIC,4241.0,2000-01-01T00:05:01.059Z,2000-01-01T00:05:05.577Z,vertical,,False
4024,208,P0208,498,4,C09,6127,2755,CONTROL,RUN-CONTROL-4,2371,AESTHETIC,RUN-AESTHETIC-4,Right,AESTHETIC,5197.0,2000-01-01T00:05:05.588Z,2000-01-01T00:05:11.053Z,vertical,,False
4025,208,P0208,498,4,C11,7,2568,BASE,,2760,CONTROL,RUN-CONTROL-4,Left,BASE,6970.0,2000-01-01T00:05:11.064Z,2000-01-01T00:05:18.419Z,vertical,,False
4026,208,P0208,498,4,C20,7,2602,BASE,,2410,AESTHETIC,RUN-AESTHETIC-4,Left,BASE,9450.0,2000-01-01T00:05:18.430Z,2000-01-01T00:05:28.268Z,vertical,,False
4027,208,P0208,498,4,C19,25478,2591,BASE,,2399,AESTHETIC,RUN-AESTHETIC-4,Right,AESTHETIC,6075.0,2000-01-01T00:05:28.278Z,2000-01-01T00:05:34.611Z,vertical,,False
4028,208,P0208,498,4,B27,85,2322,AESTHETIC,RUN-AESTHETIC-4,2706,CONTROL,RUN-CONTROL-4,Left,AESTHETIC,2174.0,2000-01-01T00:05:34.622Z,2000-01-01T00:05:37.041Z,vertical,,False
4029,208,P0208,498,4,B25,25478,2317,AESTHETIC,RUN-AESTHETIC-4,2701,CONTROL,RUN-CONTROL-4,Right,CONTROL,11069.0,2000-01-01T00:05:37.055Z,2000-01-01T00:05:48.400Z,vertical,,False
4030,208,P0208,498,4,C07,85,2352,AESTHETIC,RUN-AESTHETIC-4,2736,CONTROL,RUN-CONTROL-4,Right,CONTROL,11794.0,2000-01-01T00:05:48.410Z,2000-01-01T00:06:00.487Z,vertical,,False
4031,193,P0193,501,4,A09,7,2630,CONTROL,RUN-CONTROL-4,2438,BASE,,Left,CONTROL,8270.0,2000-01-01T00:03:40.621Z,2000-01-01T00:03:49.746Z,horizontal,,False
4032,193,P0193,501,4,B02,85,2464,BASE,,2656,CONTROL,RUN-CONTROL-4,Left,BASE,13243.0,2000-01-01T00:03:49.758Z,2000-01-01T00:04:03.200Z,horizontal,,False
4033,193,P0193,501,4,A26,6127,2265,AESTHETIC,RUN-AESTHETIC-4,2457,BASE,,Left,AESTHETIC,6006.0,2000-01-01T00:04:03.214Z,2000-01-01T00:04:09.442Z,horizontal,,False
4034,193,P0193,501,4,B27,25478,2705,CONTROL,RUN-CONTROL-4,2321,AESTHETIC,RUN-AESTHETIC-4,Left,CONTROL,21435.0,2000-01-01T00:04:09.455Z,2000-01-01T00:04:31.093Z,horizontal,,False
4035,193,P0193,501,4,C08,7,2362,AESTHETIC,RUN-AESTHETIC-4,2746,CONTROL,RUN-CONTROL-4,Right,CONTROL,4402.0,2000-01-01T00:04:31.103Z,2000-01-01T00:04:35.723Z,horizontal,,False
4036,193,P0193,501,4,C19,7,2408,AESTHETIC,RUN-AESTHETIC-4,2792,CONTROL,RUN-CONTROL-4,Left,AESTHETIC,7390.0,2000-01-01T00:04:35.735Z,2000-01-01T00:04:43.324Z,horizontal,,False
4037,193,P0193,501,4,C20,6127,2793,CONTROL,RUN-CONTROL-4,2601,BASE,,Left,CONTROL,4354.0,2000-01-01T00:04:43.336Z,2000-01-01T00:04:47.890Z,horizontal,,False
4038,193,P0193,501,4,B20,25478,2305,AESTHETIC,RUN-AESTHETIC-4,2689,CONTROL,RUN-CONTROL-4,Left,AESTHETIC,3634.0,2000-01-01T00:04:47.900Z,2000-01-01T00:04:51.734Z,horizontal,,False
4039,193,P0193,501,4,A11,6127,2631,CONTROL,RUN-CONTROL-4,2247,AESTHETIC,RUN-AESTHETIC-4,Left,CONTROL,5876.0,2000-01-01T00:04:51.745Z,2000-01-01T00:04:57.830Z,horizontal,,False
4040,193,P0193,501,4,C07,6127,2743,CONTROL,RUN-CONTROL-4,2551,BASE,,Left,CONTROL,15494.0,2000-01-01T00:04:57.843Z,2000-01-01T00:05:13.529Z,horizontal,,False
4041,193,P0193,501,4,A15,25478,2635,CONTROL,RUN-CONTROL-4,2251,AESTHETIC,RUN-AESTHETIC-4,Left,CONTROL,12208.0,2000-01-01T00:05:13.539Z,2000-01-01T00:05:25.940Z,horizontal,,False
4042,193,P0193,501,4,C13,6127,2387,AESTHETIC,RUN-AESTHETIC-4,2771,CONTROL,RUN-CONTROL-4,Left,AESTHETIC,4545.0,2000-01-01T00:05:25.951Z,2000-01-01T00:05:30.695Z,horizontal,,False
4043,193,P0193,501,4,B15,6127,2309,AESTHETIC,RUN-AESTHETIC-4,2693,CONTROL,RUN-CONTROL-4,Left,AESTHETIC,2129.0,2000-01-01T00:05:30.705Z,2000-01-01T00:05:33.037Z,horizontal,,False
4044,193,P0193,501,4,A22,6127,2453,BASE,,2261,AESTHETIC,RUN-AESTHETIC-4,Right,AESTHETIC,6908.0,2000-01-01T00:05:33.050Z,2000-01-01T00:05:40.191Z,horizontal,,False
4045,193,P0193,501,4,A02,25478,2221,AESTHETIC,RUN-AESTHETIC-4,2605,CONTROL,RUN-CONTROL-4,Right,CONTROL,1287.0,2000-01-01T00:05:40.201Z,2000-01-01T00:05:41.687Z,horizontal,,False
4046,193,P0193,501,4,C09,25478,2363,AESTHETIC,RUN-AESTHETIC-4,2555,BASE,,Right,BASE,2855.0,2000-01-01T00:05:41.697Z,2000-01-01T00:05:44.749Z,horizontal,,False
4047,193,P0193,501,4,C15,6127,2775,CONTROL,RUN-CONTROL-4,2583,BASE,,Left,CONTROL,11823.0,2000-01-01T00:05:44.906Z,2000-01-01T00:05:56.925Z,horizontal,,False
4048,193,P0193,501,4,C05,85,2348,AESTHETIC,RUN-AESTHETIC-4,2732,CONTROL,RUN-CONTROL-4,Left,AESTHETIC,22364.0,2000-01-01T00:05:56.939Z,2000-01-01T00:06:19.505Z,horizontal,,False
4049,193,P0193,501,4,B09,6127,2487,BASE,,2679,CONTROL,RUN-CONTROL-4,Left,BASE,1681.0,2000-01-01T00:06:19.515Z,2000-01-01T00:06:21.403Z,horizontal,,False
4050,193,P0193,501,4,A09,25478,2621,CONTROL,RUN-CONTROL-4,2237,AESTHETIC,RUN-AESTHETIC-4,Right,AESTHETIC,5579.0,2000-01-01T00:06:21.414Z,2000-01-01T00:06:27.199Z,horizontal,,False
4051,193,P0193,501,4,B12,6127,2297,AESTHETIC,RUN-AESTHETIC-4,2681,CONTROL,RUN-CONTROL-4,Right,CONTROL,1569.0,2000-01-01T00:06:27.209Z,2000-01-01T00:06:28.993Z,horizontal,,False
4052,193,P0193,501,4,A27,6127,2467,BASE,,2275,AESTHETIC,RUN-AESTHETIC-4,Right,AESTHETIC,2325.0,2000-01-01T00:06:29.003Z,2000-01-01T00:06:31.521Z,horizontal,,False
4053,193,P0193,501,4,B15,85,2686,CONTROL,RUN-CONTROL-4,2494,BASE,,Left,CONTROL,3192.0,2000-01-01T00:06:31.532Z,2000-01-01T00:06:34.924Z,horizontal,,False
4054,193,P0193,501,4,C07,25478,2351,AESTHETIC,RUN-AESTHETIC-4,2543,BASE,,Left,AESTHETIC,24054.0,2000-01-01T00:06:34.936Z,2000-01-01T00:06:59.185Z,horizontal,,False
4055,193,P0193,501,4,C20,85,2594,BASE,,2402,AESTHETIC,RUN-AESTHETIC-4,Right,AESTHETIC,1914.0,2000-01-01T00:06:59.197Z,2000-01-01T00:07:01.306Z,horizontal,,False
4056,193,P0193,501,4,C17,85,2780,CONTROL,RUN-CONTROL-4,2588,BASE,,Left,CONTROL,1366.0,2000-01-01T00:07:01.318Z,2000-01-01T00:07:02.891Z,horizontal,,False
4057,193,P0193,501,4,C19,7,2408,AESTHETIC,RUN-AESTHETIC-4,2600,BASE,,Left,AESTHETIC,4332.0,2000-01-01T00:07:02.900Z,2000-01-01T00:07:07.438Z,horizontal,,False
4058,193,P0193,501,4,A27,25478,2459,BASE,,2651,CONTROL,RUN-CONTROL-4,Left,BASE,4501.0,2000-01-01T00:07:07.449Z,2000-01-01T00:07:12.198Z,horizontal,,False
4059,193,P0193,501,4,C10,6127,2757,CONTROL,RUN-CONTROL-4,2373,AESTHETIC,RUN-AESTHETIC-4,Left,CONTROL,2238.0,2000-01-01T00:07:12.208Z,2000-01-01T00:07:14.642Z,horizontal,,False
4060,193,P0193,501,4,B26,6127,2711,CONTROL,RUN-CONTROL-4,2327,AESTHETIC,RUN-AESTHETIC-4,Left,CONTROL,4685.0,2000-01-01T00:07:14.654Z,2000-01-01T00:07:19.550Z,horizontal,,False
4061,161,P0161,503,4,B23,7,2516,BASE,,2324,AESTHETIC,RUN-AESTHETIC-4,Left,BASE,3019.0,2000-01-01T00:00:25.755Z,2000-01-01T00:00:28.945Z,vertical,,False
4062,161,P0161,503,4,C04,7,2538,BASE,,2346,AESTHETIC,RUN-AESTHETIC-4,Right,AESTHETIC,6467.0,2000-01-01T00:00:28.956Z,2000-01-01T00:00:35.637Z,vertical,,False
4063,161,P0161,503,4,A22,7,2646,CONTROL,RUN-CONTROL-4,2262,AESTHETIC,RUN-AESTHETIC-4,Left,CONTROL,3909.0,2000-01-01T00:00:35.648Z,2000-01-01T00:00:39.794Z,vertical,,False
4064,161,P0161,503,4,C07,6127,2359,AESTHETIC,RUN-AESTHETIC-4,2743,CONTROL,RUN-CONTROL-4,Right,CONTROL,3756.0,2000-01-01T00:00:39.806Z,2000-01-01T00:00:43.848Z,vertical,,False
4065,161,P0161,503,4,C20,25478,2785,CONTROL,RUN-CONTROL-4,2593,BASE,,Left,CONTROL,3878.0,2000-01-01T00:00:43.858Z,2000-01-01T00:00:47.952Z,vertical,,False
4066,161,P0161,503,4,B12,7,2490,BASE,,2682,CONTROL,RUN-CONTROL-4,Left,BASE,1485.0,2000-01-01T00:00:47.963Z,2000-01-01T00:00:49.673Z,vertical,,False
4067,161,P0161,503,4,C04,6127,2345,AESTHETIC,RUN-AESTHETIC-4,2729,CONTROL,RUN-CONTROL-4,Right,CONTROL,2355.0,2000-01-01T00:00:49.684Z,2000-01-01T00:00:52.266Z,vertical,,False
4068,161,P0161,503,4,B02,6127,2279,AESTHETIC,RUN-AESTHETIC-4,2471,BASE,,Right,BASE,2477.0,2000-01-01T00:00:52.276Z,2000-01-01T00:00:54.983Z,vertical,,False
4069,161,P0161,503,4,B06,85,2476,BASE,,2284,AESTHETIC,RUN-AESTHETIC-4,Left,BASE,1845.0,2000-01-01T00:00:54.994Z,2000-01-01T00:00:57.069Z,vertical,,False
4070,161,P0161,503,4,B15,85,2686,CONTROL,RUN-CONTROL-4,2302,AESTHETIC,RUN-AESTHETIC-4,Left,CONTROL,3135.0,2000-01-01T00:00:57.081Z,2000-01-01T00:01:00.435Z,vertical,,False
4071,161,P0161,503,4,A08,85,2236,AESTHETIC,RUN-AESTHETIC-4,2428,BASE,,Right,BASE,4741.0,2000-01-01T00:01:00.447Z,2000-01-01T00:01:05.415Z,vertical,,False
4072,161,P0161,503,4,A04,7,2616,CONTROL,RUN-CONTROL-4,2232,AESTHETIC,RUN-AESTHETIC-4,Left,CONTROL,2775.0,2000-01-01T00:01:05.425Z,2000-01-01T00:01:08.443Z,vertical,,False
4073,161,P0161,503,4,A08,85,2428,BASE,,2620,CONTROL,RUN-CONTROL-4,Left,BASE,2974.0,2000-01-01T00:01:08.453Z,2000-01-01T00:01:11.656Z,vertical,,False
4074,161,P0161,503,4,B04,85,2658,CONTROL,RUN-CONTROL-4,2466,BASE,,Left,CONTROL,5068.0,2000-01-01T00:01:11.666Z,2000-01-01T00:01:16.966Z,vertical,,False
4075,161,P0161,503,4,B25,6127,2517,BASE,,2325,AESTHETIC,RUN-AESTHETIC-4,Left,BASE,4437.0,2000-01-01T00:01:16.977Z,2000-01-01T00:01:21.642Z,vertical,,False
4076,161,P0161,503,4,C14,25478,2573,BASE,,2381,AESTHETIC,RUN-AESTHETIC-4,Left,BASE,1656.0,2000-01-01T00:01:21.652Z,2000-01-01T00:01:23.561Z,vertical,,False
4077,161,P0161,503,4,C15,7,2392,AESTHETIC,RUN-AESTHETIC-4,2776,CONTROL,RUN-CONTROL-4,Left,AESTHETIC,1904.0,2000-01-01T00:01:23.572Z,2000-01-01T00:01:25.743Z,vertical,,False
4078,161,P0161,503,4,A01,7,2228,AESTHETIC,RUN-AESTHETIC-4,2612,CONTROL,RUN-CONTROL-4,Left,AESTHETIC,3706.0,2000-01-01T00:01:25.752Z,2000-01-01T00:01:29.688Z,vertical,,False
4079,161,P0161,503,4,C08,25478,2353,AESTHETIC,RUN-AESTHETIC-4,2737,CONTROL,RUN-CONTROL-4,Right,CONTROL,5387.0,2000-01-01T00:01:29.698Z,2000-01-01T00:01:35.306Z,vertical,,False
4080,161,P0161,503,4,C20,7,2794,CONTROL,RUN-CONTROL-4,2602,BASE,,Left,CONTROL,5599.0,2000-01-01T00:01:35.316Z,2000-01-01T00:01:41.134Z,vertical,,False
4081,161,P0161,503,4,C01,25478,2717,CONTROL,RUN-CONTROL-4,2333,AESTHETIC,RUN-AESTHETIC-4,Right,AESTHETIC,3271.0,2000-01-01T00:01:41.144Z,2000-01-01T00:01:44.645Z,vertical,,False
4082,161,P0161,503,4,A25,85,2640,CONTROL,RUN-CONTROL-4,2256,AESTHETIC,RUN-AESTHETIC-4,Right,AESTHETIC,6734.0,2000-01-01T00:01:44.657Z,2000-01-01T00:01:51.619Z,vertical,,False
4083,161,P0161,503,4,C04,25478,2721,CONTROL,RUN-CONTROL-4,2529,BASE,,Right,BASE,1456.0,2000-01-01T00:01:51.630Z,2000-01-01T00:01:53.342Z,vertical,,False
4084,161,P0161,503,4,B04,85,2466,BASE,,2274,AESTHETIC,RUN-AESTHETIC-4,Right,AESTHETIC,2875.0,2000-01-01T00:01:53.353Z,2000-01-01T00:01:56.443Z,vertical,,False
4085,161,P0161,503,4,B20,7,2698,CONTROL,RUN-CONTROL-4,2314,AESTHETIC,RUN-AESTHETIC-4,Left,CONTROL,2377.0,2000-01-01T00:01:56.453Z,2000-01-01T00:01:59.056Z,vertical,,False
4086,161,P0161,503,4,B12,25478,2289,AESTHETIC,RUN-AESTHETIC-4,2481,BASE,,Right,BASE,4583.0,2000-01-01T00:01:59.066Z,2000-01-01T00:02:03.864Z,vertical,,False
4087,161,P0161,503,4,C15,85,2384,AESTHETIC,RUN-AESTHETIC-4,2576,BASE,,Right,BASE,2939.0,2000-01-01T00:02:03.884Z,2000-01-01T00:02:07.053Z,vertical,,False
4088,161,P0161,503,4,A04,6127,2615,CONTROL,RUN-CONTROL-4,2423,BASE,,Right,BASE,8218.0,2000-01-01T00:02:07.065Z,2000-01-01T00:02:15.585Z,vertical,,False
4089,161,P0161,503,4,B14,6127,2307,AESTHETIC,RUN-AESTHETIC-4,2499,BASE,,Left,AESTHETIC,1423.0,2000-01-01T00:02:15.596Z,2000-01-01T00:02:17.269Z,vertical,,False
4090,161,P0161,503,4,B26,6127,2327,AESTHETIC,RUN-AESTHETIC-4,2519,BASE,,Right,BASE,2590.0,2000-01-01T00:02:17.279Z,2000-01-01T00:02:20.150Z,vertical,,False
4091,142,P0142,505,4,C15,7,2584,BASE,,2392,AESTHETIC,RUN-AESTHETIC-4,Left,BASE,10344.0,2000-01-01T00:07:59.663Z,2000-01-01T00:08:10.367Z,horizontal,,False
4092,142,P0142,505,4,A11,85,2432,BASE,,2624,CONTROL,RUN-CONTROL-4,Right,CONTROL,12172.0,2000-01-01T00:08:10.379Z,2000-01-01T00:08:22.735Z,horizontal,,False
4093,142,P0142,505,4,A04,85,2224,AESTHETIC,RUN-AESTHETIC-4,2416,BASE,,Left,AESTHETIC,6539.0,2000-01-01T00:08:22.745Z,2000-01-01T00:08:29.550Z,horizontal,,False
4094,142,P0142,505,4,A08,7,2244,AESTHETIC,RUN-AESTHETIC-4,2436,BASE,,Left,AESTHETIC,7256.0,2000-01-01T00:08:29.560Z,2000-01-01T00:08:36.998Z,horizontal,,False
4095,142,P0142,505,4,C12,85,2370,AESTHETIC,RUN-AESTHETIC-4,2562,BASE,,Right,BASE,2238.0,2000-01-01T00:08:37.007Z,2000-01-01T00:08:39.431Z,horizontal,,False
4096,142,P0142,505,4,A08,25478,2619,CONTROL,RUN-CONTROL-4,2427,BASE,,Left,CONTROL,4709.0,2000-01-01T00:08:39.444Z,2000-01-01T00:08:44.337Z,horizontal,,False
4097,142,P0142,505,4,B08,7,2678,CONTROL,RUN-CONTROL-4,2486,BASE,,Tie,TIE,3571.0,2000-01-01T00:08:44.348Z,2000-01-01T00:08:48.116Z,horizontal,,False
4098,142,P0142,505,4,C08,6127,2553,BASE,,2745,CONTROL,RUN-CONTROL-4,Tie,TIE,7305.0,2000-01-01T00:08:48.128Z,2000-01-01T00:08:55.622Z,horizontal,,False
4099,142,P0142,505,4,A01,7,2420,BASE,,2228,AESTHETIC,RUN-AESTHETIC-4,Left,BASE,4071.0,2000-01-01T00:08:55.632Z,2000-01-01T00:08:59.886Z,horizontal,,False
4100,142,P0142,505,4,C16,25478,2385,AESTHETIC,RUN-AESTHETIC-4,2577,BASE,,Tie,TIE,7043.0,2000-01-01T00:08:59.897Z,2000-01-01T00:09:07.128Z,horizontal,,False
4101,142,P0142,505,4,B29,7,2532,BASE,,2340,AESTHETIC,RUN-AESTHETIC-4,Left,BASE,6534.0,2000-01-01T00:09:07.139Z,2000-01-01T00:09:13.853Z,horizontal,,False
4102,142,P0142,505,4,C09,25478,2747,CONTROL,RUN-CONTROL-4,2363,AESTHETIC,RUN-AESTHETIC-4,Left,CONTROL,2994.0,2000-01-01T00:09:13.863Z,2000-01-01T00:09:17.036Z,horizontal,,False
4103,142,P0142,505,4,C19,6127,2599,BASE,,2791,CONTROL,RUN-CONTROL-4,Right,CONTROL,3871.0,2000-01-01T00:09:17.047Z,2000-01-01T00:09:21.098Z,horizontal,,False
4104,142,P0142,505,4,A04,25478,2415,BASE,,2223,AESTHETIC,RUN-AESTHETIC-4,Left,BASE,6562.0,2000-01-01T00:09:21.111Z,2000-01-01T00:09:27.869Z,horizontal,,False
4105,142,P0142,505,4,C09,7,2756,CONTROL,RUN-CONTROL-4,2564,BASE,,Left,CONTROL,7395.0,2000-01-01T00:09:27.879Z,2000-01-01T00:09:35.459Z,horizontal,,False
4106,142,P0142,505,4,A01,7,2612,CONTROL,RUN-CONTROL-4,2420,BASE,,Left,CONTROL,11597.0,2000-01-01T00:09:35.468Z,2000-01-01T00:09:47.274Z,horizontal,,False
4107,142,P0142,505,4,B27,85,2514,BASE,,2706,CONTROL,RUN-CONTROL-4,Left,BASE,7087.0,2000-01-01T00:09:47.312Z,2000-01-01T00:09:54.643Z,horizontal,,False
4108,142,P0142,505,4,B02,85,2272,AESTHETIC,RUN-AESTHETIC-4,2656,CONTROL,RUN-CONTROL-4,Tie,TIE,2397.0,2000-01-01T00:09:54.655Z,2000-01-01T00:09:57.246Z,horizontal,,False
4109,142,P0142,505,4,B26,7,2520,BASE,,2712,CONTROL,RUN-CONTROL-4,Right,CONTROL,2502.0,2000-01-01T00:09:57.256Z,2000-01-01T00:09:59.947Z,horizontal,,False
4110,142,P0142,505,4,C11,7,2568,BASE,,2376,AESTHETIC,RUN-AESTHETIC-4,Left,BASE,4155.0,2000-01-01T00:10:00.002Z,2000-01-01T00:10:04.346Z,horizontal,,False
4111,142,P0142,505,4,C12,6127,2761,CONTROL,RUN-CONTROL-4,2569,BASE,,Right,BASE,7728.0,2000-01-01T00:10:04.356Z,2000-01-01T00:10:12.264Z,horizontal,,False
4112,142,P0142,505,4,C08,85,2546,BASE,,2354,AESTHETIC,RUN-AESTHETIC-4,Tie,TIE,1572.0,2000-01-01T00:10:12.277Z,2000-01-01T00:10:14.050Z,horizontal,,False
4113,142,P0142,505,4,C17,7,2404,AESTHETIC,RUN-AESTHETIC-4,2596,BASE,,Left,AESTHETIC,3849.0,2000-01-01T00:10:14.111Z,2000-01-01T00:10:18.163Z,horizontal,,False
4114,142,P0142,505,4,B12,25478,2673,CONTROL,RUN-CONTROL-4,2481,BASE,,Right,BASE,1967.0,2000-01-01T00:10:18.173Z,2000-01-01T00:10:20.324Z,horizontal,,False
4115,142,P0142,505,4,C08,7,2746,CONTROL,RUN-CONTROL-4,2554,BASE,,Tie,TIE,2931.0,2000-01-01T00:10:20.335Z,2000-01-01T00:10:23.449Z,horizontal,,False
4116,142,P0142,505,4,B19,7,2696,CONTROL,RUN-CONTROL-4,2504,BASE,,Left,CONTROL,5595.0,2000-01-01T00:10:23.459Z,2000-01-01T00:10:29.245Z,horizontal,,False
4117,142,P0142,505,4,A25,85,2448,BASE,,2640,CONTROL,RUN-CONTROL-4,Right,CONTROL,11254.0,2000-01-01T00:10:29.256Z,2000-01-01T00:10:40.718Z,horizontal,,False
4118,142,P0142,505,4,B14,25478,2683,CONTROL,RUN-CONTROL-4,2491,BASE,,Tie,TIE,2868.0,2000-01-01T00:10:40.727Z,2000-01-01T00:10:43.781Z,horizontal,,False
4119,142,P0142,505,4,A25,6127,2263,AESTHETIC,RUN-AESTHETIC-4,2455,BASE,,Right,BASE,8891.0,2000-01-01T00:10:43.790Z,2000-01-01T00:10:52.870Z,horizontal,,False
4120,142,P0142,505,4,C19,25478,2783,CONTROL,RUN-CONTROL-4,2591,BASE,,Right,BASE,3728.0,2000-01-01T00:10:52.881Z,2000-01-01T00:10:56.799Z,horizontal,,False
4121,255,P0255,507,4,A22,7,2262,AESTHETIC,RUN-AESTHETIC-4,2454,BASE,,Left,AESTHETIC,8664.0,2000-01-01T00:00:16.918Z,2000-01-01T00:00:25.860Z,vertical,,False
4122,255,P0255,507,4,C16,25478,2769,CONTROL,RUN-CONTROL-4,2577,BASE,,Left,CONTROL,6684.0,2000-01-01T00:00:25.870Z,2000-01-01T00:00:33.787Z,vertical,,False
4123,255,P0255,507,4,A13,85,2626,CONTROL,RUN-CONTROL-4,2242,AESTHETIC,RUN-AESTHETIC-4,Right,AESTHETIC,6735.0,2000-01-01T00:00:33.797Z,2000-01-01T00:00:41.217Z,vertical,,False
4124,255,P0255,507,4,A22,6127,2645,CONTROL,RUN-CONTROL-4,2453,BASE,,Right,BASE,5759.0,2000-01-01T00:00:41.227Z,2000-01-01T00:00:47.210Z,vertical,,False
4125,255,P0255,507,4,A02,6127,2613,CONTROL,RUN-CONTROL-4,2421,BASE,,Left,CONTROL,8834.0,2000-01-01T00:00:47.221Z,2000-01-01T00:00:56.471Z,vertical,,False
4126,255,P0255,507,4,C06,25478,2349,AESTHETIC,RUN-AESTHETIC-4,2541,BASE,,Left,AESTHETIC,13228.0,2000-01-01T00:00:56.480Z,2000-01-01T00:01:09.986Z,vertical,,False
4127,255,P0255,507,4,C16,25478,2385,AESTHETIC,RUN-AESTHETIC-4,2769,CONTROL,RUN-CONTROL-4,Right,CONTROL,8007.0,2000-01-01T00:01:09.995Z,2000-01-01T00:01:18.230Z,vertical,,False
4128,255,P0255,507,4,C01,6127,2533,BASE,,2341,AESTHETIC,RUN-AESTHETIC-4,Right,AESTHETIC,3628.0,2000-01-01T00:01:18.242Z,2000-01-01T00:01:22.240Z,vertical,,False
4129,255,P0255,507,4,C04,25478,2337,AESTHETIC,RUN-AESTHETIC-4,2529,BASE,,Left,AESTHETIC,6474.0,2000-01-01T00:01:22.251Z,2000-01-01T00:01:28.982Z,vertical,,False
4130,255,P0255,507,4,A11,7,2248,AESTHETIC,RUN-AESTHETIC-4,2632,CONTROL,RUN-CONTROL-4,Right,CONTROL,4891.0,2000-01-01T00:01:28.991Z,2000-01-01T00:01:34.107Z,vertical,,False
4131,255,P0255,507,4,B26,25478,2319,AESTHETIC,RUN-AESTHETIC-4,2703,CONTROL,RUN-CONTROL-4,Right,CONTROL,3515.0,2000-01-01T00:01:34.118Z,2000-01-01T00:01:37.889Z,vertical,,False
4132,255,P0255,507,4,A25,25478,2639,CONTROL,RUN-CONTROL-4,2447,BASE,,Right,BASE,5253.0,2000-01-01T00:01:37.901Z,2000-01-01T00:01:43.576Z,vertical,,False
4133,255,P0255,507,4,A27,25478,2267,AESTHETIC,RUN-AESTHETIC-4,2459,BASE,,Left,AESTHETIC,4493.0,2000-01-01T00:01:43.586Z,2000-01-01T00:01:48.300Z,vertical,,False
4134,255,P0255,507,4,A08,85,2236,AESTHETIC,RUN-AESTHETIC-4,2620,CONTROL,RUN-CONTROL-4,Right,CONTROL,3640.0,2000-01-01T00:01:48.311Z,2000-01-01T00:01:53.113Z,vertical,,False
4135,255,P0255,507,4,C10,7,2566,BASE,,2758,CONTROL,RUN-CONTROL-4,Right,CONTROL,5502.0,2000-01-01T00:01:53.124Z,2000-01-01T00:01:59.139Z,vertical,,False
4136,255,P0255,507,4,A08,7,2436,BASE,,2628,CONTROL,RUN-CONTROL-4,Right,CONTROL,3254.0,2000-01-01T00:01:59.149Z,2000-01-01T00:02:03.040Z,vertical,,False
4137,255,P0255,507,4,C16,85,2770,CONTROL,RUN-CONTROL-4,2386,AESTHETIC,RUN-AESTHETIC-4,Left,CONTROL,5326.0,2000-01-01T00:02:03.050Z,2000-01-01T00:02:08.628Z,vertical,,False
4138,255,P0255,507,4,C01,6127,2341,AESTHETIC,RUN-AESTHETIC-4,2725,CONTROL,RUN-CONTROL-4,Right,CONTROL,5913.0,2000-01-01T00:02:08.637Z,2000-01-01T00:02:14.961Z,vertical,,False
4139,255,P0255,507,4,A02,25478,2221,AESTHETIC,RUN-AESTHETIC-4,2413,BASE,,Right,BASE,3067.0,2000-01-01T00:02:14.973Z,2000-01-01T00:02:18.257Z,vertical,,False
4140,255,P0255,507,4,C12,7,2570,BASE,,2378,AESTHETIC,RUN-AESTHETIC-4,Right,AESTHETIC,3731.0,2000-01-01T00:02:18.267Z,2000-01-01T00:02:22.234Z,vertical,,False
4141,255,P0255,507,4,C06,85,2542,BASE,,2350,AESTHETIC,RUN-AESTHETIC-4,Right,AESTHETIC,5214.0,2000-01-01T00:02:22.244Z,2000-01-01T00:02:27.677Z,vertical,,False
4142,255,P0255,507,4,A22,7,2646,CONTROL,RUN-CONTROL-4,2454,BASE,,Right,BASE,3554.0,2000-01-01T00:02:27.689Z,2000-01-01T00:02:31.864Z,vertical,,False
4143,255,P0255,507,4,C05,6127,2355,AESTHETIC,RUN-AESTHETIC-4,2739,CONTROL,RUN-CONTROL-4,Left,AESTHETIC,2797.0,2000-01-01T00:02:31.875Z,2000-01-01T00:02:34.933Z,vertical,,False
4144,255,P0255,507,4,C01,85,2334,AESTHETIC,RUN-AESTHETIC-4,2526,BASE,,Left,AESTHETIC,6200.0,2000-01-01T00:02:34.944Z,2000-01-01T00:02:41.396Z,vertical,,False
4145,255,P0255,507,4,A07,25478,2417,BASE,,2609,CONTROL,RUN-CONTROL-4,Right,CONTROL,3001.0,2000-01-01T00:02:41.407Z,2000-01-01T00:02:44.658Z,vertical,,False
4146,255,P0255,507,4,B23,85,2700,CONTROL,RUN-CONTROL-4,2316,AESTHETIC,RUN-AESTHETIC-4,Right,AESTHETIC,5172.0,2000-01-01T00:02:44.669Z,2000-01-01T00:02:50.238Z,vertical,,False
4147,255,P0255,507,4,C02,25478,2719,CONTROL,RUN-CONTROL-4,2527,BASE,,Right,BASE,7599.0,2000-01-01T00:02:50.248Z,2000-01-01T00:02:58.276Z,vertical,,False
4148,255,P0255,507,4,C04,85,2338,AESTHETIC,RUN-AESTHETIC-4,2530,BASE,,Left,AESTHETIC,2771.0,2000-01-01T00:02:58.286Z,2000-01-01T00:03:01.452Z,vertical,,False
4149,255,P0255,507,4,B29,7,2532,BASE,,2724,CONTROL,RUN-CONTROL-4,Right,CONTROL,2863.0,2000-01-01T00:03:01.463Z,2000-01-01T00:03:04.540Z,vertical,,False
4150,255,P0255,507,4,B27,25478,2705,CONTROL,RUN-CONTROL-4,2513,BASE,,Right,BASE,5911.0,2000-01-01T00:03:04.550Z,2000-01-01T00:03:10.717Z,vertical,,False
4151,31,P0031,509,4,C15,25478,2575,BASE,,2383,AESTHETIC,RUN-AESTHETIC-4,Left,BASE,13769.0,2000-01-01T00:00:12.401Z,2000-01-01T00:00:27.196Z,vertical,,False
4152,31,P0031,509,4,A25,7,2456,BASE,,2264,AESTHETIC,RUN-AESTHETIC-4,Right,AESTHETIC,23825.0,2000-01-01T00:00:27.368Z,2000-01-01T00:00:51.475Z,vertical,,False
4153,31,P0031,509,4,C04,6127,2729,CONTROL,RUN-CONTROL-4,2537,BASE,,Right,BASE,3369.0,2000-01-01T00:00:51.486Z,2000-01-01T00:00:55.160Z,vertical,,False
4154,31,P0031,509,4,A07,7,2426,BASE,,2618,CONTROL,RUN-CONTROL-4,Right,CONTROL,4641.0,2000-01-01T00:00:55.169Z,2000-01-01T00:01:00.088Z,vertical,,False
4155,31,P0031,509,4,C11,85,2560,BASE,,2752,CONTROL,RUN-CONTROL-4,Right,CONTROL,11042.0,2000-01-01T00:01:00.251Z,2000-01-01T00:01:11.577Z,vertical,,False
4156,31,P0031,509,4,C16,6127,2777,CONTROL,RUN-CONTROL-4,2585,BASE,,Right,BASE,7475.0,2000-01-01T00:01:11.600Z,2000-01-01T00:01:19.369Z,vertical,,False
4157,31,P0031,509,4,B15,7,2502,BASE,,2694,CONTROL,RUN-CONTROL-4,Right,CONTROL,5099.0,2000-01-01T00:01:19.378Z,2000-01-01T00:01:24.762Z,vertical,,False
4158,31,P0031,509,4,A09,25478,2237,AESTHETIC,RUN-AESTHETIC-4,2429,BASE,,Right,BASE,5958.0,2000-01-01T00:01:24.773Z,2000-01-01T00:01:31.009Z,vertical,,False
4159,31,P0031,509,4,C20,7,2410,AESTHETIC,RUN-AESTHETIC-4,2794,CONTROL,RUN-CONTROL-4,Left,AESTHETIC,3092.0,2000-01-01T00:01:31.019Z,2000-01-01T00:01:34.386Z,vertical,,False
4160,31,P0031,509,4,B04,7,2474,BASE,,2282,AESTHETIC,RUN-AESTHETIC-4,Right,AESTHETIC,5708.0,2000-01-01T00:01:34.396Z,2000-01-01T00:01:40.387Z,vertical,,False
4161,31,P0031,509,4,C18,6127,2597,BASE,,2405,AESTHETIC,RUN-AESTHETIC-4,Left,BASE,4780.0,2000-01-01T00:01:40.396Z,2000-01-01T00:01:45.459Z,vertical,,False
4162,31,P0031,509,4,C15,6127,2391,AESTHETIC,RUN-AESTHETIC-4,2583,BASE,,Right,BASE,1563.0,2000-01-01T00:01:45.478Z,2000-01-01T00:01:47.297Z,vertical,,False
4163,31,P0031,509,4,B27,7,2522,BASE,,2714,CONTROL,RUN-CONTROL-4,Left,BASE,3134.0,2000-01-01T00:01:47.306Z,2000-01-01T00:01:50.707Z,vertical,,False
4164,31,P0031,509,4,B19,7,2312,AESTHETIC,RUN-AESTHETIC-4,2696,CONTROL,RUN-CONTROL-4,Right,CONTROL,2023.0,2000-01-01T00:01:50.721Z,2000-01-01T00:01:53.024Z,vertical,,False
4165,31,P0031,509,4,C14,6127,2773,CONTROL,RUN-CONTROL-4,2389,AESTHETIC,RUN-AESTHETIC-4,Left,CONTROL,3248.0,2000-01-01T00:01:53.033Z,2000-01-01T00:01:56.567Z,vertical,,False
4166,31,P0031,509,4,C07,85,2544,BASE,,2352,AESTHETIC,RUN-AESTHETIC-4,Left,BASE,1849.0,2000-01-01T00:01:56.578Z,2000-01-01T00:01:58.696Z,vertical,,False
4167,31,P0031,509,4,C14,6127,2773,CONTROL,RUN-CONTROL-4,2581,BASE,,Left,CONTROL,2773.0,2000-01-01T00:01:58.707Z,2000-01-01T00:02:01.757Z,vertical,,False
4168,31,P0031,509,4,C05,7,2548,BASE,,2356,AESTHETIC,RUN-AESTHETIC-4,Right,AESTHETIC,4764.0,2000-01-01T00:02:01.768Z,2000-01-01T00:02:06.814Z,vertical,,False
4169,31,P0031,509,4,B27,6127,2713,CONTROL,RUN-CONTROL-4,2521,BASE,,Left,CONTROL,7683.0,2000-01-01T00:02:06.825Z,2000-01-01T00:02:14.785Z,vertical,,False
4170,31,P0031,509,4,C12,25478,2369,AESTHETIC,RUN-AESTHETIC-4,2753,CONTROL,RUN-CONTROL-4,Left,AESTHETIC,1839.0,2000-01-01T00:02:14.794Z,2000-01-01T00:02:16.915Z,vertical,,False
4171,31,P0031,509,4,C02,6127,2343,AESTHETIC,RUN-AESTHETIC-4,2535,BASE,,Left,AESTHETIC,3122.0,2000-01-01T00:02:16.925Z,2000-01-01T00:02:20.316Z,vertical,,False
4172,31,P0031,509,4,B14,25478,2299,AESTHETIC,RUN-AESTHETIC-4,2491,BASE,,Left,AESTHETIC,2086.0,2000-01-01T00:02:20.326Z,2000-01-01T00:02:22.684Z,vertical,,False
4173,31,P0031,509,4,B04,25478,2657,CONTROL,RUN-CONTROL-4,2465,BASE,,Right,BASE,2601.0,2000-01-01T00:02:22.694Z,2000-01-01T00:02:25.575Z,vertical,,False
4174,31,P0031,509,4,A13,6127,2633,CONTROL,RUN-CONTROL-4,2249,AESTHETIC,RUN-AESTHETIC-4,Left,CONTROL,7554.0,2000-01-01T00:02:25.585Z,2000-01-01T00:02:33.416Z,vertical,,False
4175,31,P0031,509,4,A07,25478,2225,AESTHETIC,RUN-AESTHETIC-4,2609,CONTROL,RUN-CONTROL-4,Left,AESTHETIC,3217.0,2000-01-01T00:02:33.426Z,2000-01-01T00:02:36.934Z,vertical,,False
4176,31,P0031,509,4,A02,6127,2613,CONTROL,RUN-CONTROL-4,2229,AESTHETIC,RUN-AESTHETIC-4,Left,CONTROL,1626.0,2000-01-01T00:02:36.944Z,2000-01-01T00:02:38.848Z,vertical,,False
4177,31,P0031,509,4,C17,85,2396,AESTHETIC,RUN-AESTHETIC-4,2780,CONTROL,RUN-CONTROL-4,Right,CONTROL,1777.0,2000-01-01T00:02:38.859Z,2000-01-01T00:02:40.935Z,vertical,,False
4178,31,P0031,509,4,A27,6127,2275,AESTHETIC,RUN-AESTHETIC-4,2659,CONTROL,RUN-CONTROL-4,Right,CONTROL,1688.0,2000-01-01T00:02:40.945Z,2000-01-01T00:02:42.923Z,vertical,,False
4179,31,P0031,509,4,B09,25478,2287,AESTHETIC,RUN-AESTHETIC-4,2479,BASE,,Right,BASE,4123.0,2000-01-01T00:02:42.933Z,2000-01-01T00:02:47.328Z,vertical,,False
4180,31,P0031,509,4,C13,6127,2579,BASE,,2771,CONTROL,RUN-CONTROL-4,Left,BASE,2659.0,2000-01-01T00:02:47.340Z,2000-01-01T00:02:50.280Z,vertical,,False
4181,287,P0287,511,4,A22,6127,2261,AESTHETIC,RUN-AESTHETIC-4,2645,CONTROL,RUN-CONTROL-4,Right,CONTROL,10896.0,2000-01-01T00:04:11.974Z,2000-01-01T00:04:23.609Z,vertical,,False
4182,287,P0287,511,4,C18,7,2790,CONTROL,RUN-CONTROL-4,2598,BASE,,Left,CONTROL,5943.0,2000-01-01T00:04:23.619Z,2000-01-01T00:04:29.824Z,vertical,,False
4183,287,P0287,511,4,B23,7,2324,AESTHETIC,RUN-AESTHETIC-4,2708,CONTROL,RUN-CONTROL-4,Left,AESTHETIC,2929.0,2000-01-01T00:04:29.835Z,2000-01-01T00:04:33.077Z,vertical,,False
4184,287,P0287,511,4,C12,6127,2377,AESTHETIC,RUN-AESTHETIC-4,2761,CONTROL,RUN-CONTROL-4,Right,CONTROL,6417.0,2000-01-01T00:04:33.088Z,2000-01-01T00:04:39.789Z,vertical,,False
4185,287,P0287,511,4,C07,25478,2543,BASE,,2735,CONTROL,RUN-CONTROL-4,Right,CONTROL,4233.0,2000-01-01T00:04:39.799Z,2000-01-01T00:04:44.320Z,vertical,,False
4186,287,P0287,511,4,B27,85,2514,BASE,,2322,AESTHETIC,RUN-AESTHETIC-4,Right,AESTHETIC,8486.0,2000-01-01T00:04:44.333Z,2000-01-01T00:04:53.111Z,vertical,,False
4187,287,P0287,511,4,C04,7,2538,BASE,,2730,CONTROL,RUN-CONTROL-4,Left,BASE,3386.0,2000-01-01T00:04:53.120Z,2000-01-01T00:04:56.781Z,vertical,,False
4188,287,P0287,511,4,A09,6127,2629,CONTROL,RUN-CONTROL-4,2437,BASE,,Right,BASE,5030.0,2000-01-01T00:04:56.794Z,2000-01-01T00:05:02.109Z,vertical,,False
4189,287,P0287,511,4,B20,6127,2697,CONTROL,RUN-CONTROL-4,2313,AESTHETIC,RUN-AESTHETIC-4,Right,AESTHETIC,3567.0,2000-01-01T00:05:02.119Z,2000-01-01T00:05:05.967Z,vertical,,False
4190,287,P0287,511,4,B20,7,2506,BASE,,2314,AESTHETIC,RUN-AESTHETIC-4,Left,BASE,3371.0,2000-01-01T00:05:05.977Z,2000-01-01T00:05:09.638Z,vertical,,False
4191,287,P0287,511,4,C18,85,2782,CONTROL,RUN-CONTROL-4,2398,AESTHETIC,RUN-AESTHETIC-4,Left,CONTROL,3035.0,2000-01-01T00:05:09.648Z,2000-01-01T00:05:12.969Z,vertical,,False
4192,287,P0287,511,4,C01,85,2718,CONTROL,RUN-CONTROL-4,2334,AESTHETIC,RUN-AESTHETIC-4,Left,CONTROL,3045.0,2000-01-01T00:05:12.980Z,2000-01-01T00:05:16.359Z,vertical,,False
4193,287,P0287,511,4,A04,85,2608,CONTROL,RUN-CONTROL-4,2416,BASE,,Right,BASE,3846.0,2000-01-01T00:05:16.369Z,2000-01-01T00:05:20.500Z,vertical,,False
4194,287,P0287,511,4,B14,7,2500,BASE,,2692,CONTROL,RUN-CONTROL-4,Left,BASE,4036.0,2000-01-01T00:05:20.512Z,2000-01-01T00:05:24.818Z,vertical,,False
4195,287,P0287,511,4,C02,85,2336,AESTHETIC,RUN-AESTHETIC-4,2720,CONTROL,RUN-CONTROL-4,Left,AESTHETIC,7891.0,2000-01-01T00:05:24.829Z,2000-01-01T00:05:32.999Z,vertical,,False
4196,287,P0287,511,4,A11,6127,2631,CONTROL,RUN-CONTROL-4,2439,BASE,,Left,CONTROL,2357.0,2000-01-01T00:05:33.009Z,2000-01-01T00:05:35.637Z,vertical,,False
4197,287,P0287,511,4,B20,6127,2505,BASE,,2313,AESTHETIC,RUN-AESTHETIC-4,Left,BASE,5572.0,2000-01-01T00:05:35.647Z,2000-01-01T00:05:41.489Z,vertical,,False
4198,287,P0287,511,4,C15,85,2384,AESTHETIC,RUN-AESTHETIC-4,2768,CONTROL,RUN-CONTROL-4,Right,CONTROL,3166.0,2000-01-01T00:05:41.501Z,2000-01-01T00:05:44.946Z,vertical,,False
4199,287,P0287,511,4,B04,25478,2273,AESTHETIC,RUN-AESTHETIC-4,2657,CONTROL,RUN-CONTROL-4,Left,AESTHETIC,2618.0,2000-01-01T00:05:44.957Z,2000-01-01T00:05:47.876Z,vertical,,False
4200,287,P0287,511,4,C11,85,2752,CONTROL,RUN-CONTROL-4,2368,AESTHETIC,RUN-AESTHETIC-4,Left,CONTROL,3026.0,2000-01-01T00:05:47.886Z,2000-01-01T00:05:51.200Z,vertical,,False
4201,287,P0287,511,4,A13,85,2242,AESTHETIC,RUN-AESTHETIC-4,2434,BASE,,Right,BASE,2083.0,2000-01-01T00:05:51.211Z,2000-01-01T00:05:53.587Z,vertical,,False
4202,287,P0287,511,4,C07,85,2544,BASE,,2736,CONTROL,RUN-CONTROL-4,Left,BASE,2143.0,2000-01-01T00:05:53.602Z,2000-01-01T00:05:56.027Z,vertical,,False
4203,287,P0287,511,4,A22,25478,2637,CONTROL,RUN-CONTROL-4,2445,BASE,,Left,CONTROL,1947.0,2000-01-01T00:05:56.037Z,2000-01-01T00:05:58.275Z,vertical,,False
4204,287,P0287,511,4,A11,85,2624,CONTROL,RUN-CONTROL-4,2240,AESTHETIC,RUN-AESTHETIC-4,Left,CONTROL,5244.0,2000-01-01T00:05:58.286Z,2000-01-01T00:06:03.797Z,vertical,,False
4205,287,P0287,511,4,C16,85,2770,CONTROL,RUN-CONTROL-4,2578,BASE,,Left,CONTROL,6900.0,2000-01-01T00:06:03.807Z,2000-01-01T00:06:10.987Z,vertical,,False
4206,287,P0287,511,4,A15,25478,2635,CONTROL,RUN-CONTROL-4,2443,BASE,,Left,CONTROL,3190.0,2000-01-01T00:06:10.997Z,2000-01-01T00:06:14.458Z,vertical,,False
4207,287,P0287,511,4,C09,6127,2755,CONTROL,RUN-CONTROL-4,2563,BASE,,Right,BASE,2155.0,2000-01-01T00:06:14.474Z,2000-01-01T00:06:16.907Z,vertical,,False
4208,287,P0287,511,4,C10,7,2374,AESTHETIC,RUN-AESTHETIC-4,2566,BASE,,Right,BASE,5116.0,2000-01-01T00:06:16.917Z,2000-01-01T00:06:22.308Z,vertical,,False
4209,287,P0287,511,4,C05,6127,2355,AESTHETIC,RUN-AESTHETIC-4,2547,BASE,,Right,BASE,2108.0,2000-01-01T00:06:22.319Z,2000-01-01T00:06:24.699Z,vertical,,False
4210,287,P0287,511,4,B01,85,2270,AESTHETIC,RUN-AESTHETIC-4,2462,BASE,,Left,AESTHETIC,3766.0,2000-01-01T00:06:24.710Z,2000-01-01T00:06:28.744Z,vertical,,False
4211,148,P0148,512,4,B26,85,2512,BASE,,2320,AESTHETIC,RUN-AESTHETIC-4,Right,AESTHETIC,10003.0,2000-01-01T00:04:02.044Z,2000-01-01T00:04:13.610Z,vertical,,False
4212,148,P0148,512,4,B15,25478,2493,BASE,,2685,CONTROL,RUN-CONTROL-4,Right,CONTROL,8159.0,2000-01-01T00:04:13.620Z,2000-01-01T00:04:22.860Z,vertical,,False
4213,148,P0148,512,4,C20,6127,2409,AESTHETIC,RUN-AESTHETIC-4,2601,BASE,,Left,AESTHETIC,3507.0,2000-01-01T00:04:22.870Z,2000-01-01T00:04:26.723Z,vertical,,False
4214,148,P0148,512,4,B23,6127,2707,CONTROL,RUN-CONTROL-4,2515,BASE,,Left,CONTROL,2670.0,2000-01-01T00:04:26.732Z,2000-01-01T00:04:29.691Z,vertical,,False
4215,148,P0148,512,4,B09,25478,2671,CONTROL,RUN-CONTROL-4,2479,BASE,,Left,CONTROL,1498.0,2000-01-01T00:04:29.701Z,2000-01-01T00:04:31.429Z,vertical,,False
4216,148,P0148,512,4,B20,6127,2505,BASE,,2697,CONTROL,RUN-CONTROL-4,Left,BASE,3706.0,2000-01-01T00:04:31.441Z,2000-01-01T00:04:35.432Z,vertical,,False
4217,148,P0148,512,4,A25,7,2456,BASE,,2648,CONTROL,RUN-CONTROL-4,Left,BASE,3408.0,2000-01-01T00:04:35.442Z,2000-01-01T00:04:39.167Z,vertical,,False
4218,148,P0148,512,4,C12,25478,2561,BASE,,2753,CONTROL,RUN-CONTROL-4,Left,BASE,6227.0,2000-01-01T00:04:39.177Z,2000-01-01T00:04:45.851Z,vertical,,False
4219,148,P0148,512,4,B01,7,2470,BASE,,2662,CONTROL,RUN-CONTROL-4,Right,CONTROL,2854.0,2000-01-01T00:04:45.862Z,2000-01-01T00:04:49.002Z,vertical,,False
4220,148,P0148,512,4,A26,25478,2449,BASE,,2257,AESTHETIC,RUN-AESTHETIC-4,Right,AESTHETIC,2437.0,2000-01-01T00:04:49.012Z,2000-01-01T00:04:51.721Z,vertical,,False
4221,148,P0148,512,4,A27,85,2268,AESTHETIC,RUN-AESTHETIC-4,2652,CONTROL,RUN-CONTROL-4,Left,AESTHETIC,5285.0,2000-01-01T00:04:51.732Z,2000-01-01T00:04:57.294Z,vertical,,False
4222,148,P0148,512,4,A26,7,2650,CONTROL,RUN-CONTROL-4,2458,BASE,,Right,BASE,10762.0,2000-01-01T00:04:57.307Z,2000-01-01T00:05:08.400Z,vertical,,False
4223,148,P0148,512,4,B14,6127,2691,CONTROL,RUN-CONTROL-4,2307,AESTHETIC,RUN-AESTHETIC-4,Right,AESTHETIC,1398.0,2000-01-01T00:05:08.410Z,2000-01-01T00:05:10.229Z,vertical,,False
4224,148,P0148,512,4,C04,25478,2721,CONTROL,RUN-CONTROL-4,2337,AESTHETIC,RUN-AESTHETIC-4,Left,CONTROL,2519.0,2000-01-01T00:05:10.239Z,2000-01-01T00:05:13.002Z,vertical,,False
4225,148,P0148,512,4,B15,7,2502,BASE,,2310,AESTHETIC,RUN-AESTHETIC-4,Left,BASE,1807.0,2000-01-01T00:05:13.012Z,2000-01-01T00:05:15.103Z,vertical,,False
4226,148,P0148,512,4,A25,25478,2447,BASE,,2255,AESTHETIC,RUN-AESTHETIC-4,Right,AESTHETIC,7219.0,2000-01-01T00:05:15.113Z,2000-01-01T00:05:22.601Z,vertical,,False
4227,148,P0148,512,4,A02,7,2614,CONTROL,RUN-CONTROL-4,2230,AESTHETIC,RUN-AESTHETIC-4,Left,CONTROL,4778.0,2000-01-01T00:05:22.620Z,2000-01-01T00:05:27.667Z,vertical,,False
4228,148,P0148,512,4,A13,7,2634,CONTROL,RUN-CONTROL-4,2442,BASE,,Left,CONTROL,2560.0,2000-01-01T00:05:27.679Z,2000-01-01T00:05:31.032Z,vertical,,False
4229,148,P0148,512,4,A26,6127,2265,AESTHETIC,RUN-AESTHETIC-4,2649,CONTROL,RUN-CONTROL-4,Left,AESTHETIC,2074.0,2000-01-01T00:05:31.041Z,2000-01-01T00:05:33.393Z,vertical,,False
4230,148,P0148,512,4,C08,25478,2545,BASE,,2737,CONTROL,RUN-CONTROL-4,Left,BASE,2696.0,2000-01-01T00:05:33.404Z,2000-01-01T00:05:36.444Z,vertical,,False
4231,148,P0148,512,4,B12,6127,2489,BASE,,2297,AESTHETIC,RUN-AESTHETIC-4,Left,BASE,3964.0,2000-01-01T00:05:36.455Z,2000-01-01T00:05:40.691Z,vertical,,False
4232,148,P0148,512,4,B29,25478,2523,BASE,,2331,AESTHETIC,RUN-AESTHETIC-4,Right,AESTHETIC,2509.0,2000-01-01T00:05:40.701Z,2000-01-01T00:05:43.487Z,vertical,,False
4233,148,P0148,512,4,B15,7,2310,AESTHETIC,RUN-AESTHETIC-4,2694,CONTROL,RUN-CONTROL-4,Right,CONTROL,4400.0,2000-01-01T00:05:43.504Z,2000-01-01T00:05:48.824Z,vertical,,False
4234,148,P0148,512,4,C14,7,2774,CONTROL,RUN-CONTROL-4,2582,BASE,,Left,CONTROL,8972.0,2000-01-01T00:05:48.834Z,2000-01-01T00:05:58.340Z,vertical,,False
4235,148,P0148,512,4,C09,7,2372,AESTHETIC,RUN-AESTHETIC-4,2756,CONTROL,RUN-CONTROL-4,Right,CONTROL,2238.0,2000-01-01T00:05:58.348Z,2000-01-01T00:06:00.844Z,vertical,,False
4236,148,P0148,512,4,A13,6127,2441,BASE,,2249,AESTHETIC,RUN-AESTHETIC-4,Left,BASE,6802.0,2000-01-01T00:06:00.854Z,2000-01-01T00:06:07.901Z,vertical,,False
4237,148,P0148,512,4,A11,25478,2623,CONTROL,RUN-CONTROL-4,2239,AESTHETIC,RUN-AESTHETIC-4,Right,AESTHETIC,2482.0,2000-01-01T00:06:07.912Z,2000-01-01T00:06:10.686Z,vertical,,False
4238,148,P0148,512,4,C08,25478,2545,BASE,,2353,AESTHETIC,RUN-AESTHETIC-4,Right,AESTHETIC,6762.0,2000-01-01T00:06:10.695Z,2000-01-01T00:06:17.718Z,vertical,,False
4239,148,P0148,512,4,A02,25478,2605,CONTROL,RUN-CONTROL-4,2413,BASE,,Left,CONTROL,3407.0,2000-01-01T00:06:17.728Z,2000-01-01T00:06:21.396Z,vertical,,False
4240,148,P0148,512,4,B04,85,2274,AESTHETIC,RUN-AESTHETIC-4,2658,CONTROL,RUN-CONTROL-4,Left,AESTHETIC,4173.0,2000-01-01T00:06:21.405Z,2000-01-01T00:06:25.830Z,vertical,,False
4241,231,P0231,515,4,C17,25478,2395,AESTHETIC,RUN-AESTHETIC-4,2779,CONTROL,RUN-CONTROL-4,Right,CONTROL,9483.0,2000-01-01T00:00:08.194Z,2000-01-01T00:00:18.121Z,vertical,,True
4242,231,P0231,515,4,A11,25478,2431,BASE,,2623,CONTROL,RUN-CONTROL-4,Left,BASE,5175.0,2000-01-01T00:00:18.132Z,2000-01-01T00:00:23.574Z,vertical,,True
4243,231,P0231,515,4,B27,6127,2713,CONTROL,RUN-CONTROL-4,2329,AESTHETIC,RUN-AESTHETIC-4,Left,CONTROL,7023.0,2000-01-01T00:00:23.584Z,2000-01-01T00:00:30.977Z,vertical,,True
4244,231,P0231,515,4,A09,7,2630,CONTROL,RUN-CONTROL-4,2246,AESTHETIC,RUN-AESTHETIC-4,Right,AESTHETIC,1964.0,2000-01-01T00:00:30.986Z,2000-01-01T00:00:33.185Z,vertical,,True
4245,231,P0231,515,4,A07,7,2426,BASE,,2234,AESTHETIC,RUN-AESTHETIC-4,Right,AESTHETIC,2114.0,2000-01-01T00:00:33.194Z,2000-01-01T00:00:35.555Z,vertical,,True
4246,231,P0231,515,4,A08,6127,2435,BASE,,2243,AESTHETIC,RUN-AESTHETIC-4,Left,BASE,2451.0,2000-01-01T00:00:35.565Z,2000-01-01T00:00:38.251Z,vertical,,True
4247,231,P0231,515,4,B12,25478,2673,CONTROL,RUN-CONTROL-4,2289,AESTHETIC,RUN-AESTHETIC-4,Right,AESTHETIC,2633.0,2000-01-01T00:00:38.261Z,2000-01-01T00:00:41.296Z,vertical,,True
4248,231,P0231,515,4,B09,6127,2295,AESTHETIC,RUN-AESTHETIC-4,2487,BASE,,Left,AESTHETIC,4648.0,2000-01-01T00:00:41.306Z,2000-01-01T00:00:46.184Z,vertical,,True
4249,231,P0231,515,4,C04,85,2338,AESTHETIC,RUN-AESTHETIC-4,2722,CONTROL,RUN-CONTROL-4,Left,AESTHETIC,1798.0,2000-01-01T00:00:46.194Z,2000-01-01T00:00:48.271Z,vertical,,True
4250,231,P0231,515,4,C01,25478,2525,BASE,,2717,CONTROL,RUN-CONTROL-4,Right,CONTROL,2279.0,2000-01-01T00:00:48.288Z,2000-01-01T00:00:50.830Z,vertical,,True
4251,231,P0231,515,4,B27,7,2330,AESTHETIC,RUN-AESTHETIC-4,2714,CONTROL,RUN-CONTROL-4,Right,CONTROL,1692.0,2000-01-01T00:00:50.840Z,2000-01-01T00:00:52.761Z,vertical,,True
4252,231,P0231,515,4,B06,7,2676,CONTROL,RUN-CONTROL-4,2292,AESTHETIC,RUN-AESTHETIC-4,Left,CONTROL,1793.0,2000-01-01T00:00:52.772Z,2000-01-01T00:00:54.795Z,vertical,,True
4253,231,P0231,515,4,C18,25478,2589,BASE,,2397,AESTHETIC,RUN-AESTHETIC-4,Left,BASE,5836.0,2000-01-01T00:00:54.807Z,2000-01-01T00:01:00.872Z,vertical,,True
4254,231,P0231,515,4,B20,25478,2497,BASE,,2305,AESTHETIC,RUN-AESTHETIC-4,Left,BASE,2683.0,2000-01-01T00:01:00.883Z,2000-01-01T00:01:03.805Z,vertical,,True
4255,231,P0231,515,4,B14,85,2300,AESTHETIC,RUN-AESTHETIC-4,2684,CONTROL,RUN-CONTROL-4,Right,CONTROL,2434.0,2000-01-01T00:01:03.814Z,2000-01-01T00:01:06.474Z,vertical,,True
4256,231,P0231,515,4,A01,6127,2611,CONTROL,RUN-CONTROL-4,2419,BASE,,Right,BASE,1595.0,2000-01-01T00:01:06.489Z,2000-01-01T00:01:08.315Z,vertical,,True
4257,231,P0231,515,4,B01,85,2654,CONTROL,RUN-CONTROL-4,2462,BASE,,Left,CONTROL,1544.0,2000-01-01T00:01:08.519Z,2000-01-01T00:01:10.299Z,vertical,,True
4258,231,P0231,515,4,A02,6127,2421,BASE,,2229,AESTHETIC,RUN-AESTHETIC-4,Right,AESTHETIC,2130.0,2000-01-01T00:01:10.310Z,2000-01-01T00:01:12.674Z,vertical,,True
4259,231,P0231,515,4,C20,25478,2401,AESTHETIC,RUN-AESTHETIC-4,2785,CONTROL,RUN-CONTROL-4,Left,AESTHETIC,1660.0,2000-01-01T00:01:12.687Z,2000-01-01T00:01:14.584Z,vertical,,True
4260,231,P0231,515,4,C11,6127,2375,AESTHETIC,RUN-AESTHETIC-4,2567,BASE,,Left,AESTHETIC,1455.0,2000-01-01T00:01:14.594Z,2000-01-01T00:01:16.279Z,vertical,,True
4261,231,P0231,515,4,C10,6127,2373,AESTHETIC,RUN-AESTHETIC-4,2565,BASE,,Left,AESTHETIC,1457.0,2000-01-01T00:01:16.291Z,2000-01-01T00:01:17.984Z,vertical,,True
4262,231,P0231,515,4,B26,85,2704,CONTROL,RUN-CONTROL-4,2512,BASE,,Right,BASE,1801.0,2000-01-01T00:01:17.993Z,2000-01-01T00:01:20.014Z,vertical,,True
4263,231,P0231,515,4,A26,7,2458,BASE,,2266,AESTHETIC,RUN-AESTHETIC-4,Left,BASE,1955.0,2000-01-01T00:01:20.024Z,2000-01-01T00:01:22.206Z,vertical,,True
4264,231,P0231,515,4,C04,7,2730,CONTROL,RUN-CONTROL-4,2346,AESTHETIC,RUN-AESTHETIC-4,Left,CONTROL,1744.0,2000-01-01T00:01:22.216Z,2000-01-01T00:01:24.209Z,vertical,,True
4265,231,P0231,515,4,C01,6127,2725,CONTROL,RUN-CONTROL-4,2533,BASE,,Right,BASE,2601.0,2000-01-01T00:01:24.221Z,2000-01-01T00:01:27.050Z,vertical,,True
4266,231,P0231,515,4,B02,85,2272,AESTHETIC,RUN-AESTHETIC-4,2464,BASE,,Right,BASE,1696.0,2000-01-01T00:01:27.060Z,2000-01-01T00:01:28.984Z,vertical,,True
4267,231,P0231,515,4,C20,85,2786,CONTROL,RUN-CONTROL-4,2594,BASE,,Left,CONTROL,1584.0,2000-01-01T00:01:28.994Z,2000-01-01T00:01:30.811Z,vertical,,True
4268,231,P0231,515,4,C11,7,2760,CONTROL,RUN-CONTROL-4,2376,AESTHETIC,RUN-AESTHETIC-4,Right,AESTHETIC,3441.0,2000-01-01T00:01:30.821Z,2000-01-01T00:01:34.489Z,vertical,,True
4269,231,P0231,515,4,B23,85,2508,BASE,,2700,CONTROL,RUN-CONTROL-4,Left,BASE,504.0,2000-01-01T00:01:34.500Z,2000-01-01T00:01:35.245Z,vertical,VeryFastResponse,True
4270,231,P0231,515,4,A04,7,2232,AESTHETIC,RUN-AESTHETIC-4,2424,BASE,,Right,BASE,401.0,2000-01-01T00:01:35.298Z,2000-01-01T00:01:35.956Z,vertical,VeryFastResponse,True
4271,180,P0180,518,4,B26,7,2328,AESTHETIC,RUN-AESTHETIC-4,2712,CONTROL,RUN-CONTROL-4,Right,CONTROL,24706.0,2000-01-01T00:00:03.638Z,2000-01-01T00:00:28.695Z,vertical,,False
4272,180,P0180,518,4,C08,7,2554,BASE,,2362,AESTHETIC,RUN-AESTHETIC-4,Tie,TIE,2611.0,2000-01-01T00:00:28.706Z,2000-01-01T00:00:31.543Z,vertical,,False
4273,180,P0180,518,4,B19,6127,2503,BASE,,2695,CONTROL,RUN-CONTROL-4,Tie,TIE,8300.0,2000-01-01T00:00:31.552Z,2000-01-01T00:00:40.106Z,vertical,,False
4274,180,P0180,518,4,B01,25478,2461,BASE,,2653,CONTROL,RUN-CONTROL-4,Left,BASE,15423.0,2000-01-01T00:00:40.116Z,2000-01-01T00:00:55.763Z,vertical,,False
4275,180,P0180,518,4,B01,6127,2661,CONTROL,RUN-CONTROL-4,2277,AESTHETIC,RUN-AESTHETIC-4,Left,CONTROL,5349.0,2000-01-01T00:00:55.782Z,2000-01-01T00:01:01.359Z,vertical,,False
4276,180,P0180,518,4,C16,7,2394,AESTHETIC,RUN-AESTHETIC-4,2586,BASE,,Right,BASE,4084.0,2000-01-01T00:01:01.368Z,2000-01-01T00:01:05.678Z,vertical,,False
4277,180,P0180,518,4,B25,6127,2709,CONTROL,RUN-CONTROL-4,2517,BASE,,Right,BASE,6314.0,2000-01-01T00:01:05.689Z,2000-01-01T00:01:12.229Z,vertical,,False
4278,180,P0180,518,4,C18,85,2590,BASE,,2782,CONTROL,RUN-CONTROL-4,Left,BASE,16530.0,2000-01-01T00:01:12.240Z,2000-01-01T00:01:28.995Z,vertical,,False
4279,180,P0180,518,4,C18,85,2590,BASE,,2398,AESTHETIC,RUN-AESTHETIC-4,Left,BASE,2837.0,2000-01-01T00:01:29.004Z,2000-01-01T00:01:32.064Z,vertical,,False
4280,180,P0180,518,4,C10,6127,2757,CONTROL,RUN-CONTROL-4,2565,BASE,,Right,BASE,6713.0,2000-01-01T00:01:32.074Z,2000-01-01T00:01:39.016Z,vertical,,False
4281,180,P0180,518,4,C18,25478,2781,CONTROL,RUN-CONTROL-4,2589,BASE,,Left,CONTROL,4045.0,2000-01-01T00:01:39.026Z,2000-01-01T00:01:43.295Z,vertical,,False
4282,180,P0180,518,4,C11,6127,2375,AESTHETIC,RUN-AESTHETIC-4,2759,CONTROL,RUN-CONTROL-4,Right,CONTROL,16853.0,2000-01-01T00:01:43.305Z,2000-01-01T00:02:00.383Z,vertical,,False
4283,180,P0180,518,4,A02,7,2422,BASE,,2614,CONTROL,RUN-CONTROL-4,Left,BASE,2647.0,2000-01-01T00:02:00.393Z,2000-01-01T00:02:03.263Z,vertical,,False
4284,180,P0180,518,4,A27,7,2660,CONTROL,RUN-CONTROL-4,2468,BASE,,Left,CONTROL,2587.0,2000-01-01T00:02:03.271Z,2000-01-01T00:02:06.085Z,vertical,,False
4285,180,P0180,518,4,B26,6127,2519,BASE,,2711,CONTROL,RUN-CONTROL-4,Left,BASE,7763.0,2000-01-01T00:02:06.096Z,2000-01-01T00:02:14.084Z,vertical,,False
4286,180,P0180,518,4,C09,7,2564,BASE,,2372,AESTHETIC,RUN-AESTHETIC-4,Right,AESTHETIC,2352.0,2000-01-01T00:02:14.092Z,2000-01-01T00:02:16.665Z,vertical,,False
4287,180,P0180,518,4,B19,6127,2503,BASE,,2311,AESTHETIC,RUN-AESTHETIC-4,Tie,TIE,4016.0,2000-01-01T00:02:16.674Z,2000-01-01T00:02:20.916Z,vertical,,False
4288,180,P0180,518,4,B19,6127,2695,CONTROL,RUN-CONTROL-4,2311,AESTHETIC,RUN-AESTHETIC-4,Tie,TIE,791.0,2000-01-01T00:02:20.953Z,2000-01-01T00:02:21.967Z,vertical,VeryFastResponse,False
4289,180,P0180,518,4,C20,85,2402,AESTHETIC,RUN-AESTHETIC-4,2786,CONTROL,RUN-CONTROL-4,Right,CONTROL,2917.0,2000-01-01T00:02:21.978Z,2000-01-01T00:02:25.340Z,vertical,,False
4290,180,P0180,518,4,A27,85,2268,AESTHETIC,RUN-AESTHETIC-4,2460,BASE,,Left,AESTHETIC,6740.0,2000-01-01T00:02:25.350Z,2000-01-01T00:02:32.314Z,vertical,,False
4291,180,P0180,518,4,A08,7,2628,CONTROL,RUN-CONTROL-4,2244,AESTHETIC,RUN-AESTHETIC-4,Right,AESTHETIC,1878.0,2000-01-01T00:02:32.327Z,2000-01-01T00:02:34.490Z,vertical,,False
4292,180,P0180,518,4,B19,85,2496,BASE,,2688,CONTROL,RUN-CONTROL-4,Tie,TIE,1887.0,2000-01-01T00:02:34.501Z,2000-01-01T00:02:36.613Z,vertical,,False
4293,180,P0180,518,4,B25,25478,2701,CONTROL,RUN-CONTROL-4,2509,BASE,,Left,CONTROL,1954.0,2000-01-01T00:02:36.625Z,2000-01-01T00:02:38.798Z,vertical,,False
4294,180,P0180,518,4,C15,25478,2575,BASE,,2767,CONTROL,RUN-CONTROL-4,Left,BASE,2086.0,2000-01-01T00:02:38.808Z,2000-01-01T00:02:41.121Z,vertical,,False
4295,180,P0180,518,4,A08,25478,2235,AESTHETIC,RUN-AESTHETIC-4,2427,BASE,,Right,BASE,1242.0,2000-01-01T00:02:41.132Z,2000-01-01T00:02:42.601Z,vertical,,False
4296,180,P0180,518,4,C17,7,2788,CONTROL,RUN-CONTROL-4,2596,BASE,,Right,BASE,4839.0,2000-01-01T00:02:42.614Z,2000-01-01T00:02:47.685Z,vertical,,False
4297,180,P0180,518,4,A09,25478,2429,BASE,,2621,CONTROL,RUN-CONTROL-4,Right,CONTROL,1199.0,2000-01-01T00:02:47.696Z,2000-01-01T00:02:49.121Z,vertical,,False
4298,180,P0180,518,4,A13,6127,2633,CONTROL,RUN-CONTROL-4,2441,BASE,,Right,BASE,2520.0,2000-01-01T00:02:49.133Z,2000-01-01T00:02:51.882Z,vertical,,False
4299,180,P0180,518,4,B19,25478,2303,AESTHETIC,RUN-AESTHETIC-4,2687,CONTROL,RUN-CONTROL-4,Tie,TIE,1751.0,2000-01-01T00:02:51.893Z,2000-01-01T00:02:53.868Z,vertical,,False
4300,180,P0180,518,4,C01,85,2526,BASE,,2718,CONTROL,RUN-CONTROL-4,Tie,TIE,1467.0,2000-01-01T00:02:53.878Z,2000-01-01T00:02:55.570Z,vertical,,False
4301,14,P0014,520,4,B23,85,2508,BASE,,2316,AESTHETIC,RUN-AESTHETIC-4,Left,BASE,6951.0,2000-01-01T00:02:31.253Z,2000-01-01T00:02:38.945Z,vertical,,False
4302,14,P0014,520,4,A22,85,2638,CONTROL,RUN-CONTROL-4,2254,AESTHETIC,RUN-AESTHETIC-4,Right,AESTHETIC,2922.0,2000-01-01T00:02:38.961Z,2000-01-01T00:02:42.236Z,vertical,,False
4303,14,P0014,520,4,B20,85,2498,BASE,,2306,AESTHETIC,RUN-AESTHETIC-4,Right,AESTHETIC,1656.0,2000-01-01T00:02:42.246Z,2000-01-01T00:02:44.187Z,vertical,,False
4304,14,P0014,520,4,C12,6127,2569,BASE,,2377,AESTHETIC,RUN-AESTHETIC-4,Right,AESTHETIC,2528.0,2000-01-01T00:02:44.198Z,2000-01-01T00:02:47.036Z,vertical,,False
4305,14,P0014,520,4,C02,25478,2335,AESTHETIC,RUN-AESTHETIC-4,2527,BASE,,Right,BASE,5152.0,2000-01-01T00:02:47.048Z,2000-01-01T00:02:52.506Z,vertical,,False
4306,14,P0014,520,4,C19,25478,2783,CONTROL,RUN-CONTROL-4,2399,AESTHETIC,RUN-AESTHETIC-4,Right,AESTHETIC,2402.0,2000-01-01T00:02:52.516Z,2000-01-01T00:02:55.357Z,vertical,,False
4307,14,P0014,520,4,C12,85,2754,CONTROL,RUN-CONTROL-4,2562,BASE,,Left,CONTROL,1918.0,2000-01-01T00:02:55.369Z,2000-01-01T00:02:57.536Z,vertical,,False
4308,14,P0014,520,4,B19,85,2304,AESTHETIC,RUN-AESTHETIC-4,2688,CONTROL,RUN-CONTROL-4,Right,CONTROL,2058.0,2000-01-01T00:02:57.545Z,2000-01-01T00:02:59.907Z,vertical,,False
4309,14,P0014,520,4,B15,25478,2493,BASE,,2301,AESTHETIC,RUN-AESTHETIC-4,Left,BASE,1898.0,2000-01-01T00:02:59.917Z,2000-01-01T00:03:02.087Z,vertical,,False
4310,14,P0014,520,4,B01,6127,2469,BASE,,2277,AESTHETIC,RUN-AESTHETIC-4,Right,AESTHETIC,2105.0,2000-01-01T00:03:02.097Z,2000-01-01T00:03:04.467Z,vertical,,False
4311,14,P0014,520,4,C08,6127,2745,CONTROL,RUN-CONTROL-4,2361,AESTHETIC,RUN-AESTHETIC-4,Right,AESTHETIC,1247.0,2000-01-01T00:03:04.477Z,2000-01-01T00:03:06.036Z,vertical,,False
4312,14,P0014,520,4,B01,7,2662,CONTROL,RUN-CONTROL-4,2278,AESTHETIC,RUN-AESTHETIC-4,Right,AESTHETIC,1074.0,2000-01-01T00:03:06.046Z,2000-01-01T00:03:07.367Z,vertical,,False
4313,14,P0014,520,4,B06,7,2292,AESTHETIC,RUN-AESTHETIC-4,2484,BASE,,Right,BASE,2181.0,2000-01-01T00:03:07.386Z,2000-01-01T00:03:09.836Z,vertical,,False
4314,14,P0014,520,4,B12,7,2682,CONTROL,RUN-CONTROL-4,2298,AESTHETIC,RUN-AESTHETIC-4,Right,AESTHETIC,1238.0,2000-01-01T00:03:09.847Z,2000-01-01T00:03:11.364Z,vertical,,False
4315,14,P0014,520,4,C18,25478,2781,CONTROL,RUN-CONTROL-4,2397,AESTHETIC,RUN-AESTHETIC-4,Right,AESTHETIC,1129.0,2000-01-01T00:03:11.439Z,2000-01-01T00:03:12.886Z,vertical,,False
4316,14,P0014,520,4,C02,85,2528,BASE,,2720,CONTROL,RUN-CONTROL-4,Left,BASE,1810.0,2000-01-01T00:03:12.897Z,2000-01-01T00:03:14.997Z,vertical,,False
4317,14,P0014,520,4,C14,7,2582,BASE,,2390,AESTHETIC,RUN-AESTHETIC-4,Right,AESTHETIC,1522.0,2000-01-01T00:03:15.008Z,2000-01-01T00:03:16.917Z,vertical,,False
4318,14,P0014,520,4,B27,7,2330,AESTHETIC,RUN-AESTHETIC-4,2522,BASE,,Right,BASE,1312.0,2000-01-01T00:03:16.931Z,2000-01-01T00:03:18.543Z,vertical,,False
4319,14,P0014,520,4,A01,6127,2419,BASE,,2227,AESTHETIC,RUN-AESTHETIC-4,Right,AESTHETIC,1120.0,2000-01-01T00:03:18.554Z,2000-01-01T00:03:19.946Z,vertical,,False
4320,14,P0014,520,4,C02,85,2528,BASE,,2336,AESTHETIC,RUN-AESTHETIC-4,Left,BASE,1362.0,2000-01-01T00:03:19.957Z,2000-01-01T00:03:21.627Z,vertical,,False
4321,14,P0014,520,4,C17,6127,2595,BASE,,2403,AESTHETIC,RUN-AESTHETIC-4,Right,AESTHETIC,1339.0,2000-01-01T00:03:21.638Z,2000-01-01T00:03:23.317Z,vertical,,False
4322,14,P0014,520,4,C05,85,2732,CONTROL,RUN-CONTROL-4,2540,BASE,,Left,CONTROL,1652.0,2000-01-01T00:03:23.328Z,2000-01-01T00:03:25.438Z,vertical,,False
4323,14,P0014,520,4,C17,25478,2587,BASE,,2395,AESTHETIC,RUN-AESTHETIC-4,Right,AESTHETIC,1306.0,2000-01-01T00:03:25.448Z,2000-01-01T00:03:27.038Z,vertical,,False
4324,14,P0014,520,4,C17,25478,2779,CONTROL,RUN-CONTROL-4,2587,BASE,,Right,BASE,1372.0,2000-01-01T00:03:27.049Z,2000-01-01T00:03:28.766Z,vertical,,False
4325,14,P0014,520,4,A25,25478,2639,CONTROL,RUN-CONTROL-4,2255,AESTHETIC,RUN-AESTHETIC-4,Right,AESTHETIC,1245.0,2000-01-01T00:03:28.778Z,2000-01-01T00:03:30.358Z,vertical,,False
4326,14,P0014,520,4,A11,7,2248,AESTHETIC,RUN-AESTHETIC-4,2440,BASE,,Left,AESTHETIC,1643.0,2000-01-01T00:03:30.369Z,2000-01-01T00:03:32.346Z,vertical,,False
4327,14,P0014,520,4,C08,85,2354,AESTHETIC,RUN-AESTHETIC-4,2738,CONTROL,RUN-CONTROL-4,Left,AESTHETIC,1508.0,2000-01-01T00:03:32.356Z,2000-01-01T00:03:34.162Z,vertical,,False
4328,14,P0014,520,4,B25,25478,2509,BASE,,2317,AESTHETIC,RUN-AESTHETIC-4,Left,BASE,1436.0,2000-01-01T00:03:34.173Z,2000-01-01T00:03:35.848Z,vertical,,False
4329,14,P0014,520,4,C08,6127,2361,AESTHETIC,RUN-AESTHETIC-4,2553,BASE,,Right,BASE,1608.0,2000-01-01T00:03:35.856Z,2000-01-01T00:03:37.917Z,vertical,,False
4330,14,P0014,520,4,A27,6127,2467,BASE,,2659,CONTROL,RUN-CONTROL-4,Right,CONTROL,2539.0,2000-01-01T00:03:37.927Z,2000-01-01T00:03:40.846Z,vertical,,False
4331,284,P0284,522,4,B06,6127,2483,BASE,,2675,CONTROL,RUN-CONTROL-4,Right,CONTROL,10135.0,2000-01-01T00:00:43.158Z,2000-01-01T00:00:53.990Z,vertical,,False
4332,284,P0284,522,4,C17,6127,2787,CONTROL,RUN-CONTROL-4,2403,AESTHETIC,RUN-AESTHETIC-4,Left,CONTROL,9110.0,2000-01-01T00:00:54.000Z,2000-01-01T00:01:03.381Z,vertical,,False
4333,284,P0284,522,4,B06,85,2476,BASE,,2668,CONTROL,RUN-CONTROL-4,Left,BASE,3031.0,2000-01-01T00:01:03.393Z,2000-01-01T00:01:06.693Z,vertical,,False
4334,284,P0284,522,4,C06,25478,2733,CONTROL,RUN-CONTROL-4,2541,BASE,,Left,CONTROL,3810.0,2000-01-01T00:01:06.732Z,2000-01-01T00:01:10.829Z,vertical,,False
4335,284,P0284,522,4,A09,7,2246,AESTHETIC,RUN-AESTHETIC-4,2438,BASE,,Right,BASE,3008.0,2000-01-01T00:01:10.841Z,2000-01-01T00:01:14.120Z,vertical,,False
4336,284,P0284,522,4,C17,6127,2787,CONTROL,RUN-CONTROL-4,2595,BASE,,Right,BASE,2575.0,2000-01-01T00:01:14.135Z,2000-01-01T00:01:17.011Z,vertical,,False
4337,284,P0284,522,4,C15,85,2576,BASE,,2768,CONTROL,RUN-CONTROL-4,Right,CONTROL,3371.0,2000-01-01T00:01:17.026Z,2000-01-01T00:01:20.683Z,vertical,,False
4338,284,P0284,522,4,C16,85,2578,BASE,,2386,AESTHETIC,RUN-AESTHETIC-4,Left,BASE,1884.0,2000-01-01T00:01:20.694Z,2000-01-01T00:01:22.859Z,vertical,,False
4339,284,P0284,522,4,A22,25478,2445,BASE,,2253,AESTHETIC,RUN-AESTHETIC-4,Right,AESTHETIC,4203.0,2000-01-01T00:01:22.869Z,2000-01-01T00:01:27.350Z,vertical,,False
4340,284,P0284,522,4,B19,7,2504,BASE,,2312,AESTHETIC,RUN-AESTHETIC-4,Left,BASE,2756.0,2000-01-01T00:01:27.361Z,2000-01-01T00:01:30.400Z,vertical,,False
4341,284,P0284,522,4,B08,7,2678,CONTROL,RUN-CONTROL-4,2294,AESTHETIC,RUN-AESTHETIC-4,Left,CONTROL,1928.0,2000-01-01T00:01:30.410Z,2000-01-01T00:01:32.622Z,vertical,,False
4342,284,P0284,522,4,B06,6127,2291,AESTHETIC,RUN-AESTHETIC-4,2675,CONTROL,RUN-CONTROL-4,Right,CONTROL,3674.0,2000-01-01T00:01:32.633Z,2000-01-01T00:01:36.601Z,vertical,,False
4343,284,P0284,522,4,B02,25478,2271,AESTHETIC,RUN-AESTHETIC-4,2655,CONTROL,RUN-CONTROL-4,Left,AESTHETIC,1756.0,2000-01-01T00:01:36.612Z,2000-01-01T00:01:38.630Z,vertical,,False
4344,284,P0284,522,4,A26,6127,2457,BASE,,2649,CONTROL,RUN-CONTROL-4,Right,CONTROL,2091.0,2000-01-01T00:01:38.647Z,2000-01-01T00:01:41.015Z,vertical,,False
4345,284,P0284,522,4,A07,6127,2233,AESTHETIC,RUN-AESTHETIC-4,2617,CONTROL,RUN-CONTROL-4,Left,AESTHETIC,1625.0,2000-01-01T00:01:41.025Z,2000-01-01T00:01:42.931Z,vertical,,False
4346,284,P0284,522,4,A04,85,2608,CONTROL,RUN-CONTROL-4,2224,AESTHETIC,RUN-AESTHETIC-4,Right,AESTHETIC,3695.0,2000-01-01T00:01:42.941Z,2000-01-01T00:01:46.910Z,vertical,,False
4347,284,P0284,522,4,B02,25478,2463,BASE,,2271,AESTHETIC,RUN-AESTHETIC-4,Right,AESTHETIC,3244.0,2000-01-01T00:01:46.920Z,2000-01-01T00:01:50.441Z,vertical,,False
4348,284,P0284,522,4,C13,7,2388,AESTHETIC,RUN-AESTHETIC-4,2580,BASE,,Left,AESTHETIC,2246.0,2000-01-01T00:01:50.452Z,2000-01-01T00:01:52.973Z,vertical,,False
4349,284,P0284,522,4,B26,7,2328,AESTHETIC,RUN-AESTHETIC-4,2520,BASE,,Right,BASE,2112.0,2000-01-01T00:01:52.983Z,2000-01-01T00:01:55.372Z,vertical,,False
4350,284,P0284,522,4,A13,85,2434,BASE,,2626,CONTROL,RUN-CONTROL-4,Left,BASE,4297.0,2000-01-01T00:01:55.382Z,2000-01-01T00:01:59.953Z,vertical,,False
4351,284,P0284,522,4,B02,6127,2471,BASE,,2663,CONTROL,RUN-CONTROL-4,Left,BASE,1520.0,2000-01-01T00:01:59.963Z,2000-01-01T00:02:01.808Z,vertical,,False
4352,284,P0284,522,4,C04,6127,2345,AESTHETIC,RUN-AESTHETIC-4,2537,BASE,,Left,AESTHETIC,3877.0,2000-01-01T00:02:01.821Z,2000-01-01T00:02:05.961Z,vertical,,False
4353,284,P0284,522,4,C14,25478,2573,BASE,,2765,CONTROL,RUN-CONTROL-4,Right,CONTROL,2017.0,2000-01-01T00:02:05.972Z,2000-01-01T00:02:08.281Z,vertical,,False
4354,284,P0284,522,4,C14,85,2382,AESTHETIC,RUN-AESTHETIC-4,2766,CONTROL,RUN-CONTROL-4,Right,CONTROL,1542.0,2000-01-01T00:02:08.291Z,2000-01-01T00:02:10.128Z,vertical,,False
4355,284,P0284,522,4,B23,6127,2323,AESTHETIC,RUN-AESTHETIC-4,2515,BASE,,Left,AESTHETIC,2079.0,2000-01-01T00:02:10.139Z,2000-01-01T00:02:12.507Z,vertical,,False
4356,284,P0284,522,4,C14,85,2574,BASE,,2382,AESTHETIC,RUN-AESTHETIC-4,Left,BASE,1596.0,2000-01-01T00:02:12.518Z,2000-01-01T00:02:14.399Z,vertical,,False
4357,284,P0284,522,4,B15,6127,2501,BASE,,2309,AESTHETIC,RUN-AESTHETIC-4,Right,AESTHETIC,1942.0,2000-01-01T00:02:14.411Z,2000-01-01T00:02:16.624Z,vertical,,False
4358,284,P0284,522,4,B20,7,2698,CONTROL,RUN-CONTROL-4,2506,BASE,,Right,BASE,1464.0,2000-01-01T00:02:16.634Z,2000-01-01T00:02:18.372Z,vertical,,False
4359,284,P0284,522,4,B02,6127,2279,AESTHETIC,RUN-AESTHETIC-4,2663,CONTROL,RUN-CONTROL-4,Left,AESTHETIC,1735.0,2000-01-01T00:02:18.382Z,2000-01-01T00:02:20.382Z,vertical,,False
4360,284,P0284,522,4,B27,6127,2329,AESTHETIC,RUN-AESTHETIC-4,2521,BASE,,Left,AESTHETIC,2160.0,2000-01-01T00:02:20.392Z,2000-01-01T00:02:22.831Z,vertical,,False
4361,2,P0002,525,4,B15,6127,2501,BASE,,2693,CONTROL,RUN-CONTROL-4,Right,CONTROL,13222.0,2000-01-01T00:00:08.237Z,2000-01-01T00:00:21.707Z,vertical,,False
4362,2,P0002,525,4,C15,6127,2775,CONTROL,RUN-CONTROL-4,2391,AESTHETIC,RUN-AESTHETIC-4,Right,AESTHETIC,6614.0,2000-01-01T00:00:21.718Z,2000-01-01T00:00:28.767Z,vertical,,False
4363,2,P0002,525,4,B14,25478,2299,AESTHETIC,RUN-AESTHETIC-4,2683,CONTROL,RUN-CONTROL-4,Left,AESTHETIC,4155.0,2000-01-01T00:00:28.777Z,2000-01-01T00:00:33.371Z,vertical,,False
4364,2,P0002,525,4,C01,25478,2525,BASE,,2333,AESTHETIC,RUN-AESTHETIC-4,Right,AESTHETIC,2603.0,2000-01-01T00:00:33.382Z,2000-01-01T00:00:36.425Z,vertical,,False
4365,2,P0002,525,4,A07,7,2234,AESTHETIC,RUN-AESTHETIC-4,2618,CONTROL,RUN-CONTROL-4,Right,CONTROL,6251.0,2000-01-01T00:00:36.458Z,2000-01-01T00:00:43.126Z,vertical,,False
4366,2,P0002,525,4,C16,6127,2393,AESTHETIC,RUN-AESTHETIC-4,2585,BASE,,Left,AESTHETIC,2252.0,2000-01-01T00:00:43.158Z,2000-01-01T00:00:45.820Z,vertical,,False
4367,2,P0002,525,4,C13,7,2772,CONTROL,RUN-CONTROL-4,2388,AESTHETIC,RUN-AESTHETIC-4,Left,CONTROL,1555.0,2000-01-01T00:00:45.830Z,2000-01-01T00:00:47.724Z,vertical,,False
4368,2,P0002,525,4,C19,6127,2791,CONTROL,RUN-CONTROL-4,2407,AESTHETIC,RUN-AESTHETIC-4,Right,AESTHETIC,1928.0,2000-01-01T00:00:47.735Z,2000-01-01T00:00:50.120Z,vertical,,False
4369,2,P0002,525,4,B15,25478,2301,AESTHETIC,RUN-AESTHETIC-4,2685,CONTROL,RUN-CONTROL-4,Left,AESTHETIC,2680.0,2000-01-01T00:00:50.132Z,2000-01-01T00:00:53.270Z,vertical,,False
4370,2,P0002,525,4,C19,85,2400,AESTHETIC,RUN-AESTHETIC-4,2784,CONTROL,RUN-CONTROL-4,Right,CONTROL,3782.0,2000-01-01T00:00:53.281Z,2000-01-01T00:00:57.555Z,vertical,,False
4371,2,P0002,525,4,B15,85,2302,AESTHETIC,RUN-AESTHETIC-4,2494,BASE,,Right,BASE,1421.0,2000-01-01T00:00:57.565Z,2000-01-01T00:00:59.460Z,vertical,,False
4372,2,P0002,525,4,C18,7,2406,AESTHETIC,RUN-AESTHETIC-4,2790,CONTROL,RUN-CONTROL-4,Right,CONTROL,2624.0,2000-01-01T00:00:59.470Z,2000-01-01T00:01:02.633Z,vertical,,False
4373,2,P0002,525,4,B20,25478,2689,CONTROL,RUN-CONTROL-4,2497,BASE,,Left,CONTROL,1871.0,2000-01-01T00:01:02.644Z,2000-01-01T00:01:05.046Z,vertical,,False
4374,2,P0002,525,4,B01,6127,2661,CONTROL,RUN-CONTROL-4,2469,BASE,,Right,BASE,2988.0,2000-01-01T00:01:05.056Z,2000-01-01T00:01:08.304Z,vertical,,False
4375,2,P0002,525,4,C14,25478,2765,CONTROL,RUN-CONTROL-4,2381,AESTHETIC,RUN-AESTHETIC-4,Left,CONTROL,4365.0,2000-01-01T00:01:08.313Z,2000-01-01T00:01:13.235Z,vertical,,False
4376,2,P0002,525,4,C19,85,2400,AESTHETIC,RUN-AESTHETIC-4,2592,BASE,,Left,AESTHETIC,3949.0,2000-01-01T00:01:13.244Z,2000-01-01T00:01:17.454Z,vertical,,False
4377,2,P0002,525,4,A25,7,2648,CONTROL,RUN-CONTROL-4,2264,AESTHETIC,RUN-AESTHETIC-4,Right,AESTHETIC,1931.0,2000-01-01T00:01:17.465Z,2000-01-01T00:01:19.910Z,vertical,,False
4378,2,P0002,525,4,A25,85,2256,AESTHETIC,RUN-AESTHETIC-4,2448,BASE,,Right,BASE,4460.0,2000-01-01T00:01:19.919Z,2000-01-01T00:01:24.891Z,vertical,,False
4379,2,P0002,525,4,B06,85,2284,AESTHETIC,RUN-AESTHETIC-4,2668,CONTROL,RUN-CONTROL-4,Left,AESTHETIC,5175.0,2000-01-01T00:01:24.900Z,2000-01-01T00:01:30.600Z,vertical,,False
4380,2,P0002,525,4,B23,25478,2507,BASE,,2315,AESTHETIC,RUN-AESTHETIC-4,Right,AESTHETIC,2929.0,2000-01-01T00:01:30.610Z,2000-01-01T00:01:33.844Z,vertical,,False
4381,2,P0002,525,4,C05,25478,2539,BASE,,2731,CONTROL,RUN-CONTROL-4,Right,CONTROL,1328.0,2000-01-01T00:01:33.855Z,2000-01-01T00:01:35.725Z,vertical,,False
4382,2,P0002,525,4,C10,7,2374,AESTHETIC,RUN-AESTHETIC-4,2758,CONTROL,RUN-CONTROL-4,Right,CONTROL,1893.0,2000-01-01T00:01:35.734Z,2000-01-01T00:01:37.925Z,vertical,,False
4383,2,P0002,525,4,C05,25478,2539,BASE,,2347,AESTHETIC,RUN-AESTHETIC-4,Right,AESTHETIC,1200.0,2000-01-01T00:01:37.935Z,2000-01-01T00:01:39.684Z,vertical,,False
4384,2,P0002,525,4,C02,6127,2535,BASE,,2727,CONTROL,RUN-CONTROL-4,Left,BASE,4398.0,2000-01-01T00:01:39.695Z,2000-01-01T00:01:44.530Z,vertical,,False
4385,2,P0002,525,4,A04,25478,2607,CONTROL,RUN-CONTROL-4,2223,AESTHETIC,RUN-AESTHETIC-4,Right,AESTHETIC,4196.0,2000-01-01T00:01:44.540Z,2000-01-01T00:01:49.314Z,vertical,,False
4386,2,P0002,525,4,A07,25478,2225,AESTHETIC,RUN-AESTHETIC-4,2417,BASE,,Right,BASE,1801.0,2000-01-01T00:01:49.324Z,2000-01-01T00:01:51.715Z,vertical,,False
4387,2,P0002,525,4,B29,7,2340,AESTHETIC,RUN-AESTHETIC-4,2724,CONTROL,RUN-CONTROL-4,Left,AESTHETIC,2235.0,2000-01-01T00:01:51.725Z,2000-01-01T00:01:54.590Z,vertical,,False
4388,2,P0002,525,4,A02,7,2230,AESTHETIC,RUN-AESTHETIC-4,2422,BASE,,Left,AESTHETIC,3216.0,2000-01-01T00:01:54.601Z,2000-01-01T00:01:58.435Z,vertical,,False
4389,2,P0002,525,4,C11,25478,2751,CONTROL,RUN-CONTROL-4,2559,BASE,,Right,BASE,1251.0,2000-01-01T00:01:58.456Z,2000-01-01T00:02:00.320Z,vertical,,False
4390,2,P0002,525,4,A25,6127,2455,BASE,,2647,CONTROL,RUN-CONTROL-4,Left,BASE,5427.0,2000-01-01T00:02:00.330Z,2000-01-01T00:02:06.035Z,vertical,,False
4391,132,P0132,528,4,B08,7,2294,AESTHETIC,RUN-AESTHETIC-4,2486,BASE,,Right,BASE,7527.0,2000-01-01T00:00:18.521Z,2000-01-01T00:00:26.190Z,vertical,,False
4392,132,P0132,528,4,C18,6127,2405,AESTHETIC,RUN-AESTHETIC-4,2789,CONTROL,RUN-CONTROL-4,Right,CONTROL,6794.0,2000-01-01T00:00:26.200Z,2000-01-01T00:00:33.205Z,vertical,,False
4393,132,P0132,528,4,B14,85,2492,BASE,,2684,CONTROL,RUN-CONTROL-4,Right,CONTROL,6732.0,2000-01-01T00:00:33.215Z,2000-01-01T00:00:40.191Z,vertical,,False
4394,132,P0132,528,4,C12,7,2378,AESTHETIC,RUN-AESTHETIC-4,2762,CONTROL,RUN-CONTROL-4,Left,AESTHETIC,10799.0,2000-01-01T00:00:40.201Z,2000-01-01T00:00:51.220Z,vertical,,False
4395,132,P0132,528,4,C15,7,2776,CONTROL,RUN-CONTROL-4,2584,BASE,,Left,CONTROL,5929.0,2000-01-01T00:00:51.230Z,2000-01-01T00:00:57.372Z,vertical,,False
4396,132,P0132,528,4,A09,6127,2437,BASE,,2245,AESTHETIC,RUN-AESTHETIC-4,Left,BASE,3308.0,2000-01-01T00:00:57.383Z,2000-01-01T00:01:00.894Z,vertical,,False
4397,132,P0132,528,4,C16,7,2586,BASE,,2778,CONTROL,RUN-CONTROL-4,Right,CONTROL,2253.0,2000-01-01T00:01:00.904Z,2000-01-01T00:01:03.362Z,vertical,,False
4398,132,P0132,528,4,A27,7,2660,CONTROL,RUN-CONTROL-4,2276,AESTHETIC,RUN-AESTHETIC-4,Right,AESTHETIC,7765.0,2000-01-01T00:01:03.372Z,2000-01-01T00:01:11.364Z,vertical,,False
4399,132,P0132,528,4,B01,7,2278,AESTHETIC,RUN-AESTHETIC-4,2470,BASE,,Right,BASE,2706.0,2000-01-01T00:01:11.375Z,2000-01-01T00:01:15.100Z,vertical,,False
4400,132,P0132,528,4,B01,85,2654,CONTROL,RUN-CONTROL-4,2270,AESTHETIC,RUN-AESTHETIC-4,Left,CONTROL,20171.0,2000-01-01T00:01:15.112Z,2000-01-01T00:01:37.111Z,vertical,,False
4401,132,P0132,528,4,A13,7,2634,CONTROL,RUN-CONTROL-4,2250,AESTHETIC,RUN-AESTHETIC-4,Left,CONTROL,3243.0,2000-01-01T00:01:37.120Z,2000-01-01T00:01:40.576Z,vertical,,False
4402,132,P0132,528,4,C17,85,2396,AESTHETIC,RUN-AESTHETIC-4,2588,BASE,,Right,BASE,12130.0,2000-01-01T00:01:40.588Z,2000-01-01T00:01:53.079Z,vertical,,False
4403,132,P0132,528,4,B09,25478,2287,AESTHETIC,RUN-AESTHETIC-4,2671,CONTROL,RUN-CONTROL-4,Right,CONTROL,3675.0,2000-01-01T00:01:53.089Z,2000-01-01T00:01:56.971Z,vertical,,False
4404,132,P0132,528,4,B20,85,2690,CONTROL,RUN-CONTROL-4,2498,BASE,,Left,CONTROL,2900.0,2000-01-01T00:01:56.980Z,2000-01-01T00:02:00.086Z,vertical,,False
4405,132,P0132,528,4,C16,7,2394,AESTHETIC,RUN-AESTHETIC-4,2778,CONTROL,RUN-CONTROL-4,Left,AESTHETIC,12527.0,2000-01-01T00:02:00.095Z,2000-01-01T00:02:12.840Z,vertical,,False
4406,132,P0132,528,4,B20,85,2690,CONTROL,RUN-CONTROL-4,2306,AESTHETIC,RUN-AESTHETIC-4,Left,CONTROL,7178.0,2000-01-01T00:02:12.851Z,2000-01-01T00:02:20.241Z,vertical,,False
4407,132,P0132,528,4,A26,25478,2641,CONTROL,RUN-CONTROL-4,2257,AESTHETIC,RUN-AESTHETIC-4,Right,AESTHETIC,7780.0,2000-01-01T00:02:20.250Z,2000-01-01T00:02:28.241Z,vertical,,False
4408,132,P0132,528,4,C02,6127,2343,AESTHETIC,RUN-AESTHETIC-4,2727,CONTROL,RUN-CONTROL-4,Right,CONTROL,7997.0,2000-01-01T00:02:28.252Z,2000-01-01T00:02:36.471Z,vertical,,False
4409,132,P0132,528,4,C12,85,2370,AESTHETIC,RUN-AESTHETIC-4,2754,CONTROL,RUN-CONTROL-4,Right,CONTROL,5966.0,2000-01-01T00:02:36.481Z,2000-01-01T00:02:42.654Z,vertical,,False
4410,132,P0132,528,4,A04,6127,2231,AESTHETIC,RUN-AESTHETIC-4,2615,CONTROL,RUN-CONTROL-4,Right,CONTROL,6748.0,2000-01-01T00:02:42.662Z,2000-01-01T00:02:49.637Z,vertical,,False
4411,132,P0132,528,4,C06,85,2350,AESTHETIC,RUN-AESTHETIC-4,2734,CONTROL,RUN-CONTROL-4,Tie,TIE,10859.0,2000-01-01T00:02:49.649Z,2000-01-01T00:03:00.766Z,vertical,,False
4412,132,P0132,528,4,C09,6127,2371,AESTHETIC,RUN-AESTHETIC-4,2563,BASE,,Right,BASE,4224.0,2000-01-01T00:03:00.777Z,2000-01-01T00:03:05.211Z,vertical,,False
4413,132,P0132,528,4,B01,25478,2269,AESTHETIC,RUN-AESTHETIC-4,2461,BASE,,Right,BASE,25072.0,2000-01-01T00:03:05.220Z,2000-01-01T00:03:30.516Z,vertical,,False
4414,132,P0132,528,4,B29,25478,2523,BASE,,2715,CONTROL,RUN-CONTROL-4,Right,CONTROL,4264.0,2000-01-01T00:03:30.528Z,2000-01-01T00:03:35.005Z,vertical,,False
4415,132,P0132,528,4,C16,6127,2393,AESTHETIC,RUN-AESTHETIC-4,2777,CONTROL,RUN-CONTROL-4,Left,AESTHETIC,12881.0,2000-01-01T00:03:35.015Z,2000-01-01T00:03:48.105Z,vertical,,False
4416,132,P0132,528,4,A11,85,2240,AESTHETIC,RUN-AESTHETIC-4,2432,BASE,,Right,BASE,4480.0,2000-01-01T00:03:48.114Z,2000-01-01T00:03:52.797Z,vertical,,False
4417,132,P0132,528,4,A11,25478,2431,BASE,,2239,AESTHETIC,RUN-AESTHETIC-4,Left,BASE,8069.0,2000-01-01T00:03:52.807Z,2000-01-01T00:04:01.087Z,vertical,,False
4418,132,P0132,528,4,A15,25478,2443,BASE,,2251,AESTHETIC,RUN-AESTHETIC-4,Left,BASE,10921.0,2000-01-01T00:04:01.100Z,2000-01-01T00:04:12.251Z,vertical,,False
4419,132,P0132,528,4,C20,6127,2409,AESTHETIC,RUN-AESTHETIC-4,2793,CONTROL,RUN-CONTROL-4,Right,CONTROL,12128.0,2000-01-01T00:04:12.261Z,2000-01-01T00:04:24.785Z,vertical,,False
4420,132,P0132,528,4,C05,7,2356,AESTHETIC,RUN-AESTHETIC-4,2740,CONTROL,RUN-CONTROL-4,Right,CONTROL,2544.0,2000-01-01T00:04:24.795Z,2000-01-01T00:04:27.566Z,vertical,,False
4421,11,P0011,529,4,B27,25478,2321,AESTHETIC,RUN-AESTHETIC-4,2513,BASE,,Left,AESTHETIC,5529.0,2000-01-01T00:05:06.732Z,2000-01-01T00:05:13.033Z,vertical,,False
4422,11,P0011,529,4,A08,6127,2627,CONTROL,RUN-CONTROL-4,2435,BASE,,Right,BASE,3387.0,2000-01-01T00:05:13.044Z,2000-01-01T00:05:16.695Z,vertical,,False
4423,11,P0011,529,4,B06,6127,2291,AESTHETIC,RUN-AESTHETIC-4,2483,BASE,,Right,BASE,11134.0,2000-01-01T00:05:16.705Z,2000-01-01T00:05:28.065Z,vertical,,False
4424,11,P0011,529,4,B02,25478,2463,BASE,,2655,CONTROL,RUN-CONTROL-4,Left,BASE,4405.0,2000-01-01T00:05:28.075Z,2000-01-01T00:05:32.713Z,vertical,,False
4425,11,P0011,529,4,B14,85,2300,AESTHETIC,RUN-AESTHETIC-4,2492,BASE,,Left,AESTHETIC,6515.0,2000-01-01T00:05:32.723Z,2000-01-01T00:05:39.458Z,vertical,,False
4426,11,P0011,529,4,A13,7,2442,BASE,,2250,AESTHETIC,RUN-AESTHETIC-4,Right,AESTHETIC,5707.0,2000-01-01T00:05:39.469Z,2000-01-01T00:05:45.416Z,vertical,,False
4427,11,P0011,529,4,B04,7,2474,BASE,,2666,CONTROL,RUN-CONTROL-4,Right,CONTROL,3225.0,2000-01-01T00:05:45.428Z,2000-01-01T00:05:48.879Z,vertical,,False
4428,11,P0011,529,4,A26,7,2266,AESTHETIC,RUN-AESTHETIC-4,2650,CONTROL,RUN-CONTROL-4,Right,CONTROL,2794.0,2000-01-01T00:05:48.888Z,2000-01-01T00:05:51.903Z,vertical,,False
4429,11,P0011,529,4,B23,7,2708,CONTROL,RUN-CONTROL-4,2516,BASE,,Right,BASE,1595.0,2000-01-01T00:05:51.913Z,2000-01-01T00:05:53.733Z,vertical,,False
4430,11,P0011,529,4,B26,85,2320,AESTHETIC,RUN-AESTHETIC-4,2704,CONTROL,RUN-CONTROL-4,Right,CONTROL,2171.0,2000-01-01T00:05:53.743Z,2000-01-01T00:05:56.161Z,vertical,,False
4431,11,P0011,529,4,C11,25478,2367,AESTHETIC,RUN-AESTHETIC-4,2559,BASE,,Right,BASE,2548.0,2000-01-01T00:05:56.172Z,2000-01-01T00:05:58.955Z,vertical,,False
4432,11,P0011,529,4,C14,85,2766,CONTROL,RUN-CONTROL-4,2574,BASE,,Right,BASE,6699.0,2000-01-01T00:05:58.966Z,2000-01-01T00:06:05.951Z,vertical,,False
4433,11,P0011,529,4,B19,25478,2687,CONTROL,RUN-CONTROL-4,2495,BASE,,Right,BASE,2496.0,2000-01-01T00:06:05.962Z,2000-01-01T00:06:08.814Z,vertical,,False
4434,11,P0011,529,4,C11,85,2368,AESTHETIC,RUN-AESTHETIC-4,2560,BASE,,Left,AESTHETIC,4406.0,2000-01-01T00:06:08.824Z,2000-01-01T00:06:13.454Z,vertical,,False
4435,11,P0011,529,4,A01,6127,2611,CONTROL,RUN-CONTROL-4,2227,AESTHETIC,RUN-AESTHETIC-4,Left,CONTROL,3252.0,2000-01-01T00:06:13.464Z,2000-01-01T00:06:16.942Z,vertical,,False
4436,11,P0011,529,4,C19,85,2784,CONTROL,RUN-CONTROL-4,2592,BASE,,Right,BASE,5447.0,2000-01-01T00:06:16.952Z,2000-01-01T00:06:22.610Z,vertical,,False
4437,11,P0011,529,4,C18,6127,2597,BASE,,2789,CONTROL,RUN-CONTROL-4,Left,BASE,5217.0,2000-01-01T00:06:22.619Z,2000-01-01T00:06:28.053Z,vertical,,False
4438,11,P0011,529,4,C12,7,2570,BASE,,2762,CONTROL,RUN-CONTROL-4,Left,BASE,3350.0,2000-01-01T00:06:28.063Z,2000-01-01T00:06:31.630Z,vertical,,False
4439,11,P0011,529,4,C19,6127,2599,BASE,,2407,AESTHETIC,RUN-AESTHETIC-4,Right,AESTHETIC,5362.0,2000-01-01T00:06:31.641Z,2000-01-01T00:06:37.226Z,vertical,,False
4440,11,P0011,529,4,B09,6127,2295,AESTHETIC,RUN-AESTHETIC-4,2679,CONTROL,RUN-CONTROL-4,Left,AESTHETIC,2008.0,2000-01-01T00:06:37.235Z,2000-01-01T00:06:39.468Z,vertical,,False
4441,11,P0011,529,4,B26,25478,2703,CONTROL,RUN-CONTROL-4,2511,BASE,,Left,CONTROL,2023.0,2000-01-01T00:06:39.479Z,2000-01-01T00:06:41.728Z,vertical,,False
4442,11,P0011,529,4,C20,25478,2401,AESTHETIC,RUN-AESTHETIC-4,2593,BASE,,Left,AESTHETIC,3316.0,2000-01-01T00:06:41.738Z,2000-01-01T00:06:45.314Z,vertical,,False
4443,11,P0011,529,4,A08,25478,2235,AESTHETIC,RUN-AESTHETIC-4,2619,CONTROL,RUN-CONTROL-4,Right,CONTROL,8681.0,2000-01-01T00:06:45.323Z,2000-01-01T00:06:54.233Z,vertical,,False
4444,11,P0011,529,4,B14,6127,2691,CONTROL,RUN-CONTROL-4,2499,BASE,,Right,BASE,1595.0,2000-01-01T00:06:54.246Z,2000-01-01T00:06:56.084Z,vertical,,False
4445,11,P0011,529,4,A26,25478,2641,CONTROL,RUN-CONTROL-4,2449,BASE,,Left,CONTROL,7912.0,2000-01-01T00:06:56.094Z,2000-01-01T00:07:04.262Z,vertical,,False
4446,11,P0011,529,4,A27,85,2460,BASE,,2652,CONTROL,RUN-CONTROL-4,Right,CONTROL,7327.0,2000-01-01T00:07:04.272Z,2000-01-01T00:07:11.818Z,vertical,,False
4447,11,P0011,529,4,C18,7,2406,AESTHETIC,RUN-AESTHETIC-4,2598,BASE,,Left,AESTHETIC,4767.0,2000-01-01T00:07:11.829Z,2000-01-01T00:07:16.805Z,vertical,,False
4448,11,P0011,529,4,C06,25478,2733,CONTROL,RUN-CONTROL-4,2349,AESTHETIC,RUN-AESTHETIC-4,Left,CONTROL,6179.0,2000-01-01T00:07:16.817Z,2000-01-01T00:07:23.207Z,vertical,,False
4449,11,P0011,529,4,A04,6127,2423,BASE,,2231,AESTHETIC,RUN-AESTHETIC-4,Left,BASE,6489.0,2000-01-01T00:07:23.218Z,2000-01-01T00:07:29.932Z,vertical,,False
4450,11,P0011,529,4,A07,6127,2425,BASE,,2617,CONTROL,RUN-CONTROL-4,Left,BASE,2716.0,2000-01-01T00:07:29.942Z,2000-01-01T00:07:32.884Z,vertical,,False
4451,168,P0168,532,4,B06,6127,2675,CONTROL,RUN-CONTROL-4,2483,BASE,,Right,BASE,6363.0,2000-01-01T00:00:21.719Z,2000-01-01T00:00:28.855Z,vertical,,False
4452,168,P0168,532,4,C14,6127,2389,AESTHETIC,RUN-AESTHETIC-4,2581,BASE,,Left,AESTHETIC,5752.0,2000-01-01T00:00:28.866Z,2000-01-01T00:00:35.055Z,vertical,,False
4453,168,P0168,532,4,C09,6127,2371,AESTHETIC,RUN-AESTHETIC-4,2755,CONTROL,RUN-CONTROL-4,Left,AESTHETIC,6671.0,2000-01-01T00:00:35.066Z,2000-01-01T00:00:41.970Z,vertical,,False
4454,168,P0168,532,4,A09,25478,2237,AESTHETIC,RUN-AESTHETIC-4,2621,CONTROL,RUN-CONTROL-4,Right,CONTROL,3669.0,2000-01-01T00:00:41.981Z,2000-01-01T00:00:45.891Z,vertical,,False
4455,168,P0168,532,4,A09,6127,2245,AESTHETIC,RUN-AESTHETIC-4,2629,CONTROL,RUN-CONTROL-4,Left,AESTHETIC,4616.0,2000-01-01T00:00:45.900Z,2000-01-01T00:00:50.788Z,vertical,,False
4456,168,P0168,532,4,C01,25478,2525,BASE,,2333,AESTHETIC,RUN-AESTHETIC-4,Right,AESTHETIC,3393.0,2000-01-01T00:00:50.798Z,2000-01-01T00:00:54.462Z,vertical,,False
4457,168,P0168,532,4,B29,7,2724,CONTROL,RUN-CONTROL-4,2532,BASE,,Right,BASE,6793.0,2000-01-01T00:00:54.496Z,2000-01-01T00:01:01.791Z,vertical,,False
4458,168,P0168,532,4,C04,85,2530,BASE,,2338,AESTHETIC,RUN-AESTHETIC-4,Left,BASE,2529.0,2000-01-01T00:01:01.801Z,2000-01-01T00:01:04.852Z,vertical,,False
4459,168,P0168,532,4,C08,6127,2553,BASE,,2745,CONTROL,RUN-CONTROL-4,Right,CONTROL,2930.0,2000-01-01T00:01:04.862Z,2000-01-01T00:01:08.035Z,vertical,,False
4460,168,P0168,532,4,C05,25478,2347,AESTHETIC,RUN-AESTHETIC-4,2539,BASE,,Right,BASE,1823.0,2000-01-01T00:01:08.046Z,2000-01-01T00:01:10.376Z,vertical,,False
4461,168,P0168,532,4,A27,7,2468,BASE,,2276,AESTHETIC,RUN-AESTHETIC-4,Right,AESTHETIC,2470.0,2000-01-01T00:01:10.386Z,2000-01-01T00:01:13.091Z,vertical,,False
4462,168,P0168,532,4,A22,6127,2645,CONTROL,RUN-CONTROL-4,2261,AESTHETIC,RUN-AESTHETIC-4,Right,AESTHETIC,1305.0,2000-01-01T00:01:13.101Z,2000-01-01T00:01:14.670Z,vertical,,False
4463,168,P0168,532,4,B09,25478,2671,CONTROL,RUN-CONTROL-4,2479,BASE,,Left,CONTROL,1554.0,2000-01-01T00:01:14.679Z,2000-01-01T00:01:16.490Z,vertical,,False
4464,168,P0168,532,4,C10,6127,2373,AESTHETIC,RUN-AESTHETIC-4,2757,CONTROL,RUN-CONTROL-4,Right,CONTROL,3208.0,2000-01-01T00:01:16.501Z,2000-01-01T00:01:20.287Z,vertical,,False
4465,168,P0168,532,4,A09,7,2246,AESTHETIC,RUN-AESTHETIC-4,2438,BASE,,Left,AESTHETIC,5657.0,2000-01-01T00:01:20.299Z,2000-01-01T00:01:26.465Z,vertical,,False
4466,168,P0168,532,4,A15,25478,2443,BASE,,2251,AESTHETIC,RUN-AESTHETIC-4,Right,AESTHETIC,1255.0,2000-01-01T00:01:26.474Z,2000-01-01T00:01:27.965Z,vertical,,False
4467,168,P0168,532,4,C07,85,2736,CONTROL,RUN-CONTROL-4,2544,BASE,,Right,BASE,1556.0,2000-01-01T00:01:27.974Z,2000-01-01T00:01:29.800Z,vertical,,False
4468,168,P0168,532,4,B19,25478,2303,AESTHETIC,RUN-AESTHETIC-4,2687,CONTROL,RUN-CONTROL-4,Left,AESTHETIC,2485.0,2000-01-01T00:01:29.811Z,2000-01-01T00:01:32.531Z,vertical,,False
4469,168,P0168,532,4,B14,6127,2499,BASE,,2307,AESTHETIC,RUN-AESTHETIC-4,Right,AESTHETIC,1689.0,2000-01-01T00:01:32.541Z,2000-01-01T00:01:34.466Z,vertical,,False
4470,168,P0168,532,4,A08,6127,2435,BASE,,2243,AESTHETIC,RUN-AESTHETIC-4,Left,BASE,3873.0,2000-01-01T00:01:34.476Z,2000-01-01T00:01:38.671Z,vertical,,False
4471,168,P0168,532,4,A07,7,2426,BASE,,2618,CONTROL,RUN-CONTROL-4,Right,CONTROL,2994.0,2000-01-01T00:01:38.685Z,2000-01-01T00:01:41.985Z,vertical,,False
4472,168,P0168,532,4,A08,25478,2427,BASE,,2235,AESTHETIC,RUN-AESTHETIC-4,Left,BASE,1327.0,2000-01-01T00:01:41.995Z,2000-01-01T00:01:43.566Z,vertical,,False
4473,168,P0168,532,4,A15,25478,2251,AESTHETIC,RUN-AESTHETIC-4,2635,CONTROL,RUN-CONTROL-4,Left,AESTHETIC,1318.0,2000-01-01T00:01:43.577Z,2000-01-01T00:01:45.130Z,vertical,,False
4474,168,P0168,532,4,B14,7,2692,CONTROL,RUN-CONTROL-4,2308,AESTHETIC,RUN-AESTHETIC-4,Right,AESTHETIC,1038.0,2000-01-01T00:01:45.139Z,2000-01-01T00:01:46.415Z,vertical,,False
4475,168,P0168,532,4,C01,85,2334,AESTHETIC,RUN-AESTHETIC-4,2718,CONTROL,RUN-CONTROL-4,Left,AESTHETIC,4025.0,2000-01-01T00:01:46.425Z,2000-01-01T00:01:50.690Z,vertical,,False
4476,168,P0168,532,4,B25,6127,2325,AESTHETIC,RUN-AESTHETIC-4,2709,CONTROL,RUN-CONTROL-4,Left,AESTHETIC,5030.0,2000-01-01T00:01:50.700Z,2000-01-01T00:01:55.966Z,vertical,,False
4477,168,P0168,532,4,C11,25478,2751,CONTROL,RUN-CONTROL-4,2367,AESTHETIC,RUN-AESTHETIC-4,Left,CONTROL,3422.0,2000-01-01T00:01:55.977Z,2000-01-01T00:01:59.637Z,vertical,,False
4478,168,P0168,532,4,B20,25478,2305,AESTHETIC,RUN-AESTHETIC-4,2689,CONTROL,RUN-CONTROL-4,Left,AESTHETIC,2965.0,2000-01-01T00:01:59.647Z,2000-01-01T00:02:02.855Z,vertical,,False
4479,168,P0168,532,4,C11,7,2568,BASE,,2376,AESTHETIC,RUN-AESTHETIC-4,Left,BASE,2620.0,2000-01-01T00:02:02.866Z,2000-01-01T00:02:05.720Z,vertical,,False
4480,168,P0168,532,4,A01,7,2420,BASE,,2612,CONTROL,RUN-CONTROL-4,Left,BASE,1693.0,2000-01-01T00:02:05.731Z,2000-01-01T00:02:07.678Z,vertical,,False
4481,187,P0187,535,4,B06,85,2668,CONTROL,RUN-CONTROL-4,2284,AESTHETIC,RUN-AESTHETIC-4,Left,CONTROL,16263.0,2000-01-01T00:00:12.431Z,2000-01-01T00:00:28.870Z,vertical,,False
4482,187,P0187,535,4,C02,25478,2335,AESTHETIC,RUN-AESTHETIC-4,2719,CONTROL,RUN-CONTROL-4,Left,AESTHETIC,10046.0,2000-01-01T00:00:28.880Z,2000-01-01T00:00:39.387Z,vertical,,False
4483,187,P0187,535,4,B25,6127,2709,CONTROL,RUN-CONTROL-4,2517,BASE,,Left,CONTROL,7033.0,2000-01-01T00:00:39.395Z,2000-01-01T00:00:46.670Z,vertical,,False
4484,187,P0187,535,4,C13,6127,2579,BASE,,2771,CONTROL,RUN-CONTROL-4,Left,BASE,22701.0,2000-01-01T00:00:46.680Z,2000-01-01T00:01:09.608Z,vertical,,False
4485,187,P0187,535,4,C08,6127,2745,CONTROL,RUN-CONTROL-4,2361,AESTHETIC,RUN-AESTHETIC-4,Right,AESTHETIC,3152.0,2000-01-01T00:01:09.618Z,2000-01-01T00:01:12.992Z,vertical,,False
4486,187,P0187,535,4,C20,85,2594,BASE,,2786,CONTROL,RUN-CONTROL-4,Left,BASE,3696.0,2000-01-01T00:01:13.002Z,2000-01-01T00:01:16.915Z,vertical,,False
4487,187,P0187,535,4,A22,85,2638,CONTROL,RUN-CONTROL-4,2446,BASE,,Left,CONTROL,10518.0,2000-01-01T00:01:16.925Z,2000-01-01T00:01:27.670Z,vertical,,False
4488,187,P0187,535,4,A26,6127,2457,BASE,,2265,AESTHETIC,RUN-AESTHETIC-4,Right,AESTHETIC,3875.0,2000-01-01T00:01:27.680Z,2000-01-01T00:01:31.772Z,vertical,,False
4489,187,P0187,535,4,B06,6127,2291,AESTHETIC,RUN-AESTHETIC-4,2483,BASE,,Left,AESTHETIC,6989.0,2000-01-01T00:01:31.782Z,2000-01-01T00:01:39.003Z,vertical,,False
4490,187,P0187,535,4,C19,85,2784,CONTROL,RUN-CONTROL-4,2592,BASE,,Left,CONTROL,5216.0,2000-01-01T00:01:39.014Z,2000-01-01T00:01:44.461Z,vertical,,False
4491,187,P0187,535,4,C08,25478,2545,BASE,,2353,AESTHETIC,RUN-AESTHETIC-4,Left,BASE,3792.0,2000-01-01T00:01:44.471Z,2000-01-01T00:01:48.491Z,vertical,,False
4492,187,P0187,535,4,C04,6127,2729,CONTROL,RUN-CONTROL-4,2537,BASE,,Right,BASE,3522.0,2000-01-01T00:01:48.502Z,2000-01-01T00:01:52.233Z,vertical,,False
4493,187,P0187,535,4,B20,7,2314,AESTHETIC,RUN-AESTHETIC-4,2698,CONTROL,RUN-CONTROL-4,Right,CONTROL,6896.0,2000-01-01T00:01:52.243Z,2000-01-01T00:01:59.372Z,vertical,,False
4494,187,P0187,535,4,C12,25478,2369,AESTHETIC,RUN-AESTHETIC-4,2561,BASE,,Left,AESTHETIC,17078.0,2000-01-01T00:01:59.383Z,2000-01-01T00:02:16.681Z,vertical,,False
4495,187,P0187,535,4,A11,25478,2431,BASE,,2623,CONTROL,RUN-CONTROL-4,Left,BASE,8697.0,2000-01-01T00:02:16.692Z,2000-01-01T00:02:25.607Z,vertical,,False
4496,187,P0187,535,4,C14,85,2382,AESTHETIC,RUN-AESTHETIC-4,2574,BASE,,Right,BASE,7449.0,2000-01-01T00:02:25.618Z,2000-01-01T00:02:33.296Z,vertical,,False
4497,187,P0187,535,4,B20,25478,2689,CONTROL,RUN-CONTROL-4,2497,BASE,,Right,BASE,5254.0,2000-01-01T00:02:33.305Z,2000-01-01T00:02:38.782Z,vertical,,False
4498,187,P0187,535,4,C17,6127,2595,BASE,,2403,AESTHETIC,RUN-AESTHETIC-4,Left,BASE,5407.0,2000-01-01T00:02:38.792Z,2000-01-01T00:02:44.413Z,vertical,,False
4499,187,P0187,535,4,B15,25478,2493,BASE,,2685,CONTROL,RUN-CONTROL-4,Left,BASE,3077.0,2000-01-01T00:02:44.424Z,2000-01-01T00:02:47.726Z,vertical,,False
4500,187,P0187,535,4,C01,25478,2717,CONTROL,RUN-CONTROL-4,2525,BASE,,Right,BASE,1743.0,2000-01-01T00:02:47.739Z,2000-01-01T00:02:49.698Z,vertical,,False
4501,187,P0187,535,4,C09,7,2756,CONTROL,RUN-CONTROL-4,2372,AESTHETIC,RUN-AESTHETIC-4,Left,CONTROL,3221.0,2000-01-01T00:02:49.708Z,2000-01-01T00:02:53.154Z,vertical,,False
4502,187,P0187,535,4,B23,25478,2699,CONTROL,RUN-CONTROL-4,2507,BASE,,Right,BASE,2923.0,2000-01-01T00:02:53.162Z,2000-01-01T00:02:56.748Z,vertical,,False
4503,187,P0187,535,4,C20,7,2794,CONTROL,RUN-CONTROL-4,2602,BASE,,Left,CONTROL,2418.0,2000-01-01T00:02:56.759Z,2000-01-01T00:02:59.412Z,vertical,,False
4504,187,P0187,535,4,B26,25478,2319,AESTHETIC,RUN-AESTHETIC-4,2511,BASE,,Left,AESTHETIC,2164.0,2000-01-01T00:02:59.422Z,2000-01-01T00:03:01.801Z,vertical,,False
4505,187,P0187,535,4,B02,85,2464,BASE,,2272,AESTHETIC,RUN-AESTHETIC-4,Left,BASE,1876.0,2000-01-01T00:03:01.810Z,2000-01-01T00:03:03.917Z,vertical,,False
4506,187,P0187,535,4,C19,25478,2783,CONTROL,RUN-CONTROL-4,2399,AESTHETIC,RUN-AESTHETIC-4,Left,CONTROL,3859.0,2000-01-01T00:03:03.927Z,2000-01-01T00:03:07.993Z,vertical,,False
4507,187,P0187,535,4,A13,85,2434,BASE,,2626,CONTROL,RUN-CONTROL-4,Left,BASE,1737.0,2000-01-01T00:03:08.002Z,2000-01-01T00:03:09.971Z,vertical,,False
4508,187,P0187,535,4,B01,6127,2469,BASE,,2277,AESTHETIC,RUN-AESTHETIC-4,Left,BASE,6028.0,2000-01-01T00:03:09.981Z,2000-01-01T00:03:16.231Z,vertical,,False
4509,187,P0187,535,4,B20,7,2314,AESTHETIC,RUN-AESTHETIC-4,2506,BASE,,Right,BASE,3357.0,2000-01-01T00:03:16.241Z,2000-01-01T00:03:19.816Z,vertical,,False
4510,187,P0187,535,4,A04,85,2416,BASE,,2224,AESTHETIC,RUN-AESTHETIC-4,Tie,TIE,6677.0,2000-01-01T00:03:19.826Z,2000-01-01T00:03:26.720Z,vertical,,False
4511,9,P0009,537,4,B14,85,2492,BASE,,2300,AESTHETIC,RUN-AESTHETIC-4,Left,BASE,54430.0,2000-01-01T00:10:04.662Z,2000-01-01T00:10:59.398Z,vertical,,True
4512,9,P0009,537,4,C16,7,2778,CONTROL,RUN-CONTROL-4,2394,AESTHETIC,RUN-AESTHETIC-4,Right,AESTHETIC,28530.0,2000-01-01T00:10:59.409Z,2000-01-01T00:11:28.136Z,vertical,,True
4513,9,P0009,537,4,C15,85,2384,AESTHETIC,RUN-AESTHETIC-4,2768,CONTROL,RUN-CONTROL-4,Right,CONTROL,19444.0,2000-01-01T00:11:28.147Z,2000-01-01T00:11:47.788Z,vertical,,True
4514,9,P0009,537,4,C12,6127,2761,CONTROL,RUN-CONTROL-4,2569,BASE,,Right,BASE,6120.0,2000-01-01T00:11:47.799Z,2000-01-01T00:11:54.108Z,vertical,,True
4515,9,P0009,537,4,B12,6127,2297,AESTHETIC,RUN-AESTHETIC-4,2681,CONTROL,RUN-CONTROL-4,,,,2000-01-01T00:11:54.120Z,,,,True
4516,9,P0009,537,4,C11,25478,2367,AESTHETIC,RUN-AESTHETIC-4,2559,BASE,,,,,,,,,True
4517,9,P0009,537,4,B04,7,2474,BASE,,2666,CONTROL,RUN-CONTROL-4,,,,,,,,True
4518,9,P0009,537,4,A08,6127,2627,CONTROL,RUN-CONTROL-4,2435,BASE,,,,,,,,,True
4519,9,P0009,537,4,B02,6127,2471,BASE,,2663,CONTROL,RUN-CONTROL-4,,,,,,,,True
4520,9,P0009,537,4,B25,25478,2509,BASE,,2701,CONTROL,RUN-CONTROL-4,,,,,,,,True
4521,9,P0009,537,4,A04,7,2232,AESTHETIC,RUN-AESTHETIC-4,2616,CONTROL,RUN-CONTROL-4,,,,,,,,True
4522,9,P0009,537,4,A13,85,2242,AESTHETIC,RUN-AESTHETIC-4,2434,BASE,,,,,,,,,True
4523,9,P0009,537,4,C04,25478,2337,AESTHETIC,RUN-AESTHETIC-4,2721,CONTROL,RUN-CONTROL-4,,,,,,,,True
4524,9,P0009,537,4,B26,25478,2703,CONTROL,RUN-CONTROL-4,2319,AESTHETIC,RUN-AESTHETIC-4,,,,,,,,True
4525,9,P0009,537,4,C05,7,2356,AESTHETIC,RUN-AESTHETIC-4,2548,BASE,,,,,,,,,True
4526,9,P0009,537,4,A07,7,2234,AESTHETIC,RUN-AESTHETIC-4,2618,CONTROL,RUN-CONTROL-4,,,,,,,,True
4527,9,P0009,537,4,C11,6127,2375,AESTHETIC,RUN-AESTHETIC-4,2759,CONTROL,RUN-CONTROL-4,,,,,,,,True
4528,9,P0009,537,4,B01,7,2662,CONTROL,RUN-CONTROL-4,2278,AESTHETIC,RUN-AESTHETIC-4,,,,,,,,True
4529,9,P0009,537,4,A04,25478,2415,BASE,,2223,AESTHETIC,RUN-AESTHETIC-4,,,,,,,,True
4530,9,P0009,537,4,C06,25478,2349,AESTHETIC,RUN-AESTHETIC-4,2541,BASE,,,,,,,,,True
4531,9,P0009,537,4,B20,85,2306,AESTHETIC,RUN-AESTHETIC-4,2498,BASE,,,,,,,,,True
4532,9,P0009,537,4,B14,7,2500,BASE,,2692,CONTROL,RUN-CONTROL-4,,,,,,,,True
4533,9,P0009,537,4,C15,6127,2775,CONTROL,RUN-CONTROL-4,2583,BASE,,,,,,,,,True
4534,9,P0009,537,4,A13,7,2634,CONTROL,RUN-CONTROL-4,2250,AESTHETIC,RUN-AESTHETIC-4,,,,,,,,True
4535,9,P0009,537,4,C16,25478,2577,BASE,,2769,CONTROL,RUN-CONTROL-4,,,,,,,,True
4536,9,P0009,537,4,C18,7,2406,AESTHETIC,RUN-AESTHETIC-4,2790,CONTROL,RUN-CONTROL-4,,,,,,,,True
4537,9,P0009,537,4,A22,7,2454,BASE,,2646,CONTROL,RUN-CONTROL-4,,,,,,,,True
4538,9,P0009,537,4,B14,6127,2307,AESTHETIC,RUN-AESTHETIC-4,2691,CONTROL,RUN-CONTROL-4,,,,,,,,True
4539,9,P0009,537,4,C10,7,2758,CONTROL,RUN-CONTROL-4,2566,BASE,,,,,,,,,True
4540,9,P0009,537,4,B08,7,2486,BASE,,2678,CONTROL,RUN-CONTROL-4,,,,,,,,True
4541,97,P0097,538,4,B26,7,2712,CONTROL,RUN-CONTROL-4,2328,AESTHETIC,RUN-AESTHETIC-4,Left,CONTROL,20738.0,2000-01-01T00:06:26.264Z,2000-01-01T00:06:50.601Z,vertical,,False
4542,97,P0097,538,4,C11,6127,2759,CONTROL,RUN-CONTROL-4,2567,BASE,,Right,BASE,6953.0,2000-01-01T00:06:50.611Z,2000-01-01T00:06:57.830Z,vertical,,False
4543,97,P0097,538,4,C16,85,2770,CONTROL,RUN-CONTROL-4,2578,BASE,,Right,BASE,14355.0,2000-01-01T00:06:57.840Z,2000-01-01T00:07:12.655Z,vertical,,False
4544,97,P0097,538,4,C11,25478,2367,AESTHETIC,RUN-AESTHETIC-4,2751,CONTROL,RUN-CONTROL-4,Right,CONTROL,10487.0,2000-01-01T00:07:12.665Z,2000-01-01T00:07:23.463Z,vertical,,False
4545,97,P0097,538,4,C16,7,2586,BASE,,2394,AESTHETIC,RUN-AESTHETIC-4,Left,BASE,5783.0,2000-01-01T00:07:23.473Z,2000-01-01T00:07:29.515Z,vertical,,False
4546,97,P0097,538,4,A08,25478,2427,BASE,,2619,CONTROL,RUN-CONTROL-4,Left,BASE,5254.0,2000-01-01T00:07:29.525Z,2000-01-01T00:07:35.025Z,vertical,,False
4547,97,P0097,538,4,C17,7,2596,BASE,,2404,AESTHETIC,RUN-AESTHETIC-4,Right,AESTHETIC,16368.0,2000-01-01T00:07:35.035Z,2000-01-01T00:07:51.728Z,vertical,,False
4548,97,P0097,538,4,B19,85,2496,BASE,,2688,CONTROL,RUN-CONTROL-4,Right,CONTROL,8219.0,2000-01-01T00:07:51.860Z,2000-01-01T00:08:00.382Z,vertical,,False
4549,97,P0097,538,4,C08,6127,2553,BASE,,2361,AESTHETIC,RUN-AESTHETIC-4,Right,AESTHETIC,17198.0,2000-01-01T00:08:00.408Z,2000-01-01T00:08:17.881Z,vertical,,False
4550,97,P0097,538,4,C06,85,2350,AESTHETIC,RUN-AESTHETIC-4,2734,CONTROL,RUN-CONTROL-4,Right,CONTROL,5769.0,2000-01-01T00:08:17.891Z,2000-01-01T00:08:23.954Z,vertical,,False
4551,97,P0097,538,4,C07,6127,2551,BASE,,2359,AESTHETIC,RUN-AESTHETIC-4,Right,AESTHETIC,16159.0,2000-01-01T00:08:23.968Z,2000-01-01T00:08:40.389Z,vertical,,False
4552,97,P0097,538,4,B09,6127,2679,CONTROL,RUN-CONTROL-4,2295,AESTHETIC,RUN-AESTHETIC-4,Right,AESTHETIC,2979.0,2000-01-01T00:08:40.401Z,2000-01-01T00:08:43.625Z,vertical,,False
4553,97,P0097,538,4,A25,25478,2255,AESTHETIC,RUN-AESTHETIC-4,2447,BASE,,Left,AESTHETIC,17158.0,2000-01-01T00:08:43.634Z,2000-01-01T00:09:01.032Z,vertical,,False
4554,97,P0097,538,4,A08,6127,2627,CONTROL,RUN-CONTROL-4,2243,AESTHETIC,RUN-AESTHETIC-4,Right,AESTHETIC,3082.0,2000-01-01T00:09:01.044Z,2000-01-01T00:09:04.393Z,vertical,,False
4555,97,P0097,538,4,A11,7,2440,BASE,,2248,AESTHETIC,RUN-AESTHETIC-4,Right,AESTHETIC,8081.0,2000-01-01T00:09:04.409Z,2000-01-01T00:09:12.852Z,vertical,,False
4556,97,P0097,538,4,C19,7,2408,AESTHETIC,RUN-AESTHETIC-4,2600,BASE,,Left,AESTHETIC,9162.0,2000-01-01T00:09:12.875Z,2000-01-01T00:09:22.308Z,vertical,,False
4557,97,P0097,538,4,A04,85,2608,CONTROL,RUN-CONTROL-4,2224,AESTHETIC,RUN-AESTHETIC-4,Right,AESTHETIC,25632.0,2000-01-01T00:09:22.319Z,2000-01-01T00:09:48.293Z,vertical,,False
4558,97,P0097,538,4,B14,25478,2491,BASE,,2683,CONTROL,RUN-CONTROL-4,Right,CONTROL,17198.0,2000-01-01T00:09:48.306Z,2000-01-01T00:10:05.767Z,vertical,,False
4559,97,P0097,538,4,C17,6127,2787,CONTROL,RUN-CONTROL-4,2403,AESTHETIC,RUN-AESTHETIC-4,Right,AESTHETIC,13226.0,2000-01-01T00:10:05.776Z,2000-01-01T00:10:19.314Z,vertical,,False
4560,97,P0097,538,4,C20,7,2602,BASE,,2410,AESTHETIC,RUN-AESTHETIC-4,Right,AESTHETIC,5093.0,2000-01-01T00:10:19.325Z,2000-01-01T00:10:24.660Z,vertical,,False
4561,97,P0097,538,4,B23,25478,2315,AESTHETIC,RUN-AESTHETIC-4,2507,BASE,,Right,BASE,3091.0,2000-01-01T00:10:24.671Z,2000-01-01T00:10:28.011Z,vertical,,False
4562,97,P0097,538,4,A07,7,2426,BASE,,2234,AESTHETIC,RUN-AESTHETIC-4,Right,AESTHETIC,8607.0,2000-01-01T00:10:28.021Z,2000-01-01T00:10:36.861Z,vertical,,False
4563,97,P0097,538,4,B14,25478,2683,CONTROL,RUN-CONTROL-4,2299,AESTHETIC,RUN-AESTHETIC-4,Left,CONTROL,5272.0,2000-01-01T00:10:36.871Z,2000-01-01T00:10:42.397Z,vertical,,False
4564,97,P0097,538,4,A22,7,2454,BASE,,2262,AESTHETIC,RUN-AESTHETIC-4,Right,AESTHETIC,5480.0,2000-01-01T00:10:42.407Z,2000-01-01T00:10:48.115Z,vertical,,False
4565,97,P0097,538,4,B15,25478,2301,AESTHETIC,RUN-AESTHETIC-4,2685,CONTROL,RUN-CONTROL-4,Right,CONTROL,4407.0,2000-01-01T00:10:48.126Z,2000-01-01T00:10:52.791Z,vertical,,False
4566,97,P0097,538,4,B01,6127,2661,CONTROL,RUN-CONTROL-4,2469,BASE,,Right,BASE,12413.0,2000-01-01T00:10:52.802Z,2000-01-01T00:11:05.475Z,vertical,,False
4567,97,P0097,538,4,B19,6127,2311,AESTHETIC,RUN-AESTHETIC-4,2695,CONTROL,RUN-CONTROL-4,Right,CONTROL,16682.0,2000-01-01T00:11:05.486Z,2000-01-01T00:11:22.421Z,vertical,,False
4568,97,P0097,538,4,C09,6127,2563,BASE,,2371,AESTHETIC,RUN-AESTHETIC-4,Left,BASE,6207.0,2000-01-01T00:11:22.432Z,2000-01-01T00:11:28.886Z,vertical,,False
4569,97,P0097,538,4,A11,85,2240,AESTHETIC,RUN-AESTHETIC-4,2432,BASE,,Right,BASE,9858.0,2000-01-01T00:11:28.896Z,2000-01-01T00:11:39.089Z,vertical,,False
4570,97,P0097,538,4,A26,6127,2649,CONTROL,RUN-CONTROL-4,2265,AESTHETIC,RUN-AESTHETIC-4,Right,AESTHETIC,7431.0,2000-01-01T00:11:39.102Z,2000-01-01T00:11:46.804Z,vertical,,False
4571,29,P0029,540,4,B20,6127,2505,BASE,,2313,AESTHETIC,RUN-AESTHETIC-4,Tie,TIE,7997.0,2000-01-01T00:02:47.038Z,2000-01-01T00:02:55.768Z,vertical,,False
4572,29,P0029,540,4,C05,7,2740,CONTROL,RUN-CONTROL-4,2356,AESTHETIC,RUN-AESTHETIC-4,Tie,TIE,2464.0,2000-01-01T00:02:55.781Z,2000-01-01T00:02:58.644Z,vertical,,False
4573,29,P0029,540,4,B20,85,2498,BASE,,2690,CONTROL,RUN-CONTROL-4,Tie,TIE,1202.0,2000-01-01T00:02:58.655Z,2000-01-01T00:03:00.097Z,vertical,,False
4574,29,P0029,540,4,C05,6127,2739,CONTROL,RUN-CONTROL-4,2355,AESTHETIC,RUN-AESTHETIC-4,Tie,TIE,2462.0,2000-01-01T00:03:00.108Z,2000-01-01T00:03:03.067Z,vertical,,False
4575,29,P0029,540,4,B01,7,2470,BASE,,2662,CONTROL,RUN-CONTROL-4,Tie,TIE,1864.0,2000-01-01T00:03:03.076Z,2000-01-01T00:03:05.478Z,vertical,,False
4576,29,P0029,540,4,A07,6127,2425,BASE,,2233,AESTHETIC,RUN-AESTHETIC-4,Left,BASE,3758.0,2000-01-01T00:03:05.487Z,2000-01-01T00:03:09.491Z,vertical,,False
4577,29,P0029,540,4,C13,6127,2387,AESTHETIC,RUN-AESTHETIC-4,2579,BASE,,Tie,TIE,5487.0,2000-01-01T00:03:09.501Z,2000-01-01T00:03:15.245Z,vertical,,False
4578,29,P0029,540,4,C11,25478,2751,CONTROL,RUN-CONTROL-4,2559,BASE,,Tie,TIE,4082.0,2000-01-01T00:03:15.256Z,2000-01-01T00:03:19.603Z,vertical,,False
4579,29,P0029,540,4,B19,85,2688,CONTROL,RUN-CONTROL-4,2304,AESTHETIC,RUN-AESTHETIC-4,Tie,TIE,5823.0,2000-01-01T00:03:19.634Z,2000-01-01T00:03:25.776Z,vertical,,False
4580,29,P0029,540,4,B19,25478,2303,AESTHETIC,RUN-AESTHETIC-4,2495,BASE,,Tie,TIE,2735.0,2000-01-01T00:03:25.786Z,2000-01-01T00:03:29.032Z,vertical,,False
4581,29,P0029,540,4,C14,7,2390,AESTHETIC,RUN-AESTHETIC-4,2774,CONTROL,RUN-CONTROL-4,Tie,TIE,1598.0,2000-01-01T00:03:29.043Z,2000-01-01T00:03:31.151Z,vertical,,False
4582,29,P0029,540,4,B02,25478,2463,BASE,,2655,CONTROL,RUN-CONTROL-4,Left,BASE,6799.0,2000-01-01T00:03:31.159Z,2000-01-01T00:03:38.206Z,vertical,,False
4583,29,P0029,540,4,A26,7,2266,AESTHETIC,RUN-AESTHETIC-4,2458,BASE,,Tie,TIE,7303.0,2000-01-01T00:03:38.217Z,2000-01-01T00:03:45.765Z,vertical,,False
4584,29,P0029,540,4,A25,25478,2639,CONTROL,RUN-CONTROL-4,2255,AESTHETIC,RUN-AESTHETIC-4,Tie,TIE,5919.0,2000-01-01T00:03:45.776Z,2000-01-01T00:03:51.950Z,vertical,,False
4585,29,P0029,540,4,A26,25478,2449,BASE,,2257,AESTHETIC,RUN-AESTHETIC-4,Tie,TIE,2073.0,2000-01-01T00:03:51.962Z,2000-01-01T00:03:54.284Z,vertical,,False
4586,29,P0029,540,4,C14,7,2582,BASE,,2774,CONTROL,RUN-CONTROL-4,Tie,TIE,927.0,2000-01-01T00:03:54.294Z,2000-01-01T00:03:55.460Z,vertical,,False
4587,29,P0029,540,4,B06,7,2484,BASE,,2676,CONTROL,RUN-CONTROL-4,Right,CONTROL,3747.0,2000-01-01T00:03:55.472Z,2000-01-01T00:03:59.487Z,vertical,,False
4588,29,P0029,540,4,B04,7,2666,CONTROL,RUN-CONTROL-4,2282,AESTHETIC,RUN-AESTHETIC-4,Tie,TIE,1660.0,2000-01-01T00:03:59.497Z,2000-01-01T00:04:01.446Z,vertical,,False
4589,29,P0029,540,4,C13,7,2772,CONTROL,RUN-CONTROL-4,2580,BASE,,Left,CONTROL,2831.0,2000-01-01T00:04:01.456Z,2000-01-01T00:04:04.548Z,vertical,,False
4590,29,P0029,540,4,C10,6127,2373,AESTHETIC,RUN-AESTHETIC-4,2565,BASE,,Tie,TIE,3439.0,2000-01-01T00:04:04.558Z,2000-01-01T00:04:08.232Z,vertical,,False
4591,29,P0029,540,4,B29,25478,2331,AESTHETIC,RUN-AESTHETIC-4,2715,CONTROL,RUN-CONTROL-4,Tie,TIE,1011.0,2000-01-01T00:04:08.243Z,2000-01-01T00:04:09.536Z,vertical,,False
4592,29,P0029,540,4,A02,7,2422,BASE,,2230,AESTHETIC,RUN-AESTHETIC-4,Tie,TIE,1311.0,2000-01-01T00:04:09.547Z,2000-01-01T00:04:11.150Z,vertical,,False
4593,29,P0029,540,4,C16,6127,2585,BASE,,2777,CONTROL,RUN-CONTROL-4,Tie,TIE,1942.0,2000-01-01T00:04:11.160Z,2000-01-01T00:04:13.357Z,vertical,,False
4594,29,P0029,540,4,C15,6127,2775,CONTROL,RUN-CONTROL-4,2391,AESTHETIC,RUN-AESTHETIC-4,Left,CONTROL,3643.0,2000-01-01T00:04:13.383Z,2000-01-01T00:04:17.278Z,vertical,,False
4595,29,P0029,540,4,A26,25478,2257,AESTHETIC,RUN-AESTHETIC-4,2641,CONTROL,RUN-CONTROL-4,Tie,TIE,1637.0,2000-01-01T00:04:17.288Z,2000-01-01T00:04:19.192Z,vertical,,False
4596,29,P0029,540,4,B14,6127,2499,BASE,,2691,CONTROL,RUN-CONTROL-4,Tie,TIE,995.0,2000-01-01T00:04:19.205Z,2000-01-01T00:04:20.443Z,vertical,,False
4597,29,P0029,540,4,C04,7,2346,AESTHETIC,RUN-AESTHETIC-4,2730,CONTROL,RUN-CONTROL-4,Tie,TIE,927.0,2000-01-01T00:04:20.453Z,2000-01-01T00:04:21.629Z,vertical,,False
4598,29,P0029,540,4,B20,7,2698,CONTROL,RUN-CONTROL-4,2506,BASE,,Tie,TIE,1048.0,2000-01-01T00:04:21.639Z,2000-01-01T00:04:22.941Z,vertical,,False
4599,29,P0029,540,4,B15,7,2502,BASE,,2310,AESTHETIC,RUN-AESTHETIC-4,Tie,TIE,1213.0,2000-01-01T00:04:22.952Z,2000-01-01T00:04:24.419Z,vertical,,False
4600,29,P0029,540,4,B01,25478,2653,CONTROL,RUN-CONTROL-4,2269,AESTHETIC,RUN-AESTHETIC-4,Tie,TIE,1033.0,2000-01-01T00:04:24.431Z,2000-01-01T00:04:25.727Z,vertical,,False
4601,40,P0040,541,4,C18,85,2590,BASE,,2782,CONTROL,RUN-CONTROL-4,Right,CONTROL,1515.0,2000-01-01T00:00:30.712Z,2000-01-01T00:01:57.219Z,vertical,,True
4602,40,P0040,541,4,B20,6127,2313,AESTHETIC,RUN-AESTHETIC-4,2697,CONTROL,RUN-CONTROL-4,Right,CONTROL,12781.0,2000-01-01T00:01:57.230Z,2000-01-01T00:02:10.264Z,vertical,,True
4603,40,P0040,541,4,B01,85,2462,BASE,,2654,CONTROL,RUN-CONTROL-4,Right,CONTROL,15127.0,2000-01-01T00:02:10.274Z,2000-01-01T00:02:25.640Z,vertical,,True
4604,40,P0040,541,4,A22,6127,2261,AESTHETIC,RUN-AESTHETIC-4,2453,BASE,,Right,BASE,12646.0,2000-01-01T00:02:25.651Z,2000-01-01T00:02:38.545Z,vertical,,True
4605,40,P0040,541,4,C13,6127,2387,AESTHETIC,RUN-AESTHETIC-4,2771,CONTROL,RUN-CONTROL-4,Left,AESTHETIC,38367.0,2000-01-01T00:02:38.566Z,2000-01-01T00:03:17.180Z,vertical,,True
4606,40,P0040,541,4,C15,85,2576,BASE,,2768,CONTROL,RUN-CONTROL-4,Tie,TIE,11034.0,2000-01-01T00:03:17.191Z,2000-01-01T00:03:28.458Z,vertical,,True
4607,40,P0040,541,4,C06,85,2542,BASE,,2350,AESTHETIC,RUN-AESTHETIC-4,Tie,TIE,3282.0,2000-01-01T00:03:28.468Z,2000-01-01T00:03:32.013Z,vertical,,True
4608,40,P0040,541,4,B19,85,2496,BASE,,2304,AESTHETIC,RUN-AESTHETIC-4,Right,AESTHETIC,6925.0,2000-01-01T00:03:32.024Z,2000-01-01T00:04:05.532Z,vertical,,True
4609,40,P0040,541,4,B12,25478,2289,AESTHETIC,RUN-AESTHETIC-4,2481,BASE,,Right,BASE,2964.0,2000-01-01T00:04:05.543Z,2000-01-01T00:04:08.801Z,vertical,,True
4610,40,P0040,541,4,A27,6127,2275,AESTHETIC,RUN-AESTHETIC-4,2467,BASE,,Right,BASE,13227.0,2000-01-01T00:04:08.812Z,2000-01-01T00:04:22.298Z,vertical,,True
4611,40,P0040,541,4,B27,6127,2329,AESTHETIC,RUN-AESTHETIC-4,2713,CONTROL,RUN-CONTROL-4,Right,CONTROL,6171.0,2000-01-01T00:04:22.309Z,2000-01-01T00:04:28.898Z,vertical,,True
4612,40,P0040,541,4,B26,6127,2327,AESTHETIC,RUN-AESTHETIC-4,2519,BASE,,Right,BASE,4160.0,2000-01-01T00:04:28.909Z,2000-01-01T00:04:33.336Z,vertical,,True
4613,40,P0040,541,4,A27,25478,2459,BASE,,2651,CONTROL,RUN-CONTROL-4,Right,CONTROL,14705.0,2000-01-01T00:04:33.349Z,2000-01-01T00:04:48.299Z,vertical,,True
4614,40,P0040,541,4,A04,7,2424,BASE,,2232,AESTHETIC,RUN-AESTHETIC-4,Left,BASE,4604.0,2000-01-01T00:04:48.309Z,2000-01-01T00:04:53.179Z,vertical,,True
4615,40,P0040,541,4,C19,85,2592,BASE,,2400,AESTHETIC,RUN-AESTHETIC-4,Left,BASE,17678.0,2000-01-01T00:04:53.190Z,2000-01-01T00:05:11.098Z,vertical,,True
4616,40,P0040,541,4,B27,85,2514,BASE,,2706,CONTROL,RUN-CONTROL-4,Left,BASE,5644.0,2000-01-01T00:05:11.108Z,2000-01-01T00:05:17.052Z,vertical,,True
4617,40,P0040,541,4,C09,25478,2747,CONTROL,RUN-CONTROL-4,2555,BASE,,Tie,TIE,2587.0,2000-01-01T00:05:17.063Z,2000-01-01T00:05:19.902Z,vertical,,True
4618,40,P0040,541,4,C01,85,2334,AESTHETIC,RUN-AESTHETIC-4,2526,BASE,,Tie,TIE,11736.0,2000-01-01T00:05:19.914Z,2000-01-01T00:05:31.902Z,vertical,,True
4619,40,P0040,541,4,B19,6127,2311,AESTHETIC,RUN-AESTHETIC-4,2503,BASE,,Left,AESTHETIC,3872.0,2000-01-01T00:05:31.914Z,2000-01-01T00:05:36.019Z,vertical,,True
4620,40,P0040,541,4,C16,25478,2385,AESTHETIC,RUN-AESTHETIC-4,2577,BASE,,Tie,TIE,21111.0,2000-01-01T00:05:36.029Z,2000-01-01T00:05:57.381Z,vertical,,True
4621,40,P0040,541,4,A04,25478,2415,BASE,,2607,CONTROL,RUN-CONTROL-4,Left,BASE,3478.0,2000-01-01T00:05:57.392Z,2000-01-01T00:06:01.115Z,vertical,,True
4622,40,P0040,541,4,A07,6127,2233,AESTHETIC,RUN-AESTHETIC-4,2617,CONTROL,RUN-CONTROL-4,Left,AESTHETIC,3018.0,2000-01-01T00:06:01.125Z,2000-01-01T00:06:04.379Z,vertical,,True
4623,40,P0040,541,4,B26,6127,2519,BASE,,2711,CONTROL,RUN-CONTROL-4,Left,BASE,3663.0,2000-01-01T00:06:04.389Z,2000-01-01T00:06:08.296Z,vertical,,True
4624,40,P0040,541,4,C12,7,2570,BASE,,2378,AESTHETIC,RUN-AESTHETIC-4,Left,BASE,3229.0,2000-01-01T00:06:08.307Z,2000-01-01T00:06:11.773Z,vertical,,True
4625,40,P0040,541,4,B27,25478,2321,AESTHETIC,RUN-AESTHETIC-4,2705,CONTROL,RUN-CONTROL-4,Left,AESTHETIC,4229.0,2000-01-01T00:06:11.783Z,2000-01-01T00:06:16.264Z,vertical,,True
4626,40,P0040,541,4,C16,25478,2385,AESTHETIC,RUN-AESTHETIC-4,2769,CONTROL,RUN-CONTROL-4,Tie,TIE,11384.0,2000-01-01T00:06:16.274Z,2000-01-01T00:06:27.914Z,vertical,,True
4627,40,P0040,541,4,B14,85,2684,CONTROL,RUN-CONTROL-4,2300,AESTHETIC,RUN-AESTHETIC-4,Tie,TIE,1780.0,2000-01-01T00:06:27.925Z,2000-01-01T00:06:29.951Z,vertical,,True
4628,40,P0040,541,4,A27,25478,2267,AESTHETIC,RUN-AESTHETIC-4,2651,CONTROL,RUN-CONTROL-4,Tie,TIE,15934.0,2000-01-01T00:06:29.961Z,2000-01-01T00:06:46.145Z,vertical,,True
4629,40,P0040,541,4,C19,25478,2591,BASE,,2399,AESTHETIC,RUN-AESTHETIC-4,Right,AESTHETIC,8984.0,2000-01-01T00:06:46.157Z,2000-01-01T00:06:55.374Z,vertical,,True
4630,40,P0040,541,4,B14,25478,2299,AESTHETIC,RUN-AESTHETIC-4,2491,BASE,,Tie,TIE,1988.0,2000-01-01T00:06:55.385Z,2000-01-01T00:06:57.603Z,vertical,,True
4631,286,P0286,544,4,C12,85,2754,CONTROL,RUN-CONTROL-4,2562,BASE,,Left,CONTROL,15402.0,2000-01-01T00:04:47.909Z,2000-01-01T00:05:03.988Z,vertical,,False
4632,286,P0286,544,4,B02,25478,2271,AESTHETIC,RUN-AESTHETIC-4,2655,CONTROL,RUN-CONTROL-4,Right,CONTROL,10669.0,2000-01-01T00:05:03.999Z,2000-01-01T00:05:14.951Z,vertical,,False
4633,286,P0286,544,4,B26,85,2704,CONTROL,RUN-CONTROL-4,2512,BASE,,Left,CONTROL,8364.0,2000-01-01T00:05:14.961Z,2000-01-01T00:05:23.569Z,vertical,,False
4634,286,P0286,544,4,C20,85,2594,BASE,,2402,AESTHETIC,RUN-AESTHETIC-4,Left,BASE,4033.0,2000-01-01T00:05:23.581Z,2000-01-01T00:05:27.887Z,vertical,,False
4635,286,P0286,544,4,C05,85,2540,BASE,,2348,AESTHETIC,RUN-AESTHETIC-4,Right,AESTHETIC,7294.0,2000-01-01T00:05:27.898Z,2000-01-01T00:05:35.467Z,vertical,,False
4636,286,P0286,544,4,B15,85,2302,AESTHETIC,RUN-AESTHETIC-4,2686,CONTROL,RUN-CONTROL-4,Left,AESTHETIC,9638.0,2000-01-01T00:05:35.479Z,2000-01-01T00:05:45.386Z,vertical,,False
4637,286,P0286,544,4,C09,25478,2555,BASE,,2363,AESTHETIC,RUN-AESTHETIC-4,Right,AESTHETIC,4734.0,2000-01-01T00:05:45.396Z,2000-01-01T00:05:50.386Z,vertical,,False
4638,286,P0286,544,4,C17,25478,2779,CONTROL,RUN-CONTROL-4,2395,AESTHETIC,RUN-AESTHETIC-4,Left,CONTROL,3676.0,2000-01-01T00:05:50.396Z,2000-01-01T00:05:54.327Z,vertical,,False
4639,286,P0286,544,4,C14,85,2382,AESTHETIC,RUN-AESTHETIC-4,2766,CONTROL,RUN-CONTROL-4,Right,CONTROL,6838.0,2000-01-01T00:05:54.337Z,2000-01-01T00:06:01.485Z,vertical,,False
4640,286,P0286,544,4,B04,25478,2657,CONTROL,RUN-CONTROL-4,2273,AESTHETIC,RUN-AESTHETIC-4,Left,CONTROL,3780.0,2000-01-01T00:06:01.496Z,2000-01-01T00:06:05.551Z,vertical,,False
4641,286,P0286,544,4,B08,7,2486,BASE,,2294,AESTHETIC,RUN-AESTHETIC-4,Left,BASE,5455.0,2000-01-01T00:06:05.561Z,2000-01-01T00:06:11.263Z,vertical,,False
4642,286,P0286,544,4,C08,25478,2737,CONTROL,RUN-CONTROL-4,2545,BASE,,Right,BASE,9170.0,2000-01-01T00:06:11.275Z,2000-01-01T00:06:20.686Z,vertical,,False
4643,286,P0286,544,4,A22,25478,2253,AESTHETIC,RUN-AESTHETIC-4,2637,CONTROL,RUN-CONTROL-4,Right,CONTROL,8005.0,2000-01-01T00:06:20.696Z,2000-01-01T00:06:28.977Z,vertical,,False
4644,286,P0286,544,4,A01,7,2228,AESTHETIC,RUN-AESTHETIC-4,2612,CONTROL,RUN-CONTROL-4,Right,CONTROL,6266.0,2000-01-01T00:06:28.988Z,2000-01-01T00:06:35.506Z,vertical,,False
4645,286,P0286,544,4,A26,6127,2649,CONTROL,RUN-CONTROL-4,2457,BASE,,Right,BASE,8595.0,2000-01-01T00:06:35.517Z,2000-01-01T00:06:44.368Z,vertical,,False
4646,286,P0286,544,4,C04,85,2338,AESTHETIC,RUN-AESTHETIC-4,2722,CONTROL,RUN-CONTROL-4,Right,CONTROL,8991.0,2000-01-01T00:06:44.380Z,2000-01-01T00:06:53.608Z,vertical,,False
4647,286,P0286,544,4,B23,7,2324,AESTHETIC,RUN-AESTHETIC-4,2516,BASE,,Left,AESTHETIC,17248.0,2000-01-01T00:06:53.619Z,2000-01-01T00:07:11.128Z,vertical,,False
4648,286,P0286,544,4,C15,7,2584,BASE,,2392,AESTHETIC,RUN-AESTHETIC-4,Left,BASE,3925.0,2000-01-01T00:07:11.139Z,2000-01-01T00:07:15.325Z,vertical,,False
4649,286,P0286,544,4,C02,85,2720,CONTROL,RUN-CONTROL-4,2336,AESTHETIC,RUN-AESTHETIC-4,Right,AESTHETIC,3505.0,2000-01-01T00:07:15.343Z,2000-01-01T00:07:19.108Z,vertical,,False
4650,286,P0286,544,4,C07,85,2736,CONTROL,RUN-CONTROL-4,2352,AESTHETIC,RUN-AESTHETIC-4,Right,AESTHETIC,6395.0,2000-01-01T00:07:19.119Z,2000-01-01T00:07:25.765Z,vertical,,False
4651,286,P0286,544,4,C08,85,2354,AESTHETIC,RUN-AESTHETIC-4,2546,BASE,,Left,AESTHETIC,12935.0,2000-01-01T00:07:25.776Z,2000-01-01T00:07:38.967Z,vertical,,False
4652,286,P0286,544,4,B08,7,2678,CONTROL,RUN-CONTROL-4,2294,AESTHETIC,RUN-AESTHETIC-4,Right,AESTHETIC,9682.0,2000-01-01T00:07:38.977Z,2000-01-01T00:07:48.907Z,vertical,,False
4653,286,P0286,544,4,C02,25478,2527,BASE,,2335,AESTHETIC,RUN-AESTHETIC-4,Right,AESTHETIC,6539.0,2000-01-01T00:07:48.918Z,2000-01-01T00:07:55.709Z,vertical,,False
4654,286,P0286,544,4,C04,25478,2337,AESTHETIC,RUN-AESTHETIC-4,2529,BASE,,Right,BASE,3873.0,2000-01-01T00:07:55.719Z,2000-01-01T00:07:59.846Z,vertical,,False
4655,286,P0286,544,4,C02,85,2336,AESTHETIC,RUN-AESTHETIC-4,2528,BASE,,Right,BASE,5004.0,2000-01-01T00:07:59.856Z,2000-01-01T00:08:05.106Z,vertical,,False
4656,286,P0286,544,4,B27,7,2522,BASE,,2330,AESTHETIC,RUN-AESTHETIC-4,Left,BASE,3906.0,2000-01-01T00:08:05.116Z,2000-01-01T00:08:09.296Z,vertical,,False
4657,286,P0286,544,4,C10,6127,2565,BASE,,2757,CONTROL,RUN-CONTROL-4,Left,BASE,7037.0,2000-01-01T00:08:09.307Z,2000-01-01T00:08:16.586Z,vertical,,False
4658,286,P0286,544,4,C07,6127,2359,AESTHETIC,RUN-AESTHETIC-4,2743,CONTROL,RUN-CONTROL-4,Right,CONTROL,6017.0,2000-01-01T00:08:16.597Z,2000-01-01T00:08:22.869Z,vertical,,False
4659,286,P0286,544,4,C11,6127,2567,BASE,,2375,AESTHETIC,RUN-AESTHETIC-4,Left,BASE,8897.0,2000-01-01T00:08:22.881Z,2000-01-01T00:08:32.027Z,vertical,,False
4660,286,P0286,544,4,B23,85,2700,CONTROL,RUN-CONTROL-4,2316,AESTHETIC,RUN-AESTHETIC-4,Right,AESTHETIC,10478.0,2000-01-01T00:08:32.036Z,2000-01-01T00:08:42.772Z,vertical,,False
4661,122,P0122,545,4,A26,7,2458,BASE,,2650,CONTROL,RUN-CONTROL-4,Left,BASE,46065.0,2000-01-01T00:00:30.496Z,2000-01-01T00:01:16.774Z,vertical,,False
4662,122,P0122,545,4,B06,7,2676,CONTROL,RUN-CONTROL-4,2292,AESTHETIC,RUN-AESTHETIC-4,Left,CONTROL,3702.0,2000-01-01T00:01:16.784Z,2000-01-01T00:01:20.685Z,vertical,,False
4663,122,P0122,545,4,C11,7,2568,BASE,,2760,CONTROL,RUN-CONTROL-4,Left,BASE,1202.0,2000-01-01T00:01:20.697Z,2000-01-01T00:01:22.107Z,vertical,,False
4664,122,P0122,545,4,B26,85,2704,CONTROL,RUN-CONTROL-4,2320,AESTHETIC,RUN-AESTHETIC-4,Left,CONTROL,15180.0,2000-01-01T00:01:22.118Z,2000-01-01T00:01:37.498Z,vertical,,False
4665,122,P0122,545,4,C13,7,2580,BASE,,2388,AESTHETIC,RUN-AESTHETIC-4,Left,BASE,12500.0,2000-01-01T00:01:37.508Z,2000-01-01T00:01:50.211Z,vertical,,False
4666,122,P0122,545,4,A27,7,2276,AESTHETIC,RUN-AESTHETIC-4,2660,CONTROL,RUN-CONTROL-4,Left,AESTHETIC,20541.0,2000-01-01T00:01:50.221Z,2000-01-01T00:02:10.968Z,vertical,,False
4667,122,P0122,545,4,B15,7,2502,BASE,,2694,CONTROL,RUN-CONTROL-4,Left,BASE,4365.0,2000-01-01T00:02:10.978Z,2000-01-01T00:02:15.547Z,vertical,,False
4668,122,P0122,545,4,C05,85,2732,CONTROL,RUN-CONTROL-4,2540,BASE,,Left,CONTROL,3275.0,2000-01-01T00:02:15.558Z,2000-01-01T00:02:19.032Z,vertical,,False
4669,122,P0122,545,4,B25,6127,2517,BASE,,2325,AESTHETIC,RUN-AESTHETIC-4,Left,BASE,5907.0,2000-01-01T00:02:19.042Z,2000-01-01T00:02:25.150Z,vertical,,False
4670,122,P0122,545,4,C17,25478,2587,BASE,,2395,AESTHETIC,RUN-AESTHETIC-4,Right,AESTHETIC,5897.0,2000-01-01T00:02:25.160Z,2000-01-01T00:02:31.255Z,vertical,,False
4671,122,P0122,545,4,A01,6127,2611,CONTROL,RUN-CONTROL-4,2419,BASE,,Right,BASE,2983.0,2000-01-01T00:02:31.265Z,2000-01-01T00:02:34.460Z,vertical,,False
4672,122,P0122,545,4,A13,7,2442,BASE,,2250,AESTHETIC,RUN-AESTHETIC-4,Tie,TIE,10148.0,2000-01-01T00:02:34.470Z,2000-01-01T00:02:44.817Z,vertical,,False
4673,122,P0122,545,4,B04,85,2274,AESTHETIC,RUN-AESTHETIC-4,2658,CONTROL,RUN-CONTROL-4,Right,CONTROL,14956.0,2000-01-01T00:02:44.827Z,2000-01-01T00:02:59.991Z,vertical,,False
4674,122,P0122,545,4,B15,6127,2693,CONTROL,RUN-CONTROL-4,2501,BASE,,Tie,TIE,5999.0,2000-01-01T00:03:00.001Z,2000-01-01T00:03:06.208Z,vertical,,False
4675,122,P0122,545,4,A27,85,2460,BASE,,2268,AESTHETIC,RUN-AESTHETIC-4,Tie,TIE,3038.0,2000-01-01T00:03:06.217Z,2000-01-01T00:03:09.455Z,vertical,,False
4676,122,P0122,545,4,B19,25478,2495,BASE,,2687,CONTROL,RUN-CONTROL-4,Left,BASE,3671.0,2000-01-01T00:03:09.467Z,2000-01-01T00:03:13.340Z,vertical,,False
4677,122,P0122,545,4,C19,6127,2407,AESTHETIC,RUN-AESTHETIC-4,2599,BASE,,Left,AESTHETIC,12647.0,2000-01-01T00:03:13.557Z,2000-01-01T00:03:26.510Z,vertical,,False
4678,122,P0122,545,4,B27,7,2330,AESTHETIC,RUN-AESTHETIC-4,2714,CONTROL,RUN-CONTROL-4,Right,CONTROL,18909.0,2000-01-01T00:03:26.521Z,2000-01-01T00:03:45.637Z,vertical,,False
4679,122,P0122,545,4,C01,85,2718,CONTROL,RUN-CONTROL-4,2526,BASE,,Right,BASE,15231.0,2000-01-01T00:03:45.648Z,2000-01-01T00:04:01.084Z,vertical,,False
4680,122,P0122,545,4,A27,25478,2267,AESTHETIC,RUN-AESTHETIC-4,2459,BASE,,Tie,TIE,5921.0,2000-01-01T00:04:01.094Z,2000-01-01T00:04:07.214Z,vertical,,False
4681,122,P0122,545,4,A08,85,2236,AESTHETIC,RUN-AESTHETIC-4,2620,CONTROL,RUN-CONTROL-4,Left,AESTHETIC,15978.0,2000-01-01T00:04:07.226Z,2000-01-01T00:04:23.407Z,vertical,,False
4682,122,P0122,545,4,C04,25478,2529,BASE,,2721,CONTROL,RUN-CONTROL-4,Left,BASE,3636.0,2000-01-01T00:04:23.417Z,2000-01-01T00:04:27.253Z,vertical,,False
4683,122,P0122,545,4,B27,6127,2521,BASE,,2329,AESTHETIC,RUN-AESTHETIC-4,Right,AESTHETIC,5483.0,2000-01-01T00:04:27.262Z,2000-01-01T00:04:32.971Z,vertical,,False
4684,122,P0122,545,4,A27,7,2660,CONTROL,RUN-CONTROL-4,2468,BASE,,Right,BASE,6105.0,2000-01-01T00:04:32.981Z,2000-01-01T00:04:39.292Z,vertical,,False
4685,122,P0122,545,4,A13,6127,2441,BASE,,2633,CONTROL,RUN-CONTROL-4,Tie,TIE,2867.0,2000-01-01T00:04:39.305Z,2000-01-01T00:04:42.367Z,vertical,,False
4686,122,P0122,545,4,C04,6127,2729,CONTROL,RUN-CONTROL-4,2345,AESTHETIC,RUN-AESTHETIC-4,Right,AESTHETIC,6316.0,2000-01-01T00:04:42.377Z,2000-01-01T00:04:48.893Z,vertical,,False
4687,122,P0122,545,4,C14,25478,2573,BASE,,2381,AESTHETIC,RUN-AESTHETIC-4,Tie,TIE,3154.0,2000-01-01T00:04:48.903Z,2000-01-01T00:04:52.260Z,vertical,,False
4688,122,P0122,545,4,C08,7,2746,CONTROL,RUN-CONTROL-4,2362,AESTHETIC,RUN-AESTHETIC-4,Left,CONTROL,5296.0,2000-01-01T00:04:52.270Z,2000-01-01T00:04:57.765Z,vertical,,False
4689,122,P0122,545,4,C20,7,2410,AESTHETIC,RUN-AESTHETIC-4,2794,CONTROL,RUN-CONTROL-4,Tie,TIE,6765.0,2000-01-01T00:04:57.776Z,2000-01-01T00:05:04.745Z,vertical,,False
4690,122,P0122,545,4,A15,25478,2443,BASE,,2635,CONTROL,RUN-CONTROL-4,Right,CONTROL,3545.0,2000-01-01T00:05:04.755Z,2000-01-01T00:05:08.495Z,vertical,,False
4691,145,P0145,548,4,A13,6127,2249,AESTHETIC,RUN-AESTHETIC-4,2633,CONTROL,RUN-CONTROL-4,Left,AESTHETIC,14615.0,2000-01-01T00:01:31.681Z,2000-01-01T00:01:46.831Z,vertical,,False
4692,145,P0145,548,4,B06,85,2284,AESTHETIC,RUN-AESTHETIC-4,2476,BASE,,Right,BASE,16659.0,2000-01-01T00:01:46.894Z,2000-01-01T00:02:03.826Z,vertical,,False
4693,145,P0145,548,4,A11,6127,2439,BASE,,2631,CONTROL,RUN-CONTROL-4,Left,BASE,18460.0,2000-01-01T00:02:03.862Z,2000-01-01T00:02:22.611Z,vertical,,False
4694,145,P0145,548,4,C15,85,2576,BASE,,2384,AESTHETIC,RUN-AESTHETIC-4,Left,BASE,6397.0,2000-01-01T00:02:22.624Z,2000-01-01T00:02:29.341Z,vertical,,False
4695,145,P0145,548,4,C18,6127,2597,BASE,,2789,CONTROL,RUN-CONTROL-4,Left,BASE,7253.0,2000-01-01T00:02:29.353Z,2000-01-01T00:02:36.872Z,vertical,,False
4696,145,P0145,548,4,C20,25478,2593,BASE,,2401,AESTHETIC,RUN-AESTHETIC-4,Right,AESTHETIC,15150.0,2000-01-01T00:02:36.885Z,2000-01-01T00:02:52.354Z,vertical,,False
4697,145,P0145,548,4,B19,6127,2695,CONTROL,RUN-CONTROL-4,2503,BASE,,Right,BASE,6898.0,2000-01-01T00:02:52.366Z,2000-01-01T00:02:59.528Z,vertical,,False
4698,145,P0145,548,4,A22,85,2254,AESTHETIC,RUN-AESTHETIC-4,2638,CONTROL,RUN-CONTROL-4,Left,AESTHETIC,4882.0,2000-01-01T00:02:59.581Z,2000-01-01T00:03:04.750Z,vertical,,False
4699,145,P0145,548,4,C14,25478,2765,CONTROL,RUN-CONTROL-4,2573,BASE,,Right,BASE,6626.0,2000-01-01T00:03:04.762Z,2000-01-01T00:03:11.715Z,vertical,,False
4700,145,P0145,548,4,C02,6127,2343,AESTHETIC,RUN-AESTHETIC-4,2535,BASE,,Left,AESTHETIC,12295.0,2000-01-01T00:03:11.727Z,2000-01-01T00:03:24.279Z,vertical,,False
4701,145,P0145,548,4,A27,85,2652,CONTROL,RUN-CONTROL-4,2268,AESTHETIC,RUN-AESTHETIC-4,Right,AESTHETIC,5212.0,2000-01-01T00:03:24.289Z,2000-01-01T00:03:29.808Z,vertical,,False
4702,145,P0145,548,4,C18,7,2598,BASE,,2790,CONTROL,RUN-CONTROL-4,Left,BASE,8302.0,2000-01-01T00:03:29.819Z,2000-01-01T00:03:38.427Z,vertical,,False
4703,145,P0145,548,4,B15,6127,2693,CONTROL,RUN-CONTROL-4,2309,AESTHETIC,RUN-AESTHETIC-4,Left,CONTROL,7288.0,2000-01-01T00:03:38.437Z,2000-01-01T00:03:45.979Z,vertical,,False
4704,145,P0145,548,4,C11,85,2752,CONTROL,RUN-CONTROL-4,2368,AESTHETIC,RUN-AESTHETIC-4,Left,CONTROL,5612.0,2000-01-01T00:03:45.990Z,2000-01-01T00:03:51.893Z,vertical,,False
4705,145,P0145,548,4,C20,85,2402,AESTHETIC,RUN-AESTHETIC-4,2786,CONTROL,RUN-CONTROL-4,Left,AESTHETIC,3096.0,2000-01-01T00:03:51.903Z,2000-01-01T00:03:55.264Z,vertical,,False
4706,145,P0145,548,4,C19,7,2600,BASE,,2792,CONTROL,RUN-CONTROL-4,Left,BASE,4492.0,2000-01-01T00:03:55.276Z,2000-01-01T00:04:00.046Z,vertical,,False
4707,145,P0145,548,4,A02,6127,2613,CONTROL,RUN-CONTROL-4,2421,BASE,,Left,CONTROL,6196.0,2000-01-01T00:04:00.056Z,2000-01-01T00:04:06.509Z,vertical,,False
4708,145,P0145,548,4,C04,6127,2345,AESTHETIC,RUN-AESTHETIC-4,2537,BASE,,Right,BASE,4611.0,2000-01-01T00:04:06.519Z,2000-01-01T00:04:11.388Z,vertical,,False
4709,145,P0145,548,4,A04,85,2608,CONTROL,RUN-CONTROL-4,2416,BASE,,Right,BASE,4569.0,2000-01-01T00:04:11.399Z,2000-01-01T00:04:16.247Z,vertical,,False
4710,145,P0145,548,4,C12,6127,2569,BASE,,2377,AESTHETIC,RUN-AESTHETIC-4,Right,AESTHETIC,3279.0,2000-01-01T00:04:16.261Z,2000-01-01T00:04:19.798Z,vertical,,False
4711,145,P0145,548,4,C13,7,2388,AESTHETIC,RUN-AESTHETIC-4,2772,CONTROL,RUN-CONTROL-4,Right,CONTROL,4897.0,2000-01-01T00:04:19.810Z,2000-01-01T00:04:24.978Z,vertical,,False
4712,145,P0145,548,4,C19,25478,2783,CONTROL,RUN-CONTROL-4,2591,BASE,,Right,BASE,2387.0,2000-01-01T00:04:24.991Z,2000-01-01T00:04:27.718Z,vertical,,False
4713,145,P0145,548,4,A26,25478,2641,CONTROL,RUN-CONTROL-4,2449,BASE,,Left,CONTROL,2169.0,2000-01-01T00:04:27.730Z,2000-01-01T00:04:30.149Z,vertical,,False
4714,145,P0145,548,4,B12,7,2490,BASE,,2682,CONTROL,RUN-CONTROL-4,Left,BASE,5491.0,2000-01-01T00:04:30.159Z,2000-01-01T00:04:35.929Z,vertical,,False
4715,145,P0145,548,4,B23,85,2508,BASE,,2700,CONTROL,RUN-CONTROL-4,Left,BASE,2448.0,2000-01-01T00:04:35.941Z,2000-01-01T00:04:38.649Z,vertical,,False
4716,145,P0145,548,4,B29,7,2724,CONTROL,RUN-CONTROL-4,2340,AESTHETIC,RUN-AESTHETIC-4,Left,CONTROL,6883.0,2000-01-01T00:04:38.660Z,2000-01-01T00:04:45.825Z,vertical,,False
4717,145,P0145,548,4,C14,25478,2381,AESTHETIC,RUN-AESTHETIC-4,2765,CONTROL,RUN-CONTROL-4,Right,CONTROL,7471.0,2000-01-01T00:04:45.838Z,2000-01-01T00:04:53.588Z,vertical,,False
4718,145,P0145,548,4,A07,25478,2417,BASE,,2609,CONTROL,RUN-CONTROL-4,Right,CONTROL,11000.0,2000-01-01T00:04:53.598Z,2000-01-01T00:05:04.858Z,vertical,,False
4719,145,P0145,548,4,B15,7,2694,CONTROL,RUN-CONTROL-4,2310,AESTHETIC,RUN-AESTHETIC-4,Left,CONTROL,3146.0,2000-01-01T00:05:04.870Z,2000-01-01T00:05:08.273Z,vertical,,False
4720,145,P0145,548,4,C05,25478,2539,BASE,,2731,CONTROL,RUN-CONTROL-4,Right,CONTROL,8503.0,2000-01-01T00:05:08.284Z,2000-01-01T00:05:17.075Z,vertical,,False
4721,28,P0028,551,4,A25,7,2456,BASE,,2648,CONTROL,RUN-CONTROL-4,Left,BASE,13997.0,2000-01-01T00:01:46.699Z,2000-01-01T00:02:01.158Z,vertical,,False
4722,28,P0028,551,4,C17,25478,2779,CONTROL,RUN-CONTROL-4,2587,BASE,,Left,CONTROL,20079.0,2000-01-01T00:02:01.169Z,2000-01-01T00:02:21.473Z,vertical,,False
4723,28,P0028,551,4,B26,7,2520,BASE,,2712,CONTROL,RUN-CONTROL-4,Left,BASE,2297.0,2000-01-01T00:02:21.484Z,2000-01-01T00:02:24.001Z,vertical,,False
4724,28,P0028,551,4,B02,6127,2279,AESTHETIC,RUN-AESTHETIC-4,2663,CONTROL,RUN-CONTROL-4,Left,AESTHETIC,2170.0,2000-01-01T00:02:24.010Z,2000-01-01T00:02:26.408Z,vertical,,False
4725,28,P0028,551,4,A04,6127,2615,CONTROL,RUN-CONTROL-4,2231,AESTHETIC,RUN-AESTHETIC-4,Right,AESTHETIC,3841.0,2000-01-01T00:02:26.419Z,2000-01-01T00:02:30.478Z,vertical,,False
4726,28,P0028,551,4,A25,6127,2263,AESTHETIC,RUN-AESTHETIC-4,2647,CONTROL,RUN-CONTROL-4,Left,AESTHETIC,16892.0,2000-01-01T00:02:30.489Z,2000-01-01T00:02:47.596Z,vertical,,False
4727,28,P0028,551,4,A11,6127,2631,CONTROL,RUN-CONTROL-4,2247,AESTHETIC,RUN-AESTHETIC-4,Left,CONTROL,1269.0,2000-01-01T00:02:47.606Z,2000-01-01T00:02:49.093Z,vertical,,False
4728,28,P0028,551,4,A26,7,2266,AESTHETIC,RUN-AESTHETIC-4,2650,CONTROL,RUN-CONTROL-4,Right,CONTROL,1605.0,2000-01-01T00:02:49.103Z,2000-01-01T00:02:50.928Z,vertical,,False
4729,28,P0028,551,4,A25,85,2256,AESTHETIC,RUN-AESTHETIC-4,2640,CONTROL,RUN-CONTROL-4,Right,CONTROL,2077.0,2000-01-01T00:02:50.961Z,2000-01-01T00:02:53.257Z,vertical,,False
4730,28,P0028,551,4,C19,6127,2791,CONTROL,RUN-CONTROL-4,2599,BASE,,Left,CONTROL,13419.0,2000-01-01T00:02:53.285Z,2000-01-01T00:03:06.927Z,vertical,,False
4731,28,P0028,551,4,A25,6127,2263,AESTHETIC,RUN-AESTHETIC-4,2455,BASE,,Left,AESTHETIC,6661.0,2000-01-01T00:03:06.940Z,2000-01-01T00:03:13.818Z,vertical,,False
4732,28,P0028,551,4,B29,25478,2331,AESTHETIC,RUN-AESTHETIC-4,2523,BASE,,Left,AESTHETIC,821.0,2000-01-01T00:03:13.828Z,2000-01-01T00:03:14.869Z,vertical,,False
4733,28,P0028,551,4,A08,85,2236,AESTHETIC,RUN-AESTHETIC-4,2428,BASE,,Left,AESTHETIC,990.0,2000-01-01T00:03:14.879Z,2000-01-01T00:03:16.100Z,vertical,,False
4734,28,P0028,551,4,B25,25478,2701,CONTROL,RUN-CONTROL-4,2317,AESTHETIC,RUN-AESTHETIC-4,Left,CONTROL,904.0,2000-01-01T00:03:16.110Z,2000-01-01T00:03:17.231Z,vertical,,False
4735,28,P0028,551,4,C14,6127,2773,CONTROL,RUN-CONTROL-4,2581,BASE,,Left,CONTROL,823.0,2000-01-01T00:03:17.241Z,2000-01-01T00:03:18.277Z,vertical,,False
4736,28,P0028,551,4,B12,25478,2673,CONTROL,RUN-CONTROL-4,2289,AESTHETIC,RUN-AESTHETIC-4,Left,CONTROL,1109.0,2000-01-01T00:03:18.287Z,2000-01-01T00:03:19.611Z,vertical,,False
4737,28,P0028,551,4,B06,7,2484,BASE,,2292,AESTHETIC,RUN-AESTHETIC-4,Left,BASE,689.0,2000-01-01T00:03:19.621Z,2000-01-01T00:03:20.525Z,vertical,VeryFastResponse,False
4738,28,P0028,551,4,C17,7,2404,AESTHETIC,RUN-AESTHETIC-4,2788,CONTROL,RUN-CONTROL-4,Left,AESTHETIC,785.0,2000-01-01T00:03:20.540Z,2000-01-01T00:03:21.545Z,vertical,VeryFastResponse,False
4739,28,P0028,551,4,C06,85,2734,CONTROL,RUN-CONTROL-4,2542,BASE,,Right,BASE,7827.0,2000-01-01T00:03:21.557Z,2000-01-01T00:03:29.604Z,vertical,,False
4740,28,P0028,551,4,B19,7,2696,CONTROL,RUN-CONTROL-4,2504,BASE,,Left,CONTROL,6465.0,2000-01-01T00:03:29.615Z,2000-01-01T00:03:36.300Z,vertical,,False
4741,28,P0028,551,4,C16,6127,2393,AESTHETIC,RUN-AESTHETIC-4,2585,BASE,,Tie,TIE,985.0,2000-01-01T00:03:36.311Z,2000-01-01T00:03:37.514Z,vertical,,False
4742,28,P0028,551,4,A27,6127,2659,CONTROL,RUN-CONTROL-4,2275,AESTHETIC,RUN-AESTHETIC-4,Tie,TIE,1466.0,2000-01-01T00:03:37.524Z,2000-01-01T00:03:39.214Z,vertical,,False
4743,28,P0028,551,4,B09,25478,2287,AESTHETIC,RUN-AESTHETIC-4,2479,BASE,,Right,BASE,9056.0,2000-01-01T00:03:39.224Z,2000-01-01T00:03:48.502Z,vertical,,False
4744,28,P0028,551,4,C05,7,2548,BASE,,2740,CONTROL,RUN-CONTROL-4,Right,CONTROL,1033.0,2000-01-01T00:03:48.511Z,2000-01-01T00:03:49.767Z,vertical,,False
4745,28,P0028,551,4,A25,25478,2447,BASE,,2639,CONTROL,RUN-CONTROL-4,Right,CONTROL,3181.0,2000-01-01T00:03:49.777Z,2000-01-01T00:03:53.179Z,vertical,,False
4746,28,P0028,551,4,A25,85,2448,BASE,,2256,AESTHETIC,RUN-AESTHETIC-4,Left,BASE,7762.0,2000-01-01T00:03:53.190Z,2000-01-01T00:04:01.173Z,vertical,,False
4747,28,P0028,551,4,B26,25478,2703,CONTROL,RUN-CONTROL-4,2511,BASE,,Left,CONTROL,1184.0,2000-01-01T00:04:01.183Z,2000-01-01T00:04:02.588Z,vertical,,False
4748,28,P0028,551,4,A09,25478,2237,AESTHETIC,RUN-AESTHETIC-4,2429,BASE,,Left,AESTHETIC,1147.0,2000-01-01T00:04:02.600Z,2000-01-01T00:04:03.965Z,vertical,,False
4749,28,P0028,551,4,B14,7,2308,AESTHETIC,RUN-AESTHETIC-4,2692,CONTROL,RUN-CONTROL-4,Left,AESTHETIC,1790.0,2000-01-01T00:04:03.977Z,2000-01-01T00:04:05.981Z,vertical,,False
4750,28,P0028,551,4,A09,7,2630,CONTROL,RUN-CONTROL-4,2438,BASE,,Left,CONTROL,1600.0,2000-01-01T00:04:05.991Z,2000-01-01T00:04:07.815Z,vertical,,False
4751,170,P0170,553,4,A04,6127,2615,CONTROL,RUN-CONTROL-4,2423,BASE,,Tie,TIE,6243.0,2000-01-01T00:03:04.061Z,2000-01-01T00:03:11.426Z,vertical,,False
4752,170,P0170,553,4,A02,6127,2229,AESTHETIC,RUN-AESTHETIC-4,2421,BASE,,Tie,TIE,4413.0,2000-01-01T00:03:11.478Z,2000-01-01T00:03:16.150Z,vertical,,False
4753,170,P0170,553,4,C07,25478,2351,AESTHETIC,RUN-AESTHETIC-4,2543,BASE,,Tie,TIE,1314.0,2000-01-01T00:03:16.186Z,2000-01-01T00:03:17.765Z,vertical,,False
4754,170,P0170,553,4,C19,6127,2407,AESTHETIC,RUN-AESTHETIC-4,2791,CONTROL,RUN-CONTROL-4,Left,AESTHETIC,7755.0,2000-01-01T00:03:17.775Z,2000-01-01T00:03:25.760Z,vertical,,False
4755,170,P0170,553,4,A25,7,2264,AESTHETIC,RUN-AESTHETIC-4,2648,CONTROL,RUN-CONTROL-4,Right,CONTROL,7348.0,2000-01-01T00:03:25.770Z,2000-01-01T00:03:33.355Z,vertical,,False
4756,170,P0170,553,4,C08,85,2738,CONTROL,RUN-CONTROL-4,2546,BASE,,Tie,TIE,2539.0,2000-01-01T00:03:33.364Z,2000-01-01T00:03:36.146Z,vertical,,False
4757,170,P0170,553,4,C12,7,2762,CONTROL,RUN-CONTROL-4,2378,AESTHETIC,RUN-AESTHETIC-4,Tie,TIE,1271.0,2000-01-01T00:03:36.156Z,2000-01-01T00:03:37.686Z,vertical,,False
4758,170,P0170,553,4,C01,25478,2333,AESTHETIC,RUN-AESTHETIC-4,2717,CONTROL,RUN-CONTROL-4,Tie,TIE,1095.0,2000-01-01T00:03:37.717Z,2000-01-01T00:03:39.049Z,vertical,,False
4759,170,P0170,553,4,C10,7,2374,AESTHETIC,RUN-AESTHETIC-4,2566,BASE,,Tie,TIE,982.0,2000-01-01T00:03:39.058Z,2000-01-01T00:03:40.283Z,vertical,,False
4760,170,P0170,553,4,B27,85,2514,BASE,,2322,AESTHETIC,RUN-AESTHETIC-4,Right,AESTHETIC,2679.0,2000-01-01T00:03:40.294Z,2000-01-01T00:03:43.232Z,vertical,,False
4761,170,P0170,553,4,C06,25478,2349,AESTHETIC,RUN-AESTHETIC-4,2733,CONTROL,RUN-CONTROL-4,Tie,TIE,3611.0,2000-01-01T00:03:43.242Z,2000-01-01T00:03:47.090Z,vertical,,False
4762,170,P0170,553,4,A22,6127,2453,BASE,,2645,CONTROL,RUN-CONTROL-4,Tie,TIE,1759.0,2000-01-01T00:03:47.100Z,2000-01-01T00:03:49.100Z,vertical,,False
4763,170,P0170,553,4,C19,85,2400,AESTHETIC,RUN-AESTHETIC-4,2784,CONTROL,RUN-CONTROL-4,Left,AESTHETIC,8190.0,2000-01-01T00:03:49.110Z,2000-01-01T00:03:57.540Z,vertical,,False
4764,170,P0170,553,4,C12,25478,2753,CONTROL,RUN-CONTROL-4,2369,AESTHETIC,RUN-AESTHETIC-4,Tie,TIE,1366.0,2000-01-01T00:03:57.553Z,2000-01-01T00:03:59.165Z,vertical,,False
4765,170,P0170,553,4,C15,25478,2575,BASE,,2383,AESTHETIC,RUN-AESTHETIC-4,Tie,TIE,1967.0,2000-01-01T00:03:59.175Z,2000-01-01T00:04:01.376Z,vertical,,False
4766,170,P0170,553,4,C01,6127,2341,AESTHETIC,RUN-AESTHETIC-4,2725,CONTROL,RUN-CONTROL-4,Tie,TIE,1012.0,2000-01-01T00:04:01.386Z,2000-01-01T00:04:02.635Z,vertical,,False
4767,170,P0170,553,4,B12,6127,2681,CONTROL,RUN-CONTROL-4,2489,BASE,,Tie,TIE,685.0,2000-01-01T00:04:02.678Z,2000-01-01T00:04:03.605Z,vertical,VeryFastResponse,False
4768,170,P0170,553,4,B23,7,2516,BASE,,2708,CONTROL,RUN-CONTROL-4,Tie,TIE,891.0,2000-01-01T00:04:03.652Z,2000-01-01T00:04:04.785Z,vertical,,False
4769,170,P0170,553,4,C15,25478,2575,BASE,,2767,CONTROL,RUN-CONTROL-4,Tie,TIE,824.0,2000-01-01T00:04:04.795Z,2000-01-01T00:04:05.855Z,vertical,,False
4770,170,P0170,553,4,B09,6127,2487,BASE,,2295,AESTHETIC,RUN-AESTHETIC-4,Tie,TIE,749.0,2000-01-01T00:04:05.865Z,2000-01-01T00:04:06.860Z,vertical,VeryFastResponse,False
4771,170,P0170,553,4,A02,25478,2221,AESTHETIC,RUN-AESTHETIC-4,2605,CONTROL,RUN-CONTROL-4,Tie,TIE,804.0,2000-01-01T00:04:06.871Z,2000-01-01T00:04:07.905Z,vertical,,False
4772,170,P0170,553,4,A08,7,2244,AESTHETIC,RUN-AESTHETIC-4,2628,CONTROL,RUN-CONTROL-4,Tie,TIE,802.0,2000-01-01T00:04:07.916Z,2000-01-01T00:04:08.965Z,vertical,,False
4773,170,P0170,553,4,A02,6127,2613,CONTROL,RUN-CONTROL-4,2229,AESTHETIC,RUN-AESTHETIC-4,Tie,TIE,761.0,2000-01-01T00:04:08.974Z,2000-01-01T00:04:10.032Z,vertical,VeryFastResponse,False
4774,170,P0170,553,4,B01,25478,2653,CONTROL,RUN-CONTROL-4,2461,BASE,,Tie,TIE,632.0,2000-01-01T00:04:10.040Z,2000-01-01T00:04:10.910Z,vertical,VeryFastResponse,False
4775,170,P0170,553,4,A09,6127,2629,CONTROL,RUN-CONTROL-4,2245,AESTHETIC,RUN-AESTHETIC-4,Tie,TIE,703.0,2000-01-01T00:04:10.921Z,2000-01-01T00:04:11.871Z,vertical,VeryFastResponse,False
4776,170,P0170,553,4,C17,85,2780,CONTROL,RUN-CONTROL-4,2588,BASE,,Left,CONTROL,4276.0,2000-01-01T00:04:11.883Z,2000-01-01T00:04:16.389Z,vertical,,False
4777,170,P0170,553,4,C12,6127,2377,AESTHETIC,RUN-AESTHETIC-4,2761,CONTROL,RUN-CONTROL-4,Tie,TIE,1748.0,2000-01-01T00:04:16.399Z,2000-01-01T00:04:18.391Z,vertical,,False
4778,170,P0170,553,4,B19,7,2312,AESTHETIC,RUN-AESTHETIC-4,2696,CONTROL,RUN-CONTROL-4,Tie,TIE,1098.0,2000-01-01T00:04:18.401Z,2000-01-01T00:04:19.740Z,vertical,,False
4779,170,P0170,553,4,B23,85,2316,AESTHETIC,RUN-AESTHETIC-4,2508,BASE,,Tie,TIE,1167.0,2000-01-01T00:04:19.750Z,2000-01-01T00:04:21.169Z,vertical,,False
4780,170,P0170,553,4,B04,7,2282,AESTHETIC,RUN-AESTHETIC-4,2474,BASE,,Tie,TIE,1787.0,2000-01-01T00:04:21.180Z,2000-01-01T00:04:23.215Z,vertical,,False
4781,248,P0248,554,4,B14,85,2684,CONTROL,RUN-CONTROL-4,2492,BASE,,Left,CONTROL,9776.0,2000-01-01T00:08:04.311Z,2000-01-01T00:08:14.556Z,horizontal,,False
4782,248,P0248,554,4,A11,6127,2247,AESTHETIC,RUN-AESTHETIC-4,2439,BASE,,Right,BASE,2308.0,2000-01-01T00:08:14.567Z,2000-01-01T00:08:17.132Z,horizontal,,False
4783,248,P0248,554,4,B04,85,2466,BASE,,2658,CONTROL,RUN-CONTROL-4,Left,BASE,3200.0,2000-01-01T00:08:17.141Z,2000-01-01T00:08:20.611Z,horizontal,,False
4784,248,P0248,554,4,B25,25478,2317,AESTHETIC,RUN-AESTHETIC-4,2509,BASE,,Left,AESTHETIC,2054.0,2000-01-01T00:08:20.621Z,2000-01-01T00:08:22.925Z,horizontal,,False
4785,248,P0248,554,4,A22,25478,2637,CONTROL,RUN-CONTROL-4,2445,BASE,,Tie,TIE,4970.0,2000-01-01T00:08:22.934Z,2000-01-01T00:08:28.150Z,horizontal,,False
4786,248,P0248,554,4,C08,25478,2353,AESTHETIC,RUN-AESTHETIC-4,2737,CONTROL,RUN-CONTROL-4,Tie,TIE,4622.0,2000-01-01T00:08:28.162Z,2000-01-01T00:08:33.051Z,horizontal,,False
4787,248,P0248,554,4,B29,25478,2715,CONTROL,RUN-CONTROL-4,2523,BASE,,Left,CONTROL,5133.0,2000-01-01T00:08:33.062Z,2000-01-01T00:08:38.454Z,horizontal,,False
4788,248,P0248,554,4,C02,6127,2727,CONTROL,RUN-CONTROL-4,2343,AESTHETIC,RUN-AESTHETIC-4,Right,AESTHETIC,3624.0,2000-01-01T00:08:38.589Z,2000-01-01T00:08:42.472Z,horizontal,,False
4789,248,P0248,554,4,C15,7,2776,CONTROL,RUN-CONTROL-4,2584,BASE,,Right,BASE,2706.0,2000-01-01T00:08:42.484Z,2000-01-01T00:08:45.451Z,horizontal,,False
4790,248,P0248,554,4,B23,7,2324,AESTHETIC,RUN-AESTHETIC-4,2708,CONTROL,RUN-CONTROL-4,Tie,TIE,5423.0,2000-01-01T00:08:45.461Z,2000-01-01T00:08:51.137Z,horizontal,,False
4791,248,P0248,554,4,A01,6127,2419,BASE,,2227,AESTHETIC,RUN-AESTHETIC-4,Left,BASE,4533.0,2000-01-01T00:08:51.152Z,2000-01-01T00:08:55.952Z,horizontal,,False
4792,248,P0248,554,4,A08,7,2628,CONTROL,RUN-CONTROL-4,2436,BASE,,Left,CONTROL,4281.0,2000-01-01T00:08:55.963Z,2000-01-01T00:09:00.491Z,horizontal,,False
4793,248,P0248,554,4,C15,7,2392,AESTHETIC,RUN-AESTHETIC-4,2776,CONTROL,RUN-CONTROL-4,Left,AESTHETIC,4131.0,2000-01-01T00:09:00.503Z,2000-01-01T00:09:04.891Z,horizontal,,False
4794,248,P0248,554,4,A07,6127,2617,CONTROL,RUN-CONTROL-4,2425,BASE,,Right,BASE,4337.0,2000-01-01T00:09:04.901Z,2000-01-01T00:09:09.482Z,horizontal,,False
4795,248,P0248,554,4,B04,25478,2465,BASE,,2273,AESTHETIC,RUN-AESTHETIC-4,Right,AESTHETIC,2929.0,2000-01-01T00:09:09.494Z,2000-01-01T00:09:12.693Z,horizontal,,False
4796,248,P0248,554,4,B09,6127,2679,CONTROL,RUN-CONTROL-4,2487,BASE,,Right,BASE,2028.0,2000-01-01T00:09:12.704Z,2000-01-01T00:09:14.991Z,horizontal,,False
4797,248,P0248,554,4,A11,85,2624,CONTROL,RUN-CONTROL-4,2240,AESTHETIC,RUN-AESTHETIC-4,Left,CONTROL,6638.0,2000-01-01T00:09:15.003Z,2000-01-01T00:09:21.893Z,horizontal,,False
4798,248,P0248,554,4,B15,85,2494,BASE,,2686,CONTROL,RUN-CONTROL-4,Left,BASE,2170.0,2000-01-01T00:09:21.903Z,2000-01-01T00:09:24.331Z,horizontal,,False
4799,248,P0248,554,4,B26,6127,2711,CONTROL,RUN-CONTROL-4,2327,AESTHETIC,RUN-AESTHETIC-4,Left,CONTROL,4593.0,2000-01-01T00:09:24.342Z,2000-01-01T00:09:29.192Z,horizontal,,False
4800,248,P0248,554,4,B23,6127,2707,CONTROL,RUN-CONTROL-4,2323,AESTHETIC,RUN-AESTHETIC-4,Right,AESTHETIC,5789.0,2000-01-01T00:09:29.204Z,2000-01-01T00:09:35.252Z,horizontal,,False
4801,248,P0248,554,4,B27,6127,2713,CONTROL,RUN-CONTROL-4,2521,BASE,,Left,CONTROL,2414.0,2000-01-01T00:09:35.262Z,2000-01-01T00:09:37.931Z,horizontal,,False
4802,248,P0248,554,4,B12,25478,2481,BASE,,2673,CONTROL,RUN-CONTROL-4,Left,BASE,1847.0,2000-01-01T00:09:37.941Z,2000-01-01T00:09:40.051Z,horizontal,,False
4803,248,P0248,554,4,A02,7,2422,BASE,,2614,CONTROL,RUN-CONTROL-4,Tie,TIE,2408.0,2000-01-01T00:09:40.290Z,2000-01-01T00:09:43.007Z,horizontal,,False
4804,248,P0248,554,4,C14,7,2582,BASE,,2390,AESTHETIC,RUN-AESTHETIC-4,Tie,TIE,1291.0,2000-01-01T00:09:43.016Z,2000-01-01T00:09:44.552Z,horizontal,,False
4805,248,P0248,554,4,C16,85,2770,CONTROL,RUN-CONTROL-4,2386,AESTHETIC,RUN-AESTHETIC-4,Left,CONTROL,3143.0,2000-01-01T00:09:44.562Z,2000-01-01T00:09:47.972Z,horizontal,,False
4806,248,P0248,554,4,C11,85,2752,CONTROL,RUN-CONTROL-4,2560,BASE,,Left,CONTROL,5306.0,2000-01-01T00:09:47.982Z,2000-01-01T00:09:53.537Z,horizontal,,False
4807,248,P0248,554,4,A22,25478,2445,BASE,,2253,AESTHETIC,RUN-AESTHETIC-4,Tie,TIE,1405.0,2000-01-01T00:09:53.546Z,2000-01-01T00:09:55.207Z,horizontal,,False
4808,248,P0248,554,4,B27,7,2522,BASE,,2714,CONTROL,RUN-CONTROL-4,Left,BASE,10008.0,2000-01-01T00:09:55.216Z,2000-01-01T00:10:05.472Z,horizontal,,False
4809,248,P0248,554,4,C20,6127,2793,CONTROL,RUN-CONTROL-4,2601,BASE,,Tie,TIE,2945.0,2000-01-01T00:10:05.492Z,2000-01-01T00:10:08.691Z,horizontal,,False
4810,248,P0248,554,4,B01,25478,2269,AESTHETIC,RUN-AESTHETIC-4,2461,BASE,,Left,AESTHETIC,3760.0,2000-01-01T00:10:08.704Z,2000-01-01T00:10:12.711Z,horizontal,,False
4811,12,P0012,557,4,B04,85,2274,AESTHETIC,RUN-AESTHETIC-4,2466,BASE,,Left,AESTHETIC,5798.0,2000-01-01T00:00:22.251Z,2000-01-01T00:00:28.259Z,vertical,,False
4812,12,P0012,557,4,A09,7,2630,CONTROL,RUN-CONTROL-4,2246,AESTHETIC,RUN-AESTHETIC-4,Left,CONTROL,9062.0,2000-01-01T00:00:28.269Z,2000-01-01T00:00:37.561Z,vertical,,False
4813,12,P0012,557,4,B02,85,2464,BASE,,2656,CONTROL,RUN-CONTROL-4,Left,BASE,4013.0,2000-01-01T00:00:37.571Z,2000-01-01T00:00:41.786Z,vertical,,False
4814,12,P0012,557,4,A25,7,2264,AESTHETIC,RUN-AESTHETIC-4,2456,BASE,,Right,BASE,18484.0,2000-01-01T00:00:41.796Z,2000-01-01T00:01:00.490Z,vertical,,False
4815,12,P0012,557,4,C01,6127,2725,CONTROL,RUN-CONTROL-4,2533,BASE,,Right,BASE,2373.0,2000-01-01T00:01:00.501Z,2000-01-01T00:01:03.131Z,vertical,,False
4816,12,P0012,557,4,C08,7,2746,CONTROL,RUN-CONTROL-4,2554,BASE,,Left,CONTROL,4571.0,2000-01-01T00:01:03.141Z,2000-01-01T00:01:08.007Z,vertical,,False
4817,12,P0012,557,4,C17,6127,2787,CONTROL,RUN-CONTROL-4,2595,BASE,,Left,CONTROL,2182.0,2000-01-01T00:01:08.016Z,2000-01-01T00:01:10.418Z,vertical,,False
4818,12,P0012,557,4,B09,25478,2671,CONTROL,RUN-CONTROL-4,2287,AESTHETIC,RUN-AESTHETIC-4,Left,CONTROL,1448.0,2000-01-01T00:01:10.429Z,2000-01-01T00:01:12.193Z,vertical,,False
4819,12,P0012,557,4,C18,85,2782,CONTROL,RUN-CONTROL-4,2398,AESTHETIC,RUN-AESTHETIC-4,Left,CONTROL,2027.0,2000-01-01T00:01:12.205Z,2000-01-01T00:01:14.570Z,vertical,,False
4820,12,P0012,557,4,A02,25478,2413,BASE,,2221,AESTHETIC,RUN-AESTHETIC-4,Left,BASE,2749.0,2000-01-01T00:01:14.581Z,2000-01-01T00:01:17.547Z,vertical,,False
4821,12,P0012,557,4,C20,25478,2593,BASE,,2785,CONTROL,RUN-CONTROL-4,Left,BASE,2316.0,2000-01-01T00:01:17.557Z,2000-01-01T00:01:20.108Z,vertical,,False
4822,12,P0012,557,4,A11,7,2632,CONTROL,RUN-CONTROL-4,2440,BASE,,Left,CONTROL,1502.0,2000-01-01T00:01:20.117Z,2000-01-01T00:01:21.866Z,vertical,,False
4823,12,P0012,557,4,B27,25478,2513,BASE,,2705,CONTROL,RUN-CONTROL-4,Right,CONTROL,2880.0,2000-01-01T00:01:21.878Z,2000-01-01T00:01:24.990Z,vertical,,False
4824,12,P0012,557,4,C09,6127,2755,CONTROL,RUN-CONTROL-4,2563,BASE,,Right,BASE,1477.0,2000-01-01T00:01:25.000Z,2000-01-01T00:01:26.764Z,vertical,,False
4825,12,P0012,557,4,C17,85,2396,AESTHETIC,RUN-AESTHETIC-4,2780,CONTROL,RUN-CONTROL-4,Left,AESTHETIC,2650.0,2000-01-01T00:01:26.774Z,2000-01-01T00:01:29.634Z,vertical,,False
4826,12,P0012,557,4,C18,85,2398,AESTHETIC,RUN-AESTHETIC-4,2590,BASE,,Right,BASE,1556.0,2000-01-01T00:01:29.648Z,2000-01-01T00:01:31.420Z,vertical,,False
4827,12,P0012,557,4,A11,25478,2431,BASE,,2239,AESTHETIC,RUN-AESTHETIC-4,Right,AESTHETIC,2601.0,2000-01-01T00:01:31.430Z,2000-01-01T00:01:34.253Z,vertical,,False
4828,12,P0012,557,4,C20,6127,2601,BASE,,2409,AESTHETIC,RUN-AESTHETIC-4,Right,AESTHETIC,2710.0,2000-01-01T00:01:34.266Z,2000-01-01T00:01:37.239Z,vertical,,False
4829,12,P0012,557,4,C16,7,2778,CONTROL,RUN-CONTROL-4,2586,BASE,,Right,BASE,1420.0,2000-01-01T00:01:37.249Z,2000-01-01T00:01:38.930Z,vertical,,False
4830,12,P0012,557,4,A27,85,2652,CONTROL,RUN-CONTROL-4,2460,BASE,,Left,CONTROL,1665.0,2000-01-01T00:01:38.940Z,2000-01-01T00:01:40.830Z,vertical,,False
4831,12,P0012,557,4,A11,7,2632,CONTROL,RUN-CONTROL-4,2248,AESTHETIC,RUN-AESTHETIC-4,Right,AESTHETIC,2009.0,2000-01-01T00:01:40.849Z,2000-01-01T00:01:43.074Z,vertical,,False
4832,12,P0012,557,4,C05,6127,2355,AESTHETIC,RUN-AESTHETIC-4,2547,BASE,,Left,AESTHETIC,1106.0,2000-01-01T00:01:43.085Z,2000-01-01T00:01:44.445Z,vertical,,False
4833,12,P0012,557,4,C18,6127,2789,CONTROL,RUN-CONTROL-4,2405,AESTHETIC,RUN-AESTHETIC-4,Left,CONTROL,1428.0,2000-01-01T00:01:44.758Z,2000-01-01T00:01:46.476Z,vertical,,False
4834,12,P0012,557,4,C15,25478,2767,CONTROL,RUN-CONTROL-4,2383,AESTHETIC,RUN-AESTHETIC-4,Right,AESTHETIC,2020.0,2000-01-01T00:01:46.486Z,2000-01-01T00:01:48.725Z,vertical,,False
4835,12,P0012,557,4,C08,7,2554,BASE,,2362,AESTHETIC,RUN-AESTHETIC-4,Right,AESTHETIC,3002.0,2000-01-01T00:01:48.736Z,2000-01-01T00:01:51.946Z,vertical,,False
4836,12,P0012,557,4,C08,85,2738,CONTROL,RUN-CONTROL-4,2354,AESTHETIC,RUN-AESTHETIC-4,Right,AESTHETIC,3145.0,2000-01-01T00:01:51.956Z,2000-01-01T00:01:55.316Z,vertical,,False
4837,12,P0012,557,4,C07,25478,2735,CONTROL,RUN-CONTROL-4,2351,AESTHETIC,RUN-AESTHETIC-4,Right,AESTHETIC,1206.0,2000-01-01T00:01:55.329Z,2000-01-01T00:01:56.982Z,vertical,,False
4838,12,P0012,557,4,B19,7,2504,BASE,,2312,AESTHETIC,RUN-AESTHETIC-4,Right,AESTHETIC,2332.0,2000-01-01T00:01:56.992Z,2000-01-01T00:01:59.820Z,vertical,,False
4839,12,P0012,557,4,C19,7,2408,AESTHETIC,RUN-AESTHETIC-4,2792,CONTROL,RUN-CONTROL-4,Right,CONTROL,2190.0,2000-01-01T00:01:59.830Z,2000-01-01T00:02:02.248Z,vertical,,False
4840,12,P0012,557,4,B26,7,2520,BASE,,2328,AESTHETIC,RUN-AESTHETIC-4,Left,BASE,1022.0,2000-01-01T00:02:02.257Z,2000-01-01T00:02:03.531Z,vertical,,False
4841,277,P0277,560,4,C07,25478,2543,BASE,,2735,CONTROL,RUN-CONTROL-4,Right,CONTROL,18823.0,2000-01-01T00:03:07.806Z,2000-01-01T00:03:27.389Z,vertical,,False
4842,277,P0277,560,4,A27,6127,2467,BASE,,2659,CONTROL,RUN-CONTROL-4,Right,CONTROL,5636.0,2000-01-01T00:03:27.400Z,2000-01-01T00:03:33.345Z,vertical,,False
4843,277,P0277,560,4,A09,25478,2621,CONTROL,RUN-CONTROL-4,2429,BASE,,Left,CONTROL,2532.0,2000-01-01T00:03:33.354Z,2000-01-01T00:03:36.199Z,vertical,,False
4844,277,P0277,560,4,C14,6127,2773,CONTROL,RUN-CONTROL-4,2389,AESTHETIC,RUN-AESTHETIC-4,Left,CONTROL,7272.0,2000-01-01T00:03:36.209Z,2000-01-01T00:03:43.763Z,vertical,,False
4845,277,P0277,560,4,C15,6127,2583,BASE,,2391,AESTHETIC,RUN-AESTHETIC-4,Left,BASE,2522.0,2000-01-01T00:03:43.773Z,2000-01-01T00:03:46.572Z,vertical,,False
4846,277,P0277,560,4,A07,25478,2225,AESTHETIC,RUN-AESTHETIC-4,2417,BASE,,Right,BASE,3162.0,2000-01-01T00:03:46.582Z,2000-01-01T00:03:50.032Z,vertical,,False
4847,277,P0277,560,4,B27,25478,2513,BASE,,2321,AESTHETIC,RUN-AESTHETIC-4,Left,BASE,2677.0,2000-01-01T00:03:50.041Z,2000-01-01T00:03:52.994Z,vertical,,False
4848,277,P0277,560,4,A13,85,2242,AESTHETIC,RUN-AESTHETIC-4,2626,CONTROL,RUN-CONTROL-4,Right,CONTROL,3152.0,2000-01-01T00:03:53.005Z,2000-01-01T00:03:56.424Z,vertical,,False
4849,277,P0277,560,4,C18,25478,2397,AESTHETIC,RUN-AESTHETIC-4,2781,CONTROL,RUN-CONTROL-4,Left,AESTHETIC,15415.0,2000-01-01T00:03:56.434Z,2000-01-01T00:04:12.123Z,vertical,,False
4850,277,P0277,560,4,C04,85,2722,CONTROL,RUN-CONTROL-4,2530,BASE,,Left,CONTROL,4120.0,2000-01-01T00:04:12.150Z,2000-01-01T00:04:16.561Z,vertical,,False
4851,277,P0277,560,4,A04,6127,2231,AESTHETIC,RUN-AESTHETIC-4,2423,BASE,,Tie,TIE,5041.0,2000-01-01T00:04:16.571Z,2000-01-01T00:04:21.907Z,vertical,,False
4852,277,P0277,560,4,C02,25478,2527,BASE,,2719,CONTROL,RUN-CONTROL-4,Right,CONTROL,8309.0,2000-01-01T00:04:21.917Z,2000-01-01T00:04:30.509Z,vertical,,False
4853,277,P0277,560,4,C05,25478,2347,AESTHETIC,RUN-AESTHETIC-4,2731,CONTROL,RUN-CONTROL-4,Right,CONTROL,4646.0,2000-01-01T00:04:30.519Z,2000-01-01T00:04:35.477Z,vertical,,False
4854,277,P0277,560,4,C01,6127,2341,AESTHETIC,RUN-AESTHETIC-4,2533,BASE,,Right,BASE,2957.0,2000-01-01T00:04:35.489Z,2000-01-01T00:04:38.745Z,vertical,,False
4855,277,P0277,560,4,B06,85,2668,CONTROL,RUN-CONTROL-4,2476,BASE,,Right,BASE,3148.0,2000-01-01T00:04:38.756Z,2000-01-01T00:04:42.211Z,vertical,,False
4856,277,P0277,560,4,C12,85,2370,AESTHETIC,RUN-AESTHETIC-4,2562,BASE,,Left,AESTHETIC,5416.0,2000-01-01T00:04:42.223Z,2000-01-01T00:04:47.920Z,vertical,,False
4857,277,P0277,560,4,C18,7,2598,BASE,,2406,AESTHETIC,RUN-AESTHETIC-4,Left,BASE,2939.0,2000-01-01T00:04:47.931Z,2000-01-01T00:04:51.144Z,vertical,,False
4858,277,P0277,560,4,B02,25478,2463,BASE,,2271,AESTHETIC,RUN-AESTHETIC-4,Left,BASE,3523.0,2000-01-01T00:04:51.156Z,2000-01-01T00:04:54.991Z,vertical,,False
4859,277,P0277,560,4,C07,85,2352,AESTHETIC,RUN-AESTHETIC-4,2544,BASE,,Left,AESTHETIC,4026.0,2000-01-01T00:04:55.004Z,2000-01-01T00:04:59.305Z,vertical,,False
4860,277,P0277,560,4,A25,85,2640,CONTROL,RUN-CONTROL-4,2448,BASE,,Left,CONTROL,4959.0,2000-01-01T00:04:59.314Z,2000-01-01T00:05:04.553Z,vertical,,False
4861,277,P0277,560,4,A25,6127,2455,BASE,,2647,CONTROL,RUN-CONTROL-4,Right,CONTROL,9807.0,2000-01-01T00:05:04.563Z,2000-01-01T00:05:14.642Z,vertical,,False
4862,277,P0277,560,4,C18,6127,2597,BASE,,2405,AESTHETIC,RUN-AESTHETIC-4,Tie,TIE,7184.0,2000-01-01T00:05:14.652Z,2000-01-01T00:05:22.113Z,vertical,,False
4863,277,P0277,560,4,C17,85,2588,BASE,,2396,AESTHETIC,RUN-AESTHETIC-4,Right,AESTHETIC,2376.0,2000-01-01T00:05:22.122Z,2000-01-01T00:05:24.803Z,vertical,,False
4864,277,P0277,560,4,C10,7,2758,CONTROL,RUN-CONTROL-4,2374,AESTHETIC,RUN-AESTHETIC-4,Right,AESTHETIC,8785.0,2000-01-01T00:05:24.814Z,2000-01-01T00:05:33.881Z,vertical,,False
4865,277,P0277,560,4,A13,7,2442,BASE,,2634,CONTROL,RUN-CONTROL-4,Right,CONTROL,7207.0,2000-01-01T00:05:33.892Z,2000-01-01T00:05:41.376Z,vertical,,False
4866,277,P0277,560,4,C16,85,2386,AESTHETIC,RUN-AESTHETIC-4,2578,BASE,,Right,BASE,3578.0,2000-01-01T00:05:41.388Z,2000-01-01T00:05:45.232Z,vertical,,False
4867,277,P0277,560,4,A09,6127,2245,AESTHETIC,RUN-AESTHETIC-4,2437,BASE,,Left,AESTHETIC,3153.0,2000-01-01T00:05:45.242Z,2000-01-01T00:05:48.687Z,vertical,,False
4868,277,P0277,560,4,A08,85,2428,BASE,,2620,CONTROL,RUN-CONTROL-4,Left,BASE,2277.0,2000-01-01T00:05:48.697Z,2000-01-01T00:05:51.275Z,vertical,,False
4869,277,P0277,560,4,C12,85,2754,CONTROL,RUN-CONTROL-4,2370,AESTHETIC,RUN-AESTHETIC-4,Right,AESTHETIC,16454.0,2000-01-01T00:05:51.286Z,2000-01-01T00:06:08.010Z,vertical,,False
4870,277,P0277,560,4,A11,85,2432,BASE,,2624,CONTROL,RUN-CONTROL-4,Left,BASE,2966.0,2000-01-01T00:06:08.019Z,2000-01-01T00:06:11.241Z,vertical,,False
4871,198,P0198,561,4,A02,25478,2413,BASE,,2605,CONTROL,RUN-CONTROL-4,Right,CONTROL,6660.0,2000-01-01T00:01:57.436Z,2000-01-01T00:02:04.988Z,vertical,,False
4872,198,P0198,561,4,B20,6127,2697,CONTROL,RUN-CONTROL-4,2505,BASE,,Right,BASE,7395.0,2000-01-01T00:02:04.998Z,2000-01-01T00:02:12.976Z,vertical,,False
4873,198,P0198,561,4,B23,6127,2515,BASE,,2707,CONTROL,RUN-CONTROL-4,Tie,TIE,2053.0,2000-01-01T00:02:12.988Z,2000-01-01T00:02:15.337Z,vertical,,False
4874,198,P0198,561,4,A13,6127,2441,BASE,,2249,AESTHETIC,RUN-AESTHETIC-4,Right,AESTHETIC,1553.0,2000-01-01T00:02:15.348Z,2000-01-01T00:02:17.243Z,vertical,,False
4875,198,P0198,561,4,B26,85,2512,BASE,,2320,AESTHETIC,RUN-AESTHETIC-4,Right,AESTHETIC,3930.0,2000-01-01T00:02:17.254Z,2000-01-01T00:02:21.442Z,vertical,,False
4876,198,P0198,561,4,A22,85,2446,BASE,,2254,AESTHETIC,RUN-AESTHETIC-4,Tie,TIE,1430.0,2000-01-01T00:02:21.451Z,2000-01-01T00:02:23.146Z,vertical,,False
4877,198,P0198,561,4,B12,7,2298,AESTHETIC,RUN-AESTHETIC-4,2490,BASE,,Tie,TIE,1019.0,2000-01-01T00:02:23.157Z,2000-01-01T00:02:24.435Z,vertical,,False
4878,198,P0198,561,4,B01,85,2270,AESTHETIC,RUN-AESTHETIC-4,2654,CONTROL,RUN-CONTROL-4,Right,CONTROL,1734.0,2000-01-01T00:02:24.446Z,2000-01-01T00:02:26.434Z,vertical,,False
4879,198,P0198,561,4,B01,85,2270,AESTHETIC,RUN-AESTHETIC-4,2462,BASE,,Right,BASE,1888.0,2000-01-01T00:02:26.445Z,2000-01-01T00:02:28.575Z,vertical,,False
4880,198,P0198,561,4,C02,85,2720,CONTROL,RUN-CONTROL-4,2528,BASE,,Right,BASE,2867.0,2000-01-01T00:02:28.584Z,2000-01-01T00:02:31.713Z,vertical,,False
4881,198,P0198,561,4,C16,6127,2777,CONTROL,RUN-CONTROL-4,2393,AESTHETIC,RUN-AESTHETIC-4,Left,CONTROL,1391.0,2000-01-01T00:02:31.724Z,2000-01-01T00:02:33.393Z,vertical,,False
4882,198,P0198,561,4,B02,6127,2471,BASE,,2279,AESTHETIC,RUN-AESTHETIC-4,Left,BASE,3022.0,2000-01-01T00:02:33.406Z,2000-01-01T00:02:36.754Z,vertical,,False
4883,198,P0198,561,4,C18,25478,2397,AESTHETIC,RUN-AESTHETIC-4,2589,BASE,,Left,AESTHETIC,1704.0,2000-01-01T00:02:36.766Z,2000-01-01T00:02:38.722Z,vertical,,False
4884,198,P0198,561,4,B20,25478,2497,BASE,,2305,AESTHETIC,RUN-AESTHETIC-4,Right,AESTHETIC,1756.0,2000-01-01T00:02:38.732Z,2000-01-01T00:02:40.751Z,vertical,,False
4885,198,P0198,561,4,C04,7,2346,AESTHETIC,RUN-AESTHETIC-4,2538,BASE,,Right,BASE,2056.0,2000-01-01T00:02:40.762Z,2000-01-01T00:02:43.066Z,vertical,,False
4886,198,P0198,561,4,A22,7,2646,CONTROL,RUN-CONTROL-4,2262,AESTHETIC,RUN-AESTHETIC-4,Right,AESTHETIC,1546.0,2000-01-01T00:02:43.079Z,2000-01-01T00:02:44.919Z,vertical,,False
4887,198,P0198,561,4,C09,25478,2363,AESTHETIC,RUN-AESTHETIC-4,2747,CONTROL,RUN-CONTROL-4,Left,AESTHETIC,1528.0,2000-01-01T00:02:44.931Z,2000-01-01T00:02:46.876Z,vertical,,False
4888,198,P0198,561,4,B12,6127,2297,AESTHETIC,RUN-AESTHETIC-4,2489,BASE,,Right,BASE,1385.0,2000-01-01T00:02:46.888Z,2000-01-01T00:02:48.521Z,vertical,,False
4889,198,P0198,561,4,C12,7,2762,CONTROL,RUN-CONTROL-4,2570,BASE,,Left,CONTROL,1664.0,2000-01-01T00:02:48.532Z,2000-01-01T00:02:50.441Z,vertical,,False
4890,198,P0198,561,4,C09,7,2564,BASE,,2372,AESTHETIC,RUN-AESTHETIC-4,Right,AESTHETIC,1449.0,2000-01-01T00:02:50.451Z,2000-01-01T00:02:52.163Z,vertical,,False
4891,198,P0198,561,4,A02,7,2230,AESTHETIC,RUN-AESTHETIC-4,2614,CONTROL,RUN-CONTROL-4,Left,AESTHETIC,2843.0,2000-01-01T00:02:52.174Z,2000-01-01T00:02:55.284Z,vertical,,False
4892,198,P0198,561,4,B15,25478,2493,BASE,,2301,AESTHETIC,RUN-AESTHETIC-4,Left,BASE,1676.0,2000-01-01T00:02:55.295Z,2000-01-01T00:02:57.257Z,vertical,,False
4893,198,P0198,561,4,C20,25478,2785,CONTROL,RUN-CONTROL-4,2401,AESTHETIC,RUN-AESTHETIC-4,Left,CONTROL,1880.0,2000-01-01T00:02:57.268Z,2000-01-01T00:02:59.425Z,vertical,,False
4894,198,P0198,561,4,B27,85,2322,AESTHETIC,RUN-AESTHETIC-4,2706,CONTROL,RUN-CONTROL-4,Left,AESTHETIC,1529.0,2000-01-01T00:02:59.436Z,2000-01-01T00:03:01.234Z,vertical,,False
4895,198,P0198,561,4,B20,85,2690,CONTROL,RUN-CONTROL-4,2306,AESTHETIC,RUN-AESTHETIC-4,Right,AESTHETIC,1592.0,2000-01-01T00:03:01.244Z,2000-01-01T00:03:03.114Z,vertical,,False
4896,198,P0198,561,4,A04,7,2616,CONTROL,RUN-CONTROL-4,2424,BASE,,Right,BASE,1649.0,2000-01-01T00:03:03.122Z,2000-01-01T00:03:05.018Z,vertical,,False
4897,198,P0198,561,4,B12,7,2682,CONTROL,RUN-CONTROL-4,2298,AESTHETIC,RUN-AESTHETIC-4,Right,AESTHETIC,1167.0,2000-01-01T00:03:05.027Z,2000-01-01T00:03:06.443Z,vertical,,False
4898,198,P0198,561,4,A08,7,2436,BASE,,2244,AESTHETIC,RUN-AESTHETIC-4,Right,AESTHETIC,1728.0,2000-01-01T00:03:06.656Z,2000-01-01T00:03:08.636Z,vertical,,False
4899,198,P0198,561,4,C11,85,2560,BASE,,2368,AESTHETIC,RUN-AESTHETIC-4,Right,AESTHETIC,1190.0,2000-01-01T00:03:08.646Z,2000-01-01T00:03:10.113Z,vertical,,False
4900,198,P0198,561,4,A01,7,2228,AESTHETIC,RUN-AESTHETIC-4,2420,BASE,,Left,AESTHETIC,2787.0,2000-01-01T00:03:10.122Z,2000-01-01T00:03:13.198Z,vertical,,False
4901,173,P0173,562,4,B15,6127,2501,BASE,,2309,AESTHETIC,RUN-AESTHETIC-4,Right,AESTHETIC,5073.0,2000-01-01T00:00:37.355Z,2000-01-01T00:00:42.899Z,vertical,,False
4902,173,P0173,562,4,B02,85,2272,AESTHETIC,RUN-AESTHETIC-4,2656,CONTROL,RUN-CONTROL-4,Right,CONTROL,6309.0,2000-01-01T00:00:42.910Z,2000-01-01T00:00:49.458Z,vertical,,False
4903,173,P0173,562,4,A04,25478,2223,AESTHETIC,RUN-AESTHETIC-4,2607,CONTROL,RUN-CONTROL-4,Right,CONTROL,6182.0,2000-01-01T00:00:49.468Z,2000-01-01T00:00:55.905Z,vertical,,False
4904,173,P0173,562,4,A08,25478,2619,CONTROL,RUN-CONTROL-4,2235,AESTHETIC,RUN-AESTHETIC-4,Right,AESTHETIC,4862.0,2000-01-01T00:00:55.914Z,2000-01-01T00:01:01.045Z,vertical,,False
4905,173,P0173,562,4,B15,85,2494,BASE,,2302,AESTHETIC,RUN-AESTHETIC-4,Left,BASE,2076.0,2000-01-01T00:01:01.055Z,2000-01-01T00:01:03.556Z,vertical,,False
4906,173,P0173,562,4,B06,6127,2675,CONTROL,RUN-CONTROL-4,2291,AESTHETIC,RUN-AESTHETIC-4,Right,AESTHETIC,1943.0,2000-01-01T00:01:03.567Z,2000-01-01T00:01:05.758Z,vertical,,False
4907,173,P0173,562,4,B01,7,2278,AESTHETIC,RUN-AESTHETIC-4,2470,BASE,,Right,BASE,1538.0,2000-01-01T00:01:05.769Z,2000-01-01T00:01:07.658Z,vertical,,False
4908,173,P0173,562,4,B23,6127,2323,AESTHETIC,RUN-AESTHETIC-4,2515,BASE,,Right,BASE,5046.0,2000-01-01T00:01:07.666Z,2000-01-01T00:01:12.946Z,vertical,,False
4909,173,P0173,562,4,A07,25478,2609,CONTROL,RUN-CONTROL-4,2225,AESTHETIC,RUN-AESTHETIC-4,Right,AESTHETIC,2762.0,2000-01-01T00:01:12.957Z,2000-01-01T00:01:15.951Z,vertical,,False
4910,173,P0173,562,4,C07,6127,2551,BASE,,2743,CONTROL,RUN-CONTROL-4,Right,CONTROL,1941.0,2000-01-01T00:01:15.961Z,2000-01-01T00:01:18.158Z,vertical,,False
4911,173,P0173,562,4,A09,6127,2437,BASE,,2629,CONTROL,RUN-CONTROL-4,Left,BASE,1732.0,2000-01-01T00:01:18.169Z,2000-01-01T00:01:20.169Z,vertical,,False
4912,173,P0173,562,4,B23,25478,2699,CONTROL,RUN-CONTROL-4,2315,AESTHETIC,RUN-AESTHETIC-4,Right,AESTHETIC,1670.0,2000-01-01T00:01:20.181Z,2000-01-01T00:01:22.074Z,vertical,,False
4913,173,P0173,562,4,C02,6127,2535,BASE,,2727,CONTROL,RUN-CONTROL-4,Left,BASE,1646.0,2000-01-01T00:01:22.083Z,2000-01-01T00:01:24.005Z,vertical,,False
4914,173,P0173,562,4,C18,25478,2781,CONTROL,RUN-CONTROL-4,2589,BASE,,Right,BASE,4238.0,2000-01-01T00:01:24.015Z,2000-01-01T00:01:28.477Z,vertical,,False
4915,173,P0173,562,4,C11,7,2376,AESTHETIC,RUN-AESTHETIC-4,2760,CONTROL,RUN-CONTROL-4,Left,AESTHETIC,1213.0,2000-01-01T00:01:28.487Z,2000-01-01T00:01:30.057Z,vertical,,False
4916,173,P0173,562,4,A01,6127,2611,CONTROL,RUN-CONTROL-4,2227,AESTHETIC,RUN-AESTHETIC-4,Left,CONTROL,5615.0,2000-01-01T00:01:30.068Z,2000-01-01T00:01:35.920Z,vertical,,False
4917,173,P0173,562,4,B04,25478,2465,BASE,,2657,CONTROL,RUN-CONTROL-4,Right,CONTROL,2350.0,2000-01-01T00:01:35.930Z,2000-01-01T00:01:38.575Z,vertical,,False
4918,173,P0173,562,4,B14,7,2500,BASE,,2308,AESTHETIC,RUN-AESTHETIC-4,Right,AESTHETIC,1452.0,2000-01-01T00:01:38.586Z,2000-01-01T00:01:40.263Z,vertical,,False
4919,173,P0173,562,4,C20,6127,2409,AESTHETIC,RUN-AESTHETIC-4,2793,CONTROL,RUN-CONTROL-4,Right,CONTROL,4458.0,2000-01-01T00:01:40.275Z,2000-01-01T00:01:44.960Z,vertical,,False
4920,173,P0173,562,4,C17,7,2596,BASE,,2788,CONTROL,RUN-CONTROL-4,Right,CONTROL,2829.0,2000-01-01T00:01:44.972Z,2000-01-01T00:01:48.047Z,vertical,,False
4921,173,P0173,562,4,C14,85,2766,CONTROL,RUN-CONTROL-4,2574,BASE,,Right,BASE,1646.0,2000-01-01T00:01:48.056Z,2000-01-01T00:01:49.967Z,vertical,,False
4922,173,P0173,562,4,A11,25478,2239,AESTHETIC,RUN-AESTHETIC-4,2623,CONTROL,RUN-CONTROL-4,Left,AESTHETIC,1791.0,2000-01-01T00:01:49.977Z,2000-01-01T00:01:52.057Z,vertical,,False
4923,173,P0173,562,4,B29,7,2532,BASE,,2340,AESTHETIC,RUN-AESTHETIC-4,Right,AESTHETIC,3428.0,2000-01-01T00:01:52.067Z,2000-01-01T00:01:55.728Z,vertical,,False
4924,173,P0173,562,4,C04,7,2538,BASE,,2730,CONTROL,RUN-CONTROL-4,Right,CONTROL,1615.0,2000-01-01T00:01:55.739Z,2000-01-01T00:01:57.582Z,vertical,,False
4925,173,P0173,562,4,B01,6127,2277,AESTHETIC,RUN-AESTHETIC-4,2661,CONTROL,RUN-CONTROL-4,Left,AESTHETIC,17979.0,2000-01-01T00:01:57.594Z,2000-01-01T00:02:15.796Z,vertical,,False
4926,173,P0173,562,4,C05,85,2348,AESTHETIC,RUN-AESTHETIC-4,2732,CONTROL,RUN-CONTROL-4,Right,CONTROL,3791.0,2000-01-01T00:02:15.805Z,2000-01-01T00:02:19.870Z,vertical,,False
4927,173,P0173,562,4,C09,7,2756,CONTROL,RUN-CONTROL-4,2564,BASE,,Right,BASE,1254.0,2000-01-01T00:02:19.884Z,2000-01-01T00:02:21.419Z,vertical,,False
4928,173,P0173,562,4,C06,25478,2733,CONTROL,RUN-CONTROL-4,2541,BASE,,Left,CONTROL,1160.0,2000-01-01T00:02:21.429Z,2000-01-01T00:02:22.847Z,vertical,,False
4929,173,P0173,562,4,C12,25478,2753,CONTROL,RUN-CONTROL-4,2561,BASE,,Left,CONTROL,1412.0,2000-01-01T00:02:22.859Z,2000-01-01T00:02:24.564Z,vertical,,False
4930,173,P0173,562,4,C05,6127,2739,CONTROL,RUN-CONTROL-4,2547,BASE,,Left,CONTROL,1858.0,2000-01-01T00:02:24.597Z,2000-01-01T00:02:26.695Z,vertical,,False
4931,159,P0159,564,4,C05,7,2740,CONTROL,RUN-CONTROL-4,2356,AESTHETIC,RUN-AESTHETIC-4,Left,CONTROL,2237.0,2000-01-01T00:00:02.262Z,2000-01-01T00:00:04.704Z,horizontal,,False
4932,159,P0159,564,4,C13,6127,2771,CONTROL,RUN-CONTROL-4,2387,AESTHETIC,RUN-AESTHETIC-4,Tie,TIE,2033.0,2000-01-01T00:00:04.714Z,2000-01-01T00:00:06.958Z,horizontal,,False
4933,159,P0159,564,4,C14,85,2382,AESTHETIC,RUN-AESTHETIC-4,2766,CONTROL,RUN-CONTROL-4,Right,CONTROL,2557.0,2000-01-01T00:00:06.969Z,2000-01-01T00:00:09.732Z,horizontal,,False
4934,159,P0159,564,4,A08,7,2244,AESTHETIC,RUN-AESTHETIC-4,2628,CONTROL,RUN-CONTROL-4,Left,AESTHETIC,2748.0,2000-01-01T00:00:09.749Z,2000-01-01T00:00:12.710Z,horizontal,,False
4935,159,P0159,564,4,B01,85,2462,BASE,,2270,AESTHETIC,RUN-AESTHETIC-4,Tie,TIE,5941.0,2000-01-01T00:00:12.720Z,2000-01-01T00:00:18.870Z,horizontal,,False
4936,159,P0159,564,4,B15,6127,2693,CONTROL,RUN-CONTROL-4,2309,AESTHETIC,RUN-AESTHETIC-4,Left,CONTROL,5946.0,2000-01-01T00:00:18.881Z,2000-01-01T00:00:25.030Z,horizontal,,False
4937,159,P0159,564,4,C08,85,2546,BASE,,2738,CONTROL,RUN-CONTROL-4,Left,BASE,5161.0,2000-01-01T00:00:25.060Z,2000-01-01T00:00:30.439Z,horizontal,,False
4938,159,P0159,564,4,C16,25478,2577,BASE,,2769,CONTROL,RUN-CONTROL-4,Left,BASE,2165.0,2000-01-01T00:00:30.450Z,2000-01-01T00:00:32.817Z,horizontal,,False
4939,159,P0159,564,4,C08,7,2362,AESTHETIC,RUN-AESTHETIC-4,2554,BASE,,Left,AESTHETIC,3461.0,2000-01-01T00:00:32.829Z,2000-01-01T00:00:36.494Z,horizontal,,False
4940,159,P0159,564,4,B15,7,2310,AESTHETIC,RUN-AESTHETIC-4,2502,BASE,,Left,AESTHETIC,2753.0,2000-01-01T00:00:36.504Z,2000-01-01T00:00:39.462Z,horizontal,,False
4941,159,P0159,564,4,C11,25478,2559,BASE,,2751,CONTROL,RUN-CONTROL-4,Tie,TIE,2778.0,2000-01-01T00:00:39.473Z,2000-01-01T00:00:42.471Z,horizontal,,False
4942,159,P0159,564,4,A08,7,2436,BASE,,2244,AESTHETIC,RUN-AESTHETIC-4,Right,AESTHETIC,2915.0,2000-01-01T00:00:42.482Z,2000-01-01T00:00:45.615Z,horizontal,,False
4943,159,P0159,564,4,B20,7,2506,BASE,,2698,CONTROL,RUN-CONTROL-4,Left,BASE,3248.0,2000-01-01T00:00:45.624Z,2000-01-01T00:00:49.088Z,horizontal,,False
4944,159,P0159,564,4,C11,85,2560,BASE,,2752,CONTROL,RUN-CONTROL-4,Left,BASE,1611.0,2000-01-01T00:00:49.098Z,2000-01-01T00:00:50.911Z,horizontal,,False
4945,159,P0159,564,4,C06,25478,2541,BASE,,2349,AESTHETIC,RUN-AESTHETIC-4,Tie,TIE,2002.0,2000-01-01T00:00:50.925Z,2000-01-01T00:00:53.134Z,horizontal,,False
4946,159,P0159,564,4,C14,7,2774,CONTROL,RUN-CONTROL-4,2390,AESTHETIC,RUN-AESTHETIC-4,Tie,TIE,4892.0,2000-01-01T00:00:53.145Z,2000-01-01T00:00:58.238Z,horizontal,,False
4947,159,P0159,564,4,B25,25478,2701,CONTROL,RUN-CONTROL-4,2509,BASE,,Left,CONTROL,2452.0,2000-01-01T00:00:58.248Z,2000-01-01T00:01:00.903Z,horizontal,,False
4948,159,P0159,564,4,A25,85,2256,AESTHETIC,RUN-AESTHETIC-4,2448,BASE,,Left,AESTHETIC,5684.0,2000-01-01T00:01:00.913Z,2000-01-01T00:01:06.798Z,horizontal,,False
4949,159,P0159,564,4,C02,6127,2727,CONTROL,RUN-CONTROL-4,2535,BASE,,Left,CONTROL,3963.0,2000-01-01T00:01:06.808Z,2000-01-01T00:01:10.980Z,horizontal,,False
4950,159,P0159,564,4,A02,25478,2605,CONTROL,RUN-CONTROL-4,2413,BASE,,Left,CONTROL,5676.0,2000-01-01T00:01:10.990Z,2000-01-01T00:01:16.881Z,horizontal,,False
4951,159,P0159,564,4,B26,85,2704,CONTROL,RUN-CONTROL-4,2320,AESTHETIC,RUN-AESTHETIC-4,Tie,TIE,1500.0,2000-01-01T00:01:16.893Z,2000-01-01T00:01:18.600Z,horizontal,,False
4952,159,P0159,564,4,C15,6127,2391,AESTHETIC,RUN-AESTHETIC-4,2775,CONTROL,RUN-CONTROL-4,Tie,TIE,6414.0,2000-01-01T00:01:18.614Z,2000-01-01T00:01:25.254Z,horizontal,,False
4953,159,P0159,564,4,B01,25478,2653,CONTROL,RUN-CONTROL-4,2269,AESTHETIC,RUN-AESTHETIC-4,Tie,TIE,2231.0,2000-01-01T00:01:25.266Z,2000-01-01T00:01:27.713Z,horizontal,,False
4954,159,P0159,564,4,A27,7,2276,AESTHETIC,RUN-AESTHETIC-4,2660,CONTROL,RUN-CONTROL-4,Left,AESTHETIC,2517.0,2000-01-01T00:01:27.724Z,2000-01-01T00:01:30.439Z,horizontal,,False
4955,159,P0159,564,4,B26,7,2520,BASE,,2328,AESTHETIC,RUN-AESTHETIC-4,Tie,TIE,1594.0,2000-01-01T00:01:30.449Z,2000-01-01T00:01:32.257Z,horizontal,,False
4956,159,P0159,564,4,C16,7,2778,CONTROL,RUN-CONTROL-4,2586,BASE,,Right,BASE,2115.0,2000-01-01T00:01:32.270Z,2000-01-01T00:01:34.592Z,horizontal,,False
4957,159,P0159,564,4,C07,85,2352,AESTHETIC,RUN-AESTHETIC-4,2544,BASE,,Right,BASE,2562.0,2000-01-01T00:01:34.605Z,2000-01-01T00:01:37.368Z,horizontal,,False
4958,159,P0159,564,4,A09,6127,2629,CONTROL,RUN-CONTROL-4,2245,AESTHETIC,RUN-AESTHETIC-4,Right,AESTHETIC,3800.0,2000-01-01T00:01:37.377Z,2000-01-01T00:01:41.384Z,horizontal,,False
4959,159,P0159,564,4,A22,6127,2453,BASE,,2261,AESTHETIC,RUN-AESTHETIC-4,Left,BASE,2754.0,2000-01-01T00:01:41.555Z,2000-01-01T00:01:44.528Z,horizontal,,False
4960,159,P0159,564,4,B23,85,2700,CONTROL,RUN-CONTROL-4,2316,AESTHETIC,RUN-AESTHETIC-4,Right,AESTHETIC,2072.0,2000-01-01T00:01:44.540Z,2000-01-01T00:01:46.815Z,horizontal,,False
4961,222,P0222,568,4,B19,7,2696,CONTROL,RUN-CONTROL-4,2504,BASE,,Right,BASE,5098.0,2000-01-01T00:01:26.908Z,2000-01-01T00:01:32.470Z,vertical,,True
4962,222,P0222,568,4,C11,85,2368,AESTHETIC,RUN-AESTHETIC-4,2752,CONTROL,RUN-CONTROL-4,Right,CONTROL,2029.0,2000-01-01T00:01:32.481Z,2000-01-01T00:01:34.737Z,vertical,,True
4963,222,P0222,568,4,C15,7,2776,CONTROL,RUN-CONTROL-4,2584,BASE,,Left,CONTROL,4890.0,2000-01-01T00:01:34.747Z,2000-01-01T00:01:39.850Z,vertical,,True
4964,222,P0222,568,4,C15,85,2576,BASE,,2384,AESTHETIC,RUN-AESTHETIC-4,Left,BASE,2457.0,2000-01-01T00:01:39.862Z,2000-01-01T00:01:42.757Z,vertical,,True
4965,222,P0222,568,4,C15,25478,2575,BASE,,2767,CONTROL,RUN-CONTROL-4,Left,BASE,2160.0,2000-01-01T00:01:42.769Z,2000-01-01T00:01:45.212Z,vertical,,True
4966,222,P0222,568,4,B23,7,2324,AESTHETIC,RUN-AESTHETIC-4,2516,BASE,,Right,BASE,2580.0,2000-01-01T00:01:45.221Z,2000-01-01T00:01:48.038Z,vertical,,True
4967,222,P0222,568,4,C05,6127,2547,BASE,,2355,AESTHETIC,RUN-AESTHETIC-4,Left,BASE,5444.0,2000-01-01T00:01:48.048Z,2000-01-01T00:01:53.753Z,vertical,,True
4968,222,P0222,568,4,C15,7,2392,AESTHETIC,RUN-AESTHETIC-4,2776,CONTROL,RUN-CONTROL-4,Right,CONTROL,2970.0,2000-01-01T00:01:53.763Z,2000-01-01T00:01:56.964Z,vertical,,True
4969,222,P0222,568,4,B01,6127,2469,BASE,,2661,CONTROL,RUN-CONTROL-4,Right,CONTROL,2718.0,2000-01-01T00:01:56.977Z,2000-01-01T00:01:59.916Z,vertical,,True
4970,222,P0222,568,4,A22,25478,2445,BASE,,2253,AESTHETIC,RUN-AESTHETIC-4,Left,BASE,3510.0,2000-01-01T00:01:59.956Z,2000-01-01T00:02:03.698Z,vertical,,True
4971,222,P0222,568,4,A07,7,2426,BASE,,2234,AESTHETIC,RUN-AESTHETIC-4,Left,BASE,2781.0,2000-01-01T00:02:03.710Z,2000-01-01T00:02:06.788Z,vertical,,True
4972,222,P0222,568,4,C17,85,2588,BASE,,2396,AESTHETIC,RUN-AESTHETIC-4,Right,AESTHETIC,1694.0,2000-01-01T00:02:06.799Z,2000-01-01T00:02:08.754Z,vertical,,True
4973,222,P0222,568,4,B09,6127,2679,CONTROL,RUN-CONTROL-4,2295,AESTHETIC,RUN-AESTHETIC-4,Right,AESTHETIC,967.0,2000-01-01T00:02:08.764Z,2000-01-01T00:02:09.943Z,vertical,,True
4974,222,P0222,568,4,A22,25478,2445,BASE,,2637,CONTROL,RUN-CONTROL-4,Left,BASE,13.0,2000-01-01T00:02:09.952Z,2000-01-01T00:02:10.206Z,vertical,VeryFastResponse,True
4975,222,P0222,568,4,A11,25478,2239,AESTHETIC,RUN-AESTHETIC-4,2431,BASE,,Right,BASE,17.0,2000-01-01T00:02:10.217Z,2000-01-01T00:02:10.545Z,vertical,VeryFastResponse,True
4976,222,P0222,568,4,C19,7,2408,AESTHETIC,RUN-AESTHETIC-4,2792,CONTROL,RUN-CONTROL-4,Left,AESTHETIC,67.0,2000-01-01T00:02:10.555Z,2000-01-01T00:02:11.426Z,vertical,VeryFastResponse,True
4977,222,P0222,568,4,C19,85,2592,BASE,,2784,CONTROL,RUN-CONTROL-4,Right,CONTROL,46.0,2000-01-01T00:02:11.438Z,2000-01-01T00:02:13.563Z,vertical,VeryFastResponse,True
4978,222,P0222,568,4,A22,6127,2645,CONTROL,RUN-CONTROL-4,2453,BASE,,Right,BASE,640.0,2000-01-01T00:02:13.572Z,2000-01-01T00:02:14.996Z,vertical,VeryFastResponse,True
4979,222,P0222,568,4,A09,25478,2429,BASE,,2621,CONTROL,RUN-CONTROL-4,Left,BASE,103.0,2000-01-01T00:02:15.006Z,2000-01-01T00:02:15.324Z,vertical,VeryFastResponse,True
4980,222,P0222,568,4,B27,25478,2705,CONTROL,RUN-CONTROL-4,2513,BASE,,Left,CONTROL,13813.0,2000-01-01T00:02:15.335Z,2000-01-01T00:02:29.671Z,vertical,,True
4981,222,P0222,568,4,A25,7,2648,CONTROL,RUN-CONTROL-4,2456,BASE,,Left,CONTROL,799.0,2000-01-01T00:02:29.680Z,2000-01-01T00:02:30.699Z,vertical,VeryFastResponse,True
4982,222,P0222,568,4,A25,6127,2455,BASE,,2647,CONTROL,RUN-CONTROL-4,Tie,TIE,1182.0,2000-01-01T00:02:30.708Z,2000-01-01T00:02:32.114Z,vertical,,True
4983,222,P0222,568,4,C18,6127,2789,CONTROL,RUN-CONTROL-4,2597,BASE,,Right,BASE,1689.0,2000-01-01T00:02:32.126Z,2000-01-01T00:02:34.029Z,vertical,,True
4984,222,P0222,568,4,C05,85,2732,CONTROL,RUN-CONTROL-4,2540,BASE,,Right,BASE,12740.0,2000-01-01T00:02:34.039Z,2000-01-01T00:02:47.007Z,vertical,,True
4985,222,P0222,568,4,C17,6127,2787,CONTROL,RUN-CONTROL-4,2595,BASE,,Left,CONTROL,455.0,2000-01-01T00:02:47.036Z,2000-01-01T00:02:47.756Z,vertical,VeryFastResponse,True
4986,222,P0222,568,4,A09,7,2630,CONTROL,RUN-CONTROL-4,2246,AESTHETIC,RUN-AESTHETIC-4,Right,AESTHETIC,352.0,2000-01-01T00:02:47.768Z,2000-01-01T00:02:48.349Z,vertical,VeryFastResponse,True
4987,222,P0222,568,4,B12,7,2490,BASE,,2682,CONTROL,RUN-CONTROL-4,Left,BASE,358.0,2000-01-01T00:02:48.359Z,2000-01-01T00:02:48.952Z,vertical,VeryFastResponse,True
4988,222,P0222,568,4,C16,25478,2577,BASE,,2385,AESTHETIC,RUN-AESTHETIC-4,Right,AESTHETIC,245.0,2000-01-01T00:02:48.964Z,2000-01-01T00:02:49.429Z,vertical,VeryFastResponse,True
4989,222,P0222,568,4,A22,85,2446,BASE,,2638,CONTROL,RUN-CONTROL-4,Left,BASE,348.0,2000-01-01T00:02:49.440Z,2000-01-01T00:02:50.046Z,vertical,VeryFastResponse,True
4990,222,P0222,568,4,B20,85,2306,AESTHETIC,RUN-AESTHETIC-4,2498,BASE,,Right,BASE,279.0,2000-01-01T00:02:50.058Z,2000-01-01T00:02:50.564Z,vertical,VeryFastResponse,True
4991,68,P0068,569,4,A07,6127,2233,AESTHETIC,RUN-AESTHETIC-4,2617,CONTROL,RUN-CONTROL-4,Left,AESTHETIC,4978.0,2000-01-01T00:06:57.027Z,2000-01-01T00:07:02.938Z,vertical,,False
4992,68,P0068,569,4,A27,25478,2459,BASE,,2267,AESTHETIC,RUN-AESTHETIC-4,Right,AESTHETIC,2883.0,2000-01-01T00:07:02.949Z,2000-01-01T00:07:06.054Z,vertical,,False
4993,68,P0068,569,4,B15,85,2686,CONTROL,RUN-CONTROL-4,2302,AESTHETIC,RUN-AESTHETIC-4,Left,CONTROL,5092.0,2000-01-01T00:07:06.065Z,2000-01-01T00:07:11.383Z,vertical,,False
4994,68,P0068,569,4,A15,25478,2635,CONTROL,RUN-CONTROL-4,2443,BASE,,Right,BASE,3225.0,2000-01-01T00:07:11.424Z,2000-01-01T00:07:14.889Z,vertical,,False
4995,68,P0068,569,4,B26,25478,2703,CONTROL,RUN-CONTROL-4,2511,BASE,,Left,CONTROL,2347.0,2000-01-01T00:07:14.902Z,2000-01-01T00:07:17.496Z,vertical,,False
4996,68,P0068,569,4,C09,7,2756,CONTROL,RUN-CONTROL-4,2372,AESTHETIC,RUN-AESTHETIC-4,Right,AESTHETIC,2043.0,2000-01-01T00:07:17.506Z,2000-01-01T00:07:19.909Z,vertical,,False
4997,68,P0068,569,4,C01,25478,2525,BASE,,2333,AESTHETIC,RUN-AESTHETIC-4,Tie,TIE,19747.0,2000-01-01T00:07:19.920Z,2000-01-01T00:07:39.905Z,vertical,,False
4998,68,P0068,569,4,C20,85,2594,BASE,,2402,AESTHETIC,RUN-AESTHETIC-4,Tie,TIE,4501.0,2000-01-01T00:07:39.916Z,2000-01-01T00:07:44.664Z,vertical,,False
4999,68,P0068,569,4,B06,6127,2291,AESTHETIC,RUN-AESTHETIC-4,2675,CONTROL,RUN-CONTROL-4,Left,AESTHETIC,1889.0,2000-01-01T00:07:44.676Z,2000-01-01T00:07:46.802Z,vertical,,False
5000,68,P0068,569,4,C08,25478,2353,AESTHETIC,RUN-AESTHETIC-4,2737,CONTROL,RUN-CONTROL-4,Left,AESTHETIC,2656.0,2000-01-01T00:07:46.812Z,2000-01-01T00:07:49.770Z,vertical,,False
5001,68,P0068,569,4,C10,7,2758,CONTROL,RUN-CONTROL-4,2374,AESTHETIC,RUN-AESTHETIC-4,Left,CONTROL,6164.0,2000-01-01T00:07:49.781Z,2000-01-01T00:07:56.159Z,vertical,,False
5002,68,P0068,569,4,C05,25478,2347,AESTHETIC,RUN-AESTHETIC-4,2539,BASE,,Left,AESTHETIC,2249.0,2000-01-01T00:07:56.170Z,2000-01-01T00:07:58.677Z,vertical,,False
5003,68,P0068,569,4,C20,6127,2409,AESTHETIC,RUN-AESTHETIC-4,2601,BASE,,Tie,TIE,7366.0,2000-01-01T00:07:58.687Z,2000-01-01T00:08:06.262Z,vertical,,False
5004,68,P0068,569,4,A27,85,2268,AESTHETIC,RUN-AESTHETIC-4,2460,BASE,,Left,AESTHETIC,9335.0,2000-01-01T00:08:06.274Z,2000-01-01T00:08:15.855Z,vertical,,False
5005,68,P0068,569,4,B14,25478,2683,CONTROL,RUN-CONTROL-4,2491,BASE,,Right,BASE,7133.0,2000-01-01T00:08:15.866Z,2000-01-01T00:08:23.229Z,vertical,,False
5006,68,P0068,569,4,C07,85,2736,CONTROL,RUN-CONTROL-4,2544,BASE,,Right,BASE,3045.0,2000-01-01T00:08:23.239Z,2000-01-01T00:08:26.500Z,vertical,,False
5007,68,P0068,569,4,A07,7,2426,BASE,,2618,CONTROL,RUN-CONTROL-4,Left,BASE,7187.0,2000-01-01T00:08:26.511Z,2000-01-01T00:08:34.003Z,vertical,,False
5008,68,P0068,569,4,C20,25478,2401,AESTHETIC,RUN-AESTHETIC-4,2593,BASE,,Tie,TIE,9792.0,2000-01-01T00:08:34.013Z,2000-01-01T00:08:44.019Z,vertical,,False
5009,68,P0068,569,4,B27,6127,2329,AESTHETIC,RUN-AESTHETIC-4,2713,CONTROL,RUN-CONTROL-4,Right,CONTROL,5789.0,2000-01-01T00:08:44.030Z,2000-01-01T00:08:50.070Z,vertical,,False
5010,68,P0068,569,4,B19,25478,2687,CONTROL,RUN-CONTROL-4,2303,AESTHETIC,RUN-AESTHETIC-4,Right,AESTHETIC,3347.0,2000-01-01T00:08:50.083Z,2000-01-01T00:08:53.652Z,vertical,,False
5011,68,P0068,569,4,C11,6127,2759,CONTROL,RUN-CONTROL-4,2567,BASE,,Right,BASE,6934.0,2000-01-01T00:08:53.662Z,2000-01-01T00:09:00.807Z,vertical,,False
5012,68,P0068,569,4,C11,25478,2367,AESTHETIC,RUN-AESTHETIC-4,2559,BASE,,Tie,TIE,3379.0,2000-01-01T00:09:00.817Z,2000-01-01T00:09:04.411Z,vertical,,False
5013,68,P0068,569,4,C17,25478,2587,BASE,,2395,AESTHETIC,RUN-AESTHETIC-4,Right,AESTHETIC,2060.0,2000-01-01T00:09:04.422Z,2000-01-01T00:09:06.731Z,vertical,,False
5014,68,P0068,569,4,C08,25478,2545,BASE,,2737,CONTROL,RUN-CONTROL-4,Left,BASE,4550.0,2000-01-01T00:09:06.743Z,2000-01-01T00:09:11.503Z,vertical,,False
5015,68,P0068,569,4,C08,6127,2361,AESTHETIC,RUN-AESTHETIC-4,2553,BASE,,Left,AESTHETIC,57739.0,2000-01-01T00:09:11.514Z,2000-01-01T00:10:09.489Z,vertical,,False
5016,68,P0068,569,4,C14,6127,2389,AESTHETIC,RUN-AESTHETIC-4,2581,BASE,,Tie,TIE,2507.0,2000-01-01T00:10:09.500Z,2000-01-01T00:10:12.307Z,vertical,,False
5017,68,P0068,569,4,A25,25478,2447,BASE,,2255,AESTHETIC,RUN-AESTHETIC-4,Right,AESTHETIC,2629.0,2000-01-01T00:10:12.317Z,2000-01-01T00:10:15.159Z,vertical,,False
5018,68,P0068,569,4,A07,6127,2425,BASE,,2617,CONTROL,RUN-CONTROL-4,Left,BASE,1833.0,2000-01-01T00:10:15.169Z,2000-01-01T00:10:17.242Z,vertical,,False
5019,68,P0068,569,4,A26,6127,2457,BASE,,2649,CONTROL,RUN-CONTROL-4,Right,CONTROL,1957.0,2000-01-01T00:10:17.270Z,2000-01-01T00:10:19.450Z,vertical,,False
5020,68,P0068,569,4,B29,7,2724,CONTROL,RUN-CONTROL-4,2340,AESTHETIC,RUN-AESTHETIC-4,Tie,TIE,4831.0,2000-01-01T00:10:19.460Z,2000-01-01T00:10:24.525Z,vertical,,False
5021,271,P0271,570,4,A13,6127,2249,AESTHETIC,RUN-AESTHETIC-4,2633,CONTROL,RUN-CONTROL-4,Left,AESTHETIC,8641.0,2000-01-01T00:00:34.767Z,2000-01-01T00:00:43.619Z,vertical,,True
5022,271,P0271,570,4,B27,7,2330,AESTHETIC,RUN-AESTHETIC-4,2714,CONTROL,RUN-CONTROL-4,Left,AESTHETIC,22658.0,2000-01-01T00:00:43.629Z,2000-01-01T00:01:06.501Z,vertical,,True
5023,271,P0271,570,4,B01,7,2278,AESTHETIC,RUN-AESTHETIC-4,2662,CONTROL,RUN-CONTROL-4,Right,CONTROL,4416.0,2000-01-01T00:01:06.511Z,2000-01-01T00:01:11.135Z,vertical,,True
5024,271,P0271,570,4,B04,25478,2273,AESTHETIC,RUN-AESTHETIC-4,2657,CONTROL,RUN-CONTROL-4,Right,CONTROL,5138.0,2000-01-01T00:01:11.423Z,2000-01-01T00:01:16.800Z,vertical,,True
5025,271,P0271,570,4,C15,85,2768,CONTROL,RUN-CONTROL-4,2576,BASE,,Left,CONTROL,4231.0,2000-01-01T00:01:16.811Z,2000-01-01T00:01:21.255Z,vertical,,True
5026,271,P0271,570,4,B09,25478,2671,CONTROL,RUN-CONTROL-4,2479,BASE,,Left,CONTROL,5166.0,2000-01-01T00:01:21.267Z,2000-01-01T00:01:26.657Z,vertical,,True
5027,271,P0271,570,4,C01,6127,2533,BASE,,2341,AESTHETIC,RUN-AESTHETIC-4,Left,BASE,15869.0,2000-01-01T00:01:26.681Z,2000-01-01T00:01:42.756Z,vertical,,True
5028,271,P0271,570,4,B12,25478,2289,AESTHETIC,RUN-AESTHETIC-4,2481,BASE,,Right,BASE,5384.0,2000-01-01T00:01:42.766Z,2000-01-01T00:01:48.357Z,vertical,,True
5029,271,P0271,570,4,C02,25478,2527,BASE,,2335,AESTHETIC,RUN-AESTHETIC-4,Right,AESTHETIC,5689.0,2000-01-01T00:01:48.368Z,2000-01-01T00:01:54.270Z,vertical,,True
5030,271,P0271,570,4,C12,7,2762,CONTROL,RUN-CONTROL-4,2570,BASE,,Tie,TIE,7266.0,2000-01-01T00:01:54.295Z,2000-01-01T00:02:01.869Z,vertical,,True
5031,271,P0271,570,4,C16,6127,2393,AESTHETIC,RUN-AESTHETIC-4,2777,CONTROL,RUN-CONTROL-4,Left,AESTHETIC,5861.0,2000-01-01T00:02:01.878Z,2000-01-01T00:02:07.949Z,vertical,,True
5032,271,P0271,570,4,B25,25478,2509,BASE,,2317,AESTHETIC,RUN-AESTHETIC-4,Right,AESTHETIC,5126.0,2000-01-01T00:02:07.961Z,2000-01-01T00:02:13.301Z,vertical,,True
5033,271,P0271,570,4,A13,85,2626,CONTROL,RUN-CONTROL-4,2242,AESTHETIC,RUN-AESTHETIC-4,Left,CONTROL,4379.0,2000-01-01T00:02:13.311Z,2000-01-01T00:02:17.919Z,vertical,,True
5034,271,P0271,570,4,C20,25478,2593,BASE,,2785,CONTROL,RUN-CONTROL-4,Right,CONTROL,2603.0,2000-01-01T00:02:17.930Z,2000-01-01T00:02:20.768Z,vertical,,True
5035,271,P0271,570,4,C09,25478,2747,CONTROL,RUN-CONTROL-4,2363,AESTHETIC,RUN-AESTHETIC-4,Right,AESTHETIC,2003.0,2000-01-01T00:02:20.780Z,2000-01-01T00:02:23.111Z,vertical,,True
5036,271,P0271,570,4,B04,85,2274,AESTHETIC,RUN-AESTHETIC-4,2658,CONTROL,RUN-CONTROL-4,Right,CONTROL,1586.0,2000-01-01T00:02:23.134Z,2000-01-01T00:02:24.930Z,vertical,,True
5037,271,P0271,570,4,B27,7,2522,BASE,,2330,AESTHETIC,RUN-AESTHETIC-4,Left,BASE,1856.0,2000-01-01T00:02:24.941Z,2000-01-01T00:02:27.013Z,vertical,,True
5038,271,P0271,570,4,C07,6127,2743,CONTROL,RUN-CONTROL-4,2359,AESTHETIC,RUN-AESTHETIC-4,Left,CONTROL,3627.0,2000-01-01T00:02:27.023Z,2000-01-01T00:02:30.859Z,vertical,,True
5039,271,P0271,570,4,C12,25478,2561,BASE,,2753,CONTROL,RUN-CONTROL-4,Left,BASE,3931.0,2000-01-01T00:02:30.912Z,2000-01-01T00:02:35.053Z,vertical,,True
5040,271,P0271,570,4,B23,25478,2699,CONTROL,RUN-CONTROL-4,2315,AESTHETIC,RUN-AESTHETIC-4,Right,AESTHETIC,3191.0,2000-01-01T00:02:35.063Z,2000-01-01T00:02:38.470Z,vertical,,True
5041,271,P0271,570,4,B23,6127,2515,BASE,,2323,AESTHETIC,RUN-AESTHETIC-4,Right,AESTHETIC,2125.0,2000-01-01T00:02:38.483Z,2000-01-01T00:02:40.821Z,vertical,,True
5042,271,P0271,570,4,A02,7,2614,CONTROL,RUN-CONTROL-4,2422,BASE,,Left,CONTROL,2465.0,2000-01-01T00:02:40.831Z,2000-01-01T00:02:43.507Z,vertical,,True
5043,271,P0271,570,4,C05,6127,2739,CONTROL,RUN-CONTROL-4,2355,AESTHETIC,RUN-AESTHETIC-4,,,,2000-01-01T00:02:43.518Z,,,,True
5044,271,P0271,570,4,C12,6127,2761,CONTROL,RUN-CONTROL-4,2377,AESTHETIC,RUN-AESTHETIC-4,,,,,,,,True
5045,271,P0271,570,4,C16,85,2770,CONTROL,RUN-CONTROL-4,2386,AESTHETIC,RUN-AESTHETIC-4,,,,,,,,True
5046,271,P0271,570,4,C05,85,2348,AESTHETIC,RUN-AESTHETIC-4,2540,BASE,,,,,,,,,True
5047,271,P0271,570,4,C19,6127,2599,BASE,,2791,CONTROL,RUN-CONTROL-4,,,,,,,,True
5048,271,P0271,570,4,C13,6127,2579,BASE,,2771,CONTROL,RUN-CONTROL-4,,,,,,,,True
5049,271,P0271,570,4,C07,6127,2743,CONTROL,RUN-CONTROL-4,2551,BASE,,,,,,,,,True
5050,271,P0271,570,4,B14,85,2492,BASE,,2684,CONTROL,RUN-CONTROL-4,,,,,,,,True
5051,162,P0162,572,4,A11,6127,2247,AESTHETIC,RUN-AESTHETIC-4,2439,BASE,,Right,BASE,13997.0,2000-01-01T00:00:26.180Z,2000-01-01T00:00:40.484Z,vertical,,False
5052,162,P0162,572,4,A04,6127,2615,CONTROL,RUN-CONTROL-4,2231,AESTHETIC,RUN-AESTHETIC-4,Left,CONTROL,7561.0,2000-01-01T00:00:40.494Z,2000-01-01T00:00:48.282Z,vertical,,False
5053,162,P0162,572,4,B14,25478,2683,CONTROL,RUN-CONTROL-4,2299,AESTHETIC,RUN-AESTHETIC-4,Right,AESTHETIC,6980.0,2000-01-01T00:00:48.295Z,2000-01-01T00:00:55.502Z,vertical,,False
5054,162,P0162,572,4,B29,25478,2331,AESTHETIC,RUN-AESTHETIC-4,2715,CONTROL,RUN-CONTROL-4,Right,CONTROL,5221.0,2000-01-01T00:00:55.511Z,2000-01-01T00:01:00.972Z,vertical,,False
5055,162,P0162,572,4,B23,7,2708,CONTROL,RUN-CONTROL-4,2516,BASE,,Left,CONTROL,6336.0,2000-01-01T00:01:00.990Z,2000-01-01T00:01:07.545Z,vertical,,False
5056,162,P0162,572,4,B15,6127,2309,AESTHETIC,RUN-AESTHETIC-4,2501,BASE,,Left,AESTHETIC,11850.0,2000-01-01T00:01:07.557Z,2000-01-01T00:01:19.643Z,vertical,,False
5057,162,P0162,572,4,A11,7,2632,CONTROL,RUN-CONTROL-4,2440,BASE,,Left,CONTROL,4153.0,2000-01-01T00:01:19.654Z,2000-01-01T00:01:24.041Z,vertical,,False
5058,162,P0162,572,4,B27,6127,2713,CONTROL,RUN-CONTROL-4,2521,BASE,,Left,CONTROL,5318.0,2000-01-01T00:01:24.054Z,2000-01-01T00:01:29.603Z,vertical,,False
5059,162,P0162,572,4,A27,85,2460,BASE,,2652,CONTROL,RUN-CONTROL-4,Right,CONTROL,7313.0,2000-01-01T00:01:29.613Z,2000-01-01T00:01:37.146Z,vertical,,False
5060,162,P0162,572,4,C11,85,2368,AESTHETIC,RUN-AESTHETIC-4,2560,BASE,,Left,AESTHETIC,24548.0,2000-01-01T00:01:37.157Z,2000-01-01T00:02:01.943Z,vertical,,False
5061,162,P0162,572,4,B23,6127,2323,AESTHETIC,RUN-AESTHETIC-4,2707,CONTROL,RUN-CONTROL-4,Left,AESTHETIC,3662.0,2000-01-01T00:02:01.953Z,2000-01-01T00:02:05.849Z,vertical,,False
5062,162,P0162,572,4,B02,25478,2463,BASE,,2655,CONTROL,RUN-CONTROL-4,Right,CONTROL,7865.0,2000-01-01T00:02:05.859Z,2000-01-01T00:02:13.957Z,vertical,,False
5063,162,P0162,572,4,A04,25478,2223,AESTHETIC,RUN-AESTHETIC-4,2415,BASE,,Right,BASE,4385.0,2000-01-01T00:02:13.967Z,2000-01-01T00:02:18.576Z,vertical,,False
5064,162,P0162,572,4,B26,7,2328,AESTHETIC,RUN-AESTHETIC-4,2712,CONTROL,RUN-CONTROL-4,Left,AESTHETIC,29327.0,2000-01-01T00:02:18.586Z,2000-01-01T00:02:48.137Z,vertical,,False
5065,162,P0162,572,4,A22,7,2262,AESTHETIC,RUN-AESTHETIC-4,2454,BASE,,Left,AESTHETIC,17899.0,2000-01-01T00:02:48.149Z,2000-01-01T00:03:06.302Z,vertical,,False
5066,162,P0162,572,4,A08,25478,2427,BASE,,2619,CONTROL,RUN-CONTROL-4,Left,BASE,2424.0,2000-01-01T00:03:06.312Z,2000-01-01T00:03:08.977Z,vertical,,False
5067,162,P0162,572,4,A25,85,2640,CONTROL,RUN-CONTROL-4,2256,AESTHETIC,RUN-AESTHETIC-4,Left,CONTROL,5282.0,2000-01-01T00:03:08.987Z,2000-01-01T00:03:14.499Z,vertical,,False
5068,162,P0162,572,4,C20,7,2410,AESTHETIC,RUN-AESTHETIC-4,2794,CONTROL,RUN-CONTROL-4,Right,CONTROL,4322.0,2000-01-01T00:03:14.510Z,2000-01-01T00:03:19.063Z,vertical,,False
5069,162,P0162,572,4,A01,7,2612,CONTROL,RUN-CONTROL-4,2228,AESTHETIC,RUN-AESTHETIC-4,Right,AESTHETIC,19804.0,2000-01-01T00:03:19.081Z,2000-01-01T00:03:39.120Z,vertical,,False
5070,162,P0162,572,4,A01,6127,2419,BASE,,2611,CONTROL,RUN-CONTROL-4,Right,CONTROL,21678.0,2000-01-01T00:03:39.131Z,2000-01-01T00:04:01.042Z,vertical,,False
5071,162,P0162,572,4,C17,85,2780,CONTROL,RUN-CONTROL-4,2588,BASE,,Right,BASE,10085.0,2000-01-01T00:04:01.051Z,2000-01-01T00:04:11.478Z,vertical,,False
5072,162,P0162,572,4,A26,25478,2449,BASE,,2641,CONTROL,RUN-CONTROL-4,Right,CONTROL,6609.0,2000-01-01T00:04:11.489Z,2000-01-01T00:04:18.316Z,vertical,,False
5073,162,P0162,572,4,A04,6127,2423,BASE,,2615,CONTROL,RUN-CONTROL-4,Left,BASE,13183.0,2000-01-01T00:04:18.327Z,2000-01-01T00:04:31.738Z,vertical,,False
5074,162,P0162,572,4,B06,7,2676,CONTROL,RUN-CONTROL-4,2484,BASE,,Right,BASE,4342.0,2000-01-01T00:04:31.749Z,2000-01-01T00:04:36.309Z,vertical,,False
5075,162,P0162,572,4,C02,85,2336,AESTHETIC,RUN-AESTHETIC-4,2528,BASE,,Tie,TIE,19531.0,2000-01-01T00:04:36.319Z,2000-01-01T00:04:56.071Z,vertical,,False
5076,162,P0162,572,4,B19,25478,2495,BASE,,2687,CONTROL,RUN-CONTROL-4,Left,BASE,4837.0,2000-01-01T00:04:56.081Z,2000-01-01T00:05:01.142Z,vertical,,False
5077,162,P0162,572,4,B14,6127,2499,BASE,,2691,CONTROL,RUN-CONTROL-4,Left,BASE,7491.0,2000-01-01T00:05:01.167Z,2000-01-01T00:05:08.877Z,vertical,,False
5078,162,P0162,572,4,B01,7,2470,BASE,,2662,CONTROL,RUN-CONTROL-4,Tie,TIE,20211.0,2000-01-01T00:05:08.888Z,2000-01-01T00:05:29.311Z,vertical,,False
5079,162,P0162,572,4,B14,85,2300,AESTHETIC,RUN-AESTHETIC-4,2492,BASE,,Tie,TIE,3412.0,2000-01-01T00:05:29.323Z,2000-01-01T00:05:32.952Z,vertical,,False
5080,162,P0162,572,4,C01,85,2334,AESTHETIC,RUN-AESTHETIC-4,2718,CONTROL,RUN-CONTROL-4,Tie,TIE,1651.0,2000-01-01T00:05:32.962Z,2000-01-01T00:05:34.831Z,vertical,,False
5081,228,P0228,573,4,A26,7,2458,BASE,,2266,AESTHETIC,RUN-AESTHETIC-4,Left,BASE,18656.0,2000-01-01T00:02:19.421Z,2000-01-01T00:02:38.670Z,vertical,,False
5082,228,P0228,573,4,B01,25478,2461,BASE,,2653,CONTROL,RUN-CONTROL-4,Right,CONTROL,7796.0,2000-01-01T00:02:38.683Z,2000-01-01T00:02:46.730Z,vertical,,False
5083,228,P0228,573,4,A08,85,2236,AESTHETIC,RUN-AESTHETIC-4,2620,CONTROL,RUN-CONTROL-4,Right,CONTROL,4823.0,2000-01-01T00:02:46.742Z,2000-01-01T00:02:51.820Z,vertical,,False
5084,228,P0228,573,4,C18,85,2782,CONTROL,RUN-CONTROL-4,2398,AESTHETIC,RUN-AESTHETIC-4,Left,CONTROL,6408.0,2000-01-01T00:02:51.835Z,2000-01-01T00:02:58.500Z,vertical,,False
5085,228,P0228,573,4,B25,6127,2325,AESTHETIC,RUN-AESTHETIC-4,2709,CONTROL,RUN-CONTROL-4,Right,CONTROL,4581.0,2000-01-01T00:02:58.511Z,2000-01-01T00:03:03.324Z,vertical,,False
5086,228,P0228,573,4,C09,7,2564,BASE,,2372,AESTHETIC,RUN-AESTHETIC-4,Right,AESTHETIC,3973.0,2000-01-01T00:03:03.334Z,2000-01-01T00:03:07.554Z,vertical,,False
5087,228,P0228,573,4,A07,7,2234,AESTHETIC,RUN-AESTHETIC-4,2618,CONTROL,RUN-CONTROL-4,Left,AESTHETIC,5243.0,2000-01-01T00:03:07.576Z,2000-01-01T00:03:13.076Z,vertical,,False
5088,228,P0228,573,4,A04,7,2424,BASE,,2232,AESTHETIC,RUN-AESTHETIC-4,Right,AESTHETIC,3085.0,2000-01-01T00:03:13.087Z,2000-01-01T00:03:16.425Z,vertical,,False
5089,228,P0228,573,4,A13,7,2442,BASE,,2250,AESTHETIC,RUN-AESTHETIC-4,Right,AESTHETIC,2043.0,2000-01-01T00:03:16.442Z,2000-01-01T00:03:18.749Z,vertical,,False
5090,228,P0228,573,4,B27,25478,2513,BASE,,2321,AESTHETIC,RUN-AESTHETIC-4,Right,AESTHETIC,3321.0,2000-01-01T00:03:18.759Z,2000-01-01T00:03:22.349Z,vertical,,False
5091,228,P0228,573,4,A09,6127,2437,BASE,,2629,CONTROL,RUN-CONTROL-4,Left,BASE,5293.0,2000-01-01T00:03:22.361Z,2000-01-01T00:03:27.899Z,vertical,,False
5092,228,P0228,573,4,A02,6127,2421,BASE,,2613,CONTROL,RUN-CONTROL-4,Right,CONTROL,4675.0,2000-01-01T00:03:27.909Z,2000-01-01T00:03:32.832Z,vertical,,False
5093,228,P0228,573,4,A11,85,2240,AESTHETIC,RUN-AESTHETIC-4,2432,BASE,,Right,BASE,2256.0,2000-01-01T00:03:32.843Z,2000-01-01T00:03:35.352Z,vertical,,False
5094,228,P0228,573,4,C20,85,2402,AESTHETIC,RUN-AESTHETIC-4,2786,CONTROL,RUN-CONTROL-4,Right,CONTROL,4874.0,2000-01-01T00:03:35.363Z,2000-01-01T00:03:40.453Z,vertical,,False
5095,228,P0228,573,4,C16,85,2578,BASE,,2386,AESTHETIC,RUN-AESTHETIC-4,Left,BASE,2359.0,2000-01-01T00:03:40.463Z,2000-01-01T00:03:43.062Z,vertical,,False
5096,228,P0228,573,4,C04,25478,2337,AESTHETIC,RUN-AESTHETIC-4,2529,BASE,,Right,BASE,2924.0,2000-01-01T00:03:43.074Z,2000-01-01T00:03:46.241Z,vertical,,False
5097,228,P0228,573,4,C18,85,2590,BASE,,2398,AESTHETIC,RUN-AESTHETIC-4,Right,AESTHETIC,4546.0,2000-01-01T00:03:46.251Z,2000-01-01T00:03:51.023Z,vertical,,False
5098,228,P0228,573,4,B26,25478,2319,AESTHETIC,RUN-AESTHETIC-4,2511,BASE,,Right,BASE,1006.0,2000-01-01T00:03:51.035Z,2000-01-01T00:03:52.273Z,vertical,,False
5099,228,P0228,573,4,C06,85,2350,AESTHETIC,RUN-AESTHETIC-4,2734,CONTROL,RUN-CONTROL-4,Left,AESTHETIC,2521.0,2000-01-01T00:03:52.289Z,2000-01-01T00:03:55.063Z,vertical,,False
5100,228,P0228,573,4,B12,25478,2673,CONTROL,RUN-CONTROL-4,2289,AESTHETIC,RUN-AESTHETIC-4,Right,AESTHETIC,2202.0,2000-01-01T00:03:55.074Z,2000-01-01T00:03:57.521Z,vertical,,False
5101,228,P0228,573,4,C17,85,2396,AESTHETIC,RUN-AESTHETIC-4,2780,CONTROL,RUN-CONTROL-4,Right,CONTROL,1721.0,2000-01-01T00:03:57.532Z,2000-01-01T00:03:59.500Z,vertical,,False
5102,228,P0228,573,4,B29,7,2724,CONTROL,RUN-CONTROL-4,2532,BASE,,Left,CONTROL,2161.0,2000-01-01T00:03:59.516Z,2000-01-01T00:04:01.951Z,vertical,,False
5103,228,P0228,573,4,C10,6127,2565,BASE,,2373,AESTHETIC,RUN-AESTHETIC-4,Right,AESTHETIC,1332.0,2000-01-01T00:04:01.962Z,2000-01-01T00:04:03.530Z,vertical,,False
5104,228,P0228,573,4,A25,6127,2647,CONTROL,RUN-CONTROL-4,2263,AESTHETIC,RUN-AESTHETIC-4,Right,AESTHETIC,3078.0,2000-01-01T00:04:03.540Z,2000-01-01T00:04:06.853Z,vertical,,False
5105,228,P0228,573,4,B25,6127,2709,CONTROL,RUN-CONTROL-4,2517,BASE,,Right,BASE,2107.0,2000-01-01T00:04:06.865Z,2000-01-01T00:04:09.230Z,vertical,,False
5106,228,P0228,573,4,B01,6127,2277,AESTHETIC,RUN-AESTHETIC-4,2469,BASE,,Left,AESTHETIC,2335.0,2000-01-01T00:04:09.241Z,2000-01-01T00:04:11.831Z,vertical,,False
5107,228,P0228,573,4,B26,6127,2711,CONTROL,RUN-CONTROL-4,2327,AESTHETIC,RUN-AESTHETIC-4,Right,AESTHETIC,3573.0,2000-01-01T00:04:11.842Z,2000-01-01T00:04:15.656Z,vertical,,False
5108,228,P0228,573,4,B09,25478,2287,AESTHETIC,RUN-AESTHETIC-4,2671,CONTROL,RUN-CONTROL-4,Right,CONTROL,3279.0,2000-01-01T00:04:15.667Z,2000-01-01T00:04:19.193Z,vertical,,False
5109,228,P0228,573,4,C04,7,2538,BASE,,2730,CONTROL,RUN-CONTROL-4,Right,CONTROL,2384.0,2000-01-01T00:04:19.258Z,2000-01-01T00:04:21.920Z,vertical,,False
5110,228,P0228,573,4,A11,7,2632,CONTROL,RUN-CONTROL-4,2248,AESTHETIC,RUN-AESTHETIC-4,Left,CONTROL,3740.0,2000-01-01T00:04:21.931Z,2000-01-01T00:04:25.904Z,vertical,,False
5111,267,P0267,575,4,A15,25478,2251,AESTHETIC,RUN-AESTHETIC-4,2443,BASE,,Left,AESTHETIC,5125.0,2000-01-01T00:00:05.566Z,2000-01-01T00:00:10.863Z,vertical,,False
5112,267,P0267,575,4,A22,6127,2261,AESTHETIC,RUN-AESTHETIC-4,2645,CONTROL,RUN-CONTROL-4,Left,AESTHETIC,4950.0,2000-01-01T00:00:10.873Z,2000-01-01T00:00:16.053Z,vertical,,False
5113,267,P0267,575,4,C16,6127,2585,BASE,,2777,CONTROL,RUN-CONTROL-4,Right,CONTROL,4213.0,2000-01-01T00:00:16.064Z,2000-01-01T00:00:20.497Z,vertical,,False
5114,267,P0267,575,4,C12,25478,2369,AESTHETIC,RUN-AESTHETIC-4,2753,CONTROL,RUN-CONTROL-4,Left,AESTHETIC,4710.0,2000-01-01T00:00:20.508Z,2000-01-01T00:00:25.449Z,vertical,,False
5115,267,P0267,575,4,C11,6127,2375,AESTHETIC,RUN-AESTHETIC-4,2567,BASE,,Right,BASE,4694.0,2000-01-01T00:00:25.459Z,2000-01-01T00:00:30.372Z,vertical,,False
5116,267,P0267,575,4,B08,7,2678,CONTROL,RUN-CONTROL-4,2486,BASE,,Right,BASE,39358.0,2000-01-01T00:00:30.383Z,2000-01-01T00:01:09.962Z,vertical,,False
5117,267,P0267,575,4,C07,85,2352,AESTHETIC,RUN-AESTHETIC-4,2736,CONTROL,RUN-CONTROL-4,Right,CONTROL,3631.0,2000-01-01T00:01:09.972Z,2000-01-01T00:01:13.821Z,vertical,,False
5118,267,P0267,575,4,A02,25478,2221,AESTHETIC,RUN-AESTHETIC-4,2605,CONTROL,RUN-CONTROL-4,Left,AESTHETIC,10442.0,2000-01-01T00:01:13.832Z,2000-01-01T00:01:24.492Z,vertical,,False
5119,267,P0267,575,4,C19,6127,2407,AESTHETIC,RUN-AESTHETIC-4,2599,BASE,,Left,AESTHETIC,2415.0,2000-01-01T00:01:24.501Z,2000-01-01T00:01:27.134Z,vertical,,False
5120,267,P0267,575,4,B26,25478,2319,AESTHETIC,RUN-AESTHETIC-4,2703,CONTROL,RUN-CONTROL-4,Left,AESTHETIC,2193.0,2000-01-01T00:01:27.144Z,2000-01-01T00:01:29.562Z,vertical,,False
5121,267,P0267,575,4,B04,7,2282,AESTHETIC,RUN-AESTHETIC-4,2666,CONTROL,RUN-CONTROL-4,Left,AESTHETIC,3534.0,2000-01-01T00:01:29.573Z,2000-01-01T00:01:33.326Z,vertical,,False
5122,267,P0267,575,4,C19,25478,2783,CONTROL,RUN-CONTROL-4,2399,AESTHETIC,RUN-AESTHETIC-4,Left,CONTROL,4119.0,2000-01-01T00:01:33.337Z,2000-01-01T00:01:37.675Z,vertical,,False
5123,267,P0267,575,4,B20,25478,2305,AESTHETIC,RUN-AESTHETIC-4,2689,CONTROL,RUN-CONTROL-4,Left,AESTHETIC,1521.0,2000-01-01T00:01:37.687Z,2000-01-01T00:01:39.427Z,vertical,,False
5124,267,P0267,575,4,B14,7,2308,AESTHETIC,RUN-AESTHETIC-4,2692,CONTROL,RUN-CONTROL-4,Left,AESTHETIC,2502.0,2000-01-01T00:01:39.437Z,2000-01-01T00:01:42.158Z,vertical,,False
5125,267,P0267,575,4,A25,7,2456,BASE,,2264,AESTHETIC,RUN-AESTHETIC-4,Right,AESTHETIC,2063.0,2000-01-01T00:01:42.170Z,2000-01-01T00:01:44.452Z,vertical,,False
5126,267,P0267,575,4,B15,85,2494,BASE,,2302,AESTHETIC,RUN-AESTHETIC-4,Right,AESTHETIC,1344.0,2000-01-01T00:01:44.463Z,2000-01-01T00:01:46.034Z,vertical,,False
5127,267,P0267,575,4,A26,7,2650,CONTROL,RUN-CONTROL-4,2266,AESTHETIC,RUN-AESTHETIC-4,Left,CONTROL,3091.0,2000-01-01T00:01:46.044Z,2000-01-01T00:01:49.354Z,vertical,,False
5128,267,P0267,575,4,B14,7,2692,CONTROL,RUN-CONTROL-4,2500,BASE,,Left,CONTROL,1795.0,2000-01-01T00:01:49.366Z,2000-01-01T00:01:51.379Z,vertical,,False
5129,267,P0267,575,4,C01,85,2526,BASE,,2334,AESTHETIC,RUN-AESTHETIC-4,Right,AESTHETIC,2294.0,2000-01-01T00:01:51.389Z,2000-01-01T00:01:53.902Z,vertical,,False
5130,267,P0267,575,4,C16,7,2394,AESTHETIC,RUN-AESTHETIC-4,2586,BASE,,Left,AESTHETIC,1201.0,2000-01-01T00:01:53.915Z,2000-01-01T00:01:55.330Z,vertical,,False
5131,267,P0267,575,4,A07,25478,2225,AESTHETIC,RUN-AESTHETIC-4,2417,BASE,,Left,AESTHETIC,1207.0,2000-01-01T00:01:55.340Z,2000-01-01T00:01:56.760Z,vertical,,False
5132,267,P0267,575,4,C15,6127,2583,BASE,,2391,AESTHETIC,RUN-AESTHETIC-4,Right,AESTHETIC,1542.0,2000-01-01T00:01:56.770Z,2000-01-01T00:01:58.536Z,vertical,,False
5133,267,P0267,575,4,C18,7,2598,BASE,,2790,CONTROL,RUN-CONTROL-4,Left,BASE,2208.0,2000-01-01T00:01:58.546Z,2000-01-01T00:02:00.970Z,vertical,,False
5134,267,P0267,575,4,C01,25478,2333,AESTHETIC,RUN-AESTHETIC-4,2717,CONTROL,RUN-CONTROL-4,Left,AESTHETIC,1252.0,2000-01-01T00:02:00.980Z,2000-01-01T00:02:02.455Z,vertical,,False
5135,267,P0267,575,4,B23,85,2508,BASE,,2316,AESTHETIC,RUN-AESTHETIC-4,Left,BASE,2053.0,2000-01-01T00:02:02.468Z,2000-01-01T00:02:04.744Z,vertical,,False
5136,267,P0267,575,4,C04,25478,2529,BASE,,2721,CONTROL,RUN-CONTROL-4,Left,BASE,2882.0,2000-01-01T00:02:04.756Z,2000-01-01T00:02:07.856Z,vertical,,False
5137,267,P0267,575,4,B06,6127,2483,BASE,,2675,CONTROL,RUN-CONTROL-4,Left,BASE,1167.0,2000-01-01T00:02:07.866Z,2000-01-01T00:02:09.254Z,vertical,,False
5138,267,P0267,575,4,C16,7,2778,CONTROL,RUN-CONTROL-4,2394,AESTHETIC,RUN-AESTHETIC-4,Right,AESTHETIC,1453.0,2000-01-01T00:02:09.265Z,2000-01-01T00:02:10.934Z,vertical,,False
5139,267,P0267,575,4,C15,25478,2767,CONTROL,RUN-CONTROL-4,2383,AESTHETIC,RUN-AESTHETIC-4,Right,AESTHETIC,1142.0,2000-01-01T00:02:10.945Z,2000-01-01T00:02:12.302Z,vertical,,False
5140,267,P0267,575,4,A27,7,2660,CONTROL,RUN-CONTROL-4,2468,BASE,,Left,CONTROL,1862.0,2000-01-01T00:02:12.313Z,2000-01-01T00:02:14.391Z,vertical,,False
5141,39,P0039,578,4,A22,85,2638,CONTROL,RUN-CONTROL-4,2254,AESTHETIC,RUN-AESTHETIC-4,Right,AESTHETIC,11332.0,2000-01-01T00:04:08.847Z,2000-01-01T00:04:20.731Z,vertical,,False
5142,39,P0039,578,4,C19,25478,2591,BASE,,2783,CONTROL,RUN-CONTROL-4,Left,BASE,8805.0,2000-01-01T00:04:20.743Z,2000-01-01T00:04:29.763Z,vertical,,False
5143,39,P0039,578,4,A26,6127,2457,BASE,,2265,AESTHETIC,RUN-AESTHETIC-4,Tie,TIE,5637.0,2000-01-01T00:04:29.774Z,2000-01-01T00:04:35.629Z,vertical,,False
5144,39,P0039,578,4,C04,85,2338,AESTHETIC,RUN-AESTHETIC-4,2722,CONTROL,RUN-CONTROL-4,Tie,TIE,6563.0,2000-01-01T00:04:35.639Z,2000-01-01T00:04:42.463Z,vertical,,False
5145,39,P0039,578,4,C08,7,2746,CONTROL,RUN-CONTROL-4,2554,BASE,,Tie,TIE,9101.0,2000-01-01T00:04:42.474Z,2000-01-01T00:04:51.855Z,vertical,,False
5146,39,P0039,578,4,A01,6127,2419,BASE,,2227,AESTHETIC,RUN-AESTHETIC-4,Tie,TIE,6909.0,2000-01-01T00:04:51.867Z,2000-01-01T00:04:59.038Z,vertical,,False
5147,39,P0039,578,4,C11,25478,2751,CONTROL,RUN-CONTROL-4,2367,AESTHETIC,RUN-AESTHETIC-4,Right,AESTHETIC,10343.0,2000-01-01T00:04:59.049Z,2000-01-01T00:05:09.666Z,vertical,,False
5148,39,P0039,578,4,B19,6127,2311,AESTHETIC,RUN-AESTHETIC-4,2695,CONTROL,RUN-CONTROL-4,Tie,TIE,4840.0,2000-01-01T00:05:09.683Z,2000-01-01T00:05:14.749Z,vertical,,False
5149,39,P0039,578,4,C13,7,2772,CONTROL,RUN-CONTROL-4,2388,AESTHETIC,RUN-AESTHETIC-4,Right,AESTHETIC,5990.0,2000-01-01T00:05:14.760Z,2000-01-01T00:05:20.984Z,vertical,,False
5150,39,P0039,578,4,C18,6127,2597,BASE,,2405,AESTHETIC,RUN-AESTHETIC-4,Right,AESTHETIC,6275.0,2000-01-01T00:05:21.003Z,2000-01-01T00:05:27.551Z,vertical,,False
5151,39,P0039,578,4,A04,85,2224,AESTHETIC,RUN-AESTHETIC-4,2608,CONTROL,RUN-CONTROL-4,Tie,TIE,5069.0,2000-01-01T00:05:27.561Z,2000-01-01T00:05:32.903Z,vertical,,False
5152,39,P0039,578,4,B20,6127,2505,BASE,,2313,AESTHETIC,RUN-AESTHETIC-4,Left,BASE,186244.0,2000-01-01T00:05:32.913Z,2000-01-01T00:08:39.501Z,vertical,,False
5153,39,P0039,578,4,C16,6127,2393,AESTHETIC,RUN-AESTHETIC-4,2585,BASE,,Tie,TIE,4714.0,2000-01-01T00:08:39.511Z,2000-01-01T00:08:44.448Z,vertical,,False
5154,39,P0039,578,4,B26,85,2512,BASE,,2320,AESTHETIC,RUN-AESTHETIC-4,Tie,TIE,3727.0,2000-01-01T00:08:44.460Z,2000-01-01T00:08:48.403Z,vertical,,False
5155,39,P0039,578,4,A02,6127,2229,AESTHETIC,RUN-AESTHETIC-4,2613,CONTROL,RUN-CONTROL-4,Left,AESTHETIC,6341.0,2000-01-01T00:08:48.416Z,2000-01-01T00:08:55.010Z,vertical,,False
5156,39,P0039,578,4,C18,25478,2397,AESTHETIC,RUN-AESTHETIC-4,2589,BASE,,Right,BASE,11765.0,2000-01-01T00:08:55.020Z,2000-01-01T00:09:07.103Z,vertical,,False
5157,39,P0039,578,4,B02,25478,2271,AESTHETIC,RUN-AESTHETIC-4,2463,BASE,,Tie,TIE,2280.0,2000-01-01T00:09:07.112Z,2000-01-01T00:09:09.641Z,vertical,,False
5158,39,P0039,578,4,C12,85,2562,BASE,,2754,CONTROL,RUN-CONTROL-4,Left,BASE,3322.0,2000-01-01T00:09:09.652Z,2000-01-01T00:09:13.202Z,vertical,,False
5159,39,P0039,578,4,C19,85,2784,CONTROL,RUN-CONTROL-4,2400,AESTHETIC,RUN-AESTHETIC-4,Left,CONTROL,10644.0,2000-01-01T00:09:13.215Z,2000-01-01T00:09:24.078Z,vertical,,False
5160,39,P0039,578,4,B12,25478,2673,CONTROL,RUN-CONTROL-4,2481,BASE,,Tie,TIE,1766.0,2000-01-01T00:09:24.090Z,2000-01-01T00:09:26.077Z,vertical,,False
5161,39,P0039,578,4,B27,85,2514,BASE,,2322,AESTHETIC,RUN-AESTHETIC-4,Right,AESTHETIC,6621.0,2000-01-01T00:09:26.087Z,2000-01-01T00:09:33.240Z,vertical,,False
5162,39,P0039,578,4,A27,6127,2467,BASE,,2275,AESTHETIC,RUN-AESTHETIC-4,Right,AESTHETIC,4058.0,2000-01-01T00:09:33.256Z,2000-01-01T00:09:37.646Z,vertical,,False
5163,39,P0039,578,4,A04,25478,2607,CONTROL,RUN-CONTROL-4,2223,AESTHETIC,RUN-AESTHETIC-4,Tie,TIE,2670.0,2000-01-01T00:09:37.656Z,2000-01-01T00:09:40.558Z,vertical,,False
5164,39,P0039,578,4,B23,7,2708,CONTROL,RUN-CONTROL-4,2324,AESTHETIC,RUN-AESTHETIC-4,Tie,TIE,1601.0,2000-01-01T00:09:40.570Z,2000-01-01T00:09:42.435Z,vertical,,False
5165,39,P0039,578,4,A02,7,2422,BASE,,2230,AESTHETIC,RUN-AESTHETIC-4,Tie,TIE,7866.0,2000-01-01T00:09:42.444Z,2000-01-01T00:09:50.523Z,vertical,,False
5166,39,P0039,578,4,A25,85,2448,BASE,,2640,CONTROL,RUN-CONTROL-4,Left,BASE,10839.0,2000-01-01T00:09:50.534Z,2000-01-01T00:10:01.585Z,vertical,,False
5167,39,P0039,578,4,C19,7,2408,AESTHETIC,RUN-AESTHETIC-4,2600,BASE,,Left,AESTHETIC,5151.0,2000-01-01T00:10:01.595Z,2000-01-01T00:10:06.970Z,vertical,,False
5168,39,P0039,578,4,A04,25478,2607,CONTROL,RUN-CONTROL-4,2415,BASE,,Tie,TIE,6904.0,2000-01-01T00:10:06.980Z,2000-01-01T00:10:14.146Z,vertical,,False
5169,39,P0039,578,4,C09,6127,2371,AESTHETIC,RUN-AESTHETIC-4,2755,CONTROL,RUN-CONTROL-4,Tie,TIE,1763.0,2000-01-01T00:10:14.159Z,2000-01-01T00:10:16.173Z,vertical,,False
5170,39,P0039,578,4,C16,25478,2769,CONTROL,RUN-CONTROL-4,2385,AESTHETIC,RUN-AESTHETIC-4,Tie,TIE,1888.0,2000-01-01T00:10:16.184Z,2000-01-01T00:10:18.292Z,vertical,,False
5171,119,P0119,580,4,A22,7,2262,AESTHETIC,RUN-AESTHETIC-4,2646,CONTROL,RUN-CONTROL-4,Right,CONTROL,6994.0,2000-01-01T00:39:14.277Z,2000-01-01T00:39:21.690Z,horizontal,,False
5172,119,P0119,580,4,C12,6127,2569,BASE,,2377,AESTHETIC,RUN-AESTHETIC-4,Left,BASE,1895.0,2000-01-01T00:39:21.701Z,2000-01-01T00:39:23.803Z,horizontal,,False
5173,119,P0119,580,4,C04,6127,2345,AESTHETIC,RUN-AESTHETIC-4,2537,BASE,,Right,BASE,6129.0,2000-01-01T00:39:23.812Z,2000-01-01T00:39:30.147Z,horizontal,,False
5174,119,P0119,580,4,C11,6127,2759,CONTROL,RUN-CONTROL-4,2375,AESTHETIC,RUN-AESTHETIC-4,Right,AESTHETIC,7489.0,2000-01-01T00:39:30.158Z,2000-01-01T00:39:37.848Z,horizontal,,False
5175,119,P0119,580,4,A26,6127,2265,AESTHETIC,RUN-AESTHETIC-4,2649,CONTROL,RUN-CONTROL-4,Left,AESTHETIC,2071.0,2000-01-01T00:39:37.861Z,2000-01-01T00:39:40.153Z,horizontal,,False
5176,119,P0119,580,4,C05,85,2732,CONTROL,RUN-CONTROL-4,2348,AESTHETIC,RUN-AESTHETIC-4,Left,CONTROL,2238.0,2000-01-01T00:39:40.163Z,2000-01-01T00:39:42.616Z,horizontal,,False
5177,119,P0119,580,4,B06,85,2284,AESTHETIC,RUN-AESTHETIC-4,2668,CONTROL,RUN-CONTROL-4,Left,AESTHETIC,1777.0,2000-01-01T00:39:42.627Z,2000-01-01T00:39:44.610Z,horizontal,,False
5178,119,P0119,580,4,B26,6127,2519,BASE,,2711,CONTROL,RUN-CONTROL-4,Right,CONTROL,4704.0,2000-01-01T00:39:44.633Z,2000-01-01T00:39:49.555Z,horizontal,,False
5179,119,P0119,580,4,A27,6127,2659,CONTROL,RUN-CONTROL-4,2275,AESTHETIC,RUN-AESTHETIC-4,Right,AESTHETIC,3101.0,2000-01-01T00:39:49.565Z,2000-01-01T00:39:52.873Z,horizontal,,False
5180,119,P0119,580,4,C10,6127,2757,CONTROL,RUN-CONTROL-4,2565,BASE,,Tie,TIE,2243.0,2000-01-01T00:39:52.885Z,2000-01-01T00:39:55.329Z,horizontal,,False
5181,119,P0119,580,4,C12,85,2754,CONTROL,RUN-CONTROL-4,2370,AESTHETIC,RUN-AESTHETIC-4,Right,AESTHETIC,5054.0,2000-01-01T00:39:55.341Z,2000-01-01T00:40:00.610Z,horizontal,,False
5182,119,P0119,580,4,C04,25478,2721,CONTROL,RUN-CONTROL-4,2337,AESTHETIC,RUN-AESTHETIC-4,Right,AESTHETIC,2293.0,2000-01-01T00:40:00.621Z,2000-01-01T00:40:03.141Z,horizontal,,False
5183,119,P0119,580,4,B08,7,2678,CONTROL,RUN-CONTROL-4,2294,AESTHETIC,RUN-AESTHETIC-4,Tie,TIE,1686.0,2000-01-01T00:40:03.162Z,2000-01-01T00:40:05.065Z,horizontal,,False
5184,119,P0119,580,4,A13,6127,2249,AESTHETIC,RUN-AESTHETIC-4,2441,BASE,,Right,BASE,5784.0,2000-01-01T00:40:05.076Z,2000-01-01T00:40:11.065Z,horizontal,,False
5185,119,P0119,580,4,B26,6127,2519,BASE,,2327,AESTHETIC,RUN-AESTHETIC-4,Right,AESTHETIC,6384.0,2000-01-01T00:40:11.078Z,2000-01-01T00:40:17.675Z,horizontal,,False
5186,119,P0119,580,4,C05,25478,2731,CONTROL,RUN-CONTROL-4,2347,AESTHETIC,RUN-AESTHETIC-4,Left,CONTROL,2575.0,2000-01-01T00:40:17.685Z,2000-01-01T00:40:20.466Z,horizontal,,False
5187,119,P0119,580,4,B15,6127,2693,CONTROL,RUN-CONTROL-4,2501,BASE,,Left,CONTROL,2716.0,2000-01-01T00:40:20.476Z,2000-01-01T00:40:23.393Z,horizontal,,False
5188,119,P0119,580,4,C15,85,2768,CONTROL,RUN-CONTROL-4,2384,AESTHETIC,RUN-AESTHETIC-4,Right,AESTHETIC,6028.0,2000-01-01T00:40:23.405Z,2000-01-01T00:40:29.650Z,horizontal,,False
5189,119,P0119,580,4,C12,7,2378,AESTHETIC,RUN-AESTHETIC-4,2570,BASE,,Right,BASE,7042.0,2000-01-01T00:40:29.662Z,2000-01-01T00:40:36.912Z,horizontal,,False
5190,119,P0119,580,4,B06,85,2668,CONTROL,RUN-CONTROL-4,2476,BASE,,Tie,TIE,1391.0,2000-01-01T00:40:36.921Z,2000-01-01T00:40:38.529Z,horizontal,,False
5191,119,P0119,580,4,B25,6127,2517,BASE,,2325,AESTHETIC,RUN-AESTHETIC-4,Right,AESTHETIC,2554.0,2000-01-01T00:40:38.540Z,2000-01-01T00:40:41.369Z,horizontal,,False
5192,119,P0119,580,4,A08,6127,2435,BASE,,2627,CONTROL,RUN-CONTROL-4,Left,BASE,2201.0,2000-01-01T00:40:41.381Z,2000-01-01T00:40:43.786Z,horizontal,,False
5193,119,P0119,580,4,A08,6127,2627,CONTROL,RUN-CONTROL-4,2243,AESTHETIC,RUN-AESTHETIC-4,Right,AESTHETIC,2143.0,2000-01-01T00:40:43.799Z,2000-01-01T00:40:46.155Z,horizontal,,False
5194,119,P0119,580,4,C14,7,2390,AESTHETIC,RUN-AESTHETIC-4,2582,BASE,,Tie,TIE,3342.0,2000-01-01T00:40:46.166Z,2000-01-01T00:40:49.722Z,horizontal,,False
5195,119,P0119,580,4,B12,7,2298,AESTHETIC,RUN-AESTHETIC-4,2490,BASE,,Right,BASE,2745.0,2000-01-01T00:40:49.736Z,2000-01-01T00:40:52.698Z,horizontal,,False
5196,119,P0119,580,4,C04,7,2730,CONTROL,RUN-CONTROL-4,2346,AESTHETIC,RUN-AESTHETIC-4,Right,AESTHETIC,1678.0,2000-01-01T00:40:52.709Z,2000-01-01T00:40:54.594Z,horizontal,,False
5197,119,P0119,580,4,C18,25478,2781,CONTROL,RUN-CONTROL-4,2589,BASE,,Right,BASE,2756.0,2000-01-01T00:40:54.606Z,2000-01-01T00:40:57.579Z,horizontal,,False
5198,119,P0119,580,4,B08,7,2486,BASE,,2294,AESTHETIC,RUN-AESTHETIC-4,Tie,TIE,1539.0,2000-01-01T00:40:57.591Z,2000-01-01T00:40:59.332Z,horizontal,,False
5199,119,P0119,580,4,C01,6127,2533,BASE,,2725,CONTROL,RUN-CONTROL-4,Right,CONTROL,4640.0,2000-01-01T00:40:59.359Z,2000-01-01T00:41:04.219Z,horizontal,,False
5200,119,P0119,580,4,C09,6127,2371,AESTHETIC,RUN-AESTHETIC-4,2563,BASE,,Right,BASE,1717.0,2000-01-01T00:41:04.230Z,2000-01-01T00:41:06.154Z,horizontal,,False
5201,130,P0130,581,4,C09,7,2756,CONTROL,RUN-CONTROL-4,2564,BASE,,Left,CONTROL,7148.0,2000-01-01T00:00:41.142Z,2000-01-01T00:00:48.833Z,vertical,,False
5202,130,P0130,581,4,A07,25478,2225,AESTHETIC,RUN-AESTHETIC-4,2609,CONTROL,RUN-CONTROL-4,Left,AESTHETIC,5460.0,2000-01-01T00:00:48.844Z,2000-01-01T00:00:54.588Z,vertical,,False
5203,130,P0130,581,4,C14,25478,2573,BASE,,2381,AESTHETIC,RUN-AESTHETIC-4,Right,AESTHETIC,10855.0,2000-01-01T00:00:54.599Z,2000-01-01T00:01:06.044Z,vertical,,False
5204,130,P0130,581,4,C19,25478,2591,BASE,,2399,AESTHETIC,RUN-AESTHETIC-4,Left,BASE,3740.0,2000-01-01T00:01:06.056Z,2000-01-01T00:01:10.295Z,vertical,,False
5205,130,P0130,581,4,A04,85,2224,AESTHETIC,RUN-AESTHETIC-4,2416,BASE,,Left,AESTHETIC,2871.0,2000-01-01T00:01:10.306Z,2000-01-01T00:01:13.650Z,vertical,,False
5206,130,P0130,581,4,C17,6127,2403,AESTHETIC,RUN-AESTHETIC-4,2787,CONTROL,RUN-CONTROL-4,Right,CONTROL,2023.0,2000-01-01T00:01:13.660Z,2000-01-01T00:01:17.067Z,vertical,,False
5207,130,P0130,581,4,A08,25478,2619,CONTROL,RUN-CONTROL-4,2235,AESTHETIC,RUN-AESTHETIC-4,Left,CONTROL,2793.0,2000-01-01T00:01:17.082Z,2000-01-01T00:01:20.415Z,vertical,,False
5208,130,P0130,581,4,A08,7,2436,BASE,,2628,CONTROL,RUN-CONTROL-4,Left,BASE,2279.0,2000-01-01T00:01:20.516Z,2000-01-01T00:01:24.423Z,vertical,,False
5209,130,P0130,581,4,C20,7,2410,AESTHETIC,RUN-AESTHETIC-4,2602,BASE,,Right,BASE,2820.0,2000-01-01T00:01:24.435Z,2000-01-01T00:01:27.813Z,vertical,,False
5210,130,P0130,581,4,C15,6127,2775,CONTROL,RUN-CONTROL-4,2583,BASE,,Left,CONTROL,4627.0,2000-01-01T00:01:27.823Z,2000-01-01T00:01:32.740Z,vertical,,False
5211,130,P0130,581,4,A09,25478,2237,AESTHETIC,RUN-AESTHETIC-4,2621,CONTROL,RUN-CONTROL-4,Left,AESTHETIC,1985.0,2000-01-01T00:01:32.761Z,2000-01-01T00:01:35.007Z,vertical,,False
5212,130,P0130,581,4,C08,7,2746,CONTROL,RUN-CONTROL-4,2362,AESTHETIC,RUN-AESTHETIC-4,Right,AESTHETIC,3867.0,2000-01-01T00:01:35.017Z,2000-01-01T00:01:39.162Z,vertical,,False
5213,130,P0130,581,4,B04,85,2466,BASE,,2658,CONTROL,RUN-CONTROL-4,Right,CONTROL,3275.0,2000-01-01T00:01:39.175Z,2000-01-01T00:01:43.422Z,vertical,,False
5214,130,P0130,581,4,A22,7,2454,BASE,,2646,CONTROL,RUN-CONTROL-4,Right,CONTROL,3220.0,2000-01-01T00:01:43.434Z,2000-01-01T00:01:47.641Z,vertical,,False
5215,130,P0130,581,4,B19,6127,2695,CONTROL,RUN-CONTROL-4,2503,BASE,,Right,BASE,2776.0,2000-01-01T00:01:47.652Z,2000-01-01T00:01:51.226Z,vertical,,False
5216,130,P0130,581,4,B14,7,2500,BASE,,2308,AESTHETIC,RUN-AESTHETIC-4,Left,BASE,9607.0,2000-01-01T00:01:51.239Z,2000-01-01T00:02:01.204Z,vertical,,False
5217,130,P0130,581,4,B01,85,2462,BASE,,2654,CONTROL,RUN-CONTROL-4,Left,BASE,2542.0,2000-01-01T00:02:01.214Z,2000-01-01T00:02:04.077Z,vertical,,False
5218,130,P0130,581,4,C06,85,2350,AESTHETIC,RUN-AESTHETIC-4,2542,BASE,,Left,AESTHETIC,2495.0,2000-01-01T00:02:04.089Z,2000-01-01T00:02:06.881Z,vertical,,False
5219,130,P0130,581,4,C05,7,2740,CONTROL,RUN-CONTROL-4,2548,BASE,,Left,CONTROL,2135.0,2000-01-01T00:02:06.892Z,2000-01-01T00:02:09.322Z,vertical,,False
5220,130,P0130,581,4,C11,7,2568,BASE,,2760,CONTROL,RUN-CONTROL-4,Left,BASE,4882.0,2000-01-01T00:02:09.333Z,2000-01-01T00:02:14.572Z,vertical,,False
5221,130,P0130,581,4,A25,25478,2447,BASE,,2639,CONTROL,RUN-CONTROL-4,Left,BASE,2167.0,2000-01-01T00:02:14.583Z,2000-01-01T00:02:17.200Z,vertical,,False
5222,130,P0130,581,4,C17,6127,2403,AESTHETIC,RUN-AESTHETIC-4,2595,BASE,,Left,AESTHETIC,3393.0,2000-01-01T00:02:17.213Z,2000-01-01T00:02:21.129Z,vertical,,False
5223,130,P0130,581,4,A04,7,2616,CONTROL,RUN-CONTROL-4,2232,AESTHETIC,RUN-AESTHETIC-4,Left,CONTROL,2478.0,2000-01-01T00:02:21.140Z,2000-01-01T00:02:24.088Z,vertical,,False
5224,130,P0130,581,4,B20,25478,2497,BASE,,2689,CONTROL,RUN-CONTROL-4,Left,BASE,3889.0,2000-01-01T00:02:24.114Z,2000-01-01T00:02:28.618Z,vertical,,False
5225,130,P0130,581,4,C05,25478,2539,BASE,,2731,CONTROL,RUN-CONTROL-4,Left,BASE,2687.0,2000-01-01T00:02:28.629Z,2000-01-01T00:02:31.860Z,vertical,,False
5226,130,P0130,581,4,C06,85,2542,BASE,,2734,CONTROL,RUN-CONTROL-4,Right,CONTROL,3858.0,2000-01-01T00:02:31.870Z,2000-01-01T00:02:36.166Z,vertical,,False
5227,130,P0130,581,4,C18,7,2406,AESTHETIC,RUN-AESTHETIC-4,2598,BASE,,Left,AESTHETIC,4040.0,2000-01-01T00:02:36.178Z,2000-01-01T00:02:40.749Z,vertical,,False
5228,130,P0130,581,4,C08,6127,2745,CONTROL,RUN-CONTROL-4,2361,AESTHETIC,RUN-AESTHETIC-4,Right,AESTHETIC,2321.0,2000-01-01T00:02:40.761Z,2000-01-01T00:02:43.671Z,vertical,,False
5229,130,P0130,581,4,C06,25478,2733,CONTROL,RUN-CONTROL-4,2541,BASE,,Left,CONTROL,5036.0,2000-01-01T00:02:43.682Z,2000-01-01T00:02:49.203Z,vertical,,False
5230,130,P0130,581,4,A13,6127,2633,CONTROL,RUN-CONTROL-4,2441,BASE,,Tie,TIE,4806.0,2000-01-01T00:02:49.215Z,2000-01-01T00:02:54.500Z,vertical,,False
5231,230,P0230,584,4,C04,7,2538,BASE,,2346,AESTHETIC,RUN-AESTHETIC-4,Right,AESTHETIC,6725.0,2000-01-01T00:01:52.785Z,2000-01-01T00:01:59.914Z,horizontal,,False
5232,230,P0230,584,4,C08,85,2546,BASE,,2354,AESTHETIC,RUN-AESTHETIC-4,Left,BASE,3863.0,2000-01-01T00:01:59.925Z,2000-01-01T00:02:04.002Z,horizontal,,False
5233,230,P0230,584,4,A13,85,2626,CONTROL,RUN-CONTROL-4,2434,BASE,,Right,BASE,5586.0,2000-01-01T00:02:04.013Z,2000-01-01T00:02:09.810Z,horizontal,,False
5234,230,P0230,584,4,C09,25478,2555,BASE,,2747,CONTROL,RUN-CONTROL-4,Left,BASE,3721.0,2000-01-01T00:02:09.820Z,2000-01-01T00:02:13.761Z,horizontal,,False
5235,230,P0230,584,4,C04,85,2338,AESTHETIC,RUN-AESTHETIC-4,2530,BASE,,Left,AESTHETIC,2665.0,2000-01-01T00:02:13.772Z,2000-01-01T00:02:16.643Z,horizontal,,False
5236,230,P0230,584,4,C10,7,2566,BASE,,2374,AESTHETIC,RUN-AESTHETIC-4,Left,BASE,3763.0,2000-01-01T00:02:16.657Z,2000-01-01T00:02:20.635Z,horizontal,,False
5237,230,P0230,584,4,C19,7,2600,BASE,,2792,CONTROL,RUN-CONTROL-4,Tie,TIE,5591.0,2000-01-01T00:02:20.652Z,2000-01-01T00:02:26.448Z,horizontal,,False
5238,230,P0230,584,4,A25,7,2264,AESTHETIC,RUN-AESTHETIC-4,2648,CONTROL,RUN-CONTROL-4,Left,AESTHETIC,1978.0,2000-01-01T00:02:26.458Z,2000-01-01T00:02:28.642Z,horizontal,,False
5239,230,P0230,584,4,C19,85,2592,BASE,,2400,AESTHETIC,RUN-AESTHETIC-4,Tie,TIE,3039.0,2000-01-01T00:02:28.658Z,2000-01-01T00:02:31.915Z,horizontal,,False
5240,230,P0230,584,4,C08,25478,2353,AESTHETIC,RUN-AESTHETIC-4,2545,BASE,,Left,AESTHETIC,3318.0,2000-01-01T00:02:31.926Z,2000-01-01T00:02:35.465Z,horizontal,,False
5241,230,P0230,584,4,C14,25478,2765,CONTROL,RUN-CONTROL-4,2381,AESTHETIC,RUN-AESTHETIC-4,Tie,TIE,2030.0,2000-01-01T00:02:35.476Z,2000-01-01T00:02:37.714Z,horizontal,,False
5242,230,P0230,584,4,C18,7,2406,AESTHETIC,RUN-AESTHETIC-4,2790,CONTROL,RUN-CONTROL-4,Right,CONTROL,2406.0,2000-01-01T00:02:37.733Z,2000-01-01T00:02:40.352Z,horizontal,,False
5243,230,P0230,584,4,B23,6127,2515,BASE,,2707,CONTROL,RUN-CONTROL-4,Right,CONTROL,2384.0,2000-01-01T00:02:40.363Z,2000-01-01T00:02:42.962Z,horizontal,,False
5244,230,P0230,584,4,B02,85,2656,CONTROL,RUN-CONTROL-4,2272,AESTHETIC,RUN-AESTHETIC-4,Left,CONTROL,1971.0,2000-01-01T00:02:42.972Z,2000-01-01T00:02:45.183Z,horizontal,,False
5245,230,P0230,584,4,B29,25478,2523,BASE,,2331,AESTHETIC,RUN-AESTHETIC-4,Right,AESTHETIC,3167.0,2000-01-01T00:02:45.195Z,2000-01-01T00:02:48.587Z,horizontal,,False
5246,230,P0230,584,4,A08,85,2620,CONTROL,RUN-CONTROL-4,2428,BASE,,Right,BASE,4778.0,2000-01-01T00:02:48.601Z,2000-01-01T00:02:53.722Z,horizontal,,False
5247,230,P0230,584,4,A04,85,2608,CONTROL,RUN-CONTROL-4,2416,BASE,,Right,BASE,3432.0,2000-01-01T00:02:53.733Z,2000-01-01T00:02:57.390Z,horizontal,,False
5248,230,P0230,584,4,A02,6127,2229,AESTHETIC,RUN-AESTHETIC-4,2421,BASE,,Left,AESTHETIC,1872.0,2000-01-01T00:02:57.401Z,2000-01-01T00:02:59.481Z,horizontal,,False
5249,230,P0230,584,4,C09,6127,2755,CONTROL,RUN-CONTROL-4,2563,BASE,,Tie,TIE,2375.0,2000-01-01T00:02:59.491Z,2000-01-01T00:03:02.072Z,horizontal,,False
5250,230,P0230,584,4,B12,6127,2297,AESTHETIC,RUN-AESTHETIC-4,2489,BASE,,Tie,TIE,1796.0,2000-01-01T00:03:02.081Z,2000-01-01T00:03:04.090Z,horizontal,,False
5251,230,P0230,584,4,A26,25478,2257,AESTHETIC,RUN-AESTHETIC-4,2449,BASE,,Left,AESTHETIC,2971.0,2000-01-01T00:03:04.102Z,2000-01-01T00:03:07.283Z,horizontal,,False
5252,230,P0230,584,4,A02,25478,2413,BASE,,2221,AESTHETIC,RUN-AESTHETIC-4,Right,AESTHETIC,1846.0,2000-01-01T00:03:07.294Z,2000-01-01T00:03:09.345Z,horizontal,,False
5253,230,P0230,584,4,B27,85,2706,CONTROL,RUN-CONTROL-4,2322,AESTHETIC,RUN-AESTHETIC-4,Right,AESTHETIC,2093.0,2000-01-01T00:03:09.357Z,2000-01-01T00:03:11.656Z,horizontal,,False
5254,230,P0230,584,4,B06,85,2284,AESTHETIC,RUN-AESTHETIC-4,2476,BASE,,Tie,TIE,1504.0,2000-01-01T00:03:11.666Z,2000-01-01T00:03:13.384Z,horizontal,,False
5255,230,P0230,584,4,C02,85,2720,CONTROL,RUN-CONTROL-4,2336,AESTHETIC,RUN-AESTHETIC-4,Left,CONTROL,4283.0,2000-01-01T00:03:13.394Z,2000-01-01T00:03:17.889Z,horizontal,,False
5256,230,P0230,584,4,C17,25478,2587,BASE,,2779,CONTROL,RUN-CONTROL-4,Right,CONTROL,3630.0,2000-01-01T00:03:17.902Z,2000-01-01T00:03:21.737Z,horizontal,,False
5257,230,P0230,584,4,A27,6127,2659,CONTROL,RUN-CONTROL-4,2467,BASE,,Left,CONTROL,2292.0,2000-01-01T00:03:21.747Z,2000-01-01T00:03:24.241Z,horizontal,,False
5258,230,P0230,584,4,B06,7,2292,AESTHETIC,RUN-AESTHETIC-4,2484,BASE,,Left,AESTHETIC,1800.0,2000-01-01T00:03:24.252Z,2000-01-01T00:03:26.274Z,horizontal,,False
5259,230,P0230,584,4,B02,25478,2655,CONTROL,RUN-CONTROL-4,2271,AESTHETIC,RUN-AESTHETIC-4,Right,AESTHETIC,1945.0,2000-01-01T00:03:26.284Z,2000-01-01T00:03:28.443Z,horizontal,,False
5260,230,P0230,584,4,A04,7,2424,BASE,,2616,CONTROL,RUN-CONTROL-4,Tie,TIE,5738.0,2000-01-01T00:03:28.480Z,2000-01-01T00:03:34.425Z,horizontal,,False
5261,107,P0107,585,4,C04,6127,2729,CONTROL,RUN-CONTROL-4,2345,AESTHETIC,RUN-AESTHETIC-4,Left,CONTROL,18154.0,2000-01-01T00:01:44.924Z,2000-01-01T00:02:03.351Z,vertical,,False
5262,107,P0107,585,4,A27,85,2652,CONTROL,RUN-CONTROL-4,2268,AESTHETIC,RUN-AESTHETIC-4,Tie,TIE,23738.0,2000-01-01T00:02:03.363Z,2000-01-01T00:02:27.341Z,vertical,,False
5263,107,P0107,585,4,B19,7,2312,AESTHETIC,RUN-AESTHETIC-4,2696,CONTROL,RUN-CONTROL-4,Tie,TIE,17884.0,2000-01-01T00:02:27.352Z,2000-01-01T00:02:45.471Z,vertical,,False
5264,107,P0107,585,4,B04,7,2282,AESTHETIC,RUN-AESTHETIC-4,2474,BASE,,Left,AESTHETIC,22182.0,2000-01-01T00:02:45.482Z,2000-01-01T00:03:07.901Z,vertical,,False
5265,107,P0107,585,4,B15,7,2694,CONTROL,RUN-CONTROL-4,2310,AESTHETIC,RUN-AESTHETIC-4,Left,CONTROL,6703.0,2000-01-01T00:03:07.915Z,2000-01-01T00:03:14.865Z,vertical,,False
5266,107,P0107,585,4,C05,6127,2739,CONTROL,RUN-CONTROL-4,2547,BASE,,Left,CONTROL,5506.0,2000-01-01T00:03:14.878Z,2000-01-01T00:03:20.620Z,vertical,,False
5267,107,P0107,585,4,C05,7,2356,AESTHETIC,RUN-AESTHETIC-4,2548,BASE,,Right,BASE,6393.0,2000-01-01T00:03:20.631Z,2000-01-01T00:03:27.269Z,vertical,,False
5268,107,P0107,585,4,A11,7,2248,AESTHETIC,RUN-AESTHETIC-4,2440,BASE,,Left,AESTHETIC,15683.0,2000-01-01T00:03:27.279Z,2000-01-01T00:03:43.201Z,vertical,,False
5269,107,P0107,585,4,C07,25478,2351,AESTHETIC,RUN-AESTHETIC-4,2543,BASE,,Tie,TIE,1970.0,2000-01-01T00:03:43.212Z,2000-01-01T00:03:45.411Z,vertical,,False
5270,107,P0107,585,4,C18,85,2590,BASE,,2782,CONTROL,RUN-CONTROL-4,Tie,TIE,2083.0,2000-01-01T00:03:45.420Z,2000-01-01T00:03:47.721Z,vertical,,False
5271,107,P0107,585,4,C02,85,2720,CONTROL,RUN-CONTROL-4,2528,BASE,,Tie,TIE,2785.0,2000-01-01T00:03:47.732Z,2000-01-01T00:03:50.769Z,vertical,,False
5272,107,P0107,585,4,B15,25478,2493,BASE,,2301,AESTHETIC,RUN-AESTHETIC-4,Left,BASE,4098.0,2000-01-01T00:03:50.780Z,2000-01-01T00:03:55.121Z,vertical,,False
5273,107,P0107,585,4,B09,6127,2679,CONTROL,RUN-CONTROL-4,2487,BASE,,Tie,TIE,8419.0,2000-01-01T00:03:55.131Z,2000-01-01T00:04:03.789Z,vertical,,False
5274,107,P0107,585,4,B01,85,2270,AESTHETIC,RUN-AESTHETIC-4,2654,CONTROL,RUN-CONTROL-4,Tie,TIE,4994.0,2000-01-01T00:04:03.800Z,2000-01-01T00:04:09.039Z,vertical,,False
5275,107,P0107,585,4,C15,7,2392,AESTHETIC,RUN-AESTHETIC-4,2584,BASE,,Tie,TIE,1106.0,2000-01-01T00:04:09.049Z,2000-01-01T00:04:10.381Z,vertical,,False
5276,107,P0107,585,4,C02,6127,2343,AESTHETIC,RUN-AESTHETIC-4,2727,CONTROL,RUN-CONTROL-4,Tie,TIE,2513.0,2000-01-01T00:04:10.391Z,2000-01-01T00:04:13.141Z,vertical,,False
5277,107,P0107,585,4,B14,6127,2307,AESTHETIC,RUN-AESTHETIC-4,2499,BASE,,Tie,TIE,1605.0,2000-01-01T00:04:13.151Z,2000-01-01T00:04:15.030Z,vertical,,False
5278,107,P0107,585,4,B12,6127,2681,CONTROL,RUN-CONTROL-4,2489,BASE,,Tie,TIE,1141.0,2000-01-01T00:04:15.040Z,2000-01-01T00:04:16.421Z,vertical,,False
5279,107,P0107,585,4,A26,7,2458,BASE,,2650,CONTROL,RUN-CONTROL-4,Tie,TIE,19658.0,2000-01-01T00:04:16.432Z,2000-01-01T00:04:36.370Z,vertical,,False
5280,107,P0107,585,4,B27,85,2514,BASE,,2706,CONTROL,RUN-CONTROL-4,Right,CONTROL,5897.0,2000-01-01T00:04:36.385Z,2000-01-01T00:04:42.521Z,vertical,,False
5281,107,P0107,585,4,C18,6127,2405,AESTHETIC,RUN-AESTHETIC-4,2789,CONTROL,RUN-CONTROL-4,Tie,TIE,1791.0,2000-01-01T00:04:42.532Z,2000-01-01T00:04:44.561Z,vertical,,False
5282,107,P0107,585,4,B20,85,2498,BASE,,2690,CONTROL,RUN-CONTROL-4,Tie,TIE,2132.0,2000-01-01T00:04:44.572Z,2000-01-01T00:04:46.943Z,vertical,,False
5283,107,P0107,585,4,A25,6127,2455,BASE,,2263,AESTHETIC,RUN-AESTHETIC-4,Left,BASE,11618.0,2000-01-01T00:04:46.954Z,2000-01-01T00:04:58.816Z,vertical,,False
5284,107,P0107,585,4,C12,6127,2761,CONTROL,RUN-CONTROL-4,2569,BASE,,Right,BASE,8911.0,2000-01-01T00:04:58.828Z,2000-01-01T00:05:07.983Z,vertical,,False
5285,107,P0107,585,4,B01,25478,2461,BASE,,2269,AESTHETIC,RUN-AESTHETIC-4,Right,AESTHETIC,4463.0,2000-01-01T00:05:07.992Z,2000-01-01T00:05:12.696Z,vertical,,False
5286,107,P0107,585,4,C19,6127,2791,CONTROL,RUN-CONTROL-4,2407,AESTHETIC,RUN-AESTHETIC-4,Right,AESTHETIC,13289.0,2000-01-01T00:05:12.707Z,2000-01-01T00:05:26.243Z,vertical,,False
5287,107,P0107,585,4,B02,6127,2471,BASE,,2279,AESTHETIC,RUN-AESTHETIC-4,Tie,TIE,1267.0,2000-01-01T00:05:26.255Z,2000-01-01T00:05:27.780Z,vertical,,False
5288,107,P0107,585,4,C14,6127,2389,AESTHETIC,RUN-AESTHETIC-4,2773,CONTROL,RUN-CONTROL-4,Tie,TIE,3203.0,2000-01-01T00:05:27.791Z,2000-01-01T00:05:31.216Z,vertical,,False
5289,107,P0107,585,4,A01,6127,2611,CONTROL,RUN-CONTROL-4,2227,AESTHETIC,RUN-AESTHETIC-4,Tie,TIE,1548.0,2000-01-01T00:05:31.229Z,2000-01-01T00:05:33.040Z,vertical,,False
5290,107,P0107,585,4,C12,7,2762,CONTROL,RUN-CONTROL-4,2378,AESTHETIC,RUN-AESTHETIC-4,Tie,TIE,5520.0,2000-01-01T00:05:33.050Z,2000-01-01T00:05:38.820Z,vertical,,False
