prompt_set_id,prompt_set_name,prompt_set_version,frozen_at,prompt_id,prompt_code,text,negative_prompt,category,sort_order
3,Prompt Architetture,1,2026-09-27T23:21:54.949Z,11,A02,"exterior photograph of a metro station, glass, urban context, daylight, front view",,station,1
3,Prompt Architetture,1,2026-09-27T23:21:54.949Z,12,A03,"exterior photograph of a kindergarten, timber, in the mountains, daylight, side view",,school,2
3,Prompt Architetture,1,2026-09-27T23:21:54.949Z,13,A04,"exterior photograph of a small single-family house, white concrete, on the seafront, daylight, front view",,house,3
3,Prompt Architetture,1,2026-09-27T23:21:54.949Z,14,A06,"exterior photograph of an industrial shed, steel, industrial area, daylight, front view",,industrial,4
3,Prompt Architetture,1,2026-09-27T23:21:54.949Z,15,A07,"exterior photograph of a market hall, iron and glass, city centre, daylight, side view",,market,5
3,Prompt Architetture,1,2026-09-27T23:21:54.949Z,16,A09,"exterior photograph of an office building, glass, city centre, daylight, side view",,office,6
3,Prompt Architetture,1,2026-09-27T23:21:54.949Z,17,A11,"exterior photograph of a modern cathedral with bell tower, timber, in the mountains, daylight, three-quarter view",,religious,7
3,Prompt Architetture,1,2026-09-27T23:21:54.949Z,18,A12,"exterior photograph of a large winery, stone, in the middle of a large vineyard, daylight, front view",,industrial,8
3,Prompt Architetture,1,2026-09-27T23:21:54.949Z,19,A13,"exterior photograph of a football stadium, steel, city centre, daylight, side view",,sport,9
3,Prompt Architetture,1,2026-09-27T23:21:54.949Z,20,A15,"exterior photograph of a skyscraper projecting over the sea with brise-soleil, daylight, three-quarter view",,tower,10
3,Prompt Architetture,1,2026-09-27T23:21:54.949Z,21,A17,"exterior photograph of a panoramic restaurant, timber, in the mountains, daylight, three-quarter view",,restaurant,11
3,Prompt Architetture,1,2026-09-27T23:21:54.949Z,22,A23,"exterior photograph of a monastery, stone, urban area, daylight, front view",,religious,12
3,Prompt Architetture,1,2026-09-27T23:21:54.949Z,23,B01,"exterior photograph of a single-family villa, white render, beach, daylight, front view",,house,13
3,Prompt Architetture,1,2026-09-27T23:21:54.949Z,24,B04,"exterior photograph of a primary school, coloured render, urban park, daylight, side view",,school,14
3,Prompt Architetture,1,2026-09-27T23:21:54.949Z,25,B06,"exterior photograph of a university building, render and glass, campus, daylight, low-angle view",,school,15
3,Prompt Architetture,1,2026-09-27T23:21:54.949Z,26,B07,"exterior photograph of a two-family house, exposed brick, hillside, daylight, front view",,house,16
3,Prompt Architetture,1,2026-09-27T23:21:54.949Z,27,B08,"exterior photograph of a sports hall, glass, suburbs, daylight, front view",,sport,17
3,Prompt Architetture,1,2026-09-27T23:21:54.949Z,28,B09,"exterior photograph of a museum, coloured render, city centre, daylight, front view",,museum,18
3,Prompt Architetture,1,2026-09-27T23:21:54.949Z,29,B10,"exterior photograph of a railway station, stone slabs, city centre, daylight, front view",,station,19
3,Prompt Architetture,1,2026-09-27T23:21:54.949Z,30,B11,"exterior photograph of an airport, metal and glass, suburbs, daylight, front view",,station,20
3,Prompt Architetture,1,2026-09-27T23:21:54.949Z,31,B12,"exterior photograph of a town hall, exposed brick, city centre, daylight, front view",,civic,21
3,Prompt Architetture,1,2026-09-27T23:21:54.949Z,32,B14,"exterior photograph of a residential building, brick facing, city centre, daylight, front view",,housing,22
3,Prompt Architetture,1,2026-09-27T23:21:54.949Z,33,B16,"exterior photograph of a church, stone, city centre, daylight, side view",,religious,23
3,Prompt Architetture,1,2026-09-27T23:21:54.949Z,34,B25,"exterior photograph of a factory, iron and concrete, suburbs, daylight, front view",,industrial,24
3,Prompt Architetture,1,2026-09-27T23:21:54.949Z,35,B27,"exterior photograph of a single-family villa, stone and glass, in the mountains, daylight, front view",,house,25
3,Prompt Architetture,1,2026-09-27T23:21:54.949Z,36,A16,"exterior photograph of a residence hotel, timber, daylight, side view from the sea",,hotel,26
3,Prompt Architetture,1,2026-09-27T23:21:54.949Z,37,A19,"exterior photograph of a beach club, timber, daylight, eye-level view from the sea",,leisure,27
3,Prompt Architetture,1,2026-09-27T23:21:54.949Z,38,A30,"exterior photograph of houses set into the mountainside, semi-urban context, daylight, view from the sea",,housing,28
3,Prompt Architetture,1,2026-09-27T23:21:54.949Z,39,B19,"exterior photograph of a skyscraper, iron and glass, city centre, daylight, side view",,tower,29
3,Prompt Architetture,1,2026-09-27T23:21:54.949Z,40,B20,"exterior photograph of a bank, concrete and iron, city centre, daylight, front view",,office,30
4,Pilot - training strength,1,2026-09-28T00:19:37.153Z,41,X-A02,"exterior photograph of a metro station, glass, urban context, daylight, front view",,station,1
4,Pilot - training strength,1,2026-09-28T00:19:37.153Z,42,X-A12,"exterior photograph of a large winery, stone, in the middle of a large vineyard, daylight, front view",,industrial,1
4,Pilot - training strength,1,2026-09-28T00:19:37.153Z,43,X-B07,"exterior photograph of a two-family house, exposed brick, hillside, daylight, front view",,house,2
4,Pilot - training strength,1,2026-09-28T00:19:37.153Z,44,X-B16,"exterior photograph of a church, stone, city centre, daylight, side view",,religious,3
4,Pilot - training strength,1,2026-09-28T00:19:37.153Z,45,X-A15,"exterior photograph of a skyscraper projecting over the sea with brise-soleil, daylight, three-quarter view",,tower,4
4,Pilot - training strength,1,2026-09-28T00:19:37.153Z,46,X-B09,"exterior photograph of a museum, coloured render, city centre, daylight, front view",,museum,5
5,Prompt Architetture v2 (allineati al corpus),1,2026-09-28T05:37:18.004Z,47,A01,"exterior photograph of a museum, stone, on the seafront, daylight, three-quarter view",,museum,1
5,Prompt Architetture v2 (allineati al corpus),1,2026-09-28T05:37:18.004Z,48,A02,"exterior photograph of a metro station, glass, urban context, daylight, front view",,station,1
5,Prompt Architetture v2 (allineati al corpus),1,2026-09-28T05:37:18.004Z,49,A04,"exterior photograph of a small single-family house, white concrete, on the seafront, daylight, front view",,house,2
5,Prompt Architetture v2 (allineati al corpus),1,2026-09-28T05:37:18.004Z,50,A07,"exterior photograph of a market hall, iron and glass, city centre, daylight, side view",,market,3
5,Prompt Architetture v2 (allineati al corpus),1,2026-09-28T05:37:18.004Z,51,A08,"exterior photograph of a library, exposed brick, city centre, daylight, front view",,library,4
5,Prompt Architetture v2 (allineati al corpus),1,2026-09-28T05:37:18.004Z,52,A09,"exterior photograph of an office building, glass, city centre, daylight, side view",,office,5
5,Prompt Architetture v2 (allineati al corpus),1,2026-09-28T05:37:18.004Z,53,A11,"exterior photograph of a modern cathedral with bell tower, timber, in the mountains, daylight, three-quarter view",,religious,6
5,Prompt Architetture v2 (allineati al corpus),1,2026-09-28T05:37:18.004Z,54,A13,"exterior photograph of a football stadium, steel, city centre, daylight, side view",,sport,7
5,Prompt Architetture v2 (allineati al corpus),1,2026-09-28T05:37:18.004Z,55,A14,"exterior photograph of a bridge over a sea strait, steel, daylight, side view",,infrastructure,8
5,Prompt Architetture v2 (allineati al corpus),1,2026-09-28T05:37:18.004Z,56,A15,"exterior photograph of a skyscraper projecting over the sea with brise-soleil, daylight, three-quarter view",,tower,9
5,Prompt Architetture v2 (allineati al corpus),1,2026-09-28T05:37:18.004Z,57,A22,"exterior photograph of a church, stone, urban area, daylight, side view",,religious,10
5,Prompt Architetture v2 (allineati al corpus),1,2026-09-28T05:37:18.004Z,58,A25,"exterior photograph of a large seaside villa with swimming pool, white concrete, stone and timber, daylight, three-quarter view at eye level",,house,11
5,Prompt Architetture v2 (allineati al corpus),1,2026-09-28T05:37:18.004Z,59,A26,"exterior photograph of a railway station, steel, city centre, daylight, front view",,station,12
5,Prompt Architetture v2 (allineati al corpus),1,2026-09-28T05:37:18.004Z,60,A27,"exterior photograph of an airport terminal, steel and glass, daylight, eye-level view",,station,13
5,Prompt Architetture v2 (allineati al corpus),1,2026-09-28T05:37:18.004Z,61,B01,"exterior photograph of a single-family villa, white render, beach, daylight, front view",,house,14
5,Prompt Architetture v2 (allineati al corpus),1,2026-09-28T05:37:18.004Z,62,B02,"exterior photograph of a multi-storey urban building, render, city centre, daylight, front view",,housing,15
5,Prompt Architetture v2 (allineati al corpus),1,2026-09-28T05:37:18.004Z,63,B04,"exterior photograph of a primary school, coloured render, urban park, daylight, side view",,school,16
5,Prompt Architetture v2 (allineati al corpus),1,2026-09-28T05:37:18.004Z,64,B06,"exterior photograph of a university building, render and glass, campus, daylight, low-angle view",,school,17
5,Prompt Architetture v2 (allineati al corpus),1,2026-09-28T05:37:18.004Z,65,B08,"exterior photograph of a sports hall, glass, suburbs, daylight, front view",,sport,18
5,Prompt Architetture v2 (allineati al corpus),1,2026-09-28T05:37:18.004Z,66,B09,"exterior photograph of a museum, coloured render, city centre, daylight, front view",,museum,19
5,Prompt Architetture v2 (allineati al corpus),1,2026-09-28T05:37:18.004Z,67,B12,"exterior photograph of a town hall, exposed brick, city centre, daylight, front view",,civic,20
5,Prompt Architetture v2 (allineati al corpus),1,2026-09-28T05:37:18.004Z,68,B14,"exterior photograph of a residential building, brick facing, city centre, daylight, front view",,housing,21
5,Prompt Architetture v2 (allineati al corpus),1,2026-09-28T05:37:18.004Z,69,B15,"exterior photograph of a museum, render and glass, city centre, daylight, side view",,museum,22
5,Prompt Architetture v2 (allineati al corpus),1,2026-09-28T05:37:18.004Z,70,B19,"exterior photograph of a skyscraper, iron and glass, city centre, daylight, side view",,tower,23
5,Prompt Architetture v2 (allineati al corpus),1,2026-09-28T05:37:18.004Z,71,B20,"exterior photograph of a bank, concrete and iron, city centre, daylight, front view",,office,24
5,Prompt Architetture v2 (allineati al corpus),1,2026-09-28T05:37:18.004Z,72,B23,"exterior photograph of a church, exposed marble, city centre, daylight, front view",,religious,25
5,Prompt Architetture v2 (allineati al corpus),1,2026-09-28T05:37:18.004Z,73,B25,"exterior photograph of a factory, iron and concrete, suburbs, daylight, front view",,industrial,26
5,Prompt Architetture v2 (allineati al corpus),1,2026-09-28T05:37:18.004Z,74,B26,"exterior photograph of a public housing block, white render, suburbs, daylight, perspective view at eye level",,housing,27
5,Prompt Architetture v2 (allineati al corpus),1,2026-09-28T05:37:18.004Z,75,B27,"exterior photograph of a single-family villa, stone and glass, in the mountains, daylight, front view",,house,28
5,Prompt Architetture v2 (allineati al corpus),1,2026-09-28T05:37:18.004Z,76,B29,"exterior photograph of a stadium, concrete and iron, suburbs, daylight, perspective view at eye level",,sport,29
6,Prompt Architetture v2 (allineati al corpus),2,,77,A01,"exterior photograph of a museum, stone, on the seafront, daylight, three-quarter view","text, letters, lettering, signage, logo, watermark, caption, blurry, jpeg artifacts, noise, distorted lines, deformed structure, low quality",museum,1
6,Prompt Architetture v2 (allineati al corpus),2,,78,A02,"exterior photograph of a metro station, glass, urban context, daylight, front view","text, letters, lettering, signage, logo, watermark, caption, blurry, jpeg artifacts, noise, distorted lines, deformed structure, low quality",station,1
6,Prompt Architetture v2 (allineati al corpus),2,,79,A04,"exterior photograph of a small single-family house, white concrete, on the seafront, daylight, front view","text, letters, lettering, signage, logo, watermark, caption, blurry, jpeg artifacts, noise, distorted lines, deformed structure, low quality",house,2
6,Prompt Architetture v2 (allineati al corpus),2,,80,A07,"exterior photograph of a market hall, iron and glass, city centre, daylight, side view","text, letters, lettering, signage, logo, watermark, caption, blurry, jpeg artifacts, noise, distorted lines, deformed structure, low quality",market,3
6,Prompt Architetture v2 (allineati al corpus),2,,81,A08,"exterior photograph of a library, exposed brick, city centre, daylight, front view","text, letters, lettering, signage, logo, watermark, caption, blurry, jpeg artifacts, noise, distorted lines, deformed structure, low quality",library,4
6,Prompt Architetture v2 (allineati al corpus),2,,82,A09,"exterior photograph of an office building, glass, city centre, daylight, side view","text, letters, lettering, signage, logo, watermark, caption, blurry, jpeg artifacts, noise, distorted lines, deformed structure, low quality",office,5
6,Prompt Architetture v2 (allineati al corpus),2,,83,A11,"exterior photograph of a modern cathedral with bell tower, timber, in the mountains, daylight, three-quarter view","text, letters, lettering, signage, logo, watermark, caption, blurry, jpeg artifacts, noise, distorted lines, deformed structure, low quality",religious,6
6,Prompt Architetture v2 (allineati al corpus),2,,84,A13,"exterior photograph of a football stadium, steel, city centre, daylight, side view","text, letters, lettering, signage, logo, watermark, caption, blurry, jpeg artifacts, noise, distorted lines, deformed structure, low quality",sport,7
6,Prompt Architetture v2 (allineati al corpus),2,,85,A14,"exterior photograph of a bridge over a sea strait, steel, daylight, side view","text, letters, lettering, signage, logo, watermark, caption, blurry, jpeg artifacts, noise, distorted lines, deformed structure, low quality",infrastructure,8
6,Prompt Architetture v2 (allineati al corpus),2,,86,A15,"exterior photograph of a skyscraper projecting over the sea with brise-soleil, daylight, three-quarter view","text, letters, lettering, signage, logo, watermark, caption, blurry, jpeg artifacts, noise, distorted lines, deformed structure, low quality",tower,9
6,Prompt Architetture v2 (allineati al corpus),2,,87,A22,"exterior photograph of a church, stone, urban area, daylight, side view","text, letters, lettering, signage, logo, watermark, caption, blurry, jpeg artifacts, noise, distorted lines, deformed structure, low quality",religious,10
6,Prompt Architetture v2 (allineati al corpus),2,,88,A25,"exterior photograph of a large seaside villa with swimming pool, white concrete, stone and timber, daylight, three-quarter view at eye level","text, letters, lettering, signage, logo, watermark, caption, blurry, jpeg artifacts, noise, distorted lines, deformed structure, low quality",house,11
6,Prompt Architetture v2 (allineati al corpus),2,,89,A26,"exterior photograph of a railway station, steel, city centre, daylight, front view","text, letters, lettering, signage, logo, watermark, caption, blurry, jpeg artifacts, noise, distorted lines, deformed structure, low quality",station,12
6,Prompt Architetture v2 (allineati al corpus),2,,90,A27,"exterior photograph of an airport terminal, steel and glass, daylight, eye-level view","text, letters, lettering, signage, logo, watermark, caption, blurry, jpeg artifacts, noise, distorted lines, deformed structure, low quality",station,13
6,Prompt Architetture v2 (allineati al corpus),2,,91,B01,"exterior photograph of a single-family villa, white render, beach, daylight, front view","text, letters, lettering, signage, logo, watermark, caption, blurry, jpeg artifacts, noise, distorted lines, deformed structure, low quality",house,14
6,Prompt Architetture v2 (allineati al corpus),2,,92,B02,"exterior photograph of a multi-storey urban building, render, city centre, daylight, front view","text, letters, lettering, signage, logo, watermark, caption, blurry, jpeg artifacts, noise, distorted lines, deformed structure, low quality",housing,15
6,Prompt Architetture v2 (allineati al corpus),2,,93,B04,"exterior photograph of a primary school, coloured render, urban park, daylight, side view","text, letters, lettering, signage, logo, watermark, caption, blurry, jpeg artifacts, noise, distorted lines, deformed structure, low quality",school,16
6,Prompt Architetture v2 (allineati al corpus),2,,94,B06,"exterior photograph of a university building, render and glass, campus, daylight, low-angle view","text, letters, lettering, signage, logo, watermark, caption, blurry, jpeg artifacts, noise, distorted lines, deformed structure, low quality",school,17
6,Prompt Architetture v2 (allineati al corpus),2,,95,B08,"exterior photograph of a sports hall, glass, suburbs, daylight, front view","text, letters, lettering, signage, logo, watermark, caption, blurry, jpeg artifacts, noise, distorted lines, deformed structure, low quality",sport,18
6,Prompt Architetture v2 (allineati al corpus),2,,96,B09,"exterior photograph of a museum, coloured render, city centre, daylight, front view","text, letters, lettering, signage, logo, watermark, caption, blurry, jpeg artifacts, noise, distorted lines, deformed structure, low quality",museum,19
6,Prompt Architetture v2 (allineati al corpus),2,,97,B12,"exterior photograph of a town hall, exposed brick, city centre, daylight, front view","text, letters, lettering, signage, logo, watermark, caption, blurry, jpeg artifacts, noise, distorted lines, deformed structure, low quality",civic,20
6,Prompt Architetture v2 (allineati al corpus),2,,98,B14,"exterior photograph of a residential building, brick facing, city centre, daylight, front view","text, letters, lettering, signage, logo, watermark, caption, blurry, jpeg artifacts, noise, distorted lines, deformed structure, low quality",housing,21
6,Prompt Architetture v2 (allineati al corpus),2,,99,B15,"exterior photograph of a museum, render and glass, city centre, daylight, side view","text, letters, lettering, signage, logo, watermark, caption, blurry, jpeg artifacts, noise, distorted lines, deformed structure, low quality",museum,22
6,Prompt Architetture v2 (allineati al corpus),2,,100,B19,"exterior photograph of a skyscraper, iron and glass, city centre, daylight, side view","text, letters, lettering, signage, logo, watermark, caption, blurry, jpeg artifacts, noise, distorted lines, deformed structure, low quality",tower,23
6,Prompt Architetture v2 (allineati al corpus),2,,101,B20,"exterior photograph of a bank, concrete and iron, city centre, daylight, front view","text, letters, lettering, signage, logo, watermark, caption, blurry, jpeg artifacts, noise, distorted lines, deformed structure, low quality",office,24
6,Prompt Architetture v2 (allineati al corpus),2,,102,B23,"exterior photograph of a church, exposed marble, city centre, daylight, front view","text, letters, lettering, signage, logo, watermark, caption, blurry, jpeg artifacts, noise, distorted lines, deformed structure, low quality",religious,25
6,Prompt Architetture v2 (allineati al corpus),2,,103,B25,"exterior photograph of a factory, iron and concrete, suburbs, daylight, front view","text, letters, lettering, signage, logo, watermark, caption, blurry, jpeg artifacts, noise, distorted lines, deformed structure, low quality",industrial,26
6,Prompt Architetture v2 (allineati al corpus),2,,104,B26,"exterior photograph of a public housing block, white render, suburbs, daylight, perspective view at eye level","text, letters, lettering, signage, logo, watermark, caption, blurry, jpeg artifacts, noise, distorted lines, deformed structure, low quality",housing,27
6,Prompt Architetture v2 (allineati al corpus),2,,105,B27,"exterior photograph of a single-family villa, stone and glass, in the mountains, daylight, front view","text, letters, lettering, signage, logo, watermark, caption, blurry, jpeg artifacts, noise, distorted lines, deformed structure, low quality",house,28
6,Prompt Architetture v2 (allineati al corpus),2,,106,B29,"exterior photograph of a stadium, concrete and iron, suburbs, daylight, perspective view at eye level","text, letters, lettering, signage, logo, watermark, caption, blurry, jpeg artifacts, noise, distorted lines, deformed structure, low quality",sport,29
7,Prompt Architetture v2 (allineati al corpus),3,,107,A01,"exterior photograph of a museum, stone, on the seafront, daylight, three-quarter view","text, letters, lettering, signage, logo, watermark, caption, blurry, jpeg artifacts, noise, distorted lines, deformed structure, low quality",museum,1
7,Prompt Architetture v2 (allineati al corpus),3,,108,A02,"exterior photograph of a metro station, glass, urban context, daylight, front view","text, letters, lettering, signage, logo, watermark, caption, blurry, jpeg artifacts, noise, distorted lines, deformed structure, low quality",station,1
7,Prompt Architetture v2 (allineati al corpus),3,,109,A04,"exterior photograph of a small single-family house, white concrete, on the seafront, daylight, front view","text, letters, lettering, signage, logo, watermark, caption, blurry, jpeg artifacts, noise, distorted lines, deformed structure, low quality",house,2
7,Prompt Architetture v2 (allineati al corpus),3,,110,A07,"exterior photograph of a market hall, iron and glass, city centre, daylight, side view","text, letters, lettering, signage, logo, watermark, caption, blurry, jpeg artifacts, noise, distorted lines, deformed structure, low quality",market,3
7,Prompt Architetture v2 (allineati al corpus),3,,111,A08,"exterior photograph of a library, exposed brick, city centre, daylight, front view","text, letters, lettering, signage, logo, watermark, caption, blurry, jpeg artifacts, noise, distorted lines, deformed structure, low quality",library,4
7,Prompt Architetture v2 (allineati al corpus),3,,112,A09,"exterior photograph of an office building, glass, city centre, daylight, side view","text, letters, lettering, signage, logo, watermark, caption, blurry, jpeg artifacts, noise, distorted lines, deformed structure, low quality",office,5
7,Prompt Architetture v2 (allineati al corpus),3,,113,A11,"exterior photograph of a modern cathedral with bell tower, timber, in the mountains, daylight, three-quarter view","text, letters, lettering, signage, logo, watermark, caption, blurry, jpeg artifacts, noise, distorted lines, deformed structure, low quality",religious,6
7,Prompt Architetture v2 (allineati al corpus),3,,114,A13,"exterior photograph of a football stadium, steel, city centre, daylight, side view","text, letters, lettering, signage, logo, watermark, caption, blurry, jpeg artifacts, noise, distorted lines, deformed structure, low quality",sport,7
7,Prompt Architetture v2 (allineati al corpus),3,,115,A14,"exterior photograph of a bridge over a sea strait, steel, daylight, side view","text, letters, lettering, signage, logo, watermark, caption, blurry, jpeg artifacts, noise, distorted lines, deformed structure, low quality",infrastructure,8
7,Prompt Architetture v2 (allineati al corpus),3,,116,A15,"exterior photograph of a skyscraper projecting over the sea with brise-soleil, daylight, three-quarter view","text, letters, lettering, signage, logo, watermark, caption, blurry, jpeg artifacts, noise, distorted lines, deformed structure, low quality",tower,9
7,Prompt Architetture v2 (allineati al corpus),3,,117,A22,"exterior photograph of a church, stone, urban area, daylight, side view","text, letters, lettering, signage, logo, watermark, caption, blurry, jpeg artifacts, noise, distorted lines, deformed structure, low quality",religious,10
7,Prompt Architetture v2 (allineati al corpus),3,,118,A25,"exterior photograph of a large seaside villa with swimming pool, white concrete, stone and timber, daylight, three-quarter view at eye level","text, letters, lettering, signage, logo, watermark, caption, blurry, jpeg artifacts, noise, distorted lines, deformed structure, low quality",house,11
7,Prompt Architetture v2 (allineati al corpus),3,,119,A26,"exterior photograph of a railway station, steel, city centre, daylight, front view","text, letters, lettering, signage, logo, watermark, caption, blurry, jpeg artifacts, noise, distorted lines, deformed structure, low quality",station,12
7,Prompt Architetture v2 (allineati al corpus),3,,120,A27,"exterior photograph of an airport terminal, steel and glass, daylight, eye-level view","text, letters, lettering, signage, logo, watermark, caption, blurry, jpeg artifacts, noise, distorted lines, deformed structure, low quality",station,13
7,Prompt Architetture v2 (allineati al corpus),3,,121,B01,"exterior photograph of a single-family villa, white render, beach, daylight, front view","text, letters, lettering, signage, logo, watermark, caption, blurry, jpeg artifacts, noise, distorted lines, deformed structure, low quality",house,14
7,Prompt Architetture v2 (allineati al corpus),3,,122,B02,"exterior photograph of a multi-storey urban building, render, city centre, daylight, front view","text, letters, lettering, signage, logo, watermark, caption, blurry, jpeg artifacts, noise, distorted lines, deformed structure, low quality",housing,15
7,Prompt Architetture v2 (allineati al corpus),3,,123,B04,"exterior photograph of a primary school, coloured render, urban park, daylight, side view","text, letters, lettering, signage, logo, watermark, caption, blurry, jpeg artifacts, noise, distorted lines, deformed structure, low quality",school,16
7,Prompt Architetture v2 (allineati al corpus),3,,124,B06,"exterior photograph of a university building, render and glass, campus, daylight, low-angle view","text, letters, lettering, signage, logo, watermark, caption, blurry, jpeg artifacts, noise, distorted lines, deformed structure, low quality",school,17
7,Prompt Architetture v2 (allineati al corpus),3,,125,B08,"exterior photograph of a sports hall, glass, suburbs, daylight, front view","text, letters, lettering, signage, logo, watermark, caption, blurry, jpeg artifacts, noise, distorted lines, deformed structure, low quality",sport,18
7,Prompt Architetture v2 (allineati al corpus),3,,126,B09,"exterior photograph of a museum, coloured render, city centre, daylight, front view","text, letters, lettering, signage, logo, watermark, caption, blurry, jpeg artifacts, noise, distorted lines, deformed structure, low quality",museum,19
7,Prompt Architetture v2 (allineati al corpus),3,,127,B12,"exterior photograph of a town hall, exposed brick, city centre, daylight, front view","text, letters, lettering, signage, logo, watermark, caption, blurry, jpeg artifacts, noise, distorted lines, deformed structure, low quality",civic,20
7,Prompt Architetture v2 (allineati al corpus),3,,128,B14,"exterior photograph of a residential building, brick facing, city centre, daylight, front view","text, letters, lettering, signage, logo, watermark, caption, blurry, jpeg artifacts, noise, distorted lines, deformed structure, low quality",housing,21
7,Prompt Architetture v2 (allineati al corpus),3,,129,B15,"exterior photograph of a museum, render and glass, city centre, daylight, side view","text, letters, lettering, signage, logo, watermark, caption, blurry, jpeg artifacts, noise, distorted lines, deformed structure, low quality",museum,22
7,Prompt Architetture v2 (allineati al corpus),3,,130,B19,"exterior photograph of a skyscraper, iron and glass, city centre, daylight, side view","text, letters, lettering, signage, logo, watermark, caption, blurry, jpeg artifacts, noise, distorted lines, deformed structure, low quality",tower,23
7,Prompt Architetture v2 (allineati al corpus),3,,131,B20,"exterior photograph of a bank, concrete and iron, city centre, daylight, front view","text, letters, lettering, signage, logo, watermark, caption, blurry, jpeg artifacts, noise, distorted lines, deformed structure, low quality",office,24
7,Prompt Architetture v2 (allineati al corpus),3,,132,B23,"exterior photograph of a church, exposed marble, city centre, daylight, front view","text, letters, lettering, signage, logo, watermark, caption, blurry, jpeg artifacts, noise, distorted lines, deformed structure, low quality",religious,25
7,Prompt Architetture v2 (allineati al corpus),3,,133,B25,"exterior photograph of a factory, iron and concrete, suburbs, daylight, front view","text, letters, lettering, signage, logo, watermark, caption, blurry, jpeg artifacts, noise, distorted lines, deformed structure, low quality",industrial,26
7,Prompt Architetture v2 (allineati al corpus),3,,134,B26,"exterior photograph of a public housing block, white render, suburbs, daylight, perspective view at eye level","text, letters, lettering, signage, logo, watermark, caption, blurry, jpeg artifacts, noise, distorted lines, deformed structure, low quality",housing,27
7,Prompt Architetture v2 (allineati al corpus),3,,135,B27,"exterior photograph of a single-family villa, stone and glass, in the mountains, daylight, front view","text, letters, lettering, signage, logo, watermark, caption, blurry, jpeg artifacts, noise, distorted lines, deformed structure, low quality",house,28
7,Prompt Architetture v2 (allineati al corpus),3,,136,B29,"exterior photograph of a stadium, concrete and iron, suburbs, daylight, perspective view at eye level","text, letters, lettering, signage, logo, watermark, caption, blurry, jpeg artifacts, noise, distorted lines, deformed structure, low quality",sport,29
8,Pilot - artefacts,1,2026-09-28T05:56:49.573Z,137,X-A02,"exterior photograph of a metro station, glass, urban context, daylight, front view","text, letters, lettering, signage, logo, watermark, caption, blurry, jpeg artifacts, noise, distorted lines, deformed structure, low quality",station,1
8,Pilot - artefacts,1,2026-09-28T05:56:49.573Z,138,X-A09,"exterior photograph of an office building, glass, city centre, daylight, side view","text, letters, lettering, signage, logo, watermark, caption, blurry, jpeg artifacts, noise, distorted lines, deformed structure, low quality",office,1
8,Pilot - artefacts,1,2026-09-28T05:56:49.573Z,139,X-A13,"exterior photograph of a football stadium, steel, city centre, daylight, side view","text, letters, lettering, signage, logo, watermark, caption, blurry, jpeg artifacts, noise, distorted lines, deformed structure, low quality",sport,2
8,Pilot - artefacts,1,2026-09-28T05:56:49.573Z,140,X-A14,"exterior photograph of a bridge over a sea strait, steel, daylight, side view","text, letters, lettering, signage, logo, watermark, caption, blurry, jpeg artifacts, noise, distorted lines, deformed structure, low quality",infrastructure,3
9,Pilot - photorealism,1,2026-09-28T06:46:00.130Z,141,P-A02,"exterior photograph of a metro station, glass, urban context, daylight, front view, professional architectural photography, shot on a full-frame camera with a 24mm lens, natural light, realistic materials and textures, sharp focus","text, letters, lettering, signage, logo, watermark, 3d render, cgi, rendering, illustration, painting, drawing, cartoon, plastic, smooth surfaces, oversaturated, hdr, blurry, jpeg artifacts, distorted lines, deformed structure, low quality",station,1
9,Pilot - photorealism,1,2026-09-28T06:46:00.130Z,142,P-A09,"exterior photograph of an office building, glass, city centre, daylight, side view, professional architectural photography, shot on a full-frame camera with a 24mm lens, natural light, realistic materials and textures, sharp focus","text, letters, lettering, signage, logo, watermark, 3d render, cgi, rendering, illustration, painting, drawing, cartoon, plastic, smooth surfaces, oversaturated, hdr, blurry, jpeg artifacts, distorted lines, deformed structure, low quality",office,1
9,Pilot - photorealism,1,2026-09-28T06:46:00.130Z,143,P-A13,"exterior photograph of a football stadium, steel, city centre, daylight, side view, professional architectural photography, shot on a full-frame camera with a 24mm lens, natural light, realistic materials and textures, sharp focus","text, letters, lettering, signage, logo, watermark, 3d render, cgi, rendering, illustration, painting, drawing, cartoon, plastic, smooth surfaces, oversaturated, hdr, blurry, jpeg artifacts, distorted lines, deformed structure, low quality",sport,2
9,Pilot - photorealism,1,2026-09-28T06:46:00.130Z,144,P-A14,"exterior photograph of a bridge over a sea strait, steel, daylight, side view, professional architectural photography, shot on a full-frame camera with a 24mm lens, natural light, realistic materials and textures, sharp focus","text, letters, lettering, signage, logo, watermark, 3d render, cgi, rendering, illustration, painting, drawing, cartoon, plastic, smooth surfaces, oversaturated, hdr, blurry, jpeg artifacts, distorted lines, deformed structure, low quality",infrastructure,3
9,Pilot - photorealism,1,2026-09-28T06:46:00.130Z,145,P-B09,"exterior photograph of a museum, coloured render, city centre, daylight, front view, professional architectural photography, shot on a full-frame camera with a 24mm lens, natural light, realistic materials and textures, sharp focus","text, letters, lettering, signage, logo, watermark, 3d render, cgi, rendering, illustration, painting, drawing, cartoon, plastic, smooth surfaces, oversaturated, hdr, blurry, jpeg artifacts, distorted lines, deformed structure, low quality",museum,4
9,Pilot - photorealism,1,2026-09-28T06:46:00.130Z,146,P-B27,"exterior photograph of a single-family villa, stone and glass, in the mountains, daylight, front view, professional architectural photography, shot on a full-frame camera with a 24mm lens, natural light, realistic materials and textures, sharp focus","text, letters, lettering, signage, logo, watermark, 3d render, cgi, rendering, illustration, painting, drawing, cartoon, plastic, smooth surfaces, oversaturated, hdr, blurry, jpeg artifacts, distorted lines, deformed structure, low quality",house,5
10,Prompt Architetture v2 (allineati al corpus),4,2026-09-28T07:31:28.608Z,147,A01,"exterior photograph of a museum, stone, on the seafront, daylight, three-quarter view, seen from outside, professional architectural photography, shot on a full-frame camera with a 24mm lens, natural light, realistic materials and textures, sharp focus","interior, indoor, inside view, text, letters, lettering, signage, logo, watermark, 3d render, cgi, rendering, illustration, painting, drawing, cartoon, plastic, smooth surfaces, oversaturated, hdr, blurry, jpeg artifacts, distorted lines, deformed structure, low quality",museum,1
10,Prompt Architetture v2 (allineati al corpus),4,2026-09-28T07:31:28.608Z,148,A02,"exterior photograph of a metro station, glass, urban context, daylight, front view, seen from outside, professional architectural photography, shot on a full-frame camera with a 24mm lens, natural light, realistic materials and textures, sharp focus","interior, indoor, inside view, text, letters, lettering, signage, logo, watermark, 3d render, cgi, rendering, illustration, painting, drawing, cartoon, plastic, smooth surfaces, oversaturated, hdr, blurry, jpeg artifacts, distorted lines, deformed structure, low quality",station,1
10,Prompt Architetture v2 (allineati al corpus),4,2026-09-28T07:31:28.608Z,149,A04,"exterior photograph of a small single-family house, white concrete, on the seafront, daylight, front view, seen from outside, professional architectural photography, shot on a full-frame camera with a 24mm lens, natural light, realistic materials and textures, sharp focus","interior, indoor, inside view, text, letters, lettering, signage, logo, watermark, 3d render, cgi, rendering, illustration, painting, drawing, cartoon, plastic, smooth surfaces, oversaturated, hdr, blurry, jpeg artifacts, distorted lines, deformed structure, low quality",house,2
10,Prompt Architetture v2 (allineati al corpus),4,2026-09-28T07:31:28.608Z,150,A07,"exterior photograph of a market hall, iron and glass, city centre, daylight, side view, seen from outside, professional architectural photography, shot on a full-frame camera with a 24mm lens, natural light, realistic materials and textures, sharp focus","interior, indoor, inside view, text, letters, lettering, signage, logo, watermark, 3d render, cgi, rendering, illustration, painting, drawing, cartoon, plastic, smooth surfaces, oversaturated, hdr, blurry, jpeg artifacts, distorted lines, deformed structure, low quality",market,3
10,Prompt Architetture v2 (allineati al corpus),4,2026-09-28T07:31:28.608Z,151,A08,"exterior photograph of a library, exposed brick, city centre, daylight, front view, seen from outside, professional architectural photography, shot on a full-frame camera with a 24mm lens, natural light, realistic materials and textures, sharp focus","interior, indoor, inside view, text, letters, lettering, signage, logo, watermark, 3d render, cgi, rendering, illustration, painting, drawing, cartoon, plastic, smooth surfaces, oversaturated, hdr, blurry, jpeg artifacts, distorted lines, deformed structure, low quality",library,4
10,Prompt Architetture v2 (allineati al corpus),4,2026-09-28T07:31:28.608Z,152,A09,"exterior photograph of an office building, glass, city centre, daylight, side view, seen from outside, professional architectural photography, shot on a full-frame camera with a 24mm lens, natural light, realistic materials and textures, sharp focus","interior, indoor, inside view, text, letters, lettering, signage, logo, watermark, 3d render, cgi, rendering, illustration, painting, drawing, cartoon, plastic, smooth surfaces, oversaturated, hdr, blurry, jpeg artifacts, distorted lines, deformed structure, low quality",office,5
10,Prompt Architetture v2 (allineati al corpus),4,2026-09-28T07:31:28.608Z,153,A11,"exterior photograph of a modern cathedral with bell tower, timber, in the mountains, daylight, three-quarter view, seen from outside, professional architectural photography, shot on a full-frame camera with a 24mm lens, natural light, realistic materials and textures, sharp focus","interior, indoor, inside view, text, letters, lettering, signage, logo, watermark, 3d render, cgi, rendering, illustration, painting, drawing, cartoon, plastic, smooth surfaces, oversaturated, hdr, blurry, jpeg artifacts, distorted lines, deformed structure, low quality",religious,6
10,Prompt Architetture v2 (allineati al corpus),4,2026-09-28T07:31:28.608Z,154,A13,"exterior photograph of a football stadium, steel, city centre, daylight, side view, seen from outside, professional architectural photography, shot on a full-frame camera with a 24mm lens, natural light, realistic materials and textures, sharp focus","interior, indoor, inside view, text, letters, lettering, signage, logo, watermark, 3d render, cgi, rendering, illustration, painting, drawing, cartoon, plastic, smooth surfaces, oversaturated, hdr, blurry, jpeg artifacts, distorted lines, deformed structure, low quality",sport,7
10,Prompt Architetture v2 (allineati al corpus),4,2026-09-28T07:31:28.608Z,155,A14,"exterior photograph of a bridge over a sea strait, steel, daylight, side view, seen from outside, professional architectural photography, shot on a full-frame camera with a 24mm lens, natural light, realistic materials and textures, sharp focus","interior, indoor, inside view, text, letters, lettering, signage, logo, watermark, 3d render, cgi, rendering, illustration, painting, drawing, cartoon, plastic, smooth surfaces, oversaturated, hdr, blurry, jpeg artifacts, distorted lines, deformed structure, low quality",infrastructure,8
10,Prompt Architetture v2 (allineati al corpus),4,2026-09-28T07:31:28.608Z,156,A15,"exterior photograph of a skyscraper projecting over the sea with brise-soleil, daylight, three-quarter view, seen from outside, professional architectural photography, shot on a full-frame camera with a 24mm lens, natural light, realistic materials and textures, sharp focus","interior, indoor, inside view, text, letters, lettering, signage, logo, watermark, 3d render, cgi, rendering, illustration, painting, drawing, cartoon, plastic, smooth surfaces, oversaturated, hdr, blurry, jpeg artifacts, distorted lines, deformed structure, low quality",tower,9
10,Prompt Architetture v2 (allineati al corpus),4,2026-09-28T07:31:28.608Z,157,A22,"exterior photograph of a church, stone, urban area, daylight, side view, seen from outside, professional architectural photography, shot on a full-frame camera with a 24mm lens, natural light, realistic materials and textures, sharp focus","interior, indoor, inside view, text, letters, lettering, signage, logo, watermark, 3d render, cgi, rendering, illustration, painting, drawing, cartoon, plastic, smooth surfaces, oversaturated, hdr, blurry, jpeg artifacts, distorted lines, deformed structure, low quality",religious,10
10,Prompt Architetture v2 (allineati al corpus),4,2026-09-28T07:31:28.608Z,158,A25,"exterior photograph of a large seaside villa with swimming pool, white concrete, stone and timber, daylight, three-quarter view at eye level, seen from outside, professional architectural photography, shot on a full-frame camera with a 24mm lens, natural light, realistic materials and textures, sharp focus","interior, indoor, inside view, text, letters, lettering, signage, logo, watermark, 3d render, cgi, rendering, illustration, painting, drawing, cartoon, plastic, smooth surfaces, oversaturated, hdr, blurry, jpeg artifacts, distorted lines, deformed structure, low quality",house,11
10,Prompt Architetture v2 (allineati al corpus),4,2026-09-28T07:31:28.608Z,159,A26,"exterior photograph of a railway station, steel, city centre, daylight, front view, seen from outside, professional architectural photography, shot on a full-frame camera with a 24mm lens, natural light, realistic materials and textures, sharp focus","interior, indoor, inside view, text, letters, lettering, signage, logo, watermark, 3d render, cgi, rendering, illustration, painting, drawing, cartoon, plastic, smooth surfaces, oversaturated, hdr, blurry, jpeg artifacts, distorted lines, deformed structure, low quality",station,12
10,Prompt Architetture v2 (allineati al corpus),4,2026-09-28T07:31:28.608Z,160,A27,"exterior photograph of an airport terminal, steel and glass, daylight, eye-level view, seen from outside, professional architectural photography, shot on a full-frame camera with a 24mm lens, natural light, realistic materials and textures, sharp focus","interior, indoor, inside view, text, letters, lettering, signage, logo, watermark, 3d render, cgi, rendering, illustration, painting, drawing, cartoon, plastic, smooth surfaces, oversaturated, hdr, blurry, jpeg artifacts, distorted lines, deformed structure, low quality",station,13
10,Prompt Architetture v2 (allineati al corpus),4,2026-09-28T07:31:28.608Z,161,B01,"exterior photograph of a single-family villa, white render, beach, daylight, front view, seen from outside, professional architectural photography, shot on a full-frame camera with a 24mm lens, natural light, realistic materials and textures, sharp focus","interior, indoor, inside view, text, letters, lettering, signage, logo, watermark, 3d render, cgi, rendering, illustration, painting, drawing, cartoon, plastic, smooth surfaces, oversaturated, hdr, blurry, jpeg artifacts, distorted lines, deformed structure, low quality",house,14
10,Prompt Architetture v2 (allineati al corpus),4,2026-09-28T07:31:28.608Z,162,B02,"exterior photograph of a multi-storey urban building, render, city centre, daylight, front view, seen from outside, professional architectural photography, shot on a full-frame camera with a 24mm lens, natural light, realistic materials and textures, sharp focus","interior, indoor, inside view, text, letters, lettering, signage, logo, watermark, 3d render, cgi, rendering, illustration, painting, drawing, cartoon, plastic, smooth surfaces, oversaturated, hdr, blurry, jpeg artifacts, distorted lines, deformed structure, low quality",housing,15
10,Prompt Architetture v2 (allineati al corpus),4,2026-09-28T07:31:28.608Z,163,B04,"exterior photograph of a primary school, coloured render, urban park, daylight, side view, seen from outside, professional architectural photography, shot on a full-frame camera with a 24mm lens, natural light, realistic materials and textures, sharp focus","interior, indoor, inside view, text, letters, lettering, signage, logo, watermark, 3d render, cgi, rendering, illustration, painting, drawing, cartoon, plastic, smooth surfaces, oversaturated, hdr, blurry, jpeg artifacts, distorted lines, deformed structure, low quality",school,16
10,Prompt Architetture v2 (allineati al corpus),4,2026-09-28T07:31:28.608Z,164,B06,"exterior photograph of a university building, render and glass, campus, daylight, low-angle view, seen from outside, professional architectural photography, shot on a full-frame camera with a 24mm lens, natural light, realistic materials and textures, sharp focus","interior, indoor, inside view, text, letters, lettering, signage, logo, watermark, 3d render, cgi, rendering, illustration, painting, drawing, cartoon, plastic, smooth surfaces, oversaturated, hdr, blurry, jpeg artifacts, distorted lines, deformed structure, low quality",school,17
10,Prompt Architetture v2 (allineati al corpus),4,2026-09-28T07:31:28.608Z,165,B08,"exterior photograph of a sports hall, glass, suburbs, daylight, front view, seen from outside, professional architectural photography, shot on a full-frame camera with a 24mm lens, natural light, realistic materials and textures, sharp focus","interior, indoor, inside view, text, letters, lettering, signage, logo, watermark, 3d render, cgi, rendering, illustration, painting, drawing, cartoon, plastic, smooth surfaces, oversaturated, hdr, blurry, jpeg artifacts, distorted lines, deformed structure, low quality",sport,18
10,Prompt Architetture v2 (allineati al corpus),4,2026-09-28T07:31:28.608Z,166,B09,"exterior photograph of a museum, coloured render, city centre, daylight, front view, seen from outside, professional architectural photography, shot on a full-frame camera with a 24mm lens, natural light, realistic materials and textures, sharp focus","interior, indoor, inside view, text, letters, lettering, signage, logo, watermark, 3d render, cgi, rendering, illustration, painting, drawing, cartoon, plastic, smooth surfaces, oversaturated, hdr, blurry, jpeg artifacts, distorted lines, deformed structure, low quality",museum,19
10,Prompt Architetture v2 (allineati al corpus),4,2026-09-28T07:31:28.608Z,167,B12,"exterior photograph of a town hall, exposed brick, city centre, daylight, front view, seen from outside, professional architectural photography, shot on a full-frame camera with a 24mm lens, natural light, realistic materials and textures, sharp focus","interior, indoor, inside view, text, letters, lettering, signage, logo, watermark, 3d render, cgi, rendering, illustration, painting, drawing, cartoon, plastic, smooth surfaces, oversaturated, hdr, blurry, jpeg artifacts, distorted lines, deformed structure, low quality",civic,20
10,Prompt Architetture v2 (allineati al corpus),4,2026-09-28T07:31:28.608Z,168,B14,"exterior photograph of a residential building, brick facing, city centre, daylight, front view, seen from outside, professional architectural photography, shot on a full-frame camera with a 24mm lens, natural light, realistic materials and textures, sharp focus","interior, indoor, inside view, text, letters, lettering, signage, logo, watermark, 3d render, cgi, rendering, illustration, painting, drawing, cartoon, plastic, smooth surfaces, oversaturated, hdr, blurry, jpeg artifacts, distorted lines, deformed structure, low quality",housing,21
10,Prompt Architetture v2 (allineati al corpus),4,2026-09-28T07:31:28.608Z,169,B15,"exterior photograph of a museum, render and glass, city centre, daylight, side view, seen from outside, professional architectural photography, shot on a full-frame camera with a 24mm lens, natural light, realistic materials and textures, sharp focus","interior, indoor, inside view, text, letters, lettering, signage, logo, watermark, 3d render, cgi, rendering, illustration, painting, drawing, cartoon, plastic, smooth surfaces, oversaturated, hdr, blurry, jpeg artifacts, distorted lines, deformed structure, low quality",museum,22
10,Prompt Architetture v2 (allineati al corpus),4,2026-09-28T07:31:28.608Z,170,B19,"exterior photograph of a skyscraper, iron and glass, city centre, daylight, side view, seen from outside, professional architectural photography, shot on a full-frame camera with a 24mm lens, natural light, realistic materials and textures, sharp focus","interior, indoor, inside view, text, letters, lettering, signage, logo, watermark, 3d render, cgi, rendering, illustration, painting, drawing, cartoon, plastic, smooth surfaces, oversaturated, hdr, blurry, jpeg artifacts, distorted lines, deformed structure, low quality",tower,23
10,Prompt Architetture v2 (allineati al corpus),4,2026-09-28T07:31:28.608Z,171,B20,"exterior photograph of a bank, concrete and iron, city centre, daylight, front view, seen from outside, professional architectural photography, shot on a full-frame camera with a 24mm lens, natural light, realistic materials and textures, sharp focus","interior, indoor, inside view, text, letters, lettering, signage, logo, watermark, 3d render, cgi, rendering, illustration, painting, drawing, cartoon, plastic, smooth surfaces, oversaturated, hdr, blurry, jpeg artifacts, distorted lines, deformed structure, low quality",office,24
10,Prompt Architetture v2 (allineati al corpus),4,2026-09-28T07:31:28.608Z,172,B23,"exterior photograph of a church, exposed marble, city centre, daylight, front view, seen from outside, professional architectural photography, shot on a full-frame camera with a 24mm lens, natural light, realistic materials and textures, sharp focus","interior, indoor, inside view, text, letters, lettering, signage, logo, watermark, 3d render, cgi, rendering, illustration, painting, drawing, cartoon, plastic, smooth surfaces, oversaturated, hdr, blurry, jpeg artifacts, distorted lines, deformed structure, low quality",religious,25
10,Prompt Architetture v2 (allineati al corpus),4,2026-09-28T07:31:28.608Z,173,B25,"exterior photograph of a factory, iron and concrete, suburbs, daylight, front view, seen from outside, professional architectural photography, shot on a full-frame camera with a 24mm lens, natural light, realistic materials and textures, sharp focus","interior, indoor, inside view, text, letters, lettering, signage, logo, watermark, 3d render, cgi, rendering, illustration, painting, drawing, cartoon, plastic, smooth surfaces, oversaturated, hdr, blurry, jpeg artifacts, distorted lines, deformed structure, low quality",industrial,26
10,Prompt Architetture v2 (allineati al corpus),4,2026-09-28T07:31:28.608Z,174,B26,"exterior photograph of a public housing block, white render, suburbs, daylight, perspective view at eye level, seen from outside, professional architectural photography, shot on a full-frame camera with a 24mm lens, natural light, realistic materials and textures, sharp focus","interior, indoor, inside view, text, letters, lettering, signage, logo, watermark, 3d render, cgi, rendering, illustration, painting, drawing, cartoon, plastic, smooth surfaces, oversaturated, hdr, blurry, jpeg artifacts, distorted lines, deformed structure, low quality",housing,27
10,Prompt Architetture v2 (allineati al corpus),4,2026-09-28T07:31:28.608Z,175,B27,"exterior photograph of a single-family villa, stone and glass, in the mountains, daylight, front view, seen from outside, professional architectural photography, shot on a full-frame camera with a 24mm lens, natural light, realistic materials and textures, sharp focus","interior, indoor, inside view, text, letters, lettering, signage, logo, watermark, 3d render, cgi, rendering, illustration, painting, drawing, cartoon, plastic, smooth surfaces, oversaturated, hdr, blurry, jpeg artifacts, distorted lines, deformed structure, low quality",house,28
10,Prompt Architetture v2 (allineati al corpus),4,2026-09-28T07:31:28.608Z,176,B29,"exterior photograph of a stadium, concrete and iron, suburbs, daylight, perspective view at eye level, seen from outside, professional architectural photography, shot on a full-frame camera with a 24mm lens, natural light, realistic materials and textures, sharp focus","interior, indoor, inside view, text, letters, lettering, signage, logo, watermark, 3d render, cgi, rendering, illustration, painting, drawing, cartoon, plastic, smooth surfaces, oversaturated, hdr, blurry, jpeg artifacts, distorted lines, deformed structure, low quality",sport,29
11,Pilot - period and framing fixes,1,2026-09-28T08:36:47.822Z,177,Q-A01,"exterior photograph of a modern museum, stone, on the seafront, daylight, three-quarter view, whole building in view, professional architectural photography, full-frame camera, 24mm lens, natural light, realistic materials, sharp focus","interior, indoor, inside view, close-up, cropped, historic building, neoclassical, gothic, baroque, victorian, classical columns, ornate, medieval, text, lettering, signage, logo, watermark, 3d render, cgi, illustration, painting, cartoon, plastic, oversaturated, blurry, jpeg artifacts, distorted lines, deformed structure, low quality",,1
11,Pilot - period and framing fixes,1,2026-09-28T08:36:47.822Z,178,Q-A02,"exterior photograph of a modern metro station entrance pavilion, glass, urban square, daylight, front view, whole building in view, professional architectural photography, full-frame camera, 24mm lens, natural light, realistic materials, sharp focus","interior, indoor, inside view, close-up, cropped, historic building, neoclassical, gothic, baroque, victorian, classical columns, ornate, medieval, text, lettering, signage, logo, watermark, 3d render, cgi, illustration, painting, cartoon, plastic, oversaturated, blurry, jpeg artifacts, distorted lines, deformed structure, low quality",,1
11,Pilot - period and framing fixes,1,2026-09-28T08:36:47.822Z,179,Q-A07,"exterior photograph of a modern market hall, steel and glass facade, city centre, daylight, side view, whole building in view, professional architectural photography, full-frame camera, 24mm lens, natural light, realistic materials, sharp focus","interior, indoor, inside view, close-up, cropped, historic building, neoclassical, gothic, baroque, victorian, classical columns, ornate, medieval, text, lettering, signage, logo, watermark, 3d render, cgi, illustration, painting, cartoon, plastic, oversaturated, blurry, jpeg artifacts, distorted lines, deformed structure, low quality",,2
11,Pilot - period and framing fixes,1,2026-09-28T08:36:47.822Z,180,Q-A08,"exterior photograph of a modern library, exposed brick, city centre, daylight, front view, whole building in view, professional architectural photography, full-frame camera, 24mm lens, natural light, realistic materials, sharp focus","interior, indoor, inside view, close-up, cropped, historic building, neoclassical, gothic, baroque, victorian, classical columns, ornate, medieval, text, lettering, signage, logo, watermark, 3d render, cgi, illustration, painting, cartoon, plastic, oversaturated, blurry, jpeg artifacts, distorted lines, deformed structure, low quality",,3
11,Pilot - period and framing fixes,1,2026-09-28T08:36:47.822Z,181,Q-A09,"exterior photograph of a modern office building, glass, city centre, daylight, side view from across the street, whole building in view, professional architectural photography, full-frame camera, 24mm lens, natural light, realistic materials, sharp focus","interior, indoor, inside view, close-up, cropped, historic building, neoclassical, gothic, baroque, victorian, classical columns, ornate, medieval, text, lettering, signage, logo, watermark, 3d render, cgi, illustration, painting, cartoon, plastic, oversaturated, blurry, jpeg artifacts, distorted lines, deformed structure, low quality",,4
11,Pilot - period and framing fixes,1,2026-09-28T08:36:47.822Z,182,Q-A11,"exterior photograph of a modern cathedral with bell tower, timber, in the mountains, daylight, three-quarter view, whole building in view, professional architectural photography, full-frame camera, 24mm lens, natural light, realistic materials, sharp focus","interior, indoor, inside view, close-up, cropped, historic building, neoclassical, gothic, baroque, victorian, classical columns, ornate, medieval, text, lettering, signage, logo, watermark, 3d render, cgi, illustration, painting, cartoon, plastic, oversaturated, blurry, jpeg artifacts, distorted lines, deformed structure, low quality",,5
11,Pilot - period and framing fixes,1,2026-09-28T08:36:47.822Z,183,Q-A14,"exterior photograph of a long modern steel bridge over a sea strait, seen from the shore, daylight, side view of the whole bridge, whole building in view, professional architectural photography, full-frame camera, 24mm lens, natural light, realistic materials, sharp focus","interior, indoor, inside view, close-up, cropped, historic building, neoclassical, gothic, baroque, victorian, classical columns, ornate, medieval, text, lettering, signage, logo, watermark, 3d render, cgi, illustration, painting, cartoon, plastic, oversaturated, blurry, jpeg artifacts, distorted lines, deformed structure, low quality",,6
11,Pilot - period and framing fixes,1,2026-09-28T08:36:47.822Z,184,Q-A22,"exterior photograph of a modern church, stone, urban area, daylight, side view, whole building in view, professional architectural photography, full-frame camera, 24mm lens, natural light, realistic materials, sharp focus","interior, indoor, inside view, close-up, cropped, historic building, neoclassical, gothic, baroque, victorian, classical columns, ornate, medieval, text, lettering, signage, logo, watermark, 3d render, cgi, illustration, painting, cartoon, plastic, oversaturated, blurry, jpeg artifacts, distorted lines, deformed structure, low quality",,7
11,Pilot - period and framing fixes,1,2026-09-28T08:36:47.822Z,185,Q-A26,"exterior photograph of a modern railway station building, steel and glass facade, station square in front, daylight, front view, whole building in view, professional architectural photography, full-frame camera, 24mm lens, natural light, realistic materials, sharp focus","interior, indoor, inside view, close-up, cropped, historic building, neoclassical, gothic, baroque, victorian, classical columns, ornate, medieval, text, lettering, signage, logo, watermark, 3d render, cgi, illustration, painting, cartoon, plastic, oversaturated, blurry, jpeg artifacts, distorted lines, deformed structure, low quality",,8
11,Pilot - period and framing fixes,1,2026-09-28T08:36:47.822Z,186,Q-A27,"exterior photograph of a modern airport terminal building seen from the forecourt, steel and glass, daylight, eye-level view, whole building in view, professional architectural photography, full-frame camera, 24mm lens, natural light, realistic materials, sharp focus","interior, indoor, inside view, close-up, cropped, historic building, neoclassical, gothic, baroque, victorian, classical columns, ornate, medieval, text, lettering, signage, logo, watermark, 3d render, cgi, illustration, painting, cartoon, plastic, oversaturated, blurry, jpeg artifacts, distorted lines, deformed structure, low quality",,9
11,Pilot - period and framing fixes,1,2026-09-28T08:36:47.822Z,187,Q-B08,"exterior photograph of a modern sports hall, glass facade, suburbs, daylight, front view from outside, whole building in view, professional architectural photography, full-frame camera, 24mm lens, natural light, realistic materials, sharp focus","interior, indoor, inside view, close-up, cropped, historic building, neoclassical, gothic, baroque, victorian, classical columns, ornate, medieval, text, lettering, signage, logo, watermark, 3d render, cgi, illustration, painting, cartoon, plastic, oversaturated, blurry, jpeg artifacts, distorted lines, deformed structure, low quality",,10
11,Pilot - period and framing fixes,1,2026-09-28T08:36:47.822Z,188,Q-B12,"exterior photograph of a modern town hall, exposed brick, city centre, daylight, front view, whole building in view, professional architectural photography, full-frame camera, 24mm lens, natural light, realistic materials, sharp focus","interior, indoor, inside view, close-up, cropped, historic building, neoclassical, gothic, baroque, victorian, classical columns, ornate, medieval, text, lettering, signage, logo, watermark, 3d render, cgi, illustration, painting, cartoon, plastic, oversaturated, blurry, jpeg artifacts, distorted lines, deformed structure, low quality",,11
11,Pilot - period and framing fixes,1,2026-09-28T08:36:47.822Z,189,Q-B19,"exterior photograph of a modern skyscraper, iron and glass, city centre, daylight, side view from a distance, whole building in view, professional architectural photography, full-frame camera, 24mm lens, natural light, realistic materials, sharp focus","interior, indoor, inside view, close-up, cropped, historic building, neoclassical, gothic, baroque, victorian, classical columns, ornate, medieval, text, lettering, signage, logo, watermark, 3d render, cgi, illustration, painting, cartoon, plastic, oversaturated, blurry, jpeg artifacts, distorted lines, deformed structure, low quality",,12
11,Pilot - period and framing fixes,1,2026-09-28T08:36:47.822Z,190,Q-B20,"exterior photograph of a modern bank, concrete and iron, city centre, daylight, front view, whole building in view, professional architectural photography, full-frame camera, 24mm lens, natural light, realistic materials, sharp focus","interior, indoor, inside view, close-up, cropped, historic building, neoclassical, gothic, baroque, victorian, classical columns, ornate, medieval, text, lettering, signage, logo, watermark, 3d render, cgi, illustration, painting, cartoon, plastic, oversaturated, blurry, jpeg artifacts, distorted lines, deformed structure, low quality",,13
11,Pilot - period and framing fixes,1,2026-09-28T08:36:47.822Z,191,Q-B23,"exterior photograph of a modern church, exposed marble, city centre, daylight, front view, whole building in view, professional architectural photography, full-frame camera, 24mm lens, natural light, realistic materials, sharp focus","interior, indoor, inside view, close-up, cropped, historic building, neoclassical, gothic, baroque, victorian, classical columns, ornate, medieval, text, lettering, signage, logo, watermark, 3d render, cgi, illustration, painting, cartoon, plastic, oversaturated, blurry, jpeg artifacts, distorted lines, deformed structure, low quality",,14
11,Pilot - period and framing fixes,1,2026-09-28T08:36:47.822Z,192,Q-B29,"exterior photograph of a modern stadium seen from outside, concrete and iron facade, suburbs, daylight, perspective view at eye level, whole building in view, professional architectural photography, full-frame camera, 24mm lens, natural light, realistic materials, sharp focus","interior, indoor, inside view, close-up, cropped, historic building, neoclassical, gothic, baroque, victorian, classical columns, ornate, medieval, text, lettering, signage, logo, watermark, 3d render, cgi, illustration, painting, cartoon, plastic, oversaturated, blurry, jpeg artifacts, distorted lines, deformed structure, low quality",,15
12,Prompt Architetture v2 (allineati al corpus),5,2026-09-28T08:58:47.490Z,193,A01,"exterior photograph of a modern museum, stone, on the seafront, daylight, three-quarter view, whole building in view, professional architectural photography, full-frame camera, 24mm lens, natural light, realistic materials, sharp focus","interior, indoor, inside view, close-up, cropped, historic building, neoclassical, gothic, baroque, victorian, classical columns, ornate, medieval, text, lettering, signage, logo, watermark, 3d render, cgi, illustration, painting, cartoon, plastic, oversaturated, blurry, jpeg artifacts, distorted lines, deformed structure, low quality",museum,1
12,Prompt Architetture v2 (allineati al corpus),5,2026-09-28T08:58:47.490Z,194,A02,"exterior photograph of a modern metro station entrance pavilion seen from across the square, glass, daylight, front view, whole building in view, professional architectural photography, full-frame camera, 24mm lens, natural light, realistic materials, sharp focus","interior, indoor, inside view, close-up, cropped, historic building, neoclassical, gothic, baroque, victorian, classical columns, ornate, medieval, text, lettering, signage, logo, watermark, 3d render, cgi, illustration, painting, cartoon, plastic, oversaturated, blurry, jpeg artifacts, distorted lines, deformed structure, low quality",station,1
12,Prompt Architetture v2 (allineati al corpus),5,2026-09-28T08:58:47.490Z,195,A04,"exterior photograph of a small modern single-family house, white concrete, on the seafront, daylight, front view, whole building in view, professional architectural photography, full-frame camera, 24mm lens, natural light, realistic materials, sharp focus","interior, indoor, inside view, close-up, cropped, historic building, neoclassical, gothic, baroque, victorian, classical columns, ornate, medieval, text, lettering, signage, logo, watermark, 3d render, cgi, illustration, painting, cartoon, plastic, oversaturated, blurry, jpeg artifacts, distorted lines, deformed structure, low quality",house,2
12,Prompt Architetture v2 (allineati al corpus),5,2026-09-28T08:58:47.490Z,196,A07,"exterior photograph of a modern market hall seen from across the street, steel and glass facade, city centre, daylight, side view, whole building in view, professional architectural photography, full-frame camera, 24mm lens, natural light, realistic materials, sharp focus","interior, indoor, inside view, close-up, cropped, historic building, neoclassical, gothic, baroque, victorian, classical columns, ornate, medieval, text, lettering, signage, logo, watermark, 3d render, cgi, illustration, painting, cartoon, plastic, oversaturated, blurry, jpeg artifacts, distorted lines, deformed structure, low quality",market,3
12,Prompt Architetture v2 (allineati al corpus),5,2026-09-28T08:58:47.490Z,197,A08,"exterior photograph of a modern library seen from the street, exposed brick, city centre, daylight, front view, whole building in view, professional architectural photography, full-frame camera, 24mm lens, natural light, realistic materials, sharp focus","interior, indoor, inside view, close-up, cropped, historic building, neoclassical, gothic, baroque, victorian, classical columns, ornate, medieval, text, lettering, signage, logo, watermark, 3d render, cgi, illustration, painting, cartoon, plastic, oversaturated, blurry, jpeg artifacts, distorted lines, deformed structure, low quality",library,4
12,Prompt Architetture v2 (allineati al corpus),5,2026-09-28T08:58:47.490Z,198,A09,"exterior photograph of a modern office building, glass, city centre, daylight, side view from across the street, whole building in view, professional architectural photography, full-frame camera, 24mm lens, natural light, realistic materials, sharp focus","interior, indoor, inside view, close-up, cropped, historic building, neoclassical, gothic, baroque, victorian, classical columns, ornate, medieval, text, lettering, signage, logo, watermark, 3d render, cgi, illustration, painting, cartoon, plastic, oversaturated, blurry, jpeg artifacts, distorted lines, deformed structure, low quality",office,5
12,Prompt Architetture v2 (allineati al corpus),5,2026-09-28T08:58:47.490Z,199,A11,"exterior photograph of a modern cathedral with bell tower, timber, in the mountains, daylight, three-quarter view, whole building in view, professional architectural photography, full-frame camera, 24mm lens, natural light, realistic materials, sharp focus","interior, indoor, inside view, close-up, cropped, historic building, neoclassical, gothic, baroque, victorian, classical columns, ornate, medieval, text, lettering, signage, logo, watermark, 3d render, cgi, illustration, painting, cartoon, plastic, oversaturated, blurry, jpeg artifacts, distorted lines, deformed structure, low quality",religious,6
12,Prompt Architetture v2 (allineati al corpus),5,2026-09-28T08:58:47.490Z,200,A13,"exterior photograph of a modern football stadium, steel, city centre, daylight, side view from outside, whole building in view, professional architectural photography, full-frame camera, 24mm lens, natural light, realistic materials, sharp focus","interior, indoor, inside view, close-up, cropped, historic building, neoclassical, gothic, baroque, victorian, classical columns, ornate, medieval, text, lettering, signage, logo, watermark, 3d render, cgi, illustration, painting, cartoon, plastic, oversaturated, blurry, jpeg artifacts, distorted lines, deformed structure, low quality",sport,7
12,Prompt Architetture v2 (allineati al corpus),5,2026-09-28T08:58:47.490Z,201,A14,"exterior photograph of a long modern steel bridge over a sea strait, seen from the shore, daylight, side view of the whole bridge, whole building in view, professional architectural photography, full-frame camera, 24mm lens, natural light, realistic materials, sharp focus","interior, indoor, inside view, close-up, cropped, historic building, neoclassical, gothic, baroque, victorian, classical columns, ornate, medieval, text, lettering, signage, logo, watermark, 3d render, cgi, illustration, painting, cartoon, plastic, oversaturated, blurry, jpeg artifacts, distorted lines, deformed structure, low quality",infrastructure,8
12,Prompt Architetture v2 (allineati al corpus),5,2026-09-28T08:58:47.490Z,202,A15,"exterior photograph of a modern skyscraper projecting over the sea with brise-soleil, daylight, three-quarter view, whole building in view, professional architectural photography, full-frame camera, 24mm lens, natural light, realistic materials, sharp focus","interior, indoor, inside view, close-up, cropped, historic building, neoclassical, gothic, baroque, victorian, classical columns, ornate, medieval, text, lettering, signage, logo, watermark, 3d render, cgi, illustration, painting, cartoon, plastic, oversaturated, blurry, jpeg artifacts, distorted lines, deformed structure, low quality",tower,9
12,Prompt Architetture v2 (allineati al corpus),5,2026-09-28T08:58:47.490Z,203,A22,"exterior photograph of a modern church, stone, urban area, daylight, side view, whole building in view, professional architectural photography, full-frame camera, 24mm lens, natural light, realistic materials, sharp focus","interior, indoor, inside view, close-up, cropped, historic building, neoclassical, gothic, baroque, victorian, classical columns, ornate, medieval, text, lettering, signage, logo, watermark, 3d render, cgi, illustration, painting, cartoon, plastic, oversaturated, blurry, jpeg artifacts, distorted lines, deformed structure, low quality",religious,10
12,Prompt Architetture v2 (allineati al corpus),5,2026-09-28T08:58:47.490Z,204,A25,"exterior photograph of a large modern seaside villa with swimming pool, white concrete, stone and timber, daylight, three-quarter view at eye level, whole building in view, professional architectural photography, full-frame camera, 24mm lens, natural light, realistic materials, sharp focus","interior, indoor, inside view, close-up, cropped, historic building, neoclassical, gothic, baroque, victorian, classical columns, ornate, medieval, text, lettering, signage, logo, watermark, 3d render, cgi, illustration, painting, cartoon, plastic, oversaturated, blurry, jpeg artifacts, distorted lines, deformed structure, low quality",house,11
12,Prompt Architetture v2 (allineati al corpus),5,2026-09-28T08:58:47.490Z,205,A26,"exterior photograph of a modern railway station building seen from across the station square, steel and glass facade, daylight, front view, whole building in view, professional architectural photography, full-frame camera, 24mm lens, natural light, realistic materials, sharp focus","interior, indoor, inside view, close-up, cropped, historic building, neoclassical, gothic, baroque, victorian, classical columns, ornate, medieval, text, lettering, signage, logo, watermark, 3d render, cgi, illustration, painting, cartoon, plastic, oversaturated, blurry, jpeg artifacts, distorted lines, deformed structure, low quality",station,12
12,Prompt Architetture v2 (allineati al corpus),5,2026-09-28T08:58:47.490Z,206,A27,"exterior photograph of a modern airport terminal building seen from a distance across the forecourt, steel and glass, daylight, eye-level view, whole building in view, professional architectural photography, full-frame camera, 24mm lens, natural light, realistic materials, sharp focus","interior, indoor, inside view, close-up, cropped, historic building, neoclassical, gothic, baroque, victorian, classical columns, ornate, medieval, text, lettering, signage, logo, watermark, 3d render, cgi, illustration, painting, cartoon, plastic, oversaturated, blurry, jpeg artifacts, distorted lines, deformed structure, low quality",station,13
12,Prompt Architetture v2 (allineati al corpus),5,2026-09-28T08:58:47.490Z,207,B01,"exterior photograph of a modern single-family villa, white render, beach, daylight, front view, whole building in view, professional architectural photography, full-frame camera, 24mm lens, natural light, realistic materials, sharp focus","interior, indoor, inside view, close-up, cropped, historic building, neoclassical, gothic, baroque, victorian, classical columns, ornate, medieval, text, lettering, signage, logo, watermark, 3d render, cgi, illustration, painting, cartoon, plastic, oversaturated, blurry, jpeg artifacts, distorted lines, deformed structure, low quality",house,14
12,Prompt Architetture v2 (allineati al corpus),5,2026-09-28T08:58:47.490Z,208,B02,"exterior photograph of a modern multi-storey urban building, render, city centre, daylight, front view, whole building in view, professional architectural photography, full-frame camera, 24mm lens, natural light, realistic materials, sharp focus","interior, indoor, inside view, close-up, cropped, historic building, neoclassical, gothic, baroque, victorian, classical columns, ornate, medieval, text, lettering, signage, logo, watermark, 3d render, cgi, illustration, painting, cartoon, plastic, oversaturated, blurry, jpeg artifacts, distorted lines, deformed structure, low quality",housing,15
12,Prompt Architetture v2 (allineati al corpus),5,2026-09-28T08:58:47.490Z,209,B04,"exterior photograph of a modern primary school, coloured render, urban park, daylight, side view, whole building in view, professional architectural photography, full-frame camera, 24mm lens, natural light, realistic materials, sharp focus","interior, indoor, inside view, close-up, cropped, historic building, neoclassical, gothic, baroque, victorian, classical columns, ornate, medieval, text, lettering, signage, logo, watermark, 3d render, cgi, illustration, painting, cartoon, plastic, oversaturated, blurry, jpeg artifacts, distorted lines, deformed structure, low quality",school,16
12,Prompt Architetture v2 (allineati al corpus),5,2026-09-28T08:58:47.490Z,210,B06,"exterior photograph of a modern university building, render and glass, campus, daylight, low-angle view, whole building in view, professional architectural photography, full-frame camera, 24mm lens, natural light, realistic materials, sharp focus","interior, indoor, inside view, close-up, cropped, historic building, neoclassical, gothic, baroque, victorian, classical columns, ornate, medieval, text, lettering, signage, logo, watermark, 3d render, cgi, illustration, painting, cartoon, plastic, oversaturated, blurry, jpeg artifacts, distorted lines, deformed structure, low quality",school,17
12,Prompt Architetture v2 (allineati al corpus),5,2026-09-28T08:58:47.490Z,211,B08,"exterior photograph of a modern sports hall seen from the street, glass facade, suburbs, daylight, front view, whole building in view, professional architectural photography, full-frame camera, 24mm lens, natural light, realistic materials, sharp focus","interior, indoor, inside view, close-up, cropped, historic building, neoclassical, gothic, baroque, victorian, classical columns, ornate, medieval, text, lettering, signage, logo, watermark, 3d render, cgi, illustration, painting, cartoon, plastic, oversaturated, blurry, jpeg artifacts, distorted lines, deformed structure, low quality",sport,18
12,Prompt Architetture v2 (allineati al corpus),5,2026-09-28T08:58:47.490Z,212,B09,"exterior photograph of a modern museum, coloured render, city centre, daylight, front view, whole building in view, professional architectural photography, full-frame camera, 24mm lens, natural light, realistic materials, sharp focus","interior, indoor, inside view, close-up, cropped, historic building, neoclassical, gothic, baroque, victorian, classical columns, ornate, medieval, text, lettering, signage, logo, watermark, 3d render, cgi, illustration, painting, cartoon, plastic, oversaturated, blurry, jpeg artifacts, distorted lines, deformed structure, low quality",museum,19
12,Prompt Architetture v2 (allineati al corpus),5,2026-09-28T08:58:47.490Z,213,B12,"exterior photograph of a modern town hall, exposed brick, city centre, daylight, front view, whole building in view, professional architectural photography, full-frame camera, 24mm lens, natural light, realistic materials, sharp focus","interior, indoor, inside view, close-up, cropped, historic building, neoclassical, gothic, baroque, victorian, classical columns, ornate, medieval, text, lettering, signage, logo, watermark, 3d render, cgi, illustration, painting, cartoon, plastic, oversaturated, blurry, jpeg artifacts, distorted lines, deformed structure, low quality",civic,20
12,Prompt Architetture v2 (allineati al corpus),5,2026-09-28T08:58:47.490Z,214,B14,"exterior photograph of a modern residential building, brick facing, city centre, daylight, front view, whole building in view, professional architectural photography, full-frame camera, 24mm lens, natural light, realistic materials, sharp focus","interior, indoor, inside view, close-up, cropped, historic building, neoclassical, gothic, baroque, victorian, classical columns, ornate, medieval, text, lettering, signage, logo, watermark, 3d render, cgi, illustration, painting, cartoon, plastic, oversaturated, blurry, jpeg artifacts, distorted lines, deformed structure, low quality",housing,21
12,Prompt Architetture v2 (allineati al corpus),5,2026-09-28T08:58:47.490Z,215,B15,"exterior photograph of a modern museum, render and glass, city centre, daylight, side view, whole building in view, professional architectural photography, full-frame camera, 24mm lens, natural light, realistic materials, sharp focus","interior, indoor, inside view, close-up, cropped, historic building, neoclassical, gothic, baroque, victorian, classical columns, ornate, medieval, text, lettering, signage, logo, watermark, 3d render, cgi, illustration, painting, cartoon, plastic, oversaturated, blurry, jpeg artifacts, distorted lines, deformed structure, low quality",museum,22
12,Prompt Architetture v2 (allineati al corpus),5,2026-09-28T08:58:47.490Z,216,B19,"exterior photograph of a modern skyscraper, iron and glass, city centre, daylight, the entire tower seen from a distance, whole building in view, professional architectural photography, full-frame camera, 24mm lens, natural light, realistic materials, sharp focus","interior, indoor, inside view, close-up, cropped, historic building, neoclassical, gothic, baroque, victorian, classical columns, ornate, medieval, text, lettering, signage, logo, watermark, 3d render, cgi, illustration, painting, cartoon, plastic, oversaturated, blurry, jpeg artifacts, distorted lines, deformed structure, low quality",tower,23
12,Prompt Architetture v2 (allineati al corpus),5,2026-09-28T08:58:47.490Z,217,B20,"exterior photograph of a modern bank, concrete and iron, city centre, daylight, front view, whole building in view, professional architectural photography, full-frame camera, 24mm lens, natural light, realistic materials, sharp focus","interior, indoor, inside view, close-up, cropped, historic building, neoclassical, gothic, baroque, victorian, classical columns, ornate, medieval, text, lettering, signage, logo, watermark, 3d render, cgi, illustration, painting, cartoon, plastic, oversaturated, blurry, jpeg artifacts, distorted lines, deformed structure, low quality",office,24
12,Prompt Architetture v2 (allineati al corpus),5,2026-09-28T08:58:47.490Z,218,B23,"exterior photograph of a modern church seen from the street, exposed marble, city centre, daylight, front view, whole building in view, professional architectural photography, full-frame camera, 24mm lens, natural light, realistic materials, sharp focus","interior, indoor, inside view, close-up, cropped, historic building, neoclassical, gothic, baroque, victorian, classical columns, ornate, medieval, text, lettering, signage, logo, watermark, 3d render, cgi, illustration, painting, cartoon, plastic, oversaturated, blurry, jpeg artifacts, distorted lines, deformed structure, low quality",religious,25
12,Prompt Architetture v2 (allineati al corpus),5,2026-09-28T08:58:47.490Z,219,B25,"exterior photograph of a modern factory, iron and concrete, suburbs, daylight, front view, whole building in view, professional architectural photography, full-frame camera, 24mm lens, natural light, realistic materials, sharp focus","interior, indoor, inside view, close-up, cropped, historic building, neoclassical, gothic, baroque, victorian, classical columns, ornate, medieval, text, lettering, signage, logo, watermark, 3d render, cgi, illustration, painting, cartoon, plastic, oversaturated, blurry, jpeg artifacts, distorted lines, deformed structure, low quality",industrial,26
12,Prompt Architetture v2 (allineati al corpus),5,2026-09-28T08:58:47.490Z,220,B26,"exterior photograph of a modern public housing block, white render, suburbs, daylight, perspective view at eye level, whole building in view, professional architectural photography, full-frame camera, 24mm lens, natural light, realistic materials, sharp focus","interior, indoor, inside view, close-up, cropped, historic building, neoclassical, gothic, baroque, victorian, classical columns, ornate, medieval, text, lettering, signage, logo, watermark, 3d render, cgi, illustration, painting, cartoon, plastic, oversaturated, blurry, jpeg artifacts, distorted lines, deformed structure, low quality",housing,27
12,Prompt Architetture v2 (allineati al corpus),5,2026-09-28T08:58:47.490Z,221,B27,"exterior photograph of a modern single-family villa, stone and glass, in the mountains, daylight, front view, whole building in view, professional architectural photography, full-frame camera, 24mm lens, natural light, realistic materials, sharp focus","interior, indoor, inside view, close-up, cropped, historic building, neoclassical, gothic, baroque, victorian, classical columns, ornate, medieval, text, lettering, signage, logo, watermark, 3d render, cgi, illustration, painting, cartoon, plastic, oversaturated, blurry, jpeg artifacts, distorted lines, deformed structure, low quality",house,28
12,Prompt Architetture v2 (allineati al corpus),5,2026-09-28T08:58:47.490Z,222,B29,"exterior photograph of a modern stadium seen from outside, concrete and iron facade, suburbs, daylight, perspective view at eye level, whole building in view, professional architectural photography, full-frame camera, 24mm lens, natural light, realistic materials, sharp focus","interior, indoor, inside view, close-up, cropped, historic building, neoclassical, gothic, baroque, victorian, classical columns, ornate, medieval, text, lettering, signage, logo, watermark, 3d render, cgi, illustration, painting, cartoon, plastic, oversaturated, blurry, jpeg artifacts, distorted lines, deformed structure, low quality",sport,29
13,Prompt integrativi - varieta stilistica,1,2026-09-28T10:43:43.318Z,223,C01,"exterior photograph of a deconstructivist museum with fragmented angular volumes, tilted walls and sharp intersecting planes, brushed zinc and glass cladding, riverfront, bright daylight, three-quarter view, whole building in view, professional architectural photography, full-frame camera, 24mm lens, natural light, realistic materials, sharp focus","interior, indoor, inside view, close-up, cropped, historic building, neoclassical, gothic, baroque, victorian, classical columns, ornate, medieval, text, lettering, signage, logo, watermark, 3d render, cgi, illustration, painting, cartoon, plastic, oversaturated, blurry, jpeg artifacts, distorted lines, deformed structure, low quality",museum,1
13,Prompt integrativi - varieta stilistica,1,2026-09-28T10:43:43.318Z,224,C02,"exterior photograph of a deconstructivist concert hall made of colliding slanted concrete and glass blocks, cantilevered wedge shapes, urban plaza, afternoon light, perspective view at eye level, whole building in view, professional architectural photography, full-frame camera, 24mm lens, natural light, realistic materials, sharp focus","interior, indoor, inside view, close-up, cropped, historic building, neoclassical, gothic, baroque, victorian, classical columns, ornate, medieval, text, lettering, signage, logo, watermark, 3d render, cgi, illustration, painting, cartoon, plastic, oversaturated, blurry, jpeg artifacts, distorted lines, deformed structure, low quality",culture,2
13,Prompt integrativi - varieta stilistica,1,2026-09-28T10:43:43.318Z,225,C03,"exterior photograph of an organic architecture house built over a waterfall in a forest, cantilevered horizontal concrete terraces, local rough stone walls, integrated with the rocks, soft daylight, view from downstream, whole building in view, professional architectural photography, full-frame camera, 24mm lens, natural light, realistic materials, sharp focus","interior, indoor, inside view, close-up, cropped, historic building, neoclassical, gothic, baroque, victorian, classical columns, ornate, medieval, text, lettering, signage, logo, watermark, 3d render, cgi, illustration, painting, cartoon, plastic, oversaturated, blurry, jpeg artifacts, distorted lines, deformed structure, low quality",house,3
13,Prompt integrativi - varieta stilistica,1,2026-09-28T10:43:43.318Z,226,C04,"exterior photograph of an organic cultural centre with flowing curved white concrete shell roofs and no straight lines, wide open plaza, clear blue sky, three-quarter view, whole building in view, professional architectural photography, full-frame camera, 24mm lens, natural light, realistic materials, sharp focus","interior, indoor, inside view, close-up, cropped, historic building, neoclassical, gothic, baroque, victorian, classical columns, ornate, medieval, text, lettering, signage, logo, watermark, 3d render, cgi, illustration, painting, cartoon, plastic, oversaturated, blurry, jpeg artifacts, distorted lines, deformed structure, low quality",culture,4
13,Prompt integrativi - varieta stilistica,1,2026-09-28T10:43:43.318Z,227,C05,"exterior photograph of a parametric contemporary building with a continuous fluid facade of curving white bands and ribbon windows, landscaped plaza, daylight, perspective view, whole building in view, professional architectural photography, full-frame camera, 24mm lens, natural light, realistic materials, sharp focus","interior, indoor, inside view, close-up, cropped, historic building, neoclassical, gothic, baroque, victorian, classical columns, ornate, medieval, text, lettering, signage, logo, watermark, 3d render, cgi, illustration, painting, cartoon, plastic, oversaturated, blurry, jpeg artifacts, distorted lines, deformed structure, low quality",culture,5
13,Prompt integrativi - varieta stilistica,1,2026-09-28T10:43:43.318Z,228,C06,"exterior photograph of a brutalist housing complex, raw board-marked concrete, heavy sculptural stacked volumes and deep balconies, overcast sky, perspective view at eye level, whole building in view, professional architectural photography, full-frame camera, 24mm lens, natural light, realistic materials, sharp focus","interior, indoor, inside view, close-up, cropped, historic building, neoclassical, gothic, baroque, victorian, classical columns, ornate, medieval, text, lettering, signage, logo, watermark, 3d render, cgi, illustration, painting, cartoon, plastic, oversaturated, blurry, jpeg artifacts, distorted lines, deformed structure, low quality",housing,6
13,Prompt integrativi - varieta stilistica,1,2026-09-28T10:43:43.318Z,229,C07,"exterior photograph of a brutalist government building, massive raw concrete forms with deep window recesses and a monumental cantilever, large paved square, soft overcast light, front three-quarter view, whole building in view, professional architectural photography, full-frame camera, 24mm lens, natural light, realistic materials, sharp focus","interior, indoor, inside view, close-up, cropped, historic building, neoclassical, gothic, baroque, victorian, classical columns, ornate, medieval, text, lettering, signage, logo, watermark, 3d render, cgi, illustration, painting, cartoon, plastic, oversaturated, blurry, jpeg artifacts, distorted lines, deformed structure, low quality",public,7
13,Prompt integrativi - varieta stilistica,1,2026-09-28T10:43:43.318Z,230,C08,"exterior photograph of a high-tech architecture cultural centre with exposed steel structural frame, colourful external pipes, ducts and escalator tubes, glass curtain wall, city square, daylight, three-quarter view, whole building in view, professional architectural photography, full-frame camera, 24mm lens, natural light, realistic materials, sharp focus","interior, indoor, inside view, close-up, cropped, historic building, neoclassical, gothic, baroque, victorian, classical columns, ornate, medieval, text, lettering, signage, logo, watermark, 3d render, cgi, illustration, painting, cartoon, plastic, oversaturated, blurry, jpeg artifacts, distorted lines, deformed structure, low quality",culture,8
13,Prompt integrativi - varieta stilistica,1,2026-09-28T10:43:43.318Z,231,C09,"exterior photograph of a 1920s expressionist office building, dark clinker brick, dynamic sharp curved corner like a ship bow, vertical brick piers, city street, daylight, street-level perspective, whole building in view, professional architectural photography, full-frame camera, 24mm lens, natural light, realistic materials, sharp focus","interior, indoor, inside view, close-up, cropped, historic building, neoclassical, gothic, baroque, victorian, classical columns, ornate, medieval, text, lettering, signage, logo, watermark, 3d render, cgi, illustration, painting, cartoon, plastic, oversaturated, blurry, jpeg artifacts, distorted lines, deformed structure, low quality",office,9
13,Prompt integrativi - varieta stilistica,1,2026-09-28T10:43:43.318Z,232,C10,"exterior photograph of a 1920s Bauhaus style school building, white render, flat roofs, asymmetric cubic volumes, long horizontal ribbon windows and a glass curtain wall stairwell, green lawn, daylight, three-quarter view, whole building in view, professional architectural photography, full-frame camera, 24mm lens, natural light, realistic materials, sharp focus","interior, indoor, inside view, close-up, cropped, historic building, neoclassical, gothic, baroque, victorian, classical columns, ornate, medieval, text, lettering, signage, logo, watermark, 3d render, cgi, illustration, painting, cartoon, plastic, oversaturated, blurry, jpeg artifacts, distorted lines, deformed structure, low quality",school,10
13,Prompt integrativi - varieta stilistica,1,2026-09-28T10:43:43.318Z,233,C11,"exterior photograph of a 1930s art deco cinema building, cream stucco, stepped streamlined facade with vertical fins and rounded corner tower, city street, sunny day, street-level view, whole building in view, professional architectural photography, full-frame camera, 24mm lens, natural light, realistic materials, sharp focus","interior, indoor, inside view, close-up, cropped, historic building, neoclassical, gothic, baroque, victorian, classical columns, ornate, medieval, text, lettering, signage, logo, watermark, 3d render, cgi, illustration, painting, cartoon, plastic, oversaturated, blurry, jpeg artifacts, distorted lines, deformed structure, low quality",cinema,11
13,Prompt integrativi - varieta stilistica,1,2026-09-28T10:43:43.318Z,234,C12,"exterior photograph of a 1980s postmodern office building, bold coloured facade, oversized geometric arch and playful abstract forms, pink and blue render, city plaza, daylight, front view, whole building in view, professional architectural photography, full-frame camera, 24mm lens, natural light, realistic materials, sharp focus","interior, indoor, inside view, close-up, cropped, historic building, neoclassical, gothic, baroque, victorian, classical columns, ornate, medieval, text, lettering, signage, logo, watermark, 3d render, cgi, illustration, painting, cartoon, plastic, oversaturated, blurry, jpeg artifacts, distorted lines, deformed structure, low quality",office,12
13,Prompt integrativi - varieta stilistica,1,2026-09-28T10:43:43.318Z,235,C13,"exterior photograph of a Japanese minimalist timber museum by a lake, thin floating roof, layered vertical wooden louvres, calm water reflection, soft morning light, side view, whole building in view, professional architectural photography, full-frame camera, 24mm lens, natural light, realistic materials, sharp focus","interior, indoor, inside view, close-up, cropped, historic building, neoclassical, gothic, baroque, victorian, classical columns, ornate, medieval, text, lettering, signage, logo, watermark, 3d render, cgi, illustration, painting, cartoon, plastic, oversaturated, blurry, jpeg artifacts, distorted lines, deformed structure, low quality",museum,13
13,Prompt integrativi - varieta stilistica,1,2026-09-28T10:43:43.318Z,236,C14,"exterior photograph of a metabolist capsule tower, stacked prefabricated concrete capsules with round windows around a central core, city street, daylight, view from street level, whole building in view, professional architectural photography, full-frame camera, 24mm lens, natural light, realistic materials, sharp focus","interior, indoor, inside view, close-up, cropped, historic building, neoclassical, gothic, baroque, victorian, classical columns, ornate, medieval, text, lettering, signage, logo, watermark, 3d render, cgi, illustration, painting, cartoon, plastic, oversaturated, blurry, jpeg artifacts, distorted lines, deformed structure, low quality",housing,14
13,Prompt integrativi - varieta stilistica,1,2026-09-28T10:43:43.318Z,237,C15,"exterior photograph of a contemporary community centre with thick rammed earth walls, deep shaded openings and a courtyard, desert landscape, strong low sunlight and long shadows, three-quarter view, whole building in view, professional architectural photography, full-frame camera, 24mm lens, natural light, realistic materials, sharp focus","interior, indoor, inside view, close-up, cropped, historic building, neoclassical, gothic, baroque, victorian, classical columns, ornate, medieval, text, lettering, signage, logo, watermark, 3d render, cgi, illustration, painting, cartoon, plastic, oversaturated, blurry, jpeg artifacts, distorted lines, deformed structure, low quality",culture,15
13,Prompt integrativi - varieta stilistica,1,2026-09-28T10:43:43.318Z,238,C16,"exterior photograph of a contemporary mass timber apartment building, cross-laminated timber and vertical larch cladding, pine forest suburb in Scandinavia, overcast light, perspective view, whole building in view, professional architectural photography, full-frame camera, 24mm lens, natural light, realistic materials, sharp focus","interior, indoor, inside view, close-up, cropped, historic building, neoclassical, gothic, baroque, victorian, classical columns, ornate, medieval, text, lettering, signage, logo, watermark, 3d render, cgi, illustration, painting, cartoon, plastic, oversaturated, blurry, jpeg artifacts, distorted lines, deformed structure, low quality",housing,16
13,Prompt integrativi - varieta stilistica,1,2026-09-28T10:43:43.318Z,239,C17,"exterior photograph of a modernist thin-shell concrete restaurant with a hyperbolic paraboloid roof of curved petals, by the water, daylight, three-quarter view, whole building in view, professional architectural photography, full-frame camera, 24mm lens, natural light, realistic materials, sharp focus","interior, indoor, inside view, close-up, cropped, historic building, neoclassical, gothic, baroque, victorian, classical columns, ornate, medieval, text, lettering, signage, logo, watermark, 3d render, cgi, illustration, painting, cartoon, plastic, oversaturated, blurry, jpeg artifacts, distorted lines, deformed structure, low quality",restaurant,17
13,Prompt integrativi - varieta stilistica,1,2026-09-28T10:43:43.318Z,240,C18,"exterior photograph of a 1950s tropical modernist house raised on pilotis, cantilevered concrete slab, brise-soleil and cobogo screen walls, lush tropical garden, bright sun, three-quarter view, whole building in view, professional architectural photography, full-frame camera, 24mm lens, natural light, realistic materials, sharp focus","interior, indoor, inside view, close-up, cropped, historic building, neoclassical, gothic, baroque, victorian, classical columns, ornate, medieval, text, lettering, signage, logo, watermark, 3d render, cgi, illustration, painting, cartoon, plastic, oversaturated, blurry, jpeg artifacts, distorted lines, deformed structure, low quality",house,18
13,Prompt integrativi - varieta stilistica,1,2026-09-28T10:43:43.318Z,241,C19,"exterior photograph of a mid-century modern A-frame cabin with dark timber cladding and a fully glazed gable, snowy pine forest, winter daylight, front view, whole building in view, professional architectural photography, full-frame camera, 24mm lens, natural light, realistic materials, sharp focus","interior, indoor, inside view, close-up, cropped, historic building, neoclassical, gothic, baroque, victorian, classical columns, ornate, medieval, text, lettering, signage, logo, watermark, 3d render, cgi, illustration, painting, cartoon, plastic, oversaturated, blurry, jpeg artifacts, distorted lines, deformed structure, low quality",house,19
13,Prompt integrativi - varieta stilistica,1,2026-09-28T10:43:43.318Z,242,C20,"exterior photograph of a sculptural expressionist concrete chapel on a green hill, thick curved white walls, heavy upturned roof and irregular deep-set small windows, blue sky, three-quarter view, whole building in view, professional architectural photography, full-frame camera, 24mm lens, natural light, realistic materials, sharp focus","interior, indoor, inside view, close-up, cropped, historic building, neoclassical, gothic, baroque, victorian, classical columns, ornate, medieval, text, lettering, signage, logo, watermark, 3d render, cgi, illustration, painting, cartoon, plastic, oversaturated, blurry, jpeg artifacts, distorted lines, deformed structure, low quality",chapel,20
14,Pilot - restyled v5 prompts,1,2026-09-28T11:09:39.848Z,243,A01,"exterior photograph of a late modernist museum made of massive rough stone monoliths with deep horizontal slots, on the seafront, soft evening light, three-quarter view, whole building in view, professional architectural photography, full-frame camera, 24mm lens, natural light, realistic materials, sharp focus","interior, indoor, inside view, close-up, cropped, historic building, neoclassical, gothic, baroque, victorian, classical columns, ornate, medieval, text, lettering, signage, logo, watermark, 3d render, cgi, illustration, painting, cartoon, plastic, oversaturated, black and white, monochrome, sepia, blurry, jpeg artifacts, distorted lines, deformed structure, low quality",museum,1
14,Pilot - restyled v5 prompts,1,2026-09-28T11:09:39.848Z,244,A02,"exterior photograph of a high-tech metro station entrance canopy of curved glass and white steel ribs, seen from across an urban square, daylight, front view, whole building in view, professional architectural photography, full-frame camera, 24mm lens, natural light, realistic materials, sharp focus","interior, indoor, inside view, close-up, cropped, historic building, neoclassical, gothic, baroque, victorian, classical columns, ornate, medieval, text, lettering, signage, logo, watermark, 3d render, cgi, illustration, painting, cartoon, plastic, oversaturated, black and white, monochrome, sepia, blurry, jpeg artifacts, distorted lines, deformed structure, low quality",station,1
14,Pilot - restyled v5 prompts,1,2026-09-28T11:09:39.848Z,245,A04,"exterior photograph of a minimalist house in exposed grey concrete with one large cantilever over the rocks at the seafront, dramatic overcast sky, three-quarter view, whole building in view, professional architectural photography, full-frame camera, 24mm lens, natural light, realistic materials, sharp focus","interior, indoor, inside view, close-up, cropped, historic building, neoclassical, gothic, baroque, victorian, classical columns, ornate, medieval, text, lettering, signage, logo, watermark, 3d render, cgi, illustration, painting, cartoon, plastic, oversaturated, black and white, monochrome, sepia, blurry, jpeg artifacts, distorted lines, deformed structure, low quality",house,2
14,Pilot - restyled v5 prompts,1,2026-09-28T11:09:39.848Z,246,A07,"exterior photograph of a contemporary market hall with a huge undulating roof covered in colourful ceramic mosaic tiles, seen from across the street, city centre, daylight, side view, whole building in view, professional architectural photography, full-frame camera, 24mm lens, natural light, realistic materials, sharp focus","interior, indoor, inside view, close-up, cropped, historic building, neoclassical, gothic, baroque, victorian, classical columns, ornate, medieval, text, lettering, signage, logo, watermark, 3d render, cgi, illustration, painting, cartoon, plastic, oversaturated, black and white, monochrome, sepia, blurry, jpeg artifacts, distorted lines, deformed structure, low quality",market,3
14,Pilot - restyled v5 prompts,1,2026-09-28T11:09:39.848Z,247,A08,"exterior photograph of a Scandinavian modernist library, warm red brick, sawtooth roof lights and a curved wall, park with autumn trees, daylight, front view from the street, whole building in view, professional architectural photography, full-frame camera, 24mm lens, natural light, realistic materials, sharp focus","interior, indoor, inside view, close-up, cropped, historic building, neoclassical, gothic, baroque, victorian, classical columns, ornate, medieval, text, lettering, signage, logo, watermark, 3d render, cgi, illustration, painting, cartoon, plastic, oversaturated, black and white, monochrome, sepia, blurry, jpeg artifacts, distorted lines, deformed structure, low quality",library,4
14,Pilot - restyled v5 prompts,1,2026-09-28T11:09:39.848Z,248,A09,"exterior photograph of a 1950s International Style office tower with slender bronze mullions and a dark glass curtain wall, plaza with a fountain in front, daylight, view from across the street, whole building in view, professional architectural photography, full-frame camera, 24mm lens, natural light, realistic materials, sharp focus","interior, indoor, inside view, close-up, cropped, historic building, neoclassical, gothic, baroque, victorian, classical columns, ornate, medieval, text, lettering, signage, logo, watermark, 3d render, cgi, illustration, painting, cartoon, plastic, oversaturated, black and white, monochrome, sepia, blurry, jpeg artifacts, distorted lines, deformed structure, low quality",office,5
14,Pilot - restyled v5 prompts,1,2026-09-28T11:09:39.848Z,249,A11,"exterior photograph of a contemporary timber church with a steep angular folded roof and wooden shingle cladding, alpine meadow with snow-capped mountains behind, clear morning light, three-quarter view, whole building in view, professional architectural photography, full-frame camera, 24mm lens, natural light, realistic materials, sharp focus","interior, indoor, inside view, close-up, cropped, historic building, neoclassical, gothic, baroque, victorian, classical columns, ornate, medieval, text, lettering, signage, logo, watermark, 3d render, cgi, illustration, painting, cartoon, plastic, oversaturated, black and white, monochrome, sepia, blurry, jpeg artifacts, distorted lines, deformed structure, low quality",religious,6
14,Pilot - restyled v5 prompts,1,2026-09-28T11:09:39.848Z,250,A13,"exterior photograph of a contemporary football stadium wrapped in a facade of inflated diamond-shaped ETFE cushions, suburbs, daylight, side view from outside at a distance, whole building in view, professional architectural photography, full-frame camera, 24mm lens, natural light, realistic materials, sharp focus","interior, indoor, inside view, close-up, cropped, historic building, neoclassical, gothic, baroque, victorian, classical columns, ornate, medieval, text, lettering, signage, logo, watermark, 3d render, cgi, illustration, painting, cartoon, plastic, oversaturated, black and white, monochrome, sepia, blurry, jpeg artifacts, distorted lines, deformed structure, low quality",sport,7
14,Pilot - restyled v5 prompts,1,2026-09-28T11:09:39.848Z,251,A15,"exterior photograph of a tropical modernist skyscraper with a deep concrete brise-soleil grid facade on the waterfront, daylight, three-quarter view, whole building in view, professional architectural photography, full-frame camera, 24mm lens, natural light, realistic materials, sharp focus","interior, indoor, inside view, close-up, cropped, historic building, neoclassical, gothic, baroque, victorian, classical columns, ornate, medieval, text, lettering, signage, logo, watermark, 3d render, cgi, illustration, painting, cartoon, plastic, oversaturated, black and white, monochrome, sepia, blurry, jpeg artifacts, distorted lines, deformed structure, low quality",tower,9
14,Pilot - restyled v5 prompts,1,2026-09-28T11:09:39.848Z,252,A22,"exterior photograph of a postwar modern church of rough grey stone with a tall freestanding concrete bell tower, residential neighbourhood, daylight, side view, whole building in view, professional architectural photography, full-frame camera, 24mm lens, natural light, realistic materials, sharp focus","interior, indoor, inside view, close-up, cropped, historic building, neoclassical, gothic, baroque, victorian, classical columns, ornate, medieval, text, lettering, signage, logo, watermark, 3d render, cgi, illustration, painting, cartoon, plastic, oversaturated, black and white, monochrome, sepia, blurry, jpeg artifacts, distorted lines, deformed structure, low quality",religious,10
14,Pilot - restyled v5 prompts,1,2026-09-28T11:09:39.848Z,253,A25,"exterior photograph of a contemporary Mediterranean villa of whitewashed cubic volumes with a timber pergola and an infinity pool, on a cliff above the sea, golden hour light, three-quarter view at eye level, whole building in view, professional architectural photography, full-frame camera, 24mm lens, natural light, realistic materials, sharp focus","interior, indoor, inside view, close-up, cropped, historic building, neoclassical, gothic, baroque, victorian, classical columns, ornate, medieval, text, lettering, signage, logo, watermark, 3d render, cgi, illustration, painting, cartoon, plastic, oversaturated, black and white, monochrome, sepia, blurry, jpeg artifacts, distorted lines, deformed structure, low quality",house,11
14,Pilot - restyled v5 prompts,1,2026-09-28T11:09:39.848Z,254,A26,"exterior photograph of a neo-futurist railway station with white steel ribs forming a wing-shaped canopy, seen from across the station square, daylight, front view, whole building in view, professional architectural photography, full-frame camera, 24mm lens, natural light, realistic materials, sharp focus","interior, indoor, inside view, close-up, cropped, historic building, neoclassical, gothic, baroque, victorian, classical columns, ornate, medieval, text, lettering, signage, logo, watermark, 3d render, cgi, illustration, painting, cartoon, plastic, oversaturated, black and white, monochrome, sepia, blurry, jpeg artifacts, distorted lines, deformed structure, low quality",station,12
14,Pilot - restyled v5 prompts,1,2026-09-28T11:09:39.848Z,255,A27,"exterior photograph of a contemporary airport terminal with a long undulating timber and steel roof over a glass facade, seen from a distance across the forecourt, daylight, eye-level view, whole building in view, professional architectural photography, full-frame camera, 24mm lens, natural light, realistic materials, sharp focus","interior, indoor, inside view, close-up, cropped, historic building, neoclassical, gothic, baroque, victorian, classical columns, ornate, medieval, text, lettering, signage, logo, watermark, 3d render, cgi, illustration, painting, cartoon, plastic, oversaturated, black and white, monochrome, sepia, blurry, jpeg artifacts, distorted lines, deformed structure, low quality",station,13
14,Pilot - restyled v5 prompts,1,2026-09-28T11:09:39.848Z,256,B01,"exterior photograph of a 1930s streamline moderne beach house, white render, rounded corners, porthole windows and long horizontal balconies, beach, sunny day, front view, whole building in view, professional architectural photography, full-frame camera, 24mm lens, natural light, realistic materials, sharp focus","interior, indoor, inside view, close-up, cropped, historic building, neoclassical, gothic, baroque, victorian, classical columns, ornate, medieval, text, lettering, signage, logo, watermark, 3d render, cgi, illustration, painting, cartoon, plastic, oversaturated, black and white, monochrome, sepia, blurry, jpeg artifacts, distorted lines, deformed structure, low quality",house,14
14,Pilot - restyled v5 prompts,1,2026-09-28T11:09:39.848Z,257,B02,"exterior photograph of a contemporary urban apartment building with a perforated terracotta screen facade, narrow city street, daylight, front view, whole building in view, professional architectural photography, full-frame camera, 24mm lens, natural light, realistic materials, sharp focus","interior, indoor, inside view, close-up, cropped, historic building, neoclassical, gothic, baroque, victorian, classical columns, ornate, medieval, text, lettering, signage, logo, watermark, 3d render, cgi, illustration, painting, cartoon, plastic, oversaturated, black and white, monochrome, sepia, blurry, jpeg artifacts, distorted lines, deformed structure, low quality",housing,15
14,Pilot - restyled v5 prompts,1,2026-09-28T11:09:39.848Z,258,B04,"exterior photograph of a contemporary primary school with playful coloured facade panels and large square windows, urban park, daylight, side view, whole building in view, professional architectural photography, full-frame camera, 24mm lens, natural light, realistic materials, sharp focus","interior, indoor, inside view, close-up, cropped, historic building, neoclassical, gothic, baroque, victorian, classical columns, ornate, medieval, text, lettering, signage, logo, watermark, 3d render, cgi, illustration, painting, cartoon, plastic, oversaturated, black and white, monochrome, sepia, blurry, jpeg artifacts, distorted lines, deformed structure, low quality",school,16
14,Pilot - restyled v5 prompts,1,2026-09-28T11:09:39.848Z,259,B06,"exterior photograph of a 1960s new brutalist university building of red brick and concrete with angular projecting lecture halls, green campus, daylight, perspective view at eye level, whole building in view, professional architectural photography, full-frame camera, 24mm lens, natural light, realistic materials, sharp focus","interior, indoor, inside view, close-up, cropped, historic building, neoclassical, gothic, baroque, victorian, classical columns, ornate, medieval, text, lettering, signage, logo, watermark, 3d render, cgi, illustration, painting, cartoon, plastic, oversaturated, black and white, monochrome, sepia, blurry, jpeg artifacts, distorted lines, deformed structure, low quality",school,17
14,Pilot - restyled v5 prompts,1,2026-09-28T11:09:39.848Z,260,B08,"exterior photograph of a contemporary sports hall with a translucent polycarbonate facade, suburbs, daylight, front view from the street, whole building in view, professional architectural photography, full-frame camera, 24mm lens, natural light, realistic materials, sharp focus","interior, indoor, inside view, close-up, cropped, historic building, neoclassical, gothic, baroque, victorian, classical columns, ornate, medieval, text, lettering, signage, logo, watermark, 3d render, cgi, illustration, painting, cartoon, plastic, oversaturated, black and white, monochrome, sepia, blurry, jpeg artifacts, distorted lines, deformed structure, low quality",sport,18
14,Pilot - restyled v5 prompts,1,2026-09-28T11:09:39.848Z,261,B09,"exterior photograph of a contemporary museum made of stacked offset white boxes wrapped in a metal mesh skin, city street, daylight, front view, whole building in view, professional architectural photography, full-frame camera, 24mm lens, natural light, realistic materials, sharp focus","interior, indoor, inside view, close-up, cropped, historic building, neoclassical, gothic, baroque, victorian, classical columns, ornate, medieval, text, lettering, signage, logo, watermark, 3d render, cgi, illustration, painting, cartoon, plastic, oversaturated, black and white, monochrome, sepia, blurry, jpeg artifacts, distorted lines, deformed structure, low quality",museum,19
14,Pilot - restyled v5 prompts,1,2026-09-28T11:09:39.848Z,262,B12,"exterior photograph of a 1930s rationalist town hall, pale travertine cladding, regular grid of windows and a slender square clock tower, paved piazza, daylight, front view, whole building in view, professional architectural photography, full-frame camera, 24mm lens, natural light, realistic materials, sharp focus","interior, indoor, inside view, close-up, cropped, historic building, neoclassical, gothic, baroque, victorian, classical columns, ornate, medieval, text, lettering, signage, logo, watermark, 3d render, cgi, illustration, painting, cartoon, plastic, oversaturated, black and white, monochrome, sepia, blurry, jpeg artifacts, distorted lines, deformed structure, low quality",civic,20
14,Pilot - restyled v5 prompts,1,2026-09-28T11:09:39.848Z,263,B14,"exterior photograph of a 1950s modernist housing block on massive concrete pilotis, rough concrete with brightly coloured balcony recesses, green park, daylight, front view, whole building in view, professional architectural photography, full-frame camera, 24mm lens, natural light, realistic materials, sharp focus","interior, indoor, inside view, close-up, cropped, historic building, neoclassical, gothic, baroque, victorian, classical columns, ornate, medieval, text, lettering, signage, logo, watermark, 3d render, cgi, illustration, painting, cartoon, plastic, oversaturated, black and white, monochrome, sepia, blurry, jpeg artifacts, distorted lines, deformed structure, low quality",housing,21
14,Pilot - restyled v5 prompts,1,2026-09-28T11:09:39.848Z,264,B15,"exterior photograph of a 1950s museum shaped as a white spiral drum widening upwards, city street corner, daylight, side view, whole building in view, professional architectural photography, full-frame camera, 24mm lens, natural light, realistic materials, sharp focus","interior, indoor, inside view, close-up, cropped, historic building, neoclassical, gothic, baroque, victorian, classical columns, ornate, medieval, text, lettering, signage, logo, watermark, 3d render, cgi, illustration, painting, cartoon, plastic, oversaturated, black and white, monochrome, sepia, blurry, jpeg artifacts, distorted lines, deformed structure, low quality",museum,22
14,Pilot - restyled v5 prompts,1,2026-09-28T11:09:39.848Z,265,B19,"exterior photograph of a contemporary twisting supertall skyscraper of glass and steel above the city skyline, daylight, the entire tower seen from a distance, whole building in view, professional architectural photography, full-frame camera, 24mm lens, natural light, realistic materials, sharp focus","interior, indoor, inside view, close-up, cropped, historic building, neoclassical, gothic, baroque, victorian, classical columns, ornate, medieval, text, lettering, signage, logo, watermark, 3d render, cgi, illustration, painting, cartoon, plastic, oversaturated, black and white, monochrome, sepia, blurry, jpeg artifacts, distorted lines, deformed structure, low quality",tower,23
14,Pilot - restyled v5 prompts,1,2026-09-28T11:09:39.848Z,266,B20,"exterior photograph of a 1970s bank headquarters of dark weathering steel and bronze tinted glass with floors suspended from a top truss, city centre, daylight, front view, whole building in view, professional architectural photography, full-frame camera, 24mm lens, natural light, realistic materials, sharp focus","interior, indoor, inside view, close-up, cropped, historic building, neoclassical, gothic, baroque, victorian, classical columns, ornate, medieval, text, lettering, signage, logo, watermark, 3d render, cgi, illustration, painting, cartoon, plastic, oversaturated, black and white, monochrome, sepia, blurry, jpeg artifacts, distorted lines, deformed structure, low quality",office,24
14,Pilot - restyled v5 prompts,1,2026-09-28T11:09:39.848Z,267,B23,"exterior photograph of a contemporary minimalist church, a pure white marble cube with a single cross-shaped light slit, city square, daylight, front view from the street, whole building in view, professional architectural photography, full-frame camera, 24mm lens, natural light, realistic materials, sharp focus","interior, indoor, inside view, close-up, cropped, historic building, neoclassical, gothic, baroque, victorian, classical columns, ornate, medieval, text, lettering, signage, logo, watermark, 3d render, cgi, illustration, painting, cartoon, plastic, oversaturated, black and white, monochrome, sepia, blurry, jpeg artifacts, distorted lines, deformed structure, low quality",religious,25
14,Pilot - restyled v5 prompts,1,2026-09-28T11:09:39.848Z,268,B25,"exterior photograph of a 1930s functionalist factory with long glass curtain walls, white concrete frame and elevated glass conveyor bridges, industrial canal, daylight, front view, whole building in view, professional architectural photography, full-frame camera, 24mm lens, natural light, realistic materials, sharp focus","interior, indoor, inside view, close-up, cropped, historic building, neoclassical, gothic, baroque, victorian, classical columns, ornate, medieval, text, lettering, signage, logo, watermark, 3d render, cgi, illustration, painting, cartoon, plastic, oversaturated, black and white, monochrome, sepia, blurry, jpeg artifacts, distorted lines, deformed structure, low quality",industrial,26
14,Pilot - restyled v5 prompts,1,2026-09-28T11:09:39.848Z,269,B26,"exterior photograph of a 1920s modernist social housing estate, white and pastel coloured render, flat roofs and rows of balconies, garden street, daylight, perspective view at eye level, whole building in view, professional architectural photography, full-frame camera, 24mm lens, natural light, realistic materials, sharp focus","interior, indoor, inside view, close-up, cropped, historic building, neoclassical, gothic, baroque, victorian, classical columns, ornate, medieval, text, lettering, signage, logo, watermark, 3d render, cgi, illustration, painting, cartoon, plastic, oversaturated, black and white, monochrome, sepia, blurry, jpeg artifacts, distorted lines, deformed structure, low quality",housing,27
14,Pilot - restyled v5 prompts,1,2026-09-28T11:09:39.848Z,270,B27,"exterior photograph of a contemporary mountain house with a dark timber upper volume on a rough stone base and a large glass wall, alpine valley in summer, soft daylight, front view, whole building in view, professional architectural photography, full-frame camera, 24mm lens, natural light, realistic materials, sharp focus","interior, indoor, inside view, close-up, cropped, historic building, neoclassical, gothic, baroque, victorian, classical columns, ornate, medieval, text, lettering, signage, logo, watermark, 3d render, cgi, illustration, painting, cartoon, plastic, oversaturated, black and white, monochrome, sepia, blurry, jpeg artifacts, distorted lines, deformed structure, low quality",house,28
14,Pilot - restyled v5 prompts,1,2026-09-28T11:09:39.848Z,271,B29,"exterior photograph of a 1960s stadium with a dramatic cantilevered thin concrete roof and a ribbed concrete facade, suburbs, daylight, perspective view at eye level from outside, whole building in view, professional architectural photography, full-frame camera, 24mm lens, natural light, realistic materials, sharp focus","interior, indoor, inside view, close-up, cropped, historic building, neoclassical, gothic, baroque, victorian, classical columns, ornate, medieval, text, lettering, signage, logo, watermark, 3d render, cgi, illustration, painting, cartoon, plastic, oversaturated, black and white, monochrome, sepia, blurry, jpeg artifacts, distorted lines, deformed structure, low quality",sport,29
15,Prompt Architetture v2 (allineati al corpus),6,2026-09-28T11:40:49.414Z,272,A01,"exterior photograph of a late modernist museum building clad in large rough stone blocks, massive solid volumes with a recessed glass entrance and deep horizontal window slots, on the seafront promenade, soft evening light, three-quarter view, whole building in view, professional architectural photography, full-frame camera, 24mm lens, natural light, realistic materials, sharp focus","interior, indoor, inside view, close-up, cropped, view from underneath, underside of roof, ceiling, looking up, worm's-eye view, historic building, neoclassical, gothic, baroque, victorian, classical columns, ornate, medieval, text, lettering, signage, logo, watermark, 3d render, cgi, illustration, painting, cartoon, plastic, oversaturated, black and white, monochrome, sepia, blurry, jpeg artifacts, distorted lines, deformed structure, low quality",museum,1
15,Prompt Architetture v2 (allineati al corpus),6,2026-09-28T11:40:49.414Z,273,A02,"exterior photograph of a high-tech metro station entrance pavilion with a curved glass and white steel canopy, photographed from outside at a distance across an urban square, the whole pavilion visible, daylight, front view, whole building in view, professional architectural photography, full-frame camera, 24mm lens, natural light, realistic materials, sharp focus","interior, indoor, inside view, close-up, cropped, view from underneath, underside of roof, ceiling, looking up, worm's-eye view, historic building, neoclassical, gothic, baroque, victorian, classical columns, ornate, medieval, text, lettering, signage, logo, watermark, 3d render, cgi, illustration, painting, cartoon, plastic, oversaturated, black and white, monochrome, sepia, blurry, jpeg artifacts, distorted lines, deformed structure, low quality",station,1
15,Prompt Architetture v2 (allineati al corpus),6,2026-09-28T11:40:49.414Z,274,A04,"exterior photograph of a minimalist house in exposed grey concrete with one large cantilever over the rocks at the seafront, dramatic overcast sky, three-quarter view, whole building in view, professional architectural photography, full-frame camera, 24mm lens, natural light, realistic materials, sharp focus","interior, indoor, inside view, close-up, cropped, view from underneath, underside of roof, ceiling, looking up, worm's-eye view, historic building, neoclassical, gothic, baroque, victorian, classical columns, ornate, medieval, text, lettering, signage, logo, watermark, 3d render, cgi, illustration, painting, cartoon, plastic, oversaturated, black and white, monochrome, sepia, blurry, jpeg artifacts, distorted lines, deformed structure, low quality",house,2
15,Prompt Architetture v2 (allineati al corpus),6,2026-09-28T11:40:49.414Z,275,A07,"exterior photograph of a contemporary market hall with a huge undulating roof covered in colourful ceramic mosaic tiles, photographed from outside at a distance across the street, the whole building and roof edge visible, city centre, daylight, side view, whole building in view, professional architectural photography, full-frame camera, 24mm lens, natural light, realistic materials, sharp focus","interior, indoor, inside view, close-up, cropped, view from underneath, underside of roof, ceiling, looking up, worm's-eye view, historic building, neoclassical, gothic, baroque, victorian, classical columns, ornate, medieval, text, lettering, signage, logo, watermark, 3d render, cgi, illustration, painting, cartoon, plastic, oversaturated, black and white, monochrome, sepia, blurry, jpeg artifacts, distorted lines, deformed structure, low quality",market,3
15,Prompt Architetture v2 (allineati al corpus),6,2026-09-28T11:40:49.414Z,276,A08,"exterior photograph of a Scandinavian modernist library, warm red brick, sawtooth roof lights and a curved wall, park with autumn trees, daylight, front view from the street, whole building in view, professional architectural photography, full-frame camera, 24mm lens, natural light, realistic materials, sharp focus","interior, indoor, inside view, close-up, cropped, view from underneath, underside of roof, ceiling, looking up, worm's-eye view, historic building, neoclassical, gothic, baroque, victorian, classical columns, ornate, medieval, text, lettering, signage, logo, watermark, 3d render, cgi, illustration, painting, cartoon, plastic, oversaturated, black and white, monochrome, sepia, blurry, jpeg artifacts, distorted lines, deformed structure, low quality",library,4
15,Prompt Architetture v2 (allineati al corpus),6,2026-09-28T11:40:49.414Z,277,A09,"exterior photograph of a 1950s International Style office tower with slender bronze mullions and a dark glass curtain wall, plaza with a fountain in front, daylight, view from across the street, whole building in view, professional architectural photography, full-frame camera, 24mm lens, natural light, realistic materials, sharp focus","interior, indoor, inside view, close-up, cropped, view from underneath, underside of roof, ceiling, looking up, worm's-eye view, historic building, neoclassical, gothic, baroque, victorian, classical columns, ornate, medieval, text, lettering, signage, logo, watermark, 3d render, cgi, illustration, painting, cartoon, plastic, oversaturated, black and white, monochrome, sepia, blurry, jpeg artifacts, distorted lines, deformed structure, low quality",office,5
15,Prompt Architetture v2 (allineati al corpus),6,2026-09-28T11:40:49.414Z,278,A11,"exterior photograph of a contemporary timber church with a steep angular folded roof and wooden shingle cladding, alpine meadow with snow-capped mountains behind, clear morning light, three-quarter view from the meadow at a distance, whole building in view, professional architectural photography, full-frame camera, 24mm lens, natural light, realistic materials, sharp focus","interior, indoor, inside view, close-up, cropped, view from underneath, underside of roof, ceiling, looking up, worm's-eye view, historic building, neoclassical, gothic, baroque, victorian, classical columns, ornate, medieval, text, lettering, signage, logo, watermark, 3d render, cgi, illustration, painting, cartoon, plastic, oversaturated, black and white, monochrome, sepia, blurry, jpeg artifacts, distorted lines, deformed structure, low quality",religious,6
15,Prompt Architetture v2 (allineati al corpus),6,2026-09-28T11:40:49.414Z,279,A13,"exterior photograph of a contemporary football stadium wrapped in a facade of inflated diamond-shaped ETFE cushions, suburbs, daylight, side view from outside at a distance, whole building in view, professional architectural photography, full-frame camera, 24mm lens, natural light, realistic materials, sharp focus","interior, indoor, inside view, close-up, cropped, view from underneath, underside of roof, ceiling, looking up, worm's-eye view, historic building, neoclassical, gothic, baroque, victorian, classical columns, ornate, medieval, text, lettering, signage, logo, watermark, 3d render, cgi, illustration, painting, cartoon, plastic, oversaturated, black and white, monochrome, sepia, blurry, jpeg artifacts, distorted lines, deformed structure, low quality",sport,7
15,Prompt Architetture v2 (allineati al corpus),6,2026-09-28T11:40:49.414Z,281,A15,"exterior photograph of a tropical modernist skyscraper with a deep concrete brise-soleil grid facade on the waterfront, daylight, the entire tower seen from a distance across the water, whole building in view, professional architectural photography, full-frame camera, 24mm lens, natural light, realistic materials, sharp focus","interior, indoor, inside view, close-up, cropped, view from underneath, underside of roof, ceiling, looking up, worm's-eye view, historic building, neoclassical, gothic, baroque, victorian, classical columns, ornate, medieval, text, lettering, signage, logo, watermark, 3d render, cgi, illustration, painting, cartoon, plastic, oversaturated, black and white, monochrome, sepia, blurry, jpeg artifacts, distorted lines, deformed structure, low quality",tower,9
15,Prompt Architetture v2 (allineati al corpus),6,2026-09-28T11:40:49.414Z,282,A22,"exterior photograph of a postwar modern church of rough grey stone with a tall freestanding concrete bell tower, residential neighbourhood, daylight, side view, whole building in view, professional architectural photography, full-frame camera, 24mm lens, natural light, realistic materials, sharp focus","interior, indoor, inside view, close-up, cropped, view from underneath, underside of roof, ceiling, looking up, worm's-eye view, historic building, neoclassical, gothic, baroque, victorian, classical columns, ornate, medieval, text, lettering, signage, logo, watermark, 3d render, cgi, illustration, painting, cartoon, plastic, oversaturated, black and white, monochrome, sepia, blurry, jpeg artifacts, distorted lines, deformed structure, low quality",religious,10
15,Prompt Architetture v2 (allineati al corpus),6,2026-09-28T11:40:49.414Z,283,A25,"exterior photograph of a contemporary Mediterranean villa of whitewashed cubic volumes with a timber pergola and an infinity pool, on a cliff above the sea, golden hour light, the whole villa seen from a distance, three-quarter view at eye level, whole building in view, professional architectural photography, full-frame camera, 24mm lens, natural light, realistic materials, sharp focus","interior, indoor, inside view, close-up, cropped, view from underneath, underside of roof, ceiling, looking up, worm's-eye view, historic building, neoclassical, gothic, baroque, victorian, classical columns, ornate, medieval, text, lettering, signage, logo, watermark, 3d render, cgi, illustration, painting, cartoon, plastic, oversaturated, black and white, monochrome, sepia, blurry, jpeg artifacts, distorted lines, deformed structure, low quality",house,11
15,Prompt Architetture v2 (allineati al corpus),6,2026-09-28T11:40:49.414Z,284,A26,"exterior photograph of a neo-futurist railway station with white steel ribs forming a wing-shaped canopy, photographed from outside at a distance across the station square, the whole station visible, daylight, front view, whole building in view, professional architectural photography, full-frame camera, 24mm lens, natural light, realistic materials, sharp focus","interior, indoor, inside view, close-up, cropped, view from underneath, underside of roof, ceiling, looking up, worm's-eye view, historic building, neoclassical, gothic, baroque, victorian, classical columns, ornate, medieval, text, lettering, signage, logo, watermark, 3d render, cgi, illustration, painting, cartoon, plastic, oversaturated, black and white, monochrome, sepia, blurry, jpeg artifacts, distorted lines, deformed structure, low quality",station,12
15,Prompt Architetture v2 (allineati al corpus),6,2026-09-28T11:40:49.414Z,285,A27,"exterior photograph of a contemporary airport terminal building with a long undulating roof over a glass facade, photographed from far away across a landscaped forecourt, the whole terminal and roof edge visible from outside, daylight, eye-level view, whole building in view, professional architectural photography, full-frame camera, 24mm lens, natural light, realistic materials, sharp focus","interior, indoor, inside view, close-up, cropped, view from underneath, underside of roof, ceiling, looking up, worm's-eye view, historic building, neoclassical, gothic, baroque, victorian, classical columns, ornate, medieval, text, lettering, signage, logo, watermark, 3d render, cgi, illustration, painting, cartoon, plastic, oversaturated, black and white, monochrome, sepia, blurry, jpeg artifacts, distorted lines, deformed structure, low quality",station,13
15,Prompt Architetture v2 (allineati al corpus),6,2026-09-28T11:40:49.414Z,286,B01,"exterior photograph of a 1930s streamline moderne beach house, white render, rounded corners, porthole windows and long horizontal balconies, beach, sunny day, front view, whole building in view, professional architectural photography, full-frame camera, 24mm lens, natural light, realistic materials, sharp focus","interior, indoor, inside view, close-up, cropped, view from underneath, underside of roof, ceiling, looking up, worm's-eye view, historic building, neoclassical, gothic, baroque, victorian, classical columns, ornate, medieval, text, lettering, signage, logo, watermark, 3d render, cgi, illustration, painting, cartoon, plastic, oversaturated, black and white, monochrome, sepia, blurry, jpeg artifacts, distorted lines, deformed structure, low quality",house,14
15,Prompt Architetture v2 (allineati al corpus),6,2026-09-28T11:40:49.414Z,287,B02,"exterior photograph of a contemporary urban apartment building with a perforated terracotta screen facade, on a street corner, the whole building seen from across the street, daylight, front view, whole building in view, professional architectural photography, full-frame camera, 24mm lens, natural light, realistic materials, sharp focus","interior, indoor, inside view, close-up, cropped, view from underneath, underside of roof, ceiling, looking up, worm's-eye view, historic building, neoclassical, gothic, baroque, victorian, classical columns, ornate, medieval, text, lettering, signage, logo, watermark, 3d render, cgi, illustration, painting, cartoon, plastic, oversaturated, black and white, monochrome, sepia, blurry, jpeg artifacts, distorted lines, deformed structure, low quality",housing,15
15,Prompt Architetture v2 (allineati al corpus),6,2026-09-28T11:40:49.414Z,288,B04,"exterior photograph of a contemporary primary school with playful coloured facade panels and large square windows, urban park, daylight, side view, whole building in view, professional architectural photography, full-frame camera, 24mm lens, natural light, realistic materials, sharp focus","interior, indoor, inside view, close-up, cropped, view from underneath, underside of roof, ceiling, looking up, worm's-eye view, historic building, neoclassical, gothic, baroque, victorian, classical columns, ornate, medieval, text, lettering, signage, logo, watermark, 3d render, cgi, illustration, painting, cartoon, plastic, oversaturated, black and white, monochrome, sepia, blurry, jpeg artifacts, distorted lines, deformed structure, low quality",school,16
15,Prompt Architetture v2 (allineati al corpus),6,2026-09-28T11:40:49.414Z,289,B06,"exterior photograph of a 1960s new brutalist university building of red brick and concrete with angular projecting lecture halls, green campus, daylight, perspective view at eye level, whole building in view, professional architectural photography, full-frame camera, 24mm lens, natural light, realistic materials, sharp focus","interior, indoor, inside view, close-up, cropped, view from underneath, underside of roof, ceiling, looking up, worm's-eye view, historic building, neoclassical, gothic, baroque, victorian, classical columns, ornate, medieval, text, lettering, signage, logo, watermark, 3d render, cgi, illustration, painting, cartoon, plastic, oversaturated, black and white, monochrome, sepia, blurry, jpeg artifacts, distorted lines, deformed structure, low quality",school,17
15,Prompt Architetture v2 (allineati al corpus),6,2026-09-28T11:40:49.414Z,290,B08,"exterior photograph of a contemporary sports hall with a translucent polycarbonate facade, suburbs, daylight, front view from the street, whole building in view, professional architectural photography, full-frame camera, 24mm lens, natural light, realistic materials, sharp focus","interior, indoor, inside view, close-up, cropped, view from underneath, underside of roof, ceiling, looking up, worm's-eye view, historic building, neoclassical, gothic, baroque, victorian, classical columns, ornate, medieval, text, lettering, signage, logo, watermark, 3d render, cgi, illustration, painting, cartoon, plastic, oversaturated, black and white, monochrome, sepia, blurry, jpeg artifacts, distorted lines, deformed structure, low quality",sport,18
15,Prompt Architetture v2 (allineati al corpus),6,2026-09-28T11:40:49.414Z,291,B09,"exterior photograph of a contemporary museum made of stacked offset white boxes wrapped in a metal mesh skin, city street, daylight, front view, whole building in view, professional architectural photography, full-frame camera, 24mm lens, natural light, realistic materials, sharp focus","interior, indoor, inside view, close-up, cropped, view from underneath, underside of roof, ceiling, looking up, worm's-eye view, historic building, neoclassical, gothic, baroque, victorian, classical columns, ornate, medieval, text, lettering, signage, logo, watermark, 3d render, cgi, illustration, painting, cartoon, plastic, oversaturated, black and white, monochrome, sepia, blurry, jpeg artifacts, distorted lines, deformed structure, low quality",museum,19
15,Prompt Architetture v2 (allineati al corpus),6,2026-09-28T11:40:49.414Z,292,B12,"exterior photograph of a 1930s rationalist town hall, pale travertine cladding, regular grid of windows and a slender square clock tower, paved piazza, daylight, front view, whole building in view, professional architectural photography, full-frame camera, 24mm lens, natural light, realistic materials, sharp focus","interior, indoor, inside view, close-up, cropped, view from underneath, underside of roof, ceiling, looking up, worm's-eye view, historic building, neoclassical, gothic, baroque, victorian, classical columns, ornate, medieval, text, lettering, signage, logo, watermark, 3d render, cgi, illustration, painting, cartoon, plastic, oversaturated, black and white, monochrome, sepia, blurry, jpeg artifacts, distorted lines, deformed structure, low quality",civic,20
15,Prompt Architetture v2 (allineati al corpus),6,2026-09-28T11:40:49.414Z,293,B14,"exterior photograph of a 1950s modernist housing block on massive concrete pilotis, rough concrete with brightly coloured balcony recesses, green park, daylight, front view, whole building in view, professional architectural photography, full-frame camera, 24mm lens, natural light, realistic materials, sharp focus","interior, indoor, inside view, close-up, cropped, view from underneath, underside of roof, ceiling, looking up, worm's-eye view, historic building, neoclassical, gothic, baroque, victorian, classical columns, ornate, medieval, text, lettering, signage, logo, watermark, 3d render, cgi, illustration, painting, cartoon, plastic, oversaturated, black and white, monochrome, sepia, blurry, jpeg artifacts, distorted lines, deformed structure, low quality",housing,21
15,Prompt Architetture v2 (allineati al corpus),6,2026-09-28T11:40:49.414Z,294,B15,"exterior photograph of a 1950s museum shaped as a white spiral drum widening upwards, city street corner, daylight, side view, whole building in view, professional architectural photography, full-frame camera, 24mm lens, natural light, realistic materials, sharp focus","interior, indoor, inside view, close-up, cropped, view from underneath, underside of roof, ceiling, looking up, worm's-eye view, historic building, neoclassical, gothic, baroque, victorian, classical columns, ornate, medieval, text, lettering, signage, logo, watermark, 3d render, cgi, illustration, painting, cartoon, plastic, oversaturated, black and white, monochrome, sepia, blurry, jpeg artifacts, distorted lines, deformed structure, low quality",museum,22
15,Prompt Architetture v2 (allineati al corpus),6,2026-09-28T11:40:49.414Z,295,B19,"exterior photograph of a contemporary twisting supertall skyscraper of glass and steel, photographed from far away across a river, the full height of the tower from ground to top visible with lower buildings around its base, daylight, whole building in view, professional architectural photography, full-frame camera, 24mm lens, natural light, realistic materials, sharp focus","interior, indoor, inside view, close-up, cropped, view from underneath, underside of roof, ceiling, looking up, worm's-eye view, historic building, neoclassical, gothic, baroque, victorian, classical columns, ornate, medieval, text, lettering, signage, logo, watermark, 3d render, cgi, illustration, painting, cartoon, plastic, oversaturated, black and white, monochrome, sepia, blurry, jpeg artifacts, distorted lines, deformed structure, low quality",tower,23
15,Prompt Architetture v2 (allineati al corpus),6,2026-09-28T11:40:49.414Z,296,B20,"exterior photograph of a 1970s bank headquarters building of dark weathering steel and bronze tinted glass, seen from across a city square, daylight, front view, whole building in view, professional architectural photography, full-frame camera, 24mm lens, natural light, realistic materials, sharp focus","interior, indoor, inside view, close-up, cropped, view from underneath, underside of roof, ceiling, looking up, worm's-eye view, historic building, neoclassical, gothic, baroque, victorian, classical columns, ornate, medieval, text, lettering, signage, logo, watermark, 3d render, cgi, illustration, painting, cartoon, plastic, oversaturated, black and white, monochrome, sepia, blurry, jpeg artifacts, distorted lines, deformed structure, low quality",office,24
15,Prompt Architetture v2 (allineati al corpus),6,2026-09-28T11:40:49.414Z,297,B23,"exterior photograph of a contemporary minimalist church, a pure white marble cube with a single cross-shaped light slit, city square, daylight, front view from the street, whole building in view, professional architectural photography, full-frame camera, 24mm lens, natural light, realistic materials, sharp focus","interior, indoor, inside view, close-up, cropped, view from underneath, underside of roof, ceiling, looking up, worm's-eye view, historic building, neoclassical, gothic, baroque, victorian, classical columns, ornate, medieval, text, lettering, signage, logo, watermark, 3d render, cgi, illustration, painting, cartoon, plastic, oversaturated, black and white, monochrome, sepia, blurry, jpeg artifacts, distorted lines, deformed structure, low quality",religious,25
15,Prompt Architetture v2 (allineati al corpus),6,2026-09-28T11:40:49.414Z,298,B25,"exterior photograph of a 1930s functionalist factory, long horizontal glass curtain walls on a white concrete frame, industrial canal in front, seen from across the canal, daylight, front view, whole building in view, professional architectural photography, full-frame camera, 24mm lens, natural light, realistic materials, sharp focus","interior, indoor, inside view, close-up, cropped, view from underneath, underside of roof, ceiling, looking up, worm's-eye view, historic building, neoclassical, gothic, baroque, victorian, classical columns, ornate, medieval, text, lettering, signage, logo, watermark, 3d render, cgi, illustration, painting, cartoon, plastic, oversaturated, black and white, monochrome, sepia, blurry, jpeg artifacts, distorted lines, deformed structure, low quality",industrial,26
15,Prompt Architetture v2 (allineati al corpus),6,2026-09-28T11:40:49.414Z,299,B26,"exterior photograph of a 1920s modernist social housing estate, white and pastel coloured render, flat roofs and rows of balconies, garden street, daylight, perspective view at eye level, whole building in view, professional architectural photography, full-frame camera, 24mm lens, natural light, realistic materials, sharp focus","interior, indoor, inside view, close-up, cropped, view from underneath, underside of roof, ceiling, looking up, worm's-eye view, historic building, neoclassical, gothic, baroque, victorian, classical columns, ornate, medieval, text, lettering, signage, logo, watermark, 3d render, cgi, illustration, painting, cartoon, plastic, oversaturated, black and white, monochrome, sepia, blurry, jpeg artifacts, distorted lines, deformed structure, low quality",housing,27
15,Prompt Architetture v2 (allineati al corpus),6,2026-09-28T11:40:49.414Z,300,B27,"exterior photograph of a contemporary mountain house with a dark timber upper volume on a rough stone base and large windows, alpine valley in summer, soft daylight, the whole house seen from the meadow below at a distance, whole building in view, professional architectural photography, full-frame camera, 24mm lens, natural light, realistic materials, sharp focus","interior, indoor, inside view, close-up, cropped, view from underneath, underside of roof, ceiling, looking up, worm's-eye view, historic building, neoclassical, gothic, baroque, victorian, classical columns, ornate, medieval, text, lettering, signage, logo, watermark, 3d render, cgi, illustration, painting, cartoon, plastic, oversaturated, black and white, monochrome, sepia, blurry, jpeg artifacts, distorted lines, deformed structure, low quality",house,28
15,Prompt Architetture v2 (allineati al corpus),6,2026-09-28T11:40:49.414Z,301,B29,"exterior photograph of a 1960s stadium with a dramatic cantilevered thin concrete roof and a ribbed concrete facade, suburbs, daylight, the whole stadium seen from outside at a distance, perspective view at eye level, whole building in view, professional architectural photography, full-frame camera, 24mm lens, natural light, realistic materials, sharp focus","interior, indoor, inside view, close-up, cropped, view from underneath, underside of roof, ceiling, looking up, worm's-eye view, historic building, neoclassical, gothic, baroque, victorian, classical columns, ornate, medieval, text, lettering, signage, logo, watermark, 3d render, cgi, illustration, painting, cartoon, plastic, oversaturated, black and white, monochrome, sepia, blurry, jpeg artifacts, distorted lines, deformed structure, low quality",sport,29
15,Prompt Architetture v2 (allineati al corpus),6,2026-09-28T11:40:49.414Z,302,C01,"exterior photograph of a deconstructivist museum with fragmented angular volumes, tilted walls and sharp intersecting planes, brushed zinc and glass cladding, riverfront, bright daylight, three-quarter view, whole building in view, professional architectural photography, full-frame camera, 24mm lens, natural light, realistic materials, sharp focus","interior, indoor, inside view, close-up, cropped, view from underneath, underside of roof, ceiling, looking up, worm's-eye view, historic building, neoclassical, gothic, baroque, victorian, classical columns, ornate, medieval, text, lettering, signage, logo, watermark, 3d render, cgi, illustration, painting, cartoon, plastic, oversaturated, black and white, monochrome, sepia, blurry, jpeg artifacts, distorted lines, deformed structure, low quality",museum,100
15,Prompt Architetture v2 (allineati al corpus),6,2026-09-28T11:40:49.414Z,303,C02,"exterior photograph of a deconstructivist concert hall made of colliding slanted concrete and glass blocks, cantilevered wedge shapes, urban plaza, afternoon light, perspective view at eye level, whole building in view, professional architectural photography, full-frame camera, 24mm lens, natural light, realistic materials, sharp focus","interior, indoor, inside view, close-up, cropped, view from underneath, underside of roof, ceiling, looking up, worm's-eye view, historic building, neoclassical, gothic, baroque, victorian, classical columns, ornate, medieval, text, lettering, signage, logo, watermark, 3d render, cgi, illustration, painting, cartoon, plastic, oversaturated, black and white, monochrome, sepia, blurry, jpeg artifacts, distorted lines, deformed structure, low quality",culture,101
15,Prompt Architetture v2 (allineati al corpus),6,2026-09-28T11:40:49.414Z,304,C04,"exterior photograph of an organic cultural centre with flowing curved white concrete shell roofs and no straight lines, wide open plaza, clear blue sky, three-quarter view, whole building in view, professional architectural photography, full-frame camera, 24mm lens, natural light, realistic materials, sharp focus","interior, indoor, inside view, close-up, cropped, view from underneath, underside of roof, ceiling, looking up, worm's-eye view, historic building, neoclassical, gothic, baroque, victorian, classical columns, ornate, medieval, text, lettering, signage, logo, watermark, 3d render, cgi, illustration, painting, cartoon, plastic, oversaturated, black and white, monochrome, sepia, blurry, jpeg artifacts, distorted lines, deformed structure, low quality",culture,102
15,Prompt Architetture v2 (allineati al corpus),6,2026-09-28T11:40:49.414Z,305,C05,"exterior photograph of a parametric contemporary building with a continuous fluid facade of curving white bands and ribbon windows, landscaped plaza, daylight, perspective view, whole building in view, professional architectural photography, full-frame camera, 24mm lens, natural light, realistic materials, sharp focus","interior, indoor, inside view, close-up, cropped, view from underneath, underside of roof, ceiling, looking up, worm's-eye view, historic building, neoclassical, gothic, baroque, victorian, classical columns, ornate, medieval, text, lettering, signage, logo, watermark, 3d render, cgi, illustration, painting, cartoon, plastic, oversaturated, black and white, monochrome, sepia, blurry, jpeg artifacts, distorted lines, deformed structure, low quality",culture,103
15,Prompt Architetture v2 (allineati al corpus),6,2026-09-28T11:40:49.414Z,306,C06,"exterior photograph of a brutalist housing complex, raw board-marked concrete, heavy sculptural stacked volumes and deep balconies, overcast sky, perspective view at eye level, whole building in view, professional architectural photography, full-frame camera, 24mm lens, natural light, realistic materials, sharp focus","interior, indoor, inside view, close-up, cropped, view from underneath, underside of roof, ceiling, looking up, worm's-eye view, historic building, neoclassical, gothic, baroque, victorian, classical columns, ornate, medieval, text, lettering, signage, logo, watermark, 3d render, cgi, illustration, painting, cartoon, plastic, oversaturated, black and white, monochrome, sepia, blurry, jpeg artifacts, distorted lines, deformed structure, low quality",housing,104
15,Prompt Architetture v2 (allineati al corpus),6,2026-09-28T11:40:49.414Z,307,C07,"exterior photograph of a brutalist government building, massive raw concrete forms with deep window recesses and a monumental cantilever, large paved square, soft overcast light, front three-quarter view, whole building in view, professional architectural photography, full-frame camera, 24mm lens, natural light, realistic materials, sharp focus","interior, indoor, inside view, close-up, cropped, view from underneath, underside of roof, ceiling, looking up, worm's-eye view, historic building, neoclassical, gothic, baroque, victorian, classical columns, ornate, medieval, text, lettering, signage, logo, watermark, 3d render, cgi, illustration, painting, cartoon, plastic, oversaturated, black and white, monochrome, sepia, blurry, jpeg artifacts, distorted lines, deformed structure, low quality",public,105
15,Prompt Architetture v2 (allineati al corpus),6,2026-09-28T11:40:49.414Z,308,C08,"exterior photograph of a high-tech architecture cultural centre with exposed steel structural frame, colourful external pipes, ducts and escalator tubes, glass curtain wall, city square, daylight, three-quarter view, whole building in view, professional architectural photography, full-frame camera, 24mm lens, natural light, realistic materials, sharp focus","interior, indoor, inside view, close-up, cropped, view from underneath, underside of roof, ceiling, looking up, worm's-eye view, historic building, neoclassical, gothic, baroque, victorian, classical columns, ornate, medieval, text, lettering, signage, logo, watermark, 3d render, cgi, illustration, painting, cartoon, plastic, oversaturated, black and white, monochrome, sepia, blurry, jpeg artifacts, distorted lines, deformed structure, low quality",culture,106
15,Prompt Architetture v2 (allineati al corpus),6,2026-09-28T11:40:49.414Z,309,C09,"exterior photograph of a 1920s expressionist office building, dark clinker brick, dynamic sharp curved corner like a ship bow, vertical brick piers, city street, daylight, street-level perspective, whole building in view, professional architectural photography, full-frame camera, 24mm lens, natural light, realistic materials, sharp focus","interior, indoor, inside view, close-up, cropped, view from underneath, underside of roof, ceiling, looking up, worm's-eye view, historic building, neoclassical, gothic, baroque, victorian, classical columns, ornate, medieval, text, lettering, signage, logo, watermark, 3d render, cgi, illustration, painting, cartoon, plastic, oversaturated, black and white, monochrome, sepia, blurry, jpeg artifacts, distorted lines, deformed structure, low quality",office,107
15,Prompt Architetture v2 (allineati al corpus),6,2026-09-28T11:40:49.414Z,310,C10,"exterior photograph of a 1920s Bauhaus style school building, white render, flat roofs, asymmetric cubic volumes, long horizontal ribbon windows and a glass curtain wall stairwell, green lawn, daylight, three-quarter view, whole building in view, professional architectural photography, full-frame camera, 24mm lens, natural light, realistic materials, sharp focus","interior, indoor, inside view, close-up, cropped, view from underneath, underside of roof, ceiling, looking up, worm's-eye view, historic building, neoclassical, gothic, baroque, victorian, classical columns, ornate, medieval, text, lettering, signage, logo, watermark, 3d render, cgi, illustration, painting, cartoon, plastic, oversaturated, black and white, monochrome, sepia, blurry, jpeg artifacts, distorted lines, deformed structure, low quality",school,108
15,Prompt Architetture v2 (allineati al corpus),6,2026-09-28T11:40:49.414Z,311,C11,"exterior photograph of a 1930s art deco cinema building, cream stucco, stepped streamlined facade with vertical fins and rounded corner tower, city street, sunny day, street-level view, whole building in view, professional architectural photography, full-frame camera, 24mm lens, natural light, realistic materials, sharp focus","interior, indoor, inside view, close-up, cropped, view from underneath, underside of roof, ceiling, looking up, worm's-eye view, historic building, neoclassical, gothic, baroque, victorian, classical columns, ornate, medieval, text, lettering, signage, logo, watermark, 3d render, cgi, illustration, painting, cartoon, plastic, oversaturated, black and white, monochrome, sepia, blurry, jpeg artifacts, distorted lines, deformed structure, low quality",cinema,109
15,Prompt Architetture v2 (allineati al corpus),6,2026-09-28T11:40:49.414Z,312,C12,"exterior photograph of a 1980s postmodern office building with a symmetrical facade, a large abstract geometric arch at the entrance, muted terracotta and sand coloured render with a few pastel accents, city plaza, daylight, front view from across the plaza, whole building in view, professional architectural photography, full-frame camera, 24mm lens, natural light, realistic materials, sharp focus","interior, indoor, inside view, close-up, cropped, view from underneath, underside of roof, ceiling, looking up, worm's-eye view, historic building, neoclassical, gothic, baroque, victorian, classical columns, ornate, medieval, text, lettering, signage, logo, watermark, 3d render, cgi, illustration, painting, cartoon, plastic, oversaturated, black and white, monochrome, sepia, blurry, jpeg artifacts, distorted lines, deformed structure, low quality",office,110
15,Prompt Architetture v2 (allineati al corpus),6,2026-09-28T11:40:49.414Z,313,C13,"exterior photograph of a Japanese minimalist timber museum by a lake, thin floating roof, layered vertical wooden louvres, calm water reflection, soft morning light, the whole building seen from across the lake at a distance, whole building in view, professional architectural photography, full-frame camera, 24mm lens, natural light, realistic materials, sharp focus","interior, indoor, inside view, close-up, cropped, view from underneath, underside of roof, ceiling, looking up, worm's-eye view, historic building, neoclassical, gothic, baroque, victorian, classical columns, ornate, medieval, text, lettering, signage, logo, watermark, 3d render, cgi, illustration, painting, cartoon, plastic, oversaturated, black and white, monochrome, sepia, blurry, jpeg artifacts, distorted lines, deformed structure, low quality",museum,111
15,Prompt Architetture v2 (allineati al corpus),6,2026-09-28T11:40:49.414Z,314,C14,"exterior photograph of a metabolist capsule tower, stacked prefabricated concrete capsules with round windows around a central core, city street, daylight, view from street level, whole building in view, professional architectural photography, full-frame camera, 24mm lens, natural light, realistic materials, sharp focus","interior, indoor, inside view, close-up, cropped, view from underneath, underside of roof, ceiling, looking up, worm's-eye view, historic building, neoclassical, gothic, baroque, victorian, classical columns, ornate, medieval, text, lettering, signage, logo, watermark, 3d render, cgi, illustration, painting, cartoon, plastic, oversaturated, black and white, monochrome, sepia, blurry, jpeg artifacts, distorted lines, deformed structure, low quality",housing,112
15,Prompt Architetture v2 (allineati al corpus),6,2026-09-28T11:40:49.414Z,315,C15,"exterior photograph of a contemporary community centre with thick rammed earth walls, deep shaded openings and a courtyard, desert landscape, strong low sunlight and long shadows, the whole building seen from a distance, three-quarter view, whole building in view, professional architectural photography, full-frame camera, 24mm lens, natural light, realistic materials, sharp focus","interior, indoor, inside view, close-up, cropped, view from underneath, underside of roof, ceiling, looking up, worm's-eye view, historic building, neoclassical, gothic, baroque, victorian, classical columns, ornate, medieval, text, lettering, signage, logo, watermark, 3d render, cgi, illustration, painting, cartoon, plastic, oversaturated, black and white, monochrome, sepia, blurry, jpeg artifacts, distorted lines, deformed structure, low quality",culture,113
15,Prompt Architetture v2 (allineati al corpus),6,2026-09-28T11:40:49.414Z,316,C16,"exterior photograph of a contemporary mass timber apartment building, cross-laminated timber and vertical larch cladding, pine forest suburb in Scandinavia, overcast light, perspective view, whole building in view, professional architectural photography, full-frame camera, 24mm lens, natural light, realistic materials, sharp focus","interior, indoor, inside view, close-up, cropped, view from underneath, underside of roof, ceiling, looking up, worm's-eye view, historic building, neoclassical, gothic, baroque, victorian, classical columns, ornate, medieval, text, lettering, signage, logo, watermark, 3d render, cgi, illustration, painting, cartoon, plastic, oversaturated, black and white, monochrome, sepia, blurry, jpeg artifacts, distorted lines, deformed structure, low quality",housing,114
15,Prompt Architetture v2 (allineati al corpus),6,2026-09-28T11:40:49.414Z,317,C17,"exterior photograph of a modernist thin-shell concrete restaurant with a hyperbolic paraboloid roof of curved petals, by the water, daylight, the whole building seen from a distance, three-quarter view, whole building in view, professional architectural photography, full-frame camera, 24mm lens, natural light, realistic materials, sharp focus","interior, indoor, inside view, close-up, cropped, view from underneath, underside of roof, ceiling, looking up, worm's-eye view, historic building, neoclassical, gothic, baroque, victorian, classical columns, ornate, medieval, text, lettering, signage, logo, watermark, 3d render, cgi, illustration, painting, cartoon, plastic, oversaturated, black and white, monochrome, sepia, blurry, jpeg artifacts, distorted lines, deformed structure, low quality",restaurant,115
15,Prompt Architetture v2 (allineati al corpus),6,2026-09-28T11:40:49.414Z,318,C18,"exterior photograph of a 1950s tropical modernist house raised on pilotis, cantilevered concrete slab, brise-soleil and cobogo screen walls, lush tropical garden, bright sun, three-quarter view, whole building in view, professional architectural photography, full-frame camera, 24mm lens, natural light, realistic materials, sharp focus","interior, indoor, inside view, close-up, cropped, view from underneath, underside of roof, ceiling, looking up, worm's-eye view, historic building, neoclassical, gothic, baroque, victorian, classical columns, ornate, medieval, text, lettering, signage, logo, watermark, 3d render, cgi, illustration, painting, cartoon, plastic, oversaturated, black and white, monochrome, sepia, blurry, jpeg artifacts, distorted lines, deformed structure, low quality",house,116
15,Prompt Architetture v2 (allineati al corpus),6,2026-09-28T11:40:49.414Z,319,C19,"exterior photograph of a mid-century modern A-frame cabin with dark timber cladding and a fully glazed gable, snowy pine forest, winter daylight, front view, whole building in view, professional architectural photography, full-frame camera, 24mm lens, natural light, realistic materials, sharp focus","interior, indoor, inside view, close-up, cropped, view from underneath, underside of roof, ceiling, looking up, worm's-eye view, historic building, neoclassical, gothic, baroque, victorian, classical columns, ornate, medieval, text, lettering, signage, logo, watermark, 3d render, cgi, illustration, painting, cartoon, plastic, oversaturated, black and white, monochrome, sepia, blurry, jpeg artifacts, distorted lines, deformed structure, low quality",house,117
15,Prompt Architetture v2 (allineati al corpus),6,2026-09-28T11:40:49.414Z,320,C20,"exterior photograph of a sculptural expressionist concrete chapel on a green hill, thick curved walls of rough whitewashed concrete with weathered texture, heavy upturned roof and irregular deep-set small windows, blue sky, three-quarter view, whole building in view, professional architectural photography, full-frame camera, 24mm lens, natural light, realistic materials, sharp focus","interior, indoor, inside view, close-up, cropped, view from underneath, underside of roof, ceiling, looking up, worm's-eye view, historic building, neoclassical, gothic, baroque, victorian, classical columns, ornate, medieval, text, lettering, signage, logo, watermark, 3d render, cgi, illustration, painting, cartoon, plastic, oversaturated, black and white, monochrome, sepia, blurry, jpeg artifacts, distorted lines, deformed structure, low quality",chapel,118
