flag_id,type,participant_id,session_id,rating_id,pairwise_trial_id,details,created_at,exclude_from_analysis,decision_reason,decided_at
275,VeryFastResponse,218,75,1868.0,,215 ms,2000-01-01T00:02:01.400Z,False,,
276,VeryFastResponse,218,75,1960.0,,274 ms,2000-01-01T00:05:26.608Z,False,,
279,VeryFastResponse,211,77,2006.0,,158 ms,2000-01-01T00:01:08.678Z,False,,
280,VeryFastResponse,211,77,2026.0,,71 ms,2000-01-01T00:02:18.971Z,False,,
281,VeryFastResponse,289,79,2331.0,,786 ms,2000-01-01T00:01:16.933Z,False,,
282,VeryFastResponse,289,79,2376.0,,794 ms,2000-01-01T00:02:15.818Z,False,,
283,VeryFastResponse,289,79,2387.0,,660 ms,2000-01-01T00:02:25.751Z,False,,
284,VeryFastResponse,289,79,2396.0,,717 ms,2000-01-01T00:02:38.132Z,False,,
285,VeryFastResponse,289,79,2430.0,,797 ms,2000-01-01T00:03:28.409Z,False,,
286,VeryFastResponse,289,79,2460.0,,710 ms,2000-01-01T00:03:54.664Z,False,,
287,VeryFastResponse,289,79,2474.0,,781 ms,2000-01-01T00:04:05.983Z,False,,
288,VeryFastResponse,289,79,2475.0,,606 ms,2000-01-01T00:04:06.799Z,False,,
289,VeryFastResponse,289,79,2477.0,,731 ms,2000-01-01T00:04:07.727Z,False,,
290,VeryFastResponse,52,80,2492.0,,777 ms,2000-01-01T00:03:39.936Z,False,,
291,VeryFastResponse,289,79,2493.0,,678 ms,2000-01-01T00:04:21.393Z,False,,
292,VeryFastResponse,289,79,2494.0,,687 ms,2000-01-01T00:04:22.285Z,False,,
293,VeryFastResponse,289,79,2506.0,,719 ms,2000-01-01T00:04:31.921Z,False,,
294,VeryFastResponse,289,79,2510.0,,705 ms,2000-01-01T00:04:34.304Z,False,,
295,VeryFastResponse,289,79,2514.0,,608 ms,2000-01-01T00:04:37.136Z,False,,
296,VeryFastResponse,289,79,2515.0,,797 ms,2000-01-01T00:04:38.140Z,False,,
297,VeryFastResponse,52,80,2549.0,,660 ms,2000-01-01T00:04:25.173Z,False,,
298,VeryFastResponse,52,80,2550.0,,673 ms,2000-01-01T00:04:26.065Z,False,,
299,VeryFastResponse,52,80,2552.0,,748 ms,2000-01-01T00:04:27.031Z,False,,
300,VeryFastResponse,52,80,2553.0,,628 ms,2000-01-01T00:04:27.924Z,False,,
301,VeryFastResponse,52,80,2557.0,,737 ms,2000-01-01T00:04:30.112Z,False,,
302,VeryFastResponse,52,80,2559.0,,613 ms,2000-01-01T00:04:30.936Z,False,,
303,VeryFastResponse,289,79,2566.0,,764 ms,2000-01-01T00:05:17.528Z,False,,
304,VeryFastResponse,289,79,2568.0,,674 ms,2000-01-01T00:05:18.409Z,False,,
305,VeryFastResponse,289,79,2569.0,,780 ms,2000-01-01T00:05:19.427Z,False,,
306,VeryFastResponse,289,79,2571.0,,773 ms,2000-01-01T00:05:20.411Z,False,,
307,VeryFastResponse,63,81,2821.0,,692 ms,2000-01-01T00:04:56.594Z,False,,
308,VeryFastResponse,63,81,2823.0,,654 ms,2000-01-01T00:04:57.495Z,False,,
309,VeryFastResponse,63,81,2826.0,,768 ms,2000-01-01T00:04:59.728Z,False,,
310,VeryFastResponse,63,81,2829.0,,705 ms,2000-01-01T00:05:01.894Z,False,,
311,VeryFastResponse,92,82,2849.0,,731 ms,2000-01-01T00:04:39.524Z,False,,
312,VeryFastResponse,92,82,2850.0,,662 ms,2000-01-01T00:04:40.849Z,False,,
313,VeryFastResponse,136,84,3093.0,,767 ms,2000-01-01T00:02:29.058Z,False,,
314,VeryFastResponse,196,87,3383.0,,798 ms,2000-01-01T00:02:50.028Z,False,,
315,VeryFastResponse,196,87,3384.0,,475 ms,2000-01-01T00:02:50.738Z,False,,
316,VeryFastResponse,196,87,3385.0,,771 ms,2000-01-01T00:02:51.749Z,False,,
317,VeryFastResponse,196,87,3391.0,,764 ms,2000-01-01T00:02:56.423Z,False,,
318,VeryFastResponse,196,87,3393.0,,590 ms,2000-01-01T00:02:58.436Z,False,,
319,VeryFastResponse,196,87,3394.0,,665 ms,2000-01-01T00:02:59.348Z,False,,
320,VeryFastResponse,196,87,3395.0,,604 ms,2000-01-01T00:03:00.198Z,False,,
321,VeryFastResponse,196,87,3396.0,,543 ms,2000-01-01T00:03:00.980Z,False,,
322,VeryFastResponse,196,87,3397.0,,715 ms,2000-01-01T00:03:01.949Z,False,,
323,VeryFastResponse,196,87,3406.0,,681 ms,2000-01-01T00:03:16.634Z,False,,
324,VeryFastResponse,196,87,3413.0,,637 ms,2000-01-01T00:03:26.409Z,False,,
325,VeryFastResponse,196,87,3414.0,,527 ms,2000-01-01T00:03:27.177Z,False,,
326,VeryFastResponse,196,87,3415.0,,472 ms,2000-01-01T00:03:27.893Z,False,,
327,VeryFastResponse,196,87,3416.0,,565 ms,2000-01-01T00:03:28.701Z,False,,
328,VeryFastResponse,196,87,3418.0,,705 ms,2000-01-01T00:03:30.896Z,False,,
329,VeryFastResponse,196,87,3419.0,,588 ms,2000-01-01T00:03:31.731Z,False,,
330,VeryFastResponse,196,87,3420.0,,586 ms,2000-01-01T00:03:32.560Z,False,,
331,VeryFastResponse,196,87,3428.0,,591 ms,2000-01-01T00:03:43.177Z,False,,
332,VeryFastResponse,196,87,3429.0,,611 ms,2000-01-01T00:03:44.040Z,False,,
333,VeryFastResponse,196,87,3442.0,,689 ms,2000-01-01T00:04:02.280Z,False,,
334,VeryFastResponse,196,87,3443.0,,715 ms,2000-01-01T00:04:03.231Z,False,,
335,VeryFastResponse,196,87,3444.0,,626 ms,2000-01-01T00:04:04.106Z,False,,
336,VeryFastResponse,196,87,3445.0,,604 ms,2000-01-01T00:04:04.953Z,False,,
337,VeryFastResponse,196,87,3446.0,,536 ms,2000-01-01T00:04:05.722Z,False,,
338,VeryFastResponse,196,87,3447.0,,487 ms,2000-01-01T00:04:06.439Z,False,,
339,VeryFastResponse,196,87,3448.0,,424 ms,2000-01-01T00:04:07.109Z,False,,
340,VeryFastResponse,196,87,3449.0,,522 ms,2000-01-01T00:04:07.858Z,False,,
341,VeryFastResponse,196,87,3450.0,,411 ms,2000-01-01T00:04:08.494Z,False,,
342,VeryFastResponse,196,87,3451.0,,368 ms,2000-01-01T00:04:09.095Z,False,,
343,VeryFastResponse,196,87,3453.0,,401 ms,2000-01-01T00:04:09.732Z,False,,
344,VeryFastResponse,196,87,3454.0,,368 ms,2000-01-01T00:04:10.333Z,False,,
345,VeryFastResponse,51,86,3469.0,,759 ms,2000-01-01T00:07:59.446Z,False,,
346,VeryFastResponse,51,86,3470.0,,741 ms,2000-01-01T00:08:00.473Z,False,,
347,VeryFastResponse,51,86,3486.0,,754 ms,2000-01-01T00:08:31.143Z,False,,
348,VeryFastResponse,51,86,3487.0,,41 ms,2000-01-01T00:08:31.509Z,False,,
349,VeryFastResponse,51,86,3494.0,,798 ms,2000-01-01T00:08:44.006Z,False,,
350,VeryFastResponse,51,86,3501.0,,582 ms,2000-01-01T00:08:54.691Z,False,,
351,VeryFastResponse,51,86,3502.0,,446 ms,2000-01-01T00:08:55.429Z,False,,
352,VeryFastResponse,51,86,3503.0,,173 ms,2000-01-01T00:08:55.870Z,False,,
353,VeryFastResponse,51,86,3517.0,,789 ms,2000-01-01T00:09:32.521Z,False,,
354,VeryFastResponse,51,86,3518.0,,668 ms,2000-01-01T00:09:33.480Z,False,,
355,VeryFastResponse,51,86,3520.0,,784 ms,2000-01-01T00:09:35.970Z,False,,
356,VeryFastResponse,51,86,3526.0,,583 ms,2000-01-01T00:09:44.288Z,False,,
357,VeryFastResponse,82,89,3613.0,,68 ms,2000-01-01T00:02:23.270Z,False,,
358,VeryFastResponse,93,90,3720.0,,173 ms,2000-01-01T00:03:44.962Z,False,,
359,VeryFastResponse,93,90,3736.0,,349 ms,2000-01-01T00:04:32.319Z,False,,
360,VeryFastResponse,84,91,3934.0,,754 ms,2000-01-01T00:05:11.331Z,False,,
361,VeryFastResponse,56,92,3990.0,,58 ms,2000-01-01T00:01:55.795Z,False,,
362,VeryFastResponse,281,96,4346.0,,268 ms,2000-01-01T00:00:52.219Z,False,,
363,VeryFastResponse,237,98,4939.0,,791 ms,2000-01-01T00:03:38.135Z,False,,
364,VeryFastResponse,135,99,5028.0,,766 ms,2000-01-01T00:04:09.097Z,False,,
365,VeryFastResponse,135,99,5029.0,,740 ms,2000-01-01T00:04:10.108Z,False,,
366,VeryFastResponse,134,101,5063.0,,790 ms,2000-01-01T00:02:15.546Z,False,,
367,VeryFastResponse,134,101,5066.0,,709 ms,2000-01-01T00:02:16.510Z,False,,
368,VeryFastResponse,134,101,5076.0,,685 ms,2000-01-01T00:02:21.645Z,False,,
369,VeryFastResponse,134,101,5082.0,,647 ms,2000-01-01T00:02:23.701Z,False,,
370,VeryFastResponse,134,101,5087.0,,730 ms,2000-01-01T00:02:26.383Z,False,,
371,VeryFastResponse,134,101,5099.0,,747 ms,2000-01-01T00:02:34.318Z,False,,
372,VeryFastResponse,100,100,5100.0,,586 ms,2000-01-01T00:03:56.336Z,False,,
373,VeryFastResponse,134,101,5102.0,,703 ms,2000-01-01T00:02:35.241Z,False,,
374,VeryFastResponse,134,101,5105.0,,774 ms,2000-01-01T00:02:37.486Z,False,,
375,VeryFastResponse,237,98,5111.0,,609 ms,2000-01-01T00:05:09.371Z,False,,
376,VeryFastResponse,134,101,5113.0,,765 ms,2000-01-01T00:02:40.439Z,False,,
377,VeryFastResponse,134,101,5116.0,,764 ms,2000-01-01T00:02:41.426Z,False,,
378,VeryFastResponse,134,101,5117.0,,728 ms,2000-01-01T00:02:42.363Z,False,,
379,VeryFastResponse,134,101,5123.0,,745 ms,2000-01-01T00:02:44.953Z,False,,
380,VeryFastResponse,134,101,5124.0,,661 ms,2000-01-01T00:02:45.842Z,False,,
381,VeryFastResponse,134,101,5131.0,,680 ms,2000-01-01T00:02:49.482Z,False,,
382,VeryFastResponse,134,101,5134.0,,638 ms,2000-01-01T00:02:50.417Z,False,,
383,VeryFastResponse,134,101,5146.0,,651 ms,2000-01-01T00:02:58.460Z,False,,
384,VeryFastResponse,134,101,5148.0,,656 ms,2000-01-01T00:02:59.338Z,False,,
385,VeryFastResponse,134,101,5152.0,,674 ms,2000-01-01T00:03:01.320Z,False,,
386,VeryFastResponse,134,101,5154.0,,767 ms,2000-01-01T00:03:02.312Z,False,,
387,VeryFastResponse,100,100,5216.0,,539 ms,2000-01-01T00:05:23.638Z,False,,
388,VeryFastResponse,100,100,5219.0,,547 ms,2000-01-01T00:05:25.422Z,False,,
389,VeryFastResponse,254,107,5610.0,,765 ms,2000-01-01T00:01:38.921Z,False,,
390,VeryFastResponse,254,107,5617.0,,649 ms,2000-01-01T00:01:43.555Z,False,,
391,VeryFastResponse,254,107,5619.0,,601 ms,2000-01-01T00:01:44.375Z,False,,
392,VeryFastResponse,254,107,5663.0,,321 ms,2000-01-01T00:02:09.823Z,False,,
393,VeryFastResponse,254,107,5665.0,,792 ms,2000-01-01T00:02:10.990Z,False,,
394,VeryFastResponse,254,107,5667.0,,719 ms,2000-01-01T00:02:12.017Z,False,,
395,VeryFastResponse,254,107,5675.0,,716 ms,2000-01-01T00:02:15.781Z,False,,
396,VeryFastResponse,254,107,5684.0,,776 ms,2000-01-01T00:02:21.785Z,False,,
397,VeryFastResponse,254,107,5699.0,,788 ms,2000-01-01T00:02:29.551Z,False,,
398,VeryFastResponse,254,107,5702.0,,722 ms,2000-01-01T00:02:30.488Z,False,,
399,VeryFastResponse,254,107,5704.0,,619 ms,2000-01-01T00:02:31.327Z,False,,
400,VeryFastResponse,254,107,5710.0,,746 ms,2000-01-01T00:02:33.367Z,False,,
401,VeryFastResponse,254,107,5711.0,,723 ms,2000-01-01T00:02:34.313Z,False,,
402,VeryFastResponse,254,107,5726.0,,571 ms,2000-01-01T00:02:40.343Z,False,,
403,VeryFastResponse,254,107,5728.0,,490 ms,2000-01-01T00:02:41.061Z,False,,
404,VeryFastResponse,254,107,5744.0,,110 ms,2000-01-01T00:02:49.779Z,False,,
405,VeryFastResponse,254,107,5758.0,,725 ms,2000-01-01T00:02:58.823Z,False,,
406,VeryFastResponse,254,107,5760.0,,699 ms,2000-01-01T00:02:59.748Z,False,,
407,VeryFastResponse,254,107,5781.0,,756 ms,2000-01-01T00:03:09.991Z,False,,
408,VeryFastResponse,254,107,5783.0,,788 ms,2000-01-01T00:03:11.001Z,False,,
409,VeryFastResponse,254,107,5797.0,,790 ms,2000-01-01T00:03:17.056Z,False,,
410,VeryFastResponse,254,107,5805.0,,684 ms,2000-01-01T00:03:20.105Z,False,,
411,VeryFastResponse,254,107,5816.0,,775 ms,2000-01-01T00:03:24.723Z,False,,
412,VeryFastResponse,254,107,5818.0,,589 ms,2000-01-01T00:03:25.539Z,False,,
413,VeryFastResponse,254,107,5820.0,,797 ms,2000-01-01T00:03:26.560Z,False,,
414,VeryFastResponse,125,105,5833.0,,529 ms,2000-01-01T00:05:14.431Z,False,,
415,VeryFastResponse,125,105,5836.0,,413 ms,2000-01-01T00:05:15.077Z,False,,
416,VeryFastResponse,125,105,5838.0,,282 ms,2000-01-01T00:05:15.591Z,False,,
417,VeryFastResponse,125,105,5839.0,,301 ms,2000-01-01T00:05:16.115Z,False,,
418,VeryFastResponse,254,107,5840.0,,708 ms,2000-01-01T00:03:35.149Z,False,,
419,VeryFastResponse,125,105,5841.0,,174 ms,2000-01-01T00:05:16.509Z,False,,
420,VeryFastResponse,125,105,5843.0,,489 ms,2000-01-01T00:05:17.233Z,False,,
421,VeryFastResponse,125,105,5847.0,,707 ms,2000-01-01T00:05:18.194Z,False,,
422,VeryFastResponse,125,105,5848.0,,73 ms,2000-01-01T00:05:18.499Z,False,,
423,VeryFastResponse,125,105,5849.0,,23 ms,2000-01-01T00:05:18.884Z,False,,
424,VeryFastResponse,125,105,5853.0,,627 ms,2000-01-01T00:05:19.755Z,False,,
425,VeryFastResponse,125,105,5854.0,,169 ms,2000-01-01T00:05:20.142Z,False,,
426,VeryFastResponse,125,105,5855.0,,123 ms,2000-01-01T00:05:20.483Z,False,,
427,VeryFastResponse,125,105,5858.0,,182 ms,2000-01-01T00:05:20.895Z,False,,
428,VeryFastResponse,125,105,5859.0,,104 ms,2000-01-01T00:05:21.208Z,False,,
429,VeryFastResponse,125,105,5860.0,,187 ms,2000-01-01T00:05:21.633Z,False,,
430,VeryFastResponse,125,105,5863.0,,61 ms,2000-01-01T00:05:21.918Z,False,,
431,VeryFastResponse,254,107,5865.0,,701 ms,2000-01-01T00:03:41.464Z,False,,
432,VeryFastResponse,125,105,5866.0,,610 ms,2000-01-01T00:05:22.916Z,False,,
433,VeryFastResponse,125,105,5867.0,,23 ms,2000-01-01T00:05:23.165Z,False,,
434,VeryFastResponse,125,105,5870.0,,699 ms,2000-01-01T00:05:24.397Z,False,,
435,VeryFastResponse,125,105,5872.0,,262 ms,2000-01-01T00:05:24.873Z,False,,
436,VeryFastResponse,125,105,5875.0,,180 ms,2000-01-01T00:05:27.013Z,False,,
437,VeryFastResponse,125,105,5880.0,,204 ms,2000-01-01T00:05:29.414Z,False,,
438,VeryFastResponse,125,105,5881.0,,96 ms,2000-01-01T00:05:29.783Z,False,,
439,VeryFastResponse,125,105,5883.0,,37 ms,2000-01-01T00:05:30.046Z,False,,
440,VeryFastResponse,125,105,5885.0,,323 ms,2000-01-01T00:05:30.592Z,False,,
441,VeryFastResponse,125,105,5890.0,,739 ms,2000-01-01T00:05:32.633Z,False,,
442,VeryFastResponse,254,107,5905.0,,665 ms,2000-01-01T00:03:58.312Z,False,,
443,VeryFastResponse,254,107,5906.0,,604 ms,2000-01-01T00:03:59.142Z,False,,
444,VeryFastResponse,254,107,5908.0,,645 ms,2000-01-01T00:04:00.009Z,False,,
445,VeryFastResponse,125,105,5910.0,,708 ms,2000-01-01T00:05:42.514Z,False,,
446,VeryFastResponse,254,107,5911.0,,211 ms,2000-01-01T00:04:01.388Z,False,,
447,VeryFastResponse,254,107,5917.0,,772 ms,2000-01-01T00:04:03.497Z,False,,
448,VeryFastResponse,254,107,5920.0,,444 ms,2000-01-01T00:04:04.162Z,False,,
449,VeryFastResponse,301,104,5995.0,,652 ms,2000-01-01T00:08:08.225Z,False,,
450,VeryFastResponse,301,104,6055.0,,638 ms,2000-01-01T00:09:07.829Z,False,,
451,VeryFastResponse,301,104,6073.0,,670 ms,2000-01-01T00:09:21.076Z,False,,
452,VeryFastResponse,301,104,6125.0,,709 ms,2000-01-01T00:10:05.364Z,False,,
453,VeryFastResponse,108,106,6227.0,,252 ms,2000-01-01T00:09:57.735Z,False,,
454,VeryFastResponse,21,117,7497.0,,781 ms,2000-01-01T00:05:34.341Z,False,,
455,VeryFastResponse,21,117,7521.0,,760 ms,2000-01-01T00:05:52.498Z,False,,
456,VeryFastResponse,21,117,7541.0,,671 ms,2000-01-01T00:06:10.756Z,False,,
457,VeryFastResponse,21,117,7564.0,,731 ms,2000-01-01T00:06:26.521Z,False,,
458,VeryFastResponse,21,117,7592.0,,793 ms,2000-01-01T00:06:45.516Z,False,,
459,VeryFastResponse,21,117,7593.0,,723 ms,2000-01-01T00:06:46.473Z,False,,
460,VeryFastResponse,70,115,7630.0,,5 ms,2000-01-01T00:13:55.577Z,False,,
461,VeryFastResponse,127,120,7799.0,,619 ms,2000-01-01T00:01:43.919Z,False,,
462,VeryFastResponse,127,120,7800.0,,718 ms,2000-01-01T00:01:44.898Z,False,,
463,VeryFastResponse,127,120,7801.0,,681 ms,2000-01-01T00:01:45.858Z,False,,
464,VeryFastResponse,127,120,7844.0,,775 ms,2000-01-01T00:02:20.776Z,False,,
465,VeryFastResponse,127,120,7850.0,,746 ms,2000-01-01T00:02:25.617Z,False,,
466,VeryFastResponse,127,120,7854.0,,608 ms,2000-01-01T00:02:27.738Z,False,,
467,VeryFastResponse,127,120,7861.0,,781 ms,2000-01-01T00:02:31.177Z,False,,
468,VeryFastResponse,127,120,7872.0,,540 ms,2000-01-01T00:02:37.757Z,False,,
469,VeryFastResponse,127,120,7873.0,,488 ms,2000-01-01T00:02:38.500Z,False,,
470,VeryFastResponse,127,120,7874.0,,465 ms,2000-01-01T00:02:39.237Z,False,,
471,VeryFastResponse,127,120,7876.0,,368 ms,2000-01-01T00:02:39.879Z,False,,
472,VeryFastResponse,127,120,7880.0,,441 ms,2000-01-01T00:02:41.803Z,False,,
473,VeryFastResponse,127,120,7884.0,,561 ms,2000-01-01T00:02:44.318Z,False,,
474,VeryFastResponse,127,120,7890.0,,557 ms,2000-01-01T00:02:48.502Z,False,,
475,VeryFastResponse,127,120,7892.0,,473 ms,2000-01-01T00:02:49.257Z,False,,
476,VeryFastResponse,127,120,7897.0,,735 ms,2000-01-01T00:02:51.905Z,False,,
477,VeryFastResponse,127,120,7898.0,,428 ms,2000-01-01T00:02:52.597Z,False,,
478,VeryFastResponse,127,120,7900.0,,509 ms,2000-01-01T00:02:53.819Z,False,,
479,VeryFastResponse,127,120,7902.0,,495 ms,2000-01-01T00:02:54.576Z,False,,
480,VeryFastResponse,127,120,7903.0,,314 ms,2000-01-01T00:02:55.160Z,False,,
481,VeryFastResponse,127,120,7907.0,,318 ms,2000-01-01T00:02:57.140Z,False,,
482,VeryFastResponse,127,120,7908.0,,382 ms,2000-01-01T00:02:57.778Z,False,,
483,VeryFastResponse,127,120,7909.0,,422 ms,2000-01-01T00:02:58.460Z,False,,
484,VeryFastResponse,127,120,7912.0,,356 ms,2000-01-01T00:02:59.076Z,False,,
485,VeryFastResponse,127,120,7913.0,,454 ms,2000-01-01T00:02:59.799Z,False,,
486,VeryFastResponse,127,120,7915.0,,434 ms,2000-01-01T00:03:00.496Z,False,,
487,VeryFastResponse,127,120,7917.0,,410 ms,2000-01-01T00:03:01.177Z,False,,
488,VeryFastResponse,127,120,7919.0,,369 ms,2000-01-01T00:03:01.818Z,False,,
489,VeryFastResponse,127,120,7921.0,,510 ms,2000-01-01T00:03:02.837Z,False,,
490,VeryFastResponse,127,120,7923.0,,281 ms,2000-01-01T00:03:03.378Z,False,,
491,VeryFastResponse,127,120,7925.0,,418 ms,2000-01-01T00:03:04.059Z,False,,
492,VeryFastResponse,127,120,7926.0,,366 ms,2000-01-01T00:03:04.697Z,False,,
493,VeryFastResponse,127,120,7928.0,,570 ms,2000-01-01T00:03:05.518Z,False,,
494,VeryFastResponse,127,120,7929.0,,288 ms,2000-01-01T00:03:06.058Z,False,,
495,VeryFastResponse,127,120,7931.0,,311 ms,2000-01-01T00:03:06.657Z,False,,
496,VeryFastResponse,127,120,7933.0,,388 ms,2000-01-01T00:03:07.315Z,False,,
497,VeryFastResponse,127,120,7935.0,,389 ms,2000-01-01T00:03:08.135Z,False,,
498,VeryFastResponse,127,120,7936.0,,380 ms,2000-01-01T00:03:08.779Z,False,,
499,VeryFastResponse,127,120,7938.0,,412 ms,2000-01-01T00:03:09.457Z,False,,
500,VeryFastResponse,127,120,7940.0,,468 ms,2000-01-01T00:03:10.196Z,False,,
501,VeryFastResponse,127,120,7941.0,,381 ms,2000-01-01T00:03:10.838Z,False,,
502,VeryFastResponse,127,120,7943.0,,427 ms,2000-01-01T00:03:11.540Z,False,,
503,VeryFastResponse,127,120,7944.0,,338 ms,2000-01-01T00:03:12.139Z,False,,
504,VeryFastResponse,127,120,7945.0,,372 ms,2000-01-01T00:03:12.799Z,False,,
505,VeryFastResponse,127,120,7947.0,,378 ms,2000-01-01T00:03:13.457Z,False,,
506,VeryFastResponse,127,120,7948.0,,384 ms,2000-01-01T00:03:14.100Z,False,,
507,VeryFastResponse,127,120,7950.0,,232 ms,2000-01-01T00:03:14.597Z,False,,
508,VeryFastResponse,127,120,7952.0,,626 ms,2000-01-01T00:03:15.495Z,False,,
509,VeryFastResponse,127,120,7953.0,,297 ms,2000-01-01T00:03:16.057Z,False,,
510,VeryFastResponse,127,120,7955.0,,780 ms,2000-01-01T00:03:17.097Z,False,,
511,VeryFastResponse,127,120,7957.0,,252 ms,2000-01-01T00:03:17.597Z,False,,
512,VeryFastResponse,127,120,7958.0,,396 ms,2000-01-01T00:03:18.260Z,False,,
513,VeryFastResponse,127,120,7960.0,,440 ms,2000-01-01T00:03:18.957Z,False,,
514,VeryFastResponse,127,120,7961.0,,377 ms,2000-01-01T00:03:19.597Z,False,,
515,VeryFastResponse,127,120,7963.0,,326 ms,2000-01-01T00:03:20.178Z,False,,
516,VeryFastResponse,127,120,7964.0,,376 ms,2000-01-01T00:03:20.817Z,False,,
517,VeryFastResponse,127,120,7966.0,,3 ms,2000-01-01T00:03:21.291Z,False,,
518,VeryFastResponse,127,120,7968.0,,333 ms,2000-01-01T00:03:21.900Z,False,,
519,VeryFastResponse,127,120,7970.0,,304 ms,2000-01-01T00:03:22.490Z,False,,
520,VeryFastResponse,127,120,7971.0,,284 ms,2000-01-01T00:03:23.037Z,False,,
521,VeryFastResponse,127,120,7973.0,,333 ms,2000-01-01T00:03:23.651Z,False,,
522,VeryFastResponse,127,120,7974.0,,206 ms,2000-01-01T00:03:24.119Z,False,,
523,VeryFastResponse,127,120,7975.0,,162 ms,2000-01-01T00:03:24.557Z,False,,
524,VeryFastResponse,127,120,7977.0,,101 ms,2000-01-01T00:03:24.954Z,False,,
525,VeryFastResponse,127,120,7979.0,,227 ms,2000-01-01T00:03:25.435Z,False,,
526,VeryFastResponse,127,120,7980.0,,237 ms,2000-01-01T00:03:25.941Z,False,,
527,VeryFastResponse,127,120,7981.0,,344 ms,2000-01-01T00:03:26.537Z,False,,
528,VeryFastResponse,127,120,7982.0,,245 ms,2000-01-01T00:03:27.039Z,False,,
529,VeryFastResponse,49,118,7987.0,,688 ms,2000-01-01T00:05:37.633Z,False,,
530,VeryFastResponse,127,120,7988.0,,375 ms,2000-01-01T00:03:30.120Z,False,,
531,VeryFastResponse,127,120,7990.0,,106 ms,2000-01-01T00:03:30.505Z,False,,
532,VeryFastResponse,127,120,7991.0,,483 ms,2000-01-01T00:03:31.238Z,False,,
533,VeryFastResponse,127,120,7992.0,,280 ms,2000-01-01T00:03:31.779Z,False,,
534,VeryFastResponse,127,120,7994.0,,286 ms,2000-01-01T00:03:32.317Z,False,,
535,VeryFastResponse,49,118,7996.0,,543 ms,2000-01-01T00:05:40.346Z,False,,
536,VeryFastResponse,127,120,7997.0,,333 ms,2000-01-01T00:03:32.918Z,False,,
537,VeryFastResponse,127,120,7998.0,,310 ms,2000-01-01T00:03:33.497Z,False,,
538,VeryFastResponse,127,120,8000.0,,354 ms,2000-01-01T00:03:34.117Z,False,,
539,VeryFastResponse,127,120,8001.0,,349 ms,2000-01-01T00:03:34.790Z,False,,
540,VeryFastResponse,49,118,8002.0,,521 ms,2000-01-01T00:05:42.506Z,False,,
541,VeryFastResponse,127,120,8004.0,,196 ms,2000-01-01T00:03:35.235Z,False,,
542,VeryFastResponse,49,118,8005.0,,502 ms,2000-01-01T00:05:43.273Z,False,,
543,VeryFastResponse,127,120,8006.0,,781 ms,2000-01-01T00:03:36.277Z,False,,
544,VeryFastResponse,49,118,8007.0,,527 ms,2000-01-01T00:05:44.078Z,False,,
545,VeryFastResponse,49,118,8009.0,,513 ms,2000-01-01T00:05:44.860Z,False,,
546,VeryFastResponse,49,118,8010.0,,676 ms,2000-01-01T00:05:45.827Z,False,,
547,VeryFastResponse,49,118,8023.0,,781 ms,2000-01-01T00:06:05.070Z,False,,
548,VeryFastResponse,49,118,8030.0,,29 ms,2000-01-01T00:06:11.181Z,False,,
549,VeryFastResponse,49,118,8037.0,,785 ms,2000-01-01T00:06:16.831Z,False,,
550,VeryFastResponse,49,118,8077.0,,662 ms,2000-01-01T00:06:57.058Z,False,,
551,VeryFastResponse,49,118,8079.0,,763 ms,2000-01-01T00:06:58.098Z,False,,
552,VeryFastResponse,6,121,8189.0,,555 ms,2000-01-01T00:05:00.494Z,False,,
553,VeryFastResponse,253,124,8498.0,,799 ms,2000-01-01T00:03:38.980Z,False,,
554,VeryFastResponse,253,124,8594.0,,794 ms,2000-01-01T00:04:38.496Z,False,,
555,VeryFastResponse,253,124,8644.0,,768 ms,2000-01-01T00:05:21.864Z,False,,
556,VeryFastResponse,164,125,8715.0,,793 ms,2000-01-01T00:05:37.267Z,False,,
557,VeryFastResponse,120,122,8752.0,,648 ms,2000-01-01T00:10:36.317Z,False,,
558,IncompleteSession,120,122,,,ended by participant after 92/150 items,2000-01-01T00:11:05.977Z,False,,
559,VeryFastResponse,169,132,9425.0,,343 ms,2000-01-01T00:15:46.226Z,False,,
560,VeryFastResponse,169,132,9445.0,,232 ms,2000-01-01T00:15:57.769Z,False,,
561,VeryFastResponse,78,130,9533.0,,264 ms,2000-01-01T00:04:50.092Z,False,,
562,VeryFastResponse,169,132,9592.0,,638 ms,2000-01-01T00:17:48.466Z,False,,
563,VeryFastResponse,169,132,9700.0,,781 ms,2000-01-01T00:18:39.075Z,False,,
564,VeryFastResponse,169,132,9704.0,,780 ms,2000-01-01T00:18:40.137Z,False,,
565,VeryFastResponse,169,132,9713.0,,654 ms,2000-01-01T00:18:45.952Z,False,,
566,VeryFastResponse,169,132,9751.0,,742 ms,2000-01-01T00:19:09.884Z,False,,
567,VeryFastResponse,212,138,10754.0,,65 ms,2000-01-01T00:04:24.963Z,False,,
568,VeryFastResponse,113,141,10827.0,,311 ms,2000-01-01T00:04:59.145Z,False,,
569,VeryFastResponse,226,145,11183.0,,770 ms,2000-01-01T00:00:19.672Z,False,,
570,VeryFastResponse,226,145,11184.0,,641 ms,2000-01-01T00:00:20.540Z,False,,
571,VeryFastResponse,226,145,11185.0,,565 ms,2000-01-01T00:00:21.326Z,False,,
572,VeryFastResponse,226,145,11187.0,,530 ms,2000-01-01T00:00:23.099Z,False,,
573,VeryFastResponse,226,145,11214.0,,774 ms,2000-01-01T00:01:26.805Z,False,,
574,VeryFastResponse,275,148,12137.0,,229 ms,2000-01-01T00:13:29.779Z,False,,
575,VeryFastResponse,265,155,12529.0,,550 ms,2000-01-01T00:02:29.610Z,False,,
576,VeryFastResponse,265,155,12555.0,,565 ms,2000-01-01T00:02:51.765Z,False,,
577,VeryFastResponse,265,155,12558.0,,621 ms,2000-01-01T00:02:54.259Z,False,,
578,VeryFastResponse,265,155,12559.0,,303 ms,2000-01-01T00:02:55.454Z,False,,
579,VeryFastResponse,265,155,12560.0,,505 ms,2000-01-01T00:02:56.798Z,False,,
580,VeryFastResponse,265,155,12563.0,,717 ms,2000-01-01T00:02:57.902Z,False,,
581,VeryFastResponse,265,155,12564.0,,144 ms,2000-01-01T00:02:58.969Z,False,,
582,VeryFastResponse,265,155,12570.0,,633 ms,2000-01-01T00:03:04.003Z,False,,
583,VeryFastResponse,265,155,12571.0,,659 ms,2000-01-01T00:03:05.072Z,False,,
584,VeryFastResponse,265,155,12573.0,,781 ms,2000-01-01T00:03:06.196Z,False,,
585,VeryFastResponse,265,155,12575.0,,684 ms,2000-01-01T00:03:07.784Z,False,,
586,VeryFastResponse,265,155,12591.0,,584 ms,2000-01-01T00:03:30.290Z,False,,
587,VeryFastResponse,265,155,12593.0,,631 ms,2000-01-01T00:03:31.897Z,False,,
588,VeryFastResponse,265,155,12594.0,,644 ms,2000-01-01T00:03:32.981Z,False,,
589,VeryFastResponse,265,155,12595.0,,645 ms,2000-01-01T00:03:34.187Z,False,,
590,VeryFastResponse,265,155,12613.0,,605 ms,2000-01-01T00:04:02.681Z,False,,
591,VeryFastResponse,265,155,12618.0,,689 ms,2000-01-01T00:04:11.097Z,False,,
592,VeryFastResponse,265,155,12619.0,,571 ms,2000-01-01T00:04:12.037Z,False,,
593,VeryFastResponse,265,155,12621.0,,744 ms,2000-01-01T00:04:15.678Z,False,,
594,VeryFastResponse,265,155,12630.0,,454 ms,2000-01-01T00:04:27.680Z,False,,
595,VeryFastResponse,265,155,12633.0,,719 ms,2000-01-01T00:04:31.019Z,False,,
596,VeryFastResponse,265,155,12645.0,,733 ms,2000-01-01T00:04:56.762Z,False,,
597,VeryFastResponse,265,155,12652.0,,210 ms,2000-01-01T00:05:07.922Z,False,,
598,VeryFastResponse,265,155,12655.0,,655 ms,2000-01-01T00:05:15.292Z,False,,
599,VeryFastResponse,265,155,12657.0,,174 ms,2000-01-01T00:05:19.258Z,False,,
600,VeryFastResponse,265,155,12661.0,,697 ms,2000-01-01T00:05:30.601Z,False,,
601,VeryFastResponse,265,155,12666.0,,710 ms,2000-01-01T00:05:41.377Z,False,,
602,VeryFastResponse,265,155,12673.0,,765 ms,2000-01-01T00:05:50.378Z,False,,
603,VeryFastResponse,265,155,12674.0,,532 ms,2000-01-01T00:05:51.296Z,False,,
604,VeryFastResponse,265,155,12677.0,,674 ms,2000-01-01T00:05:58.502Z,False,,
605,VeryFastResponse,265,155,12681.0,,753 ms,2000-01-01T00:06:06.782Z,False,,
606,VeryFastResponse,265,155,12693.0,,776 ms,2000-01-01T00:06:36.626Z,False,,
607,VeryFastResponse,265,155,12694.0,,774 ms,2000-01-01T00:06:37.759Z,False,,
608,VeryFastResponse,260,152,12767.0,,144 ms,2000-01-01T00:18:34.850Z,False,,
609,VeryFastResponse,260,152,12811.0,,761 ms,2000-01-01T00:19:16.762Z,False,,
610,VeryFastResponse,109,158,13188.0,,318 ms,2000-01-01T00:05:26.312Z,False,,
611,VeryFastResponse,109,158,13228.0,,709 ms,2000-01-01T00:06:19.731Z,False,,
612,VeryFastResponse,103,160,13476.0,,267 ms,2000-01-01T00:05:56.171Z,False,,
613,VeryFastResponse,213,156,13695.0,,172 ms,2000-01-01T00:30:13.480Z,False,,
614,VeryFastResponse,99,167,14539.0,,764 ms,2000-01-01T00:03:53.285Z,False,,
615,VeryFastResponse,99,167,14542.0,,769 ms,2000-01-01T00:03:56.622Z,False,,
616,VeryFastResponse,99,167,14543.0,,645 ms,2000-01-01T00:03:57.547Z,False,,
617,VeryFastResponse,99,167,14585.0,,701 ms,2000-01-01T00:05:15.356Z,False,,
618,VeryFastResponse,79,169,14825.0,,709 ms,2000-01-01T00:05:20.226Z,False,,
619,VeryFastResponse,79,169,14828.0,,790 ms,2000-01-01T00:05:23.506Z,False,,
620,VeryFastResponse,79,169,14848.0,,780 ms,2000-01-01T00:05:42.586Z,False,,
621,VeryFastResponse,79,169,14856.0,,605 ms,2000-01-01T00:05:50.465Z,False,,
622,VeryFastResponse,36,171,15167.0,,98 ms,2000-01-01T00:09:37.166Z,False,,
623,VeryFastResponse,36,171,15177.0,,526 ms,2000-01-01T00:10:12.510Z,False,,
624,VeryFastResponse,303,173,15264.0,,777 ms,2000-01-01T00:03:02.921Z,False,,
625,VeryFastResponse,303,173,15304.0,,668 ms,2000-01-01T00:04:18.055Z,False,,
626,VeryFastResponse,303,173,15305.0,,632 ms,2000-01-01T00:04:18.962Z,False,,
627,VeryFastResponse,303,173,15306.0,,469 ms,2000-01-01T00:04:19.744Z,False,,
628,VeryFastResponse,303,173,15307.0,,627 ms,2000-01-01T00:04:20.702Z,False,,
629,VeryFastResponse,303,173,15309.0,,783 ms,2000-01-01T00:04:24.786Z,False,,
630,VeryFastResponse,303,173,15326.0,,720 ms,2000-01-01T00:04:53.400Z,False,,
631,VeryFastResponse,269,172,15499.0,,754 ms,2000-01-01T00:22:50.733Z,False,,
632,VeryFastResponse,269,172,15502.0,,738 ms,2000-01-01T00:22:53.375Z,False,,
633,VeryFastResponse,269,172,15662.0,,758 ms,2000-01-01T00:25:36.186Z,False,,
634,VeryFastResponse,269,172,15683.0,,707 ms,2000-01-01T00:25:50.272Z,False,,
635,VeryFastResponse,236,174,15836.0,,83 ms,2000-01-01T00:09:07.485Z,False,,
636,VeryFastResponse,188,179,16035.0,,492 ms,2000-01-01T00:03:04.339Z,False,,
637,VeryFastResponse,45,183,16574.0,,798 ms,2000-01-01T00:04:27.040Z,False,,
638,VeryFastResponse,241,185,16713.0,,310 ms,2000-01-01T00:01:59.655Z,False,,
639,VeryFastResponse,252,187,17113.0,,575 ms,2000-01-01T00:06:13.987Z,False,,
640,VeryFastResponse,124,189,17307.0,,775 ms,2000-01-01T00:04:40.264Z,False,,
641,VeryFastResponse,131,186,17386.0,,110 ms,2000-01-01T00:34:17.535Z,False,,
642,VeryFastResponse,262,194,17751.0,,447 ms,2000-01-01T00:00:56.984Z,False,,
643,VeryFastResponse,262,194,17903.0,,325 ms,2000-01-01T00:07:33.934Z,False,,
644,VeryFastResponse,72,139,18035.0,,755 ms,2000-01-01T07:02:13.099Z,False,,
645,VeryFastResponse,160,195,18062.0,,410 ms,2000-01-01T00:03:35.932Z,False,,
646,VeryFastResponse,160,195,18082.0,,364 ms,2000-01-01T00:04:53.689Z,False,,
647,VeryFastResponse,160,195,18101.0,,34 ms,2000-01-01T00:06:22.349Z,False,,
648,VeryFastResponse,160,195,18159.0,,394 ms,2000-01-01T00:08:13.729Z,False,,
649,VeryFastResponse,91,199,18616.0,,54 ms,2000-01-01T00:02:26.763Z,False,,
650,VeryFastResponse,17,202,19020.0,,197 ms,2000-01-01T00:03:32.246Z,False,,
651,VeryFastResponse,87,204,19031.0,,607 ms,2000-01-01T00:00:07.266Z,False,,
652,VeryFastResponse,87,204,19033.0,,632 ms,2000-01-01T00:00:08.155Z,False,,
653,VeryFastResponse,87,204,19034.0,,728 ms,2000-01-01T00:00:09.135Z,False,,
654,VeryFastResponse,87,204,19036.0,,651 ms,2000-01-01T00:00:10.036Z,False,,
655,VeryFastResponse,296,203,19215.0,,640 ms,2000-01-01T00:06:13.789Z,False,,
656,VeryFastResponse,155,205,19484.0,,789 ms,2000-01-01T00:05:54.588Z,False,,
657,VeryFastResponse,22,207,19647.0,,159 ms,2000-01-01T00:06:24.968Z,False,,
658,VeryFastResponse,258,209,19991.0,,749 ms,2000-01-01T00:02:14.351Z,False,,
659,VeryFastResponse,258,209,20047.0,,742 ms,2000-01-01T00:03:03.314Z,False,,
660,IncompleteSession,227,210,,,ended by participant after 52/150 items,2000-01-01T00:03:03.160Z,False,,
661,VeryFastResponse,258,209,20110.0,,788 ms,2000-01-01T00:04:40.605Z,False,,
662,VeryFastResponse,8,212,20295.0,,796 ms,2000-01-01T00:02:12.636Z,False,,
663,VeryFastResponse,8,212,20301.0,,708 ms,2000-01-01T00:02:27.707Z,False,,
664,VeryFastResponse,8,212,20320.0,,744 ms,2000-01-01T00:03:01.753Z,False,,
665,VeryFastResponse,8,212,20322.0,,612 ms,2000-01-01T00:03:03.723Z,False,,
666,VeryFastResponse,8,212,20323.0,,542 ms,2000-01-01T00:03:04.474Z,False,,
667,VeryFastResponse,8,212,20324.0,,625 ms,2000-01-01T00:03:05.307Z,False,,
668,VeryFastResponse,8,212,20330.0,,644 ms,2000-01-01T00:03:16.859Z,False,,
669,VeryFastResponse,8,212,20338.0,,393 ms,2000-01-01T00:03:31.061Z,False,,
670,VeryFastResponse,8,212,20343.0,,771 ms,2000-01-01T00:03:37.155Z,False,,
671,VeryFastResponse,8,212,20344.0,,773 ms,2000-01-01T00:03:38.206Z,False,,
672,VeryFastResponse,8,212,20349.0,,691 ms,2000-01-01T00:03:43.644Z,False,,
673,VeryFastResponse,8,212,20350.0,,662 ms,2000-01-01T00:03:44.512Z,False,,
674,VeryFastResponse,8,212,20351.0,,512 ms,2000-01-01T00:03:45.282Z,False,,
675,VeryFastResponse,8,212,20352.0,,761 ms,2000-01-01T00:03:46.247Z,False,,
676,VeryFastResponse,8,212,20353.0,,731 ms,2000-01-01T00:03:47.236Z,False,,
677,VeryFastResponse,8,212,20355.0,,776 ms,2000-01-01T00:03:49.470Z,False,,
678,VeryFastResponse,8,212,20366.0,,775 ms,2000-01-01T00:04:05.062Z,False,,
679,VeryFastResponse,8,212,20367.0,,792 ms,2000-01-01T00:04:06.111Z,False,,
680,VeryFastResponse,8,212,20379.0,,671 ms,2000-01-01T00:04:21.882Z,False,,
681,VeryFastResponse,8,212,20386.0,,780 ms,2000-01-01T00:04:33.373Z,False,,
682,VeryFastResponse,8,212,20387.0,,553 ms,2000-01-01T00:04:34.132Z,False,,
683,VeryFastResponse,8,212,20388.0,,777 ms,2000-01-01T00:04:35.118Z,False,,
684,VeryFastResponse,8,212,20389.0,,546 ms,2000-01-01T00:04:35.870Z,False,,
685,VeryFastResponse,8,212,20393.0,,630 ms,2000-01-01T00:04:42.443Z,False,,
686,VeryFastResponse,8,212,20394.0,,631 ms,2000-01-01T00:04:43.335Z,False,,
687,VeryFastResponse,8,212,20395.0,,589 ms,2000-01-01T00:04:44.138Z,False,,
688,VeryFastResponse,8,212,20396.0,,621 ms,2000-01-01T00:04:44.970Z,False,,
689,VeryFastResponse,8,212,20402.0,,514 ms,2000-01-01T00:04:51.343Z,False,,
690,VeryFastResponse,8,212,20403.0,,757 ms,2000-01-01T00:04:52.312Z,False,,
691,VeryFastResponse,8,212,20404.0,,641 ms,2000-01-01T00:04:53.165Z,False,,
692,VeryFastResponse,8,212,20406.0,,746 ms,2000-01-01T00:04:55.392Z,False,,
693,VeryFastResponse,8,212,20407.0,,518 ms,2000-01-01T00:04:56.115Z,False,,
694,VeryFastResponse,8,212,20408.0,,594 ms,2000-01-01T00:04:56.965Z,False,,
695,VeryFastResponse,8,212,20409.0,,576 ms,2000-01-01T00:04:57.752Z,False,,
696,VeryFastResponse,259,213,20507.0,,798 ms,2000-01-01T00:09:46.154Z,False,,
697,VeryFastResponse,259,213,20518.0,,790 ms,2000-01-01T00:10:28.094Z,False,,
698,VeryFastResponse,259,213,20525.0,,790 ms,2000-01-01T00:10:37.602Z,False,,
699,VeryFastResponse,259,213,20533.0,,589 ms,2000-01-01T00:10:49.594Z,False,,
700,VeryFastResponse,197,216,21004.0,,734 ms,2000-01-01T00:08:09.108Z,False,,
701,VeryFastResponse,197,216,21010.0,,728 ms,2000-01-01T00:08:27.013Z,False,,
702,VeryFastResponse,139,218,21300.0,,68 ms,2000-01-01T00:06:21.525Z,False,,
703,VeryFastResponse,94,220,21575.0,,86 ms,2000-01-01T00:13:32.600Z,False,,
704,VeryFastResponse,298,223,21804.0,,792 ms,2000-01-01T00:03:57.835Z,False,,
705,VeryFastResponse,298,223,21805.0,,763 ms,2000-01-01T00:03:58.835Z,False,,
706,VeryFastResponse,298,223,21910.0,,703 ms,2000-01-01T00:05:52.176Z,False,,
707,VeryFastResponse,20,225,22102.0,,761 ms,2000-01-01T00:03:01.141Z,False,,
708,VeryFastResponse,20,225,22103.0,,541 ms,2000-01-01T00:03:01.899Z,False,,
709,VeryFastResponse,20,225,22105.0,,461 ms,2000-01-01T00:03:02.614Z,False,,
710,VeryFastResponse,20,225,22106.0,,544 ms,2000-01-01T00:03:03.463Z,False,,
711,VeryFastResponse,20,225,22107.0,,420 ms,2000-01-01T00:03:04.114Z,False,,
712,VeryFastResponse,20,225,22108.0,,566 ms,2000-01-01T00:03:04.925Z,False,,
713,VeryFastResponse,20,225,22110.0,,688 ms,2000-01-01T00:03:05.857Z,False,,
714,VeryFastResponse,20,225,22111.0,,702 ms,2000-01-01T00:03:06.787Z,False,,
715,VeryFastResponse,20,225,22112.0,,750 ms,2000-01-01T00:03:07.780Z,False,,
716,VeryFastResponse,20,225,22120.0,,746 ms,2000-01-01T00:03:17.056Z,False,,
717,VeryFastResponse,20,225,22124.0,,793 ms,2000-01-01T00:03:24.016Z,False,,
718,VeryFastResponse,20,225,22127.0,,627 ms,2000-01-01T00:03:26.118Z,False,,
719,VeryFastResponse,20,225,22128.0,,648 ms,2000-01-01T00:03:26.995Z,False,,
720,VeryFastResponse,20,225,22129.0,,682 ms,2000-01-01T00:03:27.910Z,False,,
721,VeryFastResponse,20,225,22132.0,,588 ms,2000-01-01T00:03:29.778Z,False,,
722,VeryFastResponse,20,225,22134.0,,541 ms,2000-01-01T00:03:30.552Z,False,,
723,VeryFastResponse,20,225,22135.0,,575 ms,2000-01-01T00:03:31.360Z,False,,
724,VeryFastResponse,20,225,22154.0,,767 ms,2000-01-01T00:04:00.398Z,False,,
725,VeryFastResponse,20,225,22162.0,,748 ms,2000-01-01T00:04:17.383Z,False,,
726,VeryFastResponse,20,225,22164.0,,762 ms,2000-01-01T00:04:19.922Z,False,,
727,VeryFastResponse,20,225,22167.0,,777 ms,2000-01-01T00:04:24.469Z,False,,
728,VeryFastResponse,20,225,22168.0,,718 ms,2000-01-01T00:04:25.424Z,False,,
729,VeryFastResponse,20,225,22172.0,,649 ms,2000-01-01T00:04:28.916Z,False,,
730,VeryFastResponse,20,225,22211.0,,760 ms,2000-01-01T00:05:12.454Z,False,,
731,VeryFastResponse,163,228,22586.0,,722 ms,2000-01-01T00:00:40.759Z,False,,
732,VeryFastResponse,163,228,22598.0,,556 ms,2000-01-01T00:01:00.611Z,False,,
733,VeryFastResponse,163,228,22599.0,,561 ms,2000-01-01T00:01:01.449Z,False,,
734,VeryFastResponse,163,228,22600.0,,704 ms,2000-01-01T00:01:02.428Z,False,,
735,VeryFastResponse,163,228,22602.0,,444 ms,2000-01-01T00:01:05.431Z,False,,
736,VeryFastResponse,163,228,22612.0,,623 ms,2000-01-01T00:01:24.197Z,False,,
737,VeryFastResponse,163,228,22616.0,,313 ms,2000-01-01T00:01:42.470Z,False,,
738,VeryFastResponse,163,228,22618.0,,460 ms,2000-01-01T00:01:44.450Z,False,,
739,VeryFastResponse,163,228,22619.0,,270 ms,2000-01-01T00:01:44.990Z,False,,
740,VeryFastResponse,163,228,22620.0,,289 ms,2000-01-01T00:01:45.791Z,False,,
741,VeryFastResponse,163,228,22621.0,,248 ms,2000-01-01T00:01:46.551Z,False,,
742,VeryFastResponse,163,228,22622.0,,56 ms,2000-01-01T00:01:46.890Z,False,,
743,VeryFastResponse,163,228,22623.0,,170 ms,2000-01-01T00:01:47.331Z,False,,
744,VeryFastResponse,163,228,22624.0,,141 ms,2000-01-01T00:01:47.723Z,False,,
745,VeryFastResponse,163,228,22625.0,,126 ms,2000-01-01T00:01:48.108Z,False,,
746,VeryFastResponse,163,228,22626.0,,2 ms,2000-01-01T00:01:48.520Z,False,,
747,VeryFastResponse,163,228,22627.0,,84 ms,2000-01-01T00:01:48.888Z,False,,
748,VeryFastResponse,163,228,22628.0,,85 ms,2000-01-01T00:01:49.250Z,False,,
749,VeryFastResponse,163,228,22629.0,,58 ms,2000-01-01T00:01:49.591Z,False,,
750,VeryFastResponse,163,228,22630.0,,151 ms,2000-01-01T00:01:49.990Z,False,,
751,VeryFastResponse,163,228,22631.0,,66 ms,2000-01-01T00:01:50.318Z,False,,
752,VeryFastResponse,163,228,22632.0,,16 ms,2000-01-01T00:01:50.608Z,False,,
753,VeryFastResponse,163,228,22633.0,,55 ms,2000-01-01T00:01:50.959Z,False,,
754,VeryFastResponse,163,228,22634.0,,46 ms,2000-01-01T00:01:51.269Z,False,,
755,VeryFastResponse,163,228,22635.0,,104 ms,2000-01-01T00:01:51.628Z,False,,
756,VeryFastResponse,163,228,22638.0,,255 ms,2000-01-01T00:01:55.317Z,False,,
757,VeryFastResponse,163,228,22639.0,,72 ms,2000-01-01T00:01:55.665Z,False,,
758,VeryFastResponse,163,228,22641.0,,191 ms,2000-01-01T00:01:57.402Z,False,,
759,VeryFastResponse,163,228,22642.0,,419 ms,2000-01-01T00:01:58.330Z,False,,
760,VeryFastResponse,163,228,22643.0,,190 ms,2000-01-01T00:01:58.802Z,False,,
761,VeryFastResponse,163,228,22644.0,,306 ms,2000-01-01T00:01:59.436Z,False,,
762,VeryFastResponse,163,228,22645.0,,221 ms,2000-01-01T00:01:59.937Z,False,,
763,VeryFastResponse,163,228,22652.0,,454 ms,2000-01-01T00:02:11.869Z,False,,
764,VeryFastResponse,163,228,22653.0,,16 ms,2000-01-01T00:02:13.187Z,False,,
765,VeryFastResponse,163,228,22654.0,,57 ms,2000-01-01T00:02:13.526Z,False,,
766,VeryFastResponse,163,228,22655.0,,529 ms,2000-01-01T00:02:14.479Z,False,,
767,VeryFastResponse,163,228,22658.0,,56 ms,2000-01-01T00:02:17.476Z,False,,
768,VeryFastResponse,163,228,22659.0,,103 ms,2000-01-01T00:02:17.890Z,False,,
769,VeryFastResponse,163,228,22660.0,,38 ms,2000-01-01T00:02:18.510Z,False,,
770,VeryFastResponse,163,228,22661.0,,28 ms,2000-01-01T00:02:18.808Z,False,,
771,VeryFastResponse,163,228,22662.0,,14 ms,2000-01-01T00:02:19.088Z,False,,
772,VeryFastResponse,163,228,22663.0,,21 ms,2000-01-01T00:02:19.445Z,False,,
773,VeryFastResponse,163,228,22664.0,,54 ms,2000-01-01T00:02:19.789Z,False,,
774,VeryFastResponse,163,228,22665.0,,151 ms,2000-01-01T00:02:20.203Z,False,,
775,VeryFastResponse,163,228,22666.0,,221 ms,2000-01-01T00:02:20.714Z,False,,
776,VeryFastResponse,163,228,22667.0,,166 ms,2000-01-01T00:02:21.144Z,False,,
777,VeryFastResponse,163,228,22668.0,,69 ms,2000-01-01T00:02:21.489Z,False,,
778,VeryFastResponse,163,228,22669.0,,141 ms,2000-01-01T00:02:22.097Z,False,,
779,VeryFastResponse,163,228,22670.0,,87 ms,2000-01-01T00:02:23.018Z,False,,
780,VeryFastResponse,163,228,22671.0,,132 ms,2000-01-01T00:02:23.484Z,False,,
781,VeryFastResponse,163,228,22672.0,,47 ms,2000-01-01T00:02:24.017Z,False,,
782,VeryFastResponse,163,228,22673.0,,127 ms,2000-01-01T00:02:24.450Z,False,,
783,VeryFastResponse,163,228,22674.0,,99 ms,2000-01-01T00:02:24.812Z,False,,
784,VeryFastResponse,163,228,22676.0,,7 ms,2000-01-01T00:02:28.216Z,False,,
785,VeryFastResponse,163,228,22677.0,,82 ms,2000-01-01T00:02:28.668Z,False,,
786,VeryFastResponse,163,228,22678.0,,122 ms,2000-01-01T00:02:29.039Z,False,,
787,VeryFastResponse,163,228,22679.0,,414 ms,2000-01-01T00:02:29.730Z,False,,
788,VeryFastResponse,163,228,22680.0,,17 ms,2000-01-01T00:02:30.007Z,False,,
789,VeryFastResponse,163,228,22681.0,,25 ms,2000-01-01T00:02:30.297Z,False,,
790,VeryFastResponse,163,228,22682.0,,24 ms,2000-01-01T00:02:30.620Z,False,,
791,VeryFastResponse,163,228,22683.0,,29 ms,2000-01-01T00:02:31.214Z,False,,
792,VeryFastResponse,163,228,22684.0,,10 ms,2000-01-01T00:02:31.505Z,False,,
793,VeryFastResponse,163,228,22685.0,,85 ms,2000-01-01T00:02:31.876Z,False,,
794,VeryFastResponse,163,228,22687.0,,471 ms,2000-01-01T00:02:37.097Z,False,,
795,VeryFastResponse,163,228,22688.0,,109 ms,2000-01-01T00:02:37.492Z,False,,
796,VeryFastResponse,163,228,22689.0,,59 ms,2000-01-01T00:02:37.818Z,False,,
797,VeryFastResponse,163,228,22690.0,,53 ms,2000-01-01T00:02:38.144Z,False,,
798,VeryFastResponse,163,228,22691.0,,17 ms,2000-01-01T00:02:38.435Z,False,,
799,VeryFastResponse,163,228,22692.0,,14 ms,2000-01-01T00:02:39.220Z,False,,
800,VeryFastResponse,163,228,22694.0,,748 ms,2000-01-01T00:02:43.807Z,False,,
801,VeryFastResponse,163,228,22706.0,,675 ms,2000-01-01T00:03:00.659Z,False,,
802,VeryFastResponse,163,228,22707.0,,506 ms,2000-01-01T00:03:01.442Z,False,,
803,VeryFastResponse,163,228,22708.0,,574 ms,2000-01-01T00:03:02.308Z,False,,
804,VeryFastResponse,163,228,22709.0,,372 ms,2000-01-01T00:03:02.948Z,False,,
805,VeryFastResponse,163,228,22710.0,,373 ms,2000-01-01T00:03:03.737Z,False,,
806,VeryFastResponse,163,228,22711.0,,776 ms,2000-01-01T00:03:04.789Z,False,,
807,VeryFastResponse,163,228,22712.0,,447 ms,2000-01-01T00:03:05.517Z,False,,
808,VeryFastResponse,163,228,22713.0,,495 ms,2000-01-01T00:03:06.268Z,False,,
809,VeryFastResponse,163,228,22715.0,,477 ms,2000-01-01T00:03:08.258Z,False,,
810,VeryFastResponse,163,228,22717.0,,541 ms,2000-01-01T00:03:10.360Z,False,,
811,VeryFastResponse,163,228,22718.0,,242 ms,2000-01-01T00:03:10.868Z,False,,
812,VeryFastResponse,163,228,22719.0,,12 ms,2000-01-01T00:03:11.137Z,False,,
813,VeryFastResponse,163,228,22720.0,,166 ms,2000-01-01T00:03:12.571Z,False,,
814,VeryFastResponse,176,230,22873.0,,769 ms,2000-01-01T00:00:23.920Z,False,,
815,VeryFastResponse,176,230,22919.0,,665 ms,2000-01-01T00:02:12.472Z,False,,
816,VeryFastResponse,176,230,22923.0,,18 ms,2000-01-01T00:02:18.302Z,False,,
817,VeryFastResponse,176,230,22925.0,,778 ms,2000-01-01T00:02:20.894Z,False,,
818,VeryFastResponse,176,230,22926.0,,613 ms,2000-01-01T00:02:21.754Z,False,,
819,VeryFastResponse,176,230,22927.0,,571 ms,2000-01-01T00:02:22.575Z,False,,
820,VeryFastResponse,176,230,22928.0,,672 ms,2000-01-01T00:02:23.485Z,False,,
821,VeryFastResponse,176,230,22930.0,,702 ms,2000-01-01T00:02:25.823Z,False,,
822,VeryFastResponse,176,230,22934.0,,788 ms,2000-01-01T00:02:30.679Z,False,,
823,VeryFastResponse,176,230,22941.0,,788 ms,2000-01-01T00:02:41.487Z,False,,
824,VeryFastResponse,176,230,22945.0,,761 ms,2000-01-01T00:02:46.971Z,False,,
825,VeryFastResponse,176,230,22946.0,,738 ms,2000-01-01T00:02:47.941Z,False,,
826,VeryFastResponse,176,230,22948.0,,702 ms,2000-01-01T00:02:50.325Z,False,,
827,VeryFastResponse,176,230,22952.0,,84 ms,2000-01-01T00:02:56.073Z,False,,
828,VeryFastResponse,176,230,22953.0,,138 ms,2000-01-01T00:02:56.427Z,False,,
829,VeryFastResponse,176,230,22964.0,,661 ms,2000-01-01T00:03:13.071Z,False,,
830,VeryFastResponse,176,230,22965.0,,124 ms,2000-01-01T00:03:13.422Z,False,,
831,VeryFastResponse,176,230,22966.0,,112 ms,2000-01-01T00:03:13.755Z,False,,
832,VeryFastResponse,176,230,22967.0,,140 ms,2000-01-01T00:03:14.124Z,False,,
833,VeryFastResponse,176,230,22968.0,,418 ms,2000-01-01T00:03:14.931Z,False,,
834,VeryFastResponse,176,230,22970.0,,318 ms,2000-01-01T00:03:16.511Z,False,,
835,VeryFastResponse,176,230,22971.0,,270 ms,2000-01-01T00:03:17.008Z,False,,
836,VeryFastResponse,176,230,22972.0,,170 ms,2000-01-01T00:03:17.395Z,False,,
837,VeryFastResponse,176,230,22973.0,,481 ms,2000-01-01T00:03:18.585Z,False,,
838,VeryFastResponse,176,230,22974.0,,581 ms,2000-01-01T00:03:19.395Z,False,,
839,VeryFastResponse,176,230,22976.0,,297 ms,2000-01-01T00:03:21.006Z,False,,
840,VeryFastResponse,176,230,22977.0,,310 ms,2000-01-01T00:03:21.555Z,False,,
841,VeryFastResponse,176,230,22978.0,,214 ms,2000-01-01T00:03:21.996Z,False,,
842,VeryFastResponse,176,230,22979.0,,152 ms,2000-01-01T00:03:22.374Z,False,,
843,VeryFastResponse,176,230,22980.0,,51 ms,2000-01-01T00:03:22.648Z,False,,
844,VeryFastResponse,176,230,22981.0,,69 ms,2000-01-01T00:03:22.942Z,False,,
845,VeryFastResponse,176,230,22982.0,,54 ms,2000-01-01T00:03:23.232Z,False,,
846,VeryFastResponse,176,230,22983.0,,21 ms,2000-01-01T00:03:23.706Z,False,,
847,VeryFastResponse,176,230,22984.0,,715 ms,2000-01-01T00:03:25.118Z,False,,
848,VeryFastResponse,176,230,22986.0,,746 ms,2000-01-01T00:03:27.594Z,False,,
849,VeryFastResponse,176,230,22988.0,,749 ms,2000-01-01T00:03:30.095Z,False,,
850,VeryFastResponse,176,230,22989.0,,418 ms,2000-01-01T00:03:30.753Z,False,,
851,VeryFastResponse,176,230,22999.0,,313 ms,2000-01-01T00:03:47.340Z,False,,
852,VeryFastResponse,176,230,23000.0,,366 ms,2000-01-01T00:03:47.946Z,False,,
853,VeryFastResponse,176,230,23001.0,,363 ms,2000-01-01T00:03:48.542Z,False,,
854,VeryFastResponse,176,230,23002.0,,277 ms,2000-01-01T00:03:49.061Z,False,,
855,VeryFastResponse,176,230,23003.0,,191 ms,2000-01-01T00:03:49.522Z,False,,
856,VeryFastResponse,176,230,23004.0,,8 ms,2000-01-01T00:03:49.887Z,False,,
857,VeryFastResponse,176,230,23005.0,,63 ms,2000-01-01T00:03:50.180Z,False,,
858,VeryFastResponse,176,230,23006.0,,75 ms,2000-01-01T00:03:50.486Z,False,,
859,VeryFastResponse,176,230,23007.0,,29 ms,2000-01-01T00:03:50.944Z,False,,
860,VeryFastResponse,176,230,23008.0,,181 ms,2000-01-01T00:03:51.361Z,False,,
861,VeryFastResponse,176,230,23009.0,,332 ms,2000-01-01T00:03:51.912Z,False,,
862,VeryFastResponse,176,230,23010.0,,574 ms,2000-01-01T00:03:52.719Z,False,,
863,VeryFastResponse,60,232,23181.0,,127 ms,2000-01-01T00:01:02.992Z,False,,
864,VeryFastResponse,190,233,23466.0,,275 ms,2000-01-01T00:06:08.223Z,False,,
865,VeryFastResponse,129,234,23539.0,,681 ms,2000-01-01T00:02:30.368Z,False,,
866,VeryFastResponse,129,234,23583.0,,754 ms,2000-01-01T00:03:46.095Z,False,,
867,VeryFastResponse,185,235,23584.0,,145 ms,2000-01-01T00:01:41.321Z,False,,
868,VeryFastResponse,129,234,23586.0,,758 ms,2000-01-01T00:03:48.367Z,False,,
869,VeryFastResponse,185,235,23595.0,,65 ms,2000-01-01T00:01:55.203Z,False,,
870,VeryFastResponse,257,236,23793.0,,779 ms,2000-01-01T00:04:36.133Z,False,,
871,VeryFastResponse,185,235,23879.0,,215 ms,2000-01-01T00:08:25.343Z,False,,
872,VeryFastResponse,263,239,24371.0,,791 ms,2000-01-01T00:05:42.682Z,False,,
873,VeryFastResponse,24,241,24544.0,,669 ms,2000-01-01T00:02:32.291Z,False,,
874,VeryFastResponse,24,241,24545.0,,787 ms,2000-01-01T00:02:33.501Z,False,,
875,VeryFastResponse,24,241,24546.0,,230 ms,2000-01-01T00:02:34.017Z,False,,
876,VeryFastResponse,24,241,24547.0,,374 ms,2000-01-01T00:02:34.651Z,False,,
877,VeryFastResponse,24,241,24548.0,,356 ms,2000-01-01T00:02:35.251Z,False,,
878,VeryFastResponse,24,241,24549.0,,348 ms,2000-01-01T00:02:35.864Z,False,,
879,VeryFastResponse,24,241,24550.0,,781 ms,2000-01-01T00:02:38.299Z,False,,
880,VeryFastResponse,24,241,24551.0,,238 ms,2000-01-01T00:02:38.801Z,False,,
881,VeryFastResponse,24,241,24554.0,,563 ms,2000-01-01T00:02:43.054Z,False,,
882,VeryFastResponse,24,241,24556.0,,401 ms,2000-01-01T00:02:44.853Z,False,,
883,VeryFastResponse,24,241,24558.0,,672 ms,2000-01-01T00:02:50.625Z,False,,
884,VeryFastResponse,24,241,24559.0,,456 ms,2000-01-01T00:02:51.336Z,False,,
885,VeryFastResponse,24,241,24561.0,,550 ms,2000-01-01T00:02:54.351Z,False,,
886,VeryFastResponse,24,241,24562.0,,554 ms,2000-01-01T00:02:55.151Z,False,,
887,VeryFastResponse,24,241,24563.0,,501 ms,2000-01-01T00:02:55.914Z,False,,
888,VeryFastResponse,24,241,24564.0,,469 ms,2000-01-01T00:02:56.646Z,False,,
889,VeryFastResponse,24,241,24565.0,,526 ms,2000-01-01T00:02:57.439Z,False,,
890,VeryFastResponse,24,241,24566.0,,579 ms,2000-01-01T00:02:58.255Z,False,,
891,VeryFastResponse,24,241,24567.0,,515 ms,2000-01-01T00:02:59.023Z,False,,
892,VeryFastResponse,24,241,24568.0,,502 ms,2000-01-01T00:02:59.801Z,False,,
893,VeryFastResponse,24,241,24569.0,,442 ms,2000-01-01T00:03:00.484Z,False,,
894,VeryFastResponse,24,241,24570.0,,518 ms,2000-01-01T00:03:01.256Z,False,,
895,VeryFastResponse,24,241,24571.0,,524 ms,2000-01-01T00:03:02.023Z,False,,
896,VeryFastResponse,24,241,24572.0,,501 ms,2000-01-01T00:03:02.791Z,False,,
897,VeryFastResponse,24,241,24573.0,,455 ms,2000-01-01T00:03:03.504Z,False,,
898,VeryFastResponse,24,241,24574.0,,298 ms,2000-01-01T00:03:04.054Z,False,,
899,VeryFastResponse,24,241,24575.0,,340 ms,2000-01-01T00:03:04.680Z,False,,
900,VeryFastResponse,24,241,24576.0,,347 ms,2000-01-01T00:03:05.280Z,False,,
901,VeryFastResponse,24,241,24577.0,,306 ms,2000-01-01T00:03:05.850Z,False,,
902,VeryFastResponse,24,241,24578.0,,389 ms,2000-01-01T00:03:06.491Z,False,,
903,VeryFastResponse,24,241,24579.0,,208 ms,2000-01-01T00:03:06.977Z,False,,
904,VeryFastResponse,24,241,24580.0,,253 ms,2000-01-01T00:03:07.507Z,False,,
905,VeryFastResponse,24,241,24581.0,,319 ms,2000-01-01T00:03:08.171Z,False,,
906,VeryFastResponse,24,241,24582.0,,195 ms,2000-01-01T00:03:08.734Z,False,,
907,VeryFastResponse,24,241,24583.0,,271 ms,2000-01-01T00:03:09.261Z,False,,
908,VeryFastResponse,24,241,24584.0,,272 ms,2000-01-01T00:03:09.802Z,False,,
909,VeryFastResponse,24,241,24585.0,,315 ms,2000-01-01T00:03:10.364Z,False,,
910,VeryFastResponse,24,241,24586.0,,412 ms,2000-01-01T00:03:11.032Z,False,,
911,VeryFastResponse,24,241,24587.0,,311 ms,2000-01-01T00:03:11.611Z,False,,
912,VeryFastResponse,24,241,24588.0,,305 ms,2000-01-01T00:03:12.191Z,False,,
913,VeryFastResponse,24,241,24589.0,,303 ms,2000-01-01T00:03:12.752Z,False,,
914,VeryFastResponse,24,241,24590.0,,304 ms,2000-01-01T00:03:13.320Z,False,,
915,VeryFastResponse,24,241,24591.0,,271 ms,2000-01-01T00:03:13.833Z,False,,
916,VeryFastResponse,24,241,24593.0,,330 ms,2000-01-01T00:03:16.632Z,False,,
917,VeryFastResponse,24,241,24594.0,,170 ms,2000-01-01T00:03:17.071Z,False,,
918,VeryFastResponse,24,241,24595.0,,604 ms,2000-01-01T00:03:17.931Z,False,,
919,VeryFastResponse,24,241,24596.0,,531 ms,2000-01-01T00:03:18.733Z,False,,
920,VeryFastResponse,24,241,24597.0,,620 ms,2000-01-01T00:03:19.603Z,False,,
921,VeryFastResponse,24,241,24598.0,,402 ms,2000-01-01T00:03:20.271Z,False,,
922,VeryFastResponse,24,241,24600.0,,262 ms,2000-01-01T00:03:22.873Z,False,,
923,VeryFastResponse,24,241,24601.0,,293 ms,2000-01-01T00:03:23.416Z,False,,
924,VeryFastResponse,24,241,24603.0,,433 ms,2000-01-01T00:03:26.452Z,False,,
925,VeryFastResponse,24,241,24604.0,,783 ms,2000-01-01T00:03:27.531Z,False,,
926,VeryFastResponse,24,241,24605.0,,317 ms,2000-01-01T00:03:28.561Z,False,,
927,VeryFastResponse,24,241,24606.0,,353 ms,2000-01-01T00:03:29.171Z,False,,
928,VeryFastResponse,24,241,24607.0,,514 ms,2000-01-01T00:03:29.931Z,False,,
929,VeryFastResponse,24,241,24608.0,,324 ms,2000-01-01T00:03:30.491Z,False,,
930,VeryFastResponse,24,241,24609.0,,380 ms,2000-01-01T00:03:31.104Z,False,,
931,VeryFastResponse,24,241,24610.0,,368 ms,2000-01-01T00:03:31.731Z,False,,
932,VeryFastResponse,24,241,24611.0,,568 ms,2000-01-01T00:03:32.530Z,False,,
933,VeryFastResponse,24,241,24612.0,,484 ms,2000-01-01T00:03:33.280Z,False,,
934,VeryFastResponse,24,241,24613.0,,493 ms,2000-01-01T00:03:34.058Z,False,,
935,VeryFastResponse,24,241,24614.0,,365 ms,2000-01-01T00:03:34.695Z,False,,
936,VeryFastResponse,24,241,24615.0,,190 ms,2000-01-01T00:03:35.124Z,False,,
937,VeryFastResponse,24,241,24616.0,,143 ms,2000-01-01T00:03:35.561Z,False,,
938,VeryFastResponse,24,241,24618.0,,510 ms,2000-01-01T00:03:38.715Z,False,,
939,VeryFastResponse,24,241,24620.0,,597 ms,2000-01-01T00:03:41.392Z,False,,
940,VeryFastResponse,24,241,24621.0,,548 ms,2000-01-01T00:03:42.211Z,False,,
941,VeryFastResponse,24,241,24622.0,,390 ms,2000-01-01T00:03:42.853Z,False,,
942,VeryFastResponse,24,241,24623.0,,465 ms,2000-01-01T00:03:43.553Z,False,,
943,VeryFastResponse,24,241,24624.0,,480 ms,2000-01-01T00:03:44.283Z,False,,
944,VeryFastResponse,24,241,24625.0,,512 ms,2000-01-01T00:03:45.052Z,False,,
945,VeryFastResponse,24,241,24626.0,,362 ms,2000-01-01T00:03:45.671Z,False,,
946,VeryFastResponse,24,241,24627.0,,350 ms,2000-01-01T00:03:46.304Z,False,,
947,VeryFastResponse,24,241,24628.0,,393 ms,2000-01-01T00:03:46.944Z,False,,
948,VeryFastResponse,24,241,24629.0,,481 ms,2000-01-01T00:03:47.673Z,False,,
949,VeryFastResponse,24,241,24630.0,,454 ms,2000-01-01T00:03:48.374Z,False,,
950,VeryFastResponse,24,241,24631.0,,646 ms,2000-01-01T00:03:49.264Z,False,,
951,VeryFastResponse,24,241,24632.0,,728 ms,2000-01-01T00:03:50.252Z,False,,
952,VeryFastResponse,24,241,24633.0,,389 ms,2000-01-01T00:03:50.880Z,False,,
953,VeryFastResponse,24,241,24634.0,,570 ms,2000-01-01T00:03:51.703Z,False,,
954,VeryFastResponse,24,241,24635.0,,365 ms,2000-01-01T00:03:52.336Z,False,,
955,VeryFastResponse,24,241,24636.0,,593 ms,2000-01-01T00:03:53.182Z,False,,
956,VeryFastResponse,24,241,24637.0,,748 ms,2000-01-01T00:03:54.322Z,False,,
957,VeryFastResponse,24,241,24638.0,,697 ms,2000-01-01T00:03:55.280Z,False,,
958,VeryFastResponse,24,241,24640.0,,446 ms,2000-01-01T00:03:57.250Z,False,,
959,VeryFastResponse,24,241,24641.0,,688 ms,2000-01-01T00:03:58.286Z,False,,
960,VeryFastResponse,24,241,24643.0,,359 ms,2000-01-01T00:04:00.103Z,False,,
961,VeryFastResponse,24,241,24644.0,,456 ms,2000-01-01T00:04:00.812Z,False,,
962,VeryFastResponse,24,241,24645.0,,421 ms,2000-01-01T00:04:01.504Z,False,,
963,VeryFastResponse,24,241,24646.0,,485 ms,2000-01-01T00:04:02.240Z,False,,
964,VeryFastResponse,24,241,24647.0,,388 ms,2000-01-01T00:04:02.891Z,False,,
965,VeryFastResponse,24,241,24648.0,,262 ms,2000-01-01T00:04:03.392Z,False,,
966,VeryFastResponse,24,241,24649.0,,328 ms,2000-01-01T00:04:03.962Z,False,,
967,VeryFastResponse,24,241,24650.0,,277 ms,2000-01-01T00:04:04.530Z,False,,
968,VeryFastResponse,24,241,24652.0,,459 ms,2000-01-01T00:04:08.536Z,False,,
969,VeryFastResponse,24,241,24657.0,,591 ms,2000-01-01T00:04:23.273Z,False,,
970,VeryFastResponse,24,241,24658.0,,421 ms,2000-01-01T00:04:23.931Z,False,,
971,VeryFastResponse,24,241,24659.0,,486 ms,2000-01-01T00:04:24.673Z,False,,
972,VeryFastResponse,24,241,24660.0,,477 ms,2000-01-01T00:04:25.403Z,False,,
973,VeryFastResponse,24,241,24661.0,,583 ms,2000-01-01T00:04:26.233Z,False,,
974,VeryFastResponse,24,241,24662.0,,482 ms,2000-01-01T00:04:26.973Z,False,,
975,VeryFastResponse,24,241,24663.0,,547 ms,2000-01-01T00:04:27.791Z,False,,
976,VeryFastResponse,24,241,24664.0,,432 ms,2000-01-01T00:04:28.460Z,False,,
977,VeryFastResponse,24,241,24665.0,,230 ms,2000-01-01T00:04:34.195Z,False,,
978,VeryFastResponse,24,241,24666.0,,488 ms,2000-01-01T00:04:34.964Z,False,,
979,VeryFastResponse,24,241,24667.0,,422 ms,2000-01-01T00:04:35.634Z,False,,
980,VeryFastResponse,24,241,24668.0,,273 ms,2000-01-01T00:04:36.161Z,False,,
981,VeryFastResponse,24,241,24669.0,,273 ms,2000-01-01T00:04:36.692Z,False,,
982,VeryFastResponse,15,242,24809.0,,337 ms,2000-01-01T00:07:41.100Z,False,,
983,IncompleteSession,98,94,,,51/150 items answered at closing,2000-01-02T07:50:21.977Z,False,,
984,IncompleteSession,134,101,,,82/150 items answered at closing,2000-01-02T07:17:48.768Z,False,,
985,IncompleteSession,42,143,,,19/150 items answered at closing,2000-01-02T04:52:30.271Z,False,,
986,IncompleteSession,118,144,,,114/150 items answered at closing,2000-01-02T04:46:42.768Z,False,,
987,IncompleteSession,226,145,,,39/150 items answered at closing,2000-01-02T04:46:10.861Z,False,,
988,IncompleteSession,137,154,,,8/150 items answered at closing,2000-01-02T04:20:53.235Z,False,,
989,IncompleteSession,200,157,,,48/150 items answered at closing,2000-01-02T04:04:19.583Z,False,,
990,IncompleteSession,207,177,,,39/150 items answered at closing,2000-01-02T01:53:07.590Z,False,,
991,IncompleteSession,205,178,,,5/150 items answered at closing,2000-01-02T01:46:33.593Z,False,,
992,IncompleteSession,188,179,,,49/150 items answered at closing,2000-01-02T01:39:51.638Z,False,,
993,IncompleteSession,45,183,,,88/150 items answered at closing,2000-01-02T01:12:54.230Z,False,,
994,IncompleteSession,241,185,,,61/150 items answered at closing,2000-01-02T00:50:23.064Z,False,,
995,IncompleteSession,288,192,,,20/150 items answered at closing,2000-01-01T23:03:29.474Z,False,,
996,IncompleteSession,245,196,,,62/150 items answered at closing,2000-01-01T21:48:37.642Z,False,,
997,IncompleteSession,87,204,,,6/150 items answered at closing,2000-01-01T20:23:46.392Z,False,,
998,IncompleteSession,235,221,,,59/150 items answered at closing,2000-01-01T05:48:42.851Z,False,,
999,IncompleteSession,80,243,,,68/150 items answered at closing,2000-01-01T00:04:00.796Z,False,,
1000,VeryFastResponse,50,249,25018.0,,614 ms,2000-01-01T00:00:22.944Z,False,,
1001,VeryFastResponse,50,249,25019.0,,575 ms,2000-01-01T00:00:23.853Z,False,,
1002,VeryFastResponse,50,249,25021.0,,599 ms,2000-01-01T00:00:28.253Z,False,,
1003,VeryFastResponse,50,249,25022.0,,551 ms,2000-01-01T00:00:29.023Z,False,,
1004,VeryFastResponse,50,249,25023.0,,515 ms,2000-01-01T00:00:29.739Z,False,,
1005,VeryFastResponse,50,249,25024.0,,629 ms,2000-01-01T00:00:30.571Z,False,,
1006,VeryFastResponse,50,249,25025.0,,448 ms,2000-01-01T00:00:31.221Z,True,Automatic rule: response time ≤ 501 ms (bulk exclusion of very fast responses),2000-01-02T00:52:33.999Z
1007,VeryFastResponse,50,249,25026.0,,402 ms,2000-01-01T00:00:31.827Z,True,Automatic rule: response time ≤ 501 ms (bulk exclusion of very fast responses),2000-01-02T00:52:33.999Z
1008,VeryFastResponse,50,249,25027.0,,353 ms,2000-01-01T00:00:32.440Z,True,Automatic rule: response time ≤ 501 ms (bulk exclusion of very fast responses),2000-01-02T00:52:33.999Z
1009,VeryFastResponse,50,249,25028.0,,143 ms,2000-01-01T00:00:32.781Z,True,Automatic rule: response time ≤ 501 ms (bulk exclusion of very fast responses),2000-01-02T00:52:33.999Z
1010,VeryFastResponse,50,249,25029.0,,141 ms,2000-01-01T00:00:33.113Z,True,Automatic rule: response time ≤ 501 ms (bulk exclusion of very fast responses),2000-01-02T00:52:33.999Z
1011,VeryFastResponse,50,249,25030.0,,56 ms,2000-01-01T00:00:33.363Z,True,Automatic rule: response time ≤ 501 ms (bulk exclusion of very fast responses),2000-01-02T00:52:33.999Z
1012,VeryFastResponse,50,249,25031.0,,71 ms,2000-01-01T00:00:33.630Z,True,Automatic rule: response time ≤ 501 ms (bulk exclusion of very fast responses),2000-01-02T00:52:33.999Z
1013,VeryFastResponse,50,249,25032.0,,257 ms,2000-01-01T00:00:34.236Z,True,Automatic rule: response time ≤ 501 ms (bulk exclusion of very fast responses),2000-01-02T00:52:33.999Z
1014,VeryFastResponse,50,249,25033.0,,43 ms,2000-01-01T00:00:34.564Z,True,Automatic rule: response time ≤ 501 ms (bulk exclusion of very fast responses),2000-01-02T00:52:33.999Z
1015,VeryFastResponse,50,249,25034.0,,53 ms,2000-01-01T00:00:34.883Z,True,Automatic rule: response time ≤ 501 ms (bulk exclusion of very fast responses),2000-01-02T00:52:33.999Z
1016,VeryFastResponse,50,249,25035.0,,291 ms,2000-01-01T00:00:35.369Z,True,Automatic rule: response time ≤ 501 ms (bulk exclusion of very fast responses),2000-01-02T00:52:33.999Z
1017,VeryFastResponse,50,249,25036.0,,279 ms,2000-01-01T00:00:35.880Z,True,Automatic rule: response time ≤ 501 ms (bulk exclusion of very fast responses),2000-01-02T00:52:33.999Z
1018,VeryFastResponse,50,249,25038.0,,251 ms,2000-01-01T00:00:39.077Z,True,Automatic rule: response time ≤ 501 ms (bulk exclusion of very fast responses),2000-01-02T00:52:33.999Z
1019,VeryFastResponse,50,249,25039.0,,262 ms,2000-01-01T00:00:39.546Z,True,Automatic rule: response time ≤ 501 ms (bulk exclusion of very fast responses),2000-01-02T00:52:33.999Z
1020,VeryFastResponse,50,249,25040.0,,323 ms,2000-01-01T00:00:40.060Z,True,Automatic rule: response time ≤ 501 ms (bulk exclusion of very fast responses),2000-01-02T00:52:33.999Z
1021,VeryFastResponse,50,249,25041.0,,474 ms,2000-01-01T00:00:40.753Z,True,Automatic rule: response time ≤ 501 ms (bulk exclusion of very fast responses),2000-01-02T00:52:33.999Z
1022,VeryFastResponse,50,249,25044.0,,565 ms,2000-01-01T00:00:46.780Z,False,,
1023,VeryFastResponse,50,249,25045.0,,437 ms,2000-01-01T00:00:47.473Z,True,Automatic rule: response time ≤ 501 ms (bulk exclusion of very fast responses),2000-01-02T00:52:33.999Z
1024,VeryFastResponse,50,249,25046.0,,499 ms,2000-01-01T00:00:48.171Z,True,Automatic rule: response time ≤ 501 ms (bulk exclusion of very fast responses),2000-01-02T00:52:33.999Z
1025,VeryFastResponse,50,249,25047.0,,404 ms,2000-01-01T00:00:48.788Z,True,Automatic rule: response time ≤ 501 ms (bulk exclusion of very fast responses),2000-01-02T00:52:33.999Z
1026,VeryFastResponse,50,249,25048.0,,13 ms,2000-01-01T00:00:49.663Z,True,Automatic rule: response time ≤ 501 ms (bulk exclusion of very fast responses),2000-01-02T00:52:33.999Z
1027,VeryFastResponse,50,249,25049.0,,458 ms,2000-01-01T00:00:50.392Z,True,Automatic rule: response time ≤ 501 ms (bulk exclusion of very fast responses),2000-01-02T00:52:33.999Z
1028,VeryFastResponse,50,249,25050.0,,219 ms,2000-01-01T00:00:50.818Z,True,Automatic rule: response time ≤ 501 ms (bulk exclusion of very fast responses),2000-01-02T00:52:33.999Z
1029,VeryFastResponse,50,249,25051.0,,420 ms,2000-01-01T00:00:51.441Z,True,Automatic rule: response time ≤ 501 ms (bulk exclusion of very fast responses),2000-01-02T00:52:33.999Z
1030,VeryFastResponse,50,249,25052.0,,372 ms,2000-01-01T00:00:52.028Z,True,Automatic rule: response time ≤ 501 ms (bulk exclusion of very fast responses),2000-01-02T00:52:33.999Z
1031,VeryFastResponse,50,249,25053.0,,101 ms,2000-01-01T00:00:52.555Z,True,Automatic rule: response time ≤ 501 ms (bulk exclusion of very fast responses),2000-01-02T00:52:33.999Z
1032,VeryFastResponse,50,249,25054.0,,279 ms,2000-01-01T00:00:53.033Z,True,Automatic rule: response time ≤ 501 ms (bulk exclusion of very fast responses),2000-01-02T00:52:33.999Z
1033,VeryFastResponse,50,249,25055.0,,321 ms,2000-01-01T00:00:53.551Z,True,Automatic rule: response time ≤ 501 ms (bulk exclusion of very fast responses),2000-01-02T00:52:33.999Z
1034,VeryFastResponse,50,249,25056.0,,318 ms,2000-01-01T00:00:54.066Z,True,Automatic rule: response time ≤ 501 ms (bulk exclusion of very fast responses),2000-01-02T00:52:33.999Z
1035,VeryFastResponse,50,249,25057.0,,287 ms,2000-01-01T00:00:54.551Z,True,Automatic rule: response time ≤ 501 ms (bulk exclusion of very fast responses),2000-01-02T00:52:33.999Z
1036,VeryFastResponse,50,249,25059.0,,360 ms,2000-01-01T00:01:00.730Z,True,Automatic rule: response time ≤ 501 ms (bulk exclusion of very fast responses),2000-01-02T00:52:33.999Z
1037,VeryFastResponse,50,249,25060.0,,96 ms,2000-01-01T00:01:01.203Z,True,Automatic rule: response time ≤ 501 ms (bulk exclusion of very fast responses),2000-01-02T00:52:33.999Z
1038,VeryFastResponse,50,249,25061.0,,20 ms,2000-01-01T00:01:01.428Z,True,Automatic rule: response time ≤ 501 ms (bulk exclusion of very fast responses),2000-01-02T00:52:33.999Z
1039,VeryFastResponse,50,249,25062.0,,45 ms,2000-01-01T00:01:01.712Z,True,Automatic rule: response time ≤ 501 ms (bulk exclusion of very fast responses),2000-01-02T00:52:33.999Z
1040,VeryFastResponse,50,249,25063.0,,11 ms,2000-01-01T00:01:01.933Z,True,Automatic rule: response time ≤ 501 ms (bulk exclusion of very fast responses),2000-01-02T00:52:33.999Z
1041,VeryFastResponse,50,249,25064.0,,11 ms,2000-01-01T00:01:02.167Z,True,Automatic rule: response time ≤ 501 ms (bulk exclusion of very fast responses),2000-01-02T00:52:33.999Z
1042,VeryFastResponse,50,249,25065.0,,77 ms,2000-01-01T00:01:02.433Z,True,Automatic rule: response time ≤ 501 ms (bulk exclusion of very fast responses),2000-01-02T00:52:33.999Z
1043,VeryFastResponse,50,249,25066.0,,537 ms,2000-01-01T00:01:03.168Z,False,,
1044,VeryFastResponse,50,249,25067.0,,591 ms,2000-01-01T00:01:03.955Z,False,,
1045,VeryFastResponse,50,249,25068.0,,634 ms,2000-01-01T00:01:04.786Z,False,,
1046,VeryFastResponse,50,249,25069.0,,748 ms,2000-01-01T00:01:05.737Z,False,,
1047,VeryFastResponse,50,249,25070.0,,297 ms,2000-01-01T00:01:06.238Z,True,Automatic rule: response time ≤ 501 ms (bulk exclusion of very fast responses),2000-01-02T00:52:33.999Z
1048,VeryFastResponse,50,249,25071.0,,327 ms,2000-01-01T00:01:06.772Z,True,Automatic rule: response time ≤ 501 ms (bulk exclusion of very fast responses),2000-01-02T00:52:33.999Z
1049,VeryFastResponse,50,249,25072.0,,315 ms,2000-01-01T00:01:07.285Z,True,Automatic rule: response time ≤ 501 ms (bulk exclusion of very fast responses),2000-01-02T00:52:33.999Z
1050,VeryFastResponse,50,249,25075.0,,58 ms,2000-01-01T00:01:09.255Z,True,Automatic rule: response time ≤ 501 ms (bulk exclusion of very fast responses),2000-01-02T00:52:33.999Z
1051,VeryFastResponse,50,249,25076.0,,69 ms,2000-01-01T00:01:09.522Z,True,Automatic rule: response time ≤ 501 ms (bulk exclusion of very fast responses),2000-01-02T00:52:33.999Z
1052,VeryFastResponse,50,251,,253.0,726 ms,2000-01-01T00:01:16.778Z,False,,
1053,VeryFastResponse,50,251,,254.0,118 ms,2000-01-01T00:01:17.099Z,True,Automatic rule: response time ≤ 501 ms (bulk exclusion of very fast responses),2000-01-02T00:52:33.999Z
1054,VeryFastResponse,50,251,,255.0,122 ms,2000-01-01T00:01:17.423Z,True,Automatic rule: response time ≤ 501 ms (bulk exclusion of very fast responses),2000-01-02T00:52:33.999Z
1055,VeryFastResponse,50,251,,256.0,94 ms,2000-01-01T00:01:17.723Z,True,Automatic rule: response time ≤ 501 ms (bulk exclusion of very fast responses),2000-01-02T00:52:33.999Z
1056,VeryFastResponse,50,251,,257.0,100 ms,2000-01-01T00:01:18.017Z,True,Automatic rule: response time ≤ 501 ms (bulk exclusion of very fast responses),2000-01-02T00:52:33.999Z
1057,VeryFastResponse,50,251,,258.0,74 ms,2000-01-01T00:01:18.298Z,True,Automatic rule: response time ≤ 501 ms (bulk exclusion of very fast responses),2000-01-02T00:52:33.999Z
1058,VeryFastResponse,50,251,,259.0,21 ms,2000-01-01T00:01:18.519Z,True,Automatic rule: response time ≤ 501 ms (bulk exclusion of very fast responses),2000-01-02T00:52:33.999Z
1059,VeryFastResponse,50,251,,260.0,90 ms,2000-01-01T00:01:18.858Z,True,Automatic rule: response time ≤ 501 ms (bulk exclusion of very fast responses),2000-01-02T00:52:33.999Z
1060,VeryFastResponse,50,251,,261.0,40 ms,2000-01-01T00:01:19.163Z,True,Automatic rule: response time ≤ 501 ms (bulk exclusion of very fast responses),2000-01-02T00:52:33.999Z
1061,VeryFastResponse,50,251,,262.0,25 ms,2000-01-01T00:01:19.381Z,True,Automatic rule: response time ≤ 501 ms (bulk exclusion of very fast responses),2000-01-02T00:52:33.999Z
1062,VeryFastResponse,50,251,,263.0,158 ms,2000-01-01T00:01:19.737Z,True,Automatic rule: response time ≤ 501 ms (bulk exclusion of very fast responses),2000-01-02T00:52:33.999Z
1063,VeryFastResponse,50,251,,264.0,75 ms,2000-01-01T00:01:20.012Z,True,Automatic rule: response time ≤ 501 ms (bulk exclusion of very fast responses),2000-01-02T00:52:33.999Z
1064,VeryFastResponse,50,251,,265.0,66 ms,2000-01-01T00:01:20.297Z,True,Automatic rule: response time ≤ 501 ms (bulk exclusion of very fast responses),2000-01-02T00:52:33.999Z
1065,VeryFastResponse,50,251,,266.0,18 ms,2000-01-01T00:01:20.513Z,True,Automatic rule: response time ≤ 501 ms (bulk exclusion of very fast responses),2000-01-02T00:52:33.999Z
1066,VeryFastResponse,50,251,,269.0,481 ms,2000-01-01T00:01:25.018Z,True,Automatic rule: response time ≤ 501 ms (bulk exclusion of very fast responses),2000-01-02T00:52:33.999Z
1067,VeryFastResponse,50,251,,270.0,450 ms,2000-01-01T00:01:25.673Z,True,Automatic rule: response time ≤ 501 ms (bulk exclusion of very fast responses),2000-01-02T00:52:33.999Z
1068,VeryFastResponse,50,251,,271.0,420 ms,2000-01-01T00:01:26.305Z,True,Automatic rule: response time ≤ 501 ms (bulk exclusion of very fast responses),2000-01-02T00:52:33.999Z
1069,VeryFastResponse,50,251,,272.0,460 ms,2000-01-01T00:01:27.130Z,True,Automatic rule: response time ≤ 501 ms (bulk exclusion of very fast responses),2000-01-02T00:52:33.999Z
1070,VeryFastResponse,50,251,,273.0,351 ms,2000-01-01T00:01:27.689Z,True,Automatic rule: response time ≤ 501 ms (bulk exclusion of very fast responses),2000-01-02T00:52:33.999Z
1071,VeryFastResponse,50,251,,274.0,466 ms,2000-01-01T00:01:28.373Z,True,Automatic rule: response time ≤ 501 ms (bulk exclusion of very fast responses),2000-01-02T00:52:33.999Z
1072,VeryFastResponse,50,251,,275.0,456 ms,2000-01-01T00:01:29.089Z,True,Automatic rule: response time ≤ 501 ms (bulk exclusion of very fast responses),2000-01-02T00:52:33.999Z
1073,VeryFastResponse,50,251,,276.0,358 ms,2000-01-01T00:01:29.682Z,True,Automatic rule: response time ≤ 501 ms (bulk exclusion of very fast responses),2000-01-02T00:52:33.999Z
1074,VeryFastResponse,50,251,,277.0,534 ms,2000-01-01T00:01:30.425Z,False,,
1075,VeryFastResponse,50,251,,278.0,764 ms,2000-01-01T00:01:31.539Z,False,,
1076,VeryFastResponse,50,251,,279.0,329 ms,2000-01-01T00:01:32.078Z,True,Automatic rule: response time ≤ 501 ms (bulk exclusion of very fast responses),2000-01-02T00:52:33.999Z
1077,VeryFastResponse,50,251,,280.0,141 ms,2000-01-01T00:01:32.527Z,True,Automatic rule: response time ≤ 501 ms (bulk exclusion of very fast responses),2000-01-02T00:52:33.999Z
1078,VeryFastResponse,20,253,,309.0,769 ms,2000-01-02T07:50:18.655Z,False,,
1079,VeryFastResponse,20,255,25200.0,,730 ms,2000-01-02T07:50:49.022Z,False,,
1080,VeryFastResponse,20,255,25201.0,,733 ms,2000-01-02T07:50:50.024Z,False,,
1081,VeryFastResponse,20,255,25206.0,,749 ms,2000-01-02T07:50:56.221Z,False,,
1082,VeryFastResponse,20,255,25207.0,,594 ms,2000-01-02T07:50:57.062Z,False,,
1083,VeryFastResponse,20,255,25212.0,,761 ms,2000-01-02T07:51:02.742Z,False,,
1084,VeryFastResponse,20,255,25213.0,,746 ms,2000-01-02T07:51:03.742Z,False,,
1085,VeryFastResponse,20,255,25214.0,,702 ms,2000-01-02T07:51:04.701Z,False,,
1086,VeryFastResponse,20,255,25215.0,,713 ms,2000-01-02T07:51:05.663Z,False,,
1087,VeryFastResponse,20,255,25216.0,,772 ms,2000-01-02T07:51:06.719Z,False,,
1088,VeryFastResponse,20,255,25223.0,,688 ms,2000-01-02T07:51:17.422Z,False,,
1089,VeryFastResponse,20,255,25225.0,,711 ms,2000-01-02T07:51:20.582Z,False,,
1090,VeryFastResponse,20,255,25226.0,,695 ms,2000-01-02T07:51:21.549Z,False,,
1091,VeryFastResponse,20,255,25227.0,,606 ms,2000-01-02T07:51:22.390Z,False,,
1092,VeryFastResponse,20,255,25229.0,,579 ms,2000-01-02T07:51:24.343Z,False,,
1093,VeryFastResponse,20,255,25230.0,,681 ms,2000-01-02T07:51:25.263Z,False,,
1094,VeryFastResponse,20,255,25233.0,,672 ms,2000-01-02T07:51:28.782Z,False,,
1095,VeryFastResponse,20,255,25234.0,,539 ms,2000-01-02T07:51:29.583Z,False,,
1096,VeryFastResponse,20,255,25235.0,,597 ms,2000-01-02T07:51:30.422Z,False,,
1097,VeryFastResponse,20,255,25236.0,,535 ms,2000-01-02T07:51:31.223Z,False,,
1098,VeryFastResponse,20,255,25237.0,,546 ms,2000-01-02T07:51:32.021Z,False,,
1099,VeryFastResponse,20,255,25238.0,,499 ms,2000-01-02T07:51:32.781Z,True,Automatic rule: response time ≤ 501 ms (bulk exclusion of very fast responses),2000-01-03T08:35:36.216Z
1100,VeryFastResponse,20,255,25239.0,,488 ms,2000-01-02T07:51:33.542Z,True,Automatic rule: response time ≤ 501 ms (bulk exclusion of very fast responses),2000-01-03T08:35:36.216Z
1101,VeryFastResponse,20,255,25240.0,,552 ms,2000-01-02T07:51:34.350Z,False,,
1102,VeryFastResponse,20,255,25241.0,,610 ms,2000-01-02T07:51:35.221Z,False,,
1103,VeryFastResponse,20,255,25243.0,,798 ms,2000-01-02T07:51:42.462Z,False,,
1104,VeryFastResponse,20,255,25244.0,,654 ms,2000-01-02T07:51:43.344Z,False,,
1105,VeryFastResponse,20,255,25245.0,,649 ms,2000-01-02T07:51:44.316Z,False,,
1106,VeryFastResponse,20,255,25246.0,,768 ms,2000-01-02T07:51:45.348Z,False,,
1107,VeryFastResponse,20,255,25247.0,,476 ms,2000-01-02T07:51:46.077Z,True,Automatic rule: response time ≤ 501 ms (bulk exclusion of very fast responses),2000-01-03T08:35:36.216Z
1108,VeryFastResponse,20,255,25248.0,,520 ms,2000-01-02T07:51:46.862Z,False,,
1109,VeryFastResponse,246,267,25573.0,,652 ms,2000-01-01T00:03:34.429Z,False,,
1110,VeryFastResponse,246,267,25575.0,,511 ms,2000-01-01T00:03:38.007Z,False,,
1111,VeryFastResponse,246,267,25579.0,,243 ms,2000-01-01T00:03:45.717Z,True,Automatic rule: response time ≤ 501 ms (bulk exclusion of very fast responses),2000-01-02T00:32:09.546Z
1112,VeryFastResponse,246,267,25580.0,,189 ms,2000-01-01T00:03:47.717Z,True,Automatic rule: response time ≤ 501 ms (bulk exclusion of very fast responses),2000-01-02T00:32:09.546Z
1113,VeryFastResponse,65,276,25860.0,,797 ms,2000-01-01T00:03:29.677Z,False,,
1114,VeryFastResponse,135,277,25941.0,,554 ms,2000-01-03T10:56:36.603Z,False,,
1115,VeryFastResponse,135,277,25942.0,,708 ms,2000-01-03T10:56:37.833Z,False,,
1116,VeryFastResponse,144,279,25991.0,,782 ms,2000-01-01T00:02:52.143Z,False,,
1117,VeryFastResponse,144,280,,699.0,765 ms,2000-01-01T00:05:12.918Z,False,,
1118,VeryFastResponse,281,285,26120.0,,261 ms,2000-01-03T11:18:53.190Z,True,Automatic rule: response time ≤ 501 ms (bulk exclusion of very fast responses),2000-01-04T11:03:22.366Z
1119,VeryFastResponse,44,286,26159.0,,647 ms,2000-01-01T00:04:31.051Z,False,,
1120,IncompleteSession,41,290,,,ended by participant after 16/30 items,2000-01-01T00:08:03.251Z,False,,
1121,VeryFastResponse,249,295,26374.0,,78 ms,2000-01-03T11:13:45.948Z,True,Automatic rule: response time ≤ 501 ms (bulk exclusion of very fast responses),2000-01-04T10:07:57.220Z
1122,VeryFastResponse,266,296,26390.0,,51 ms,2000-01-03T07:16:50.139Z,True,Automatic rule: response time ≤ 501 ms (bulk exclusion of very fast responses),2000-01-04T06:10:39.023Z
1123,VeryFastResponse,266,296,26404.0,,71 ms,2000-01-03T07:17:27.654Z,True,Automatic rule: response time ≤ 501 ms (bulk exclusion of very fast responses),2000-01-04T06:10:39.023Z
1124,VeryFastResponse,266,297,,940.0,107 ms,2000-01-03T07:21:08.354Z,True,Automatic rule: response time ≤ 501 ms (bulk exclusion of very fast responses),2000-01-04T06:10:39.023Z
1125,VeryFastResponse,233,298,26461.0,,107 ms,2000-01-01T00:01:23.233Z,True,Automatic rule: response time ≤ 501 ms (bulk exclusion of very fast responses),2000-01-01T22:36:45.864Z
1126,ManualExclusion,41,290,,,manual session exclusion,2000-01-01T00:55:18.949Z,True,interrotto,2000-01-01T00:55:18.949Z
1127,ManualExclusion,41,290,,,manual session exclusion,2000-01-01T00:57:05.785Z,True,ff,2000-01-01T00:57:05.786Z
1128,VeryFastResponse,93,310,26754.0,,65 ms,2000-01-03T22:18:10.627Z,True,Automatic rule: response time ≤ 501 ms (bulk exclusion of very fast responses),2000-01-04T20:20:43.488Z
1129,VeryFastResponse,93,310,26757.0,,496 ms,2000-01-03T22:18:17.920Z,True,Automatic rule: response time ≤ 501 ms (bulk exclusion of very fast responses),2000-01-04T20:20:43.488Z
1130,VeryFastResponse,223,314,26834.0,,772 ms,2000-01-01T00:01:51.666Z,False,,
1131,VeryFastResponse,223,315,,1234.0,757 ms,2000-01-01T00:03:35.563Z,False,,
1132,VeryFastResponse,77,326,27152.0,,447 ms,2000-01-01T00:02:38.631Z,True,Automatic rule: response time ≤ 501 ms (bulk exclusion of very fast responses),2000-01-01T21:10:02.758Z
1133,VeryFastResponse,244,327,27179.0,,766 ms,2000-01-01T00:00:22.731Z,False,,
1134,VeryFastResponse,244,327,27182.0,,695 ms,2000-01-01T00:00:26.621Z,False,,
1135,VeryFastResponse,244,327,27183.0,,480 ms,2000-01-01T00:00:27.386Z,True,Automatic rule: response time ≤ 501 ms (bulk exclusion of very fast responses),2000-01-01T21:02:45.812Z
1136,VeryFastResponse,244,327,27191.0,,653 ms,2000-01-01T00:00:37.500Z,False,,
1137,VeryFastResponse,244,327,27199.0,,599 ms,2000-01-01T00:00:51.749Z,False,,
1138,VeryFastResponse,244,327,27200.0,,571 ms,2000-01-01T00:00:52.620Z,False,,
1139,VeryFastResponse,244,327,27207.0,,726 ms,2000-01-01T00:01:12.006Z,False,,
1140,VeryFastResponse,244,327,27212.0,,509 ms,2000-01-01T00:01:18.868Z,False,,
1141,VeryFastResponse,244,327,27213.0,,453 ms,2000-01-01T00:01:19.587Z,True,Automatic rule: response time ≤ 501 ms (bulk exclusion of very fast responses),2000-01-01T21:02:45.812Z
1142,VeryFastResponse,244,327,27214.0,,437 ms,2000-01-01T00:01:20.299Z,True,Automatic rule: response time ≤ 501 ms (bulk exclusion of very fast responses),2000-01-01T21:02:45.812Z
1143,VeryFastResponse,244,327,27215.0,,644 ms,2000-01-01T00:01:21.220Z,False,,
1144,VeryFastResponse,244,327,27216.0,,622 ms,2000-01-01T00:01:22.156Z,False,,
1145,VeryFastResponse,244,327,27217.0,,389 ms,2000-01-01T00:01:22.820Z,True,Automatic rule: response time ≤ 501 ms (bulk exclusion of very fast responses),2000-01-01T21:02:45.812Z
1146,VeryFastResponse,244,327,27218.0,,413 ms,2000-01-01T00:01:23.499Z,True,Automatic rule: response time ≤ 501 ms (bulk exclusion of very fast responses),2000-01-01T21:02:45.812Z
1147,VeryFastResponse,244,327,27219.0,,416 ms,2000-01-01T00:01:24.180Z,True,Automatic rule: response time ≤ 501 ms (bulk exclusion of very fast responses),2000-01-01T21:02:45.812Z
1148,VeryFastResponse,244,327,27220.0,,534 ms,2000-01-01T00:01:24.982Z,False,,
1149,VeryFastResponse,244,327,27221.0,,427 ms,2000-01-01T00:01:25.701Z,True,Automatic rule: response time ≤ 501 ms (bulk exclusion of very fast responses),2000-01-01T21:02:45.812Z
1150,VeryFastResponse,244,327,27222.0,,367 ms,2000-01-01T00:01:26.351Z,True,Automatic rule: response time ≤ 501 ms (bulk exclusion of very fast responses),2000-01-01T21:02:45.812Z
1151,VeryFastResponse,244,327,27223.0,,351 ms,2000-01-01T00:01:26.988Z,True,Automatic rule: response time ≤ 501 ms (bulk exclusion of very fast responses),2000-01-01T21:02:45.812Z
1152,VeryFastResponse,244,327,27224.0,,63 ms,2000-01-01T00:01:27.477Z,True,Automatic rule: response time ≤ 501 ms (bulk exclusion of very fast responses),2000-01-01T21:02:45.812Z
1153,VeryFastResponse,244,327,27227.0,,781 ms,2000-01-01T00:01:35.221Z,False,,
1154,VeryFastResponse,244,327,27228.0,,238 ms,2000-01-01T00:01:35.732Z,True,Automatic rule: response time ≤ 501 ms (bulk exclusion of very fast responses),2000-01-01T21:02:45.812Z
1155,VeryFastResponse,196,339,27559.0,,739 ms,2000-01-04T00:33:35.199Z,False,,
1156,VeryFastResponse,196,339,27560.0,,644 ms,2000-01-04T00:33:36.081Z,False,,
1157,VeryFastResponse,196,339,27569.0,,778 ms,2000-01-04T00:33:46.100Z,False,,
1158,VeryFastResponse,196,339,27575.0,,677 ms,2000-01-04T00:33:53.256Z,False,,
1159,VeryFastResponse,196,339,27580.0,,577 ms,2000-01-04T00:33:58.653Z,False,,
1160,VeryFastResponse,196,339,27581.0,,487 ms,2000-01-04T00:33:59.381Z,True,Automatic rule: response time ≤ 501 ms (bulk exclusion of very fast responses),2000-01-04T20:35:31.861Z
1161,VeryFastResponse,196,339,27582.0,,552 ms,2000-01-04T00:34:00.234Z,False,,
1162,VeryFastResponse,196,339,27586.0,,774 ms,2000-01-04T00:34:04.822Z,False,,
1163,VeryFastResponse,133,349,27795.0,,716 ms,2000-01-01T00:02:41.486Z,False,,
1164,VeryFastResponse,133,349,27796.0,,764 ms,2000-01-01T00:02:42.559Z,False,,
1165,VeryFastResponse,133,349,27797.0,,780 ms,2000-01-01T00:02:43.583Z,False,,
1166,VeryFastResponse,307,353,27944.0,,775 ms,2000-01-01T00:03:52.082Z,False,,
1167,VeryFastResponse,291,358,28081.0,,638 ms,2000-01-01T00:01:27.003Z,False,,
1168,VeryFastResponse,291,358,28082.0,,559 ms,2000-01-01T00:01:27.788Z,False,,
1169,VeryFastResponse,291,358,28083.0,,584 ms,2000-01-01T00:01:28.591Z,False,,
1170,VeryFastResponse,291,358,28084.0,,742 ms,2000-01-01T00:01:29.561Z,False,,
1171,VeryFastResponse,291,358,28085.0,,730 ms,2000-01-01T00:01:30.540Z,False,,
1172,VeryFastResponse,291,358,28086.0,,497 ms,2000-01-01T00:01:31.260Z,True,Automatic rule: response time ≤ 501 ms (bulk exclusion of very fast responses),2000-01-01T10:33:52.776Z
1173,VeryFastResponse,291,358,28087.0,,485 ms,2000-01-01T00:01:31.964Z,True,Automatic rule: response time ≤ 501 ms (bulk exclusion of very fast responses),2000-01-01T10:33:52.776Z
1174,VeryFastResponse,291,358,28091.0,,605 ms,2000-01-01T00:01:46.412Z,False,,
1175,VeryFastResponse,291,358,28092.0,,422 ms,2000-01-01T00:01:47.055Z,True,Automatic rule: response time ≤ 501 ms (bulk exclusion of very fast responses),2000-01-01T10:33:52.776Z
1176,VeryFastResponse,291,358,28094.0,,580 ms,2000-01-01T00:01:49.687Z,False,,
1177,VeryFastResponse,291,358,28096.0,,335 ms,2000-01-01T00:01:51.488Z,True,veloce,2000-01-01T10:13:43.120Z
1178,VeryFastResponse,291,358,28097.0,,146 ms,2000-01-01T00:01:51.889Z,True,veloce,2000-01-01T10:13:27.296Z
1179,VeryFastResponse,291,358,28098.0,,11 ms,2000-01-01T00:01:52.539Z,True,veloce,2000-01-01T10:13:12.941Z
1180,VeryFastResponse,291,358,28110.0,,709 ms,2000-01-01T00:03:22.119Z,False,,
1181,VeryFastResponse,291,358,28117.0,,530 ms,2000-01-01T00:03:35.226Z,False,,
1182,VeryFastResponse,291,358,28118.0,,154 ms,2000-01-01T00:03:35.600Z,True,veloce,2000-01-01T10:12:59.984Z
1183,VeryFastResponse,291,358,28119.0,,93 ms,2000-01-01T00:03:35.916Z,True,veloce,2000-01-01T10:12:46.705Z
1184,VeryFastResponse,291,358,28120.0,,93 ms,2000-01-01T00:03:36.666Z,True,veloce,2000-01-01T10:12:36.017Z
1185,VeryFastResponse,291,358,28121.0,,485 ms,2000-01-01T00:03:37.377Z,True,veloce,2000-01-01T10:12:22.533Z
1186,VeryFastResponse,291,358,28122.0,,552 ms,2000-01-01T00:03:38.277Z,False,,
1187,VeryFastResponse,291,358,28123.0,,555 ms,2000-01-01T00:03:39.095Z,False,,
1188,VeryFastResponse,1,361,28155.0,,739 ms,2000-01-01T00:02:52.165Z,False,,
1189,VeryFastResponse,1,361,28168.0,,689 ms,2000-01-01T00:03:07.534Z,False,,
1190,VeryFastResponse,1,361,28170.0,,26 ms,2000-01-01T00:03:09.144Z,True,veloce,2000-01-01T10:03:14.327Z
1191,VeryFastResponse,247,366,28324.0,,216 ms,2000-01-01T00:01:23.015Z,True,veloce,2000-01-01T09:50:42.016Z
1192,VeryFastResponse,33,365,,2002.0,119 ms,2000-01-01T00:02:43.231Z,True,veloce,2000-01-01T09:51:28.730Z
1193,VeryFastResponse,247,366,28361.0,,730 ms,2000-01-01T00:03:05.280Z,False,,
1194,VeryFastResponse,205,373,28520.0,,198 ms,2000-01-03T19:39:07.063Z,True,veloce,2000-01-04T04:59:01.917Z
1195,VeryFastResponse,205,373,28532.0,,340 ms,2000-01-03T19:39:24.587Z,True,veloce,2000-01-04T05:01:25.063Z
1196,VeryFastResponse,72,389,29001.0,,795 ms,2000-01-04T00:08:58.537Z,False,,
1197,VeryFastResponse,72,389,29028.0,,709 ms,2000-01-04T00:09:41.312Z,False,,
1198,VeryFastResponse,166,397,29248.0,,712 ms,2000-01-01T00:02:06.404Z,False,,
1199,VeryFastResponse,166,397,29261.0,,584 ms,2000-01-01T00:02:30.702Z,False,,
1200,VeryFastResponse,166,397,29265.0,,753 ms,2000-01-01T00:02:36.069Z,False,,
1201,VeryFastResponse,166,397,29266.0,,565 ms,2000-01-01T00:02:36.838Z,False,,
1202,VeryFastResponse,154,401,29393.0,,19 ms,2000-01-01T00:04:09.997Z,True,veloce,2000-01-01T04:20:53.821Z
1203,VeryFastResponse,73,408,29505.0,,765 ms,2000-01-01T00:03:36.116Z,False,,
1204,VeryFastResponse,73,408,29506.0,,766 ms,2000-01-01T00:03:37.153Z,False,,
1205,VeryFastResponse,73,408,29528.0,,672 ms,2000-01-01T00:03:58.473Z,False,,
1206,VeryFastResponse,73,408,29530.0,,770 ms,2000-01-01T00:04:01.193Z,False,,
1207,VeryFastResponse,73,408,29533.0,,157 ms,2000-01-01T00:04:04.767Z,True,veloce,2000-01-01T04:02:24.151Z
1208,VeryFastResponse,73,408,29538.0,,764 ms,2000-01-01T00:04:13.109Z,False,,
1209,VeryFastResponse,73,408,29566.0,,678 ms,2000-01-01T00:04:59.543Z,False,,
1210,VeryFastResponse,73,408,29567.0,,352 ms,2000-01-01T00:05:00.112Z,True,veloce,2000-01-01T04:04:57.210Z
1211,VeryFastResponse,73,408,29568.0,,91 ms,2000-01-01T00:05:00.429Z,True,veloce,2000-01-01T04:01:51.762Z
1212,VeryFastResponse,73,408,29569.0,,543 ms,2000-01-01T00:05:01.243Z,False,,
1213,VeryFastResponse,242,419,29871.0,,105 ms,2000-01-01T00:00:19.527Z,True,veloce,2000-01-01T00:20:58.770Z
1214,VeryFastResponse,74,421,29955.0,,729 ms,2000-01-01T00:02:01.501Z,False,,
1215,VeryFastResponse,74,421,29956.0,,726 ms,2000-01-01T00:02:02.617Z,False,,
1216,VeryFastResponse,242,422,,2849.0,684 ms,2000-01-01T00:03:37.341Z,False,,
1217,VeryFastResponse,74,421,29960.0,,679 ms,2000-01-01T00:02:09.065Z,False,,
1218,VeryFastResponse,242,422,,2852.0,715 ms,2000-01-01T00:03:40.996Z,False,,
1219,VeryFastResponse,242,422,,2856.0,772 ms,2000-01-01T00:03:45.532Z,False,,
1220,VeryFastResponse,242,422,,2857.0,675 ms,2000-01-01T00:03:46.443Z,False,,
1221,VeryFastResponse,242,422,,2858.0,678 ms,2000-01-01T00:03:47.346Z,False,,
1222,VeryFastResponse,242,422,,2859.0,648 ms,2000-01-01T00:03:48.232Z,False,,
1223,VeryFastResponse,242,422,,2860.0,789 ms,2000-01-01T00:03:49.256Z,False,,
1224,VeryFastResponse,74,421,29971.0,,792 ms,2000-01-01T00:02:28.088Z,False,,
1225,VeryFastResponse,74,421,29972.0,,739 ms,2000-01-01T00:02:29.046Z,False,,
1226,VeryFastResponse,282,431,30250.0,,793 ms,2000-01-01T00:00:53.396Z,False,,
1227,VeryFastResponse,282,431,30251.0,,722 ms,2000-01-01T00:00:54.351Z,False,,
1228,VeryFastResponse,282,431,30252.0,,786 ms,2000-01-01T00:00:55.327Z,False,,
1229,VeryFastResponse,282,431,30255.0,,776 ms,2000-01-01T00:00:58.984Z,False,,
1230,VeryFastResponse,282,431,30257.0,,752 ms,2000-01-01T00:01:00.931Z,False,,
1231,VeryFastResponse,282,431,30258.0,,688 ms,2000-01-01T00:01:01.814Z,False,,
1232,VeryFastResponse,282,431,30260.0,,665 ms,2000-01-01T00:01:03.784Z,False,,
1233,VeryFastResponse,282,431,30263.0,,798 ms,2000-01-01T00:01:08.472Z,False,,
1234,VeryFastResponse,282,431,30267.0,,684 ms,2000-01-01T00:01:13.185Z,False,,
1235,VeryFastResponse,282,431,30268.0,,785 ms,2000-01-01T00:01:14.167Z,False,,
1236,VeryFastResponse,282,431,30270.0,,776 ms,2000-01-01T00:01:16.548Z,False,,
1237,VeryFastResponse,282,431,30271.0,,669 ms,2000-01-01T00:01:17.411Z,False,,
1238,VeryFastResponse,282,431,30272.0,,400 ms,2000-01-01T00:01:18.011Z,True,Automatic rule: response time ≤ 501 ms (bulk exclusion of very fast responses),2000-01-01T03:03:59.049Z
1239,VeryFastResponse,282,431,30273.0,,501 ms,2000-01-01T00:01:18.711Z,True,Automatic rule: response time ≤ 501 ms (bulk exclusion of very fast responses),2000-01-01T03:03:59.049Z
1240,VeryFastResponse,282,431,30274.0,,37 ms,2000-01-01T00:01:18.942Z,True,Automatic rule: response time ≤ 501 ms (bulk exclusion of very fast responses),2000-01-01T03:03:59.049Z
1241,VeryFastResponse,282,431,30277.0,,638 ms,2000-01-01T00:01:22.522Z,False,,
1242,VeryFastResponse,282,431,30278.0,,548 ms,2000-01-01T00:01:23.258Z,False,,
1243,VeryFastResponse,282,431,30279.0,,348 ms,2000-01-01T00:01:23.810Z,True,Automatic rule: response time ≤ 501 ms (bulk exclusion of very fast responses),2000-01-01T03:03:59.049Z
1244,VeryFastResponse,282,431,30280.0,,342 ms,2000-01-01T00:01:24.342Z,True,Automatic rule: response time ≤ 501 ms (bulk exclusion of very fast responses),2000-01-01T03:03:59.049Z
1245,VeryFastResponse,282,431,30281.0,,410 ms,2000-01-01T00:01:24.959Z,True,Automatic rule: response time ≤ 501 ms (bulk exclusion of very fast responses),2000-01-01T03:03:59.049Z
1246,VeryFastResponse,282,431,30282.0,,126 ms,2000-01-01T00:01:25.271Z,True,Automatic rule: response time ≤ 501 ms (bulk exclusion of very fast responses),2000-01-01T03:03:59.049Z
1247,VeryFastResponse,282,431,30283.0,,94 ms,2000-01-01T00:01:25.553Z,True,Automatic rule: response time ≤ 501 ms (bulk exclusion of very fast responses),2000-01-01T03:03:59.049Z
1248,VeryFastResponse,282,431,30284.0,,65 ms,2000-01-01T00:01:25.804Z,True,Automatic rule: response time ≤ 501 ms (bulk exclusion of very fast responses),2000-01-01T03:03:59.049Z
1249,VeryFastResponse,282,431,30285.0,,236 ms,2000-01-01T00:01:26.239Z,True,Automatic rule: response time ≤ 501 ms (bulk exclusion of very fast responses),2000-01-01T03:03:59.049Z
1250,VeryFastResponse,282,431,30286.0,,262 ms,2000-01-01T00:01:26.694Z,True,Automatic rule: response time ≤ 501 ms (bulk exclusion of very fast responses),2000-01-01T03:03:59.049Z
1251,VeryFastResponse,282,431,30287.0,,271 ms,2000-01-01T00:01:27.159Z,True,Automatic rule: response time ≤ 501 ms (bulk exclusion of very fast responses),2000-01-01T03:03:59.049Z
1252,VeryFastResponse,282,431,30289.0,,136 ms,2000-01-01T00:01:29.197Z,True,Automatic rule: response time ≤ 501 ms (bulk exclusion of very fast responses),2000-01-01T03:03:59.049Z
1253,VeryFastResponse,282,432,,2981.0,60 ms,2000-01-01T00:01:30.234Z,True,Automatic rule: response time ≤ 501 ms (bulk exclusion of very fast responses),2000-01-01T03:03:59.049Z
1254,VeryFastResponse,276,439,30520.0,,760 ms,2000-01-01T00:04:10.880Z,False,,
1255,VeryFastResponse,156,442,30535.0,,798 ms,2000-01-01T00:02:15.913Z,False,,
1256,VeryFastResponse,156,442,30538.0,,717 ms,2000-01-01T00:02:21.251Z,False,,
1257,VeryFastResponse,156,442,30540.0,,603 ms,2000-01-01T00:02:23.146Z,False,,
1258,VeryFastResponse,156,442,30541.0,,793 ms,2000-01-01T00:02:24.148Z,False,,
1259,VeryFastResponse,156,442,30542.0,,742 ms,2000-01-01T00:02:25.108Z,False,,
1260,VeryFastResponse,156,442,30543.0,,782 ms,2000-01-01T00:02:26.096Z,False,,
1261,VeryFastResponse,156,442,30560.0,,590 ms,2000-01-01T00:03:05.346Z,False,,
1262,VeryFastResponse,156,442,30561.0,,577 ms,2000-01-01T00:03:06.125Z,False,,
1263,VeryFastResponse,156,442,30562.0,,778 ms,2000-01-01T00:03:07.118Z,False,,
1264,VeryFastResponse,156,442,30563.0,,724 ms,2000-01-01T00:03:08.057Z,False,,
1265,VeryFastResponse,156,442,30564.0,,507 ms,2000-01-01T00:03:08.766Z,False,,
1266,VeryFastResponse,156,442,30565.0,,681 ms,2000-01-01T00:03:09.662Z,False,,
1267,VeryFastResponse,156,442,30570.0,,552 ms,2000-01-01T00:03:17.784Z,False,,
1268,VeryFastResponse,156,442,30572.0,,698 ms,2000-01-01T00:03:20.237Z,False,,
1269,VeryFastResponse,156,442,30573.0,,672 ms,2000-01-01T00:03:21.374Z,False,,
1270,VeryFastResponse,156,442,30574.0,,688 ms,2000-01-01T00:03:22.311Z,False,,
1271,VeryFastResponse,156,442,30589.0,,697 ms,2000-01-01T00:04:03.229Z,False,,
1272,VeryFastResponse,158,453,30852.0,,334 ms,2000-01-01T00:05:02.446Z,True,Automatic rule: response time ≤ 501 ms (bulk exclusion of very fast responses),2000-01-01T02:06:58.514Z
1273,VeryFastResponse,10,459,31067.0,,699 ms,2000-01-01T00:06:29.144Z,False,,
1274,VeryFastResponse,35,464,31204.0,,751 ms,2000-01-01T00:01:23.470Z,False,,
1275,VeryFastResponse,62,467,31245.0,,747 ms,2000-01-01T00:03:19.362Z,False,,
1276,VeryFastResponse,62,467,31262.0,,743 ms,2000-01-01T00:03:51.467Z,False,,
1277,VeryFastResponse,62,467,31274.0,,749 ms,2000-01-01T00:04:16.988Z,False,,
1278,VeryFastResponse,62,467,31286.0,,639 ms,2000-01-01T00:04:45.296Z,False,,
1279,VeryFastResponse,216,476,31551.0,,324 ms,2000-01-01T00:00:29.004Z,True,Automatic rule: response time ≤ 501 ms (bulk exclusion of very fast responses),2000-01-01T00:12:42.343Z
1280,VeryFastResponse,311,480,31713.0,,733 ms,2000-01-01T00:01:45.562Z,False,,
1281,VeryFastResponse,311,480,31714.0,,739 ms,2000-01-01T00:01:46.632Z,False,,
1282,VeryFastResponse,311,480,31720.0,,794 ms,2000-01-01T00:01:56.723Z,False,,
1283,VeryFastResponse,311,480,31721.0,,793 ms,2000-01-01T00:01:57.875Z,False,,
1284,VeryFastResponse,311,481,,3733.0,254 ms,2000-01-01T00:03:04.519Z,True,Automatic rule: response time ≤ 501 ms (bulk exclusion of very fast responses),2000-01-01T00:21:14.584Z
1285,VeryFastResponse,311,481,,3748.0,792 ms,2000-01-01T00:03:49.795Z,False,,
1286,VeryFastResponse,311,481,,3749.0,768 ms,2000-01-01T00:03:50.913Z,False,,
1287,VeryFastResponse,264,483,31789.0,,690 ms,2000-01-01T00:04:19.299Z,False,,
1288,IncompleteSession,261,486,,,ended by participant after 26/30 items,2000-01-01T00:02:33.881Z,False,,
1289,VeryFastResponse,90,495,32053.0,,752 ms,2000-01-01T00:01:19.337Z,False,,
1290,VeryFastResponse,184,494,32079.0,,787 ms,2000-01-01T00:06:05.419Z,False,,
1291,VeryFastResponse,231,515,,4269.0,504 ms,2000-01-01T00:01:35.246Z,False,,
1292,VeryFastResponse,231,515,,4270.0,401 ms,2000-01-01T00:01:35.956Z,True,Automatic rule: response time ≤ 501 ms (bulk exclusion of very fast responses),2000-01-01T00:38:59.732Z
1293,VeryFastResponse,231,516,32668.0,,548 ms,2000-01-01T00:02:05.669Z,False,,
1294,VeryFastResponse,231,516,32669.0,,364 ms,2000-01-01T00:02:06.269Z,True,Automatic rule: response time ≤ 501 ms (bulk exclusion of very fast responses),2000-01-01T00:38:59.732Z
1295,VeryFastResponse,231,516,32670.0,,639 ms,2000-01-01T00:02:07.289Z,False,,
1296,VeryFastResponse,231,516,32671.0,,581 ms,2000-01-01T00:02:08.109Z,False,,
1297,VeryFastResponse,231,516,32673.0,,514 ms,2000-01-01T00:02:10.466Z,False,,
1298,VeryFastResponse,231,516,32674.0,,539 ms,2000-01-01T00:02:11.259Z,False,,
1299,VeryFastResponse,231,516,32675.0,,469 ms,2000-01-01T00:02:11.971Z,True,Automatic rule: response time ≤ 501 ms (bulk exclusion of very fast responses),2000-01-01T00:38:59.732Z
1300,VeryFastResponse,231,516,32676.0,,557 ms,2000-01-01T00:02:12.762Z,False,,
1301,VeryFastResponse,231,516,32677.0,,476 ms,2000-01-01T00:02:13.466Z,True,Automatic rule: response time ≤ 501 ms (bulk exclusion of very fast responses),2000-01-01T00:38:59.732Z
1302,VeryFastResponse,231,516,32678.0,,507 ms,2000-01-01T00:02:14.212Z,False,,
1303,VeryFastResponse,231,516,32679.0,,524 ms,2000-01-01T00:02:15.033Z,False,,
1304,VeryFastResponse,231,516,32680.0,,407 ms,2000-01-01T00:02:15.690Z,True,Automatic rule: response time ≤ 501 ms (bulk exclusion of very fast responses),2000-01-01T00:38:59.732Z
1305,VeryFastResponse,231,516,32681.0,,453 ms,2000-01-01T00:02:16.388Z,True,Automatic rule: response time ≤ 501 ms (bulk exclusion of very fast responses),2000-01-01T00:38:59.732Z
1306,VeryFastResponse,231,516,32682.0,,477 ms,2000-01-01T00:02:17.142Z,True,Automatic rule: response time ≤ 501 ms (bulk exclusion of very fast responses),2000-01-01T00:38:59.732Z
1307,VeryFastResponse,231,516,32683.0,,411 ms,2000-01-01T00:02:17.786Z,True,Automatic rule: response time ≤ 501 ms (bulk exclusion of very fast responses),2000-01-01T00:38:59.732Z
1308,VeryFastResponse,231,516,32684.0,,463 ms,2000-01-01T00:02:18.487Z,True,Automatic rule: response time ≤ 501 ms (bulk exclusion of very fast responses),2000-01-01T00:38:59.732Z
1309,VeryFastResponse,231,516,32685.0,,345 ms,2000-01-01T00:02:19.071Z,True,Automatic rule: response time ≤ 501 ms (bulk exclusion of very fast responses),2000-01-01T00:38:59.732Z
1310,VeryFastResponse,231,516,32686.0,,541 ms,2000-01-01T00:02:19.862Z,False,,
1311,VeryFastResponse,231,516,32687.0,,560 ms,2000-01-01T00:02:20.656Z,False,,
1312,VeryFastResponse,231,516,32688.0,,561 ms,2000-01-01T00:02:21.464Z,False,,
1313,VeryFastResponse,231,516,32689.0,,419 ms,2000-01-01T00:02:22.122Z,True,Automatic rule: response time ≤ 501 ms (bulk exclusion of very fast responses),2000-01-01T00:38:59.732Z
1314,VeryFastResponse,231,516,32692.0,,480 ms,2000-01-01T00:02:25.458Z,True,Automatic rule: response time ≤ 501 ms (bulk exclusion of very fast responses),2000-01-01T00:38:59.732Z
1315,VeryFastResponse,231,516,32693.0,,497 ms,2000-01-01T00:02:26.187Z,True,Automatic rule: response time ≤ 501 ms (bulk exclusion of very fast responses),2000-01-01T00:38:59.732Z
1316,VeryFastResponse,231,516,32694.0,,429 ms,2000-01-01T00:02:26.854Z,True,Automatic rule: response time ≤ 501 ms (bulk exclusion of very fast responses),2000-01-01T00:38:59.732Z
1317,VeryFastResponse,231,516,32695.0,,524 ms,2000-01-01T00:02:27.629Z,False,,
1318,VeryFastResponse,231,516,32696.0,,360 ms,2000-01-01T00:02:28.222Z,True,Automatic rule: response time ≤ 501 ms (bulk exclusion of very fast responses),2000-01-01T00:38:59.732Z
1319,VeryFastResponse,231,516,32697.0,,452 ms,2000-01-01T00:02:28.911Z,True,Automatic rule: response time ≤ 501 ms (bulk exclusion of very fast responses),2000-01-01T00:38:59.732Z
1320,VeryFastResponse,231,516,32698.0,,444 ms,2000-01-01T00:02:29.595Z,True,Automatic rule: response time ≤ 501 ms (bulk exclusion of very fast responses),2000-01-01T00:38:59.732Z
1321,VeryFastResponse,231,516,32699.0,,496 ms,2000-01-01T00:02:30.343Z,True,Automatic rule: response time ≤ 501 ms (bulk exclusion of very fast responses),2000-01-01T00:38:59.732Z
1322,VeryFastResponse,231,516,32700.0,,403 ms,2000-01-01T00:02:30.982Z,True,Automatic rule: response time ≤ 501 ms (bulk exclusion of very fast responses),2000-01-01T00:38:59.732Z
1323,VeryFastResponse,231,516,32701.0,,429 ms,2000-01-01T00:02:31.657Z,True,Automatic rule: response time ≤ 501 ms (bulk exclusion of very fast responses),2000-01-01T00:38:59.732Z
1324,VeryFastResponse,231,516,32702.0,,353 ms,2000-01-01T00:02:32.257Z,True,Automatic rule: response time ≤ 501 ms (bulk exclusion of very fast responses),2000-01-01T00:38:59.732Z
1325,VeryFastResponse,231,516,32703.0,,472 ms,2000-01-01T00:02:32.975Z,True,Automatic rule: response time ≤ 501 ms (bulk exclusion of very fast responses),2000-01-01T00:38:59.732Z
1326,VeryFastResponse,231,516,32704.0,,407 ms,2000-01-01T00:02:33.632Z,True,Automatic rule: response time ≤ 501 ms (bulk exclusion of very fast responses),2000-01-01T00:38:59.732Z
1327,VeryFastResponse,231,516,32705.0,,693 ms,2000-01-01T00:02:34.583Z,False,,
1328,VeryFastResponse,231,516,32706.0,,473 ms,2000-01-01T00:02:35.302Z,True,Automatic rule: response time ≤ 501 ms (bulk exclusion of very fast responses),2000-01-01T00:38:59.732Z
1329,VeryFastResponse,231,516,32707.0,,566 ms,2000-01-01T00:02:36.107Z,False,,
1330,VeryFastResponse,231,516,32708.0,,395 ms,2000-01-01T00:02:36.901Z,True,Automatic rule: response time ≤ 501 ms (bulk exclusion of very fast responses),2000-01-01T00:38:59.732Z
1331,VeryFastResponse,231,516,32709.0,,513 ms,2000-01-01T00:02:37.658Z,False,,
1332,VeryFastResponse,231,516,32710.0,,446 ms,2000-01-01T00:02:38.346Z,True,Automatic rule: response time ≤ 501 ms (bulk exclusion of very fast responses),2000-01-01T00:38:59.732Z
1333,VeryFastResponse,231,516,32711.0,,526 ms,2000-01-01T00:02:39.106Z,False,,
1334,VeryFastResponse,231,516,32712.0,,586 ms,2000-01-01T00:02:39.943Z,False,,
1335,VeryFastResponse,231,516,32713.0,,518 ms,2000-01-01T00:02:40.713Z,False,,
1336,VeryFastResponse,231,516,32714.0,,645 ms,2000-01-01T00:02:41.592Z,False,,
1337,VeryFastResponse,14,517,32783.0,,745 ms,2000-01-01T00:02:18.279Z,False,,
1338,VeryFastResponse,14,517,32794.0,,726 ms,2000-01-01T00:02:26.913Z,False,,
1339,VeryFastResponse,43,519,32805.0,,791 ms,2000-01-01T00:01:06.731Z,False,,
1340,VeryFastResponse,43,519,32806.0,,745 ms,2000-01-01T00:01:07.725Z,False,,
1341,VeryFastResponse,43,519,32813.0,,765 ms,2000-01-01T00:01:18.442Z,False,,
1342,VeryFastResponse,180,518,,4288.0,791 ms,2000-01-01T00:02:21.968Z,False,,
1343,VeryFastResponse,180,521,32840.0,,790 ms,2000-01-01T00:03:55.051Z,False,,
1344,VeryFastResponse,180,521,32848.0,,683 ms,2000-01-01T00:04:10.029Z,False,,
1345,VeryFastResponse,180,521,32850.0,,760 ms,2000-01-01T00:04:13.084Z,False,,
1346,VeryFastResponse,180,521,32858.0,,788 ms,2000-01-01T00:04:29.639Z,False,,
1347,VeryFastResponse,180,521,32859.0,,734 ms,2000-01-01T00:04:30.623Z,False,,
1348,VeryFastResponse,180,521,32862.0,,658 ms,2000-01-01T00:04:33.874Z,False,,
1349,VeryFastResponse,180,521,32876.0,,638 ms,2000-01-01T00:04:59.238Z,False,,
1350,VeryFastResponse,180,521,32877.0,,639 ms,2000-01-01T00:05:00.109Z,False,,
1351,VeryFastResponse,180,521,32879.0,,648 ms,2000-01-01T00:05:03.767Z,False,,
1352,VeryFastResponse,182,526,32996.0,,22 ms,2000-01-01T00:01:16.686Z,True,Automatic rule: response time ≤ 501 ms (bulk exclusion of very fast responses),2000-01-01T00:20:51.753Z
1353,VeryFastResponse,2,527,33071.0,,225 ms,2000-01-01T00:03:46.314Z,True,Automatic rule: response time ≤ 501 ms (bulk exclusion of very fast responses),2000-01-01T00:21:51.503Z
1354,VeryFastResponse,182,526,33096.0,,337 ms,2000-01-01T00:03:16.938Z,True,Automatic rule: response time ≤ 501 ms (bulk exclusion of very fast responses),2000-01-01T00:20:51.753Z
1355,VeryFastResponse,2,527,33102.0,,277 ms,2000-01-01T00:04:24.253Z,True,Automatic rule: response time ≤ 501 ms (bulk exclusion of very fast responses),2000-01-01T00:21:51.503Z
1356,IncompleteSession,182,526,,,ended by participant after 52/60 items,2000-01-01T00:03:26.707Z,False,,
1357,VeryFastResponse,29,539,33459.0,,736 ms,2000-01-01T00:02:20.990Z,False,,
1358,VeryFastResponse,29,539,33460.0,,772 ms,2000-01-01T00:02:22.048Z,False,,
1359,VeryFastResponse,29,539,33462.0,,689 ms,2000-01-01T00:02:24.494Z,False,,
1360,VeryFastResponse,29,539,33463.0,,787 ms,2000-01-01T00:02:25.529Z,False,,
1361,VeryFastResponse,29,539,33469.0,,452 ms,2000-01-01T00:02:42.714Z,True,Automatic rule: response time ≤ 501 ms (bulk exclusion of very fast responses),2000-01-01T00:03:38.816Z
1362,VeryFastResponse,28,550,33752.0,,735 ms,2000-01-01T00:00:25.693Z,False,,
1363,VeryFastResponse,28,550,33753.0,,735 ms,2000-01-01T00:00:26.689Z,False,,
1364,VeryFastResponse,28,550,33763.0,,643 ms,2000-01-01T00:00:44.642Z,False,,
1365,VeryFastResponse,28,550,33764.0,,790 ms,2000-01-01T00:00:45.657Z,False,,
1366,VeryFastResponse,28,550,33765.0,,771 ms,2000-01-01T00:00:46.658Z,False,,
1367,VeryFastResponse,28,550,33776.0,,738 ms,2000-01-01T00:01:05.415Z,False,,
1368,VeryFastResponse,28,550,33778.0,,773 ms,2000-01-01T00:01:11.440Z,False,,
1369,VeryFastResponse,28,550,33781.0,,710 ms,2000-01-01T00:01:26.242Z,False,,
1370,VeryFastResponse,28,550,33782.0,,630 ms,2000-01-01T00:01:27.089Z,False,,
1371,VeryFastResponse,28,550,33784.0,,789 ms,2000-01-01T00:01:30.105Z,False,,
1372,VeryFastResponse,28,550,33785.0,,799 ms,2000-01-01T00:01:31.121Z,False,,
1373,VeryFastResponse,28,550,33786.0,,796 ms,2000-01-01T00:01:32.140Z,False,,
1374,VeryFastResponse,28,550,33787.0,,771 ms,2000-01-01T00:01:33.133Z,False,,
1375,VeryFastResponse,28,550,33790.0,,338 ms,2000-01-01T00:01:36.047Z,True,Automatic rule: response time ≤ 501 ms (bulk exclusion of very fast responses),2000-01-01T00:34:27.257Z
1376,VeryFastResponse,28,550,33791.0,,731 ms,2000-01-01T00:01:36.996Z,False,,
1377,VeryFastResponse,28,550,33793.0,,318 ms,2000-01-01T00:01:39.908Z,True,Automatic rule: response time ≤ 501 ms (bulk exclusion of very fast responses),2000-01-01T00:34:27.257Z
1378,VeryFastResponse,28,550,33794.0,,515 ms,2000-01-01T00:01:40.644Z,False,,
1379,VeryFastResponse,28,550,33795.0,,677 ms,2000-01-01T00:01:41.544Z,False,,
1380,VeryFastResponse,28,550,33796.0,,607 ms,2000-01-01T00:01:42.372Z,False,,
1381,VeryFastResponse,28,550,33797.0,,544 ms,2000-01-01T00:01:43.143Z,False,,
1382,VeryFastResponse,28,550,33798.0,,472 ms,2000-01-01T00:01:43.837Z,True,Automatic rule: response time ≤ 501 ms (bulk exclusion of very fast responses),2000-01-01T00:34:27.257Z
1383,VeryFastResponse,28,550,33800.0,,580 ms,2000-01-01T00:01:46.587Z,False,,
1384,VeryFastResponse,28,551,,4737.0,689 ms,2000-01-01T00:03:20.526Z,False,,
1385,VeryFastResponse,28,551,,4738.0,785 ms,2000-01-01T00:03:21.546Z,False,,
1386,VeryFastResponse,170,553,,4767.0,685 ms,2000-01-01T00:04:03.606Z,False,,
1387,VeryFastResponse,170,553,,4770.0,749 ms,2000-01-01T00:04:06.861Z,False,,
1388,VeryFastResponse,170,553,,4773.0,761 ms,2000-01-01T00:04:10.032Z,False,,
1389,VeryFastResponse,170,553,,4774.0,632 ms,2000-01-01T00:04:10.911Z,False,,
1390,VeryFastResponse,170,553,,4775.0,703 ms,2000-01-01T00:04:11.872Z,False,,
1391,VeryFastResponse,222,566,34147.0,,698 ms,2000-01-01T00:00:36.741Z,False,,
1392,VeryFastResponse,222,566,34156.0,,777 ms,2000-01-01T00:00:42.850Z,False,,
1393,VeryFastResponse,173,565,34160.0,,753 ms,2000-01-01T00:03:14.058Z,False,,
1394,VeryFastResponse,173,565,34166.0,,730 ms,2000-01-01T00:03:17.910Z,False,,
1395,VeryFastResponse,173,565,34168.0,,721 ms,2000-01-01T00:03:18.954Z,False,,
1396,VeryFastResponse,222,566,34174.0,,727 ms,2000-01-01T00:00:55.232Z,False,,
1397,VeryFastResponse,222,566,34182.0,,85 ms,2000-01-01T00:01:00.619Z,True,Automatic rule: response time ≤ 501 ms (bulk exclusion of very fast responses),2000-01-01T00:07:31.367Z
1398,VeryFastResponse,173,565,34192.0,,707 ms,2000-01-01T00:03:36.525Z,False,,
1399,VeryFastResponse,173,565,34194.0,,759 ms,2000-01-01T00:03:37.552Z,False,,
1400,VeryFastResponse,173,565,34203.0,,791 ms,2000-01-01T00:03:44.090Z,False,,
1401,VeryFastResponse,173,565,34217.0,,779 ms,2000-01-01T00:03:51.203Z,False,,
1402,VeryFastResponse,222,566,34218.0,,651 ms,2000-01-01T00:01:22.826Z,False,,
1403,VeryFastResponse,222,566,34219.0,,51 ms,2000-01-01T00:01:23.112Z,True,Automatic rule: response time ≤ 501 ms (bulk exclusion of very fast responses),2000-01-01T00:07:31.367Z
1404,VeryFastResponse,173,565,34220.0,,534 ms,2000-01-01T00:03:51.977Z,False,,
1405,VeryFastResponse,222,566,34221.0,,382 ms,2000-01-01T00:01:23.710Z,True,Automatic rule: response time ≤ 501 ms (bulk exclusion of very fast responses),2000-01-01T00:07:31.367Z
1406,VeryFastResponse,222,566,34222.0,,167 ms,2000-01-01T00:01:24.110Z,True,Automatic rule: response time ≤ 501 ms (bulk exclusion of very fast responses),2000-01-01T00:07:31.367Z
1407,VeryFastResponse,222,566,34223.0,,12 ms,2000-01-01T00:01:24.345Z,True,Automatic rule: response time ≤ 501 ms (bulk exclusion of very fast responses),2000-01-01T00:07:31.367Z
1408,VeryFastResponse,222,566,34225.0,,185 ms,2000-01-01T00:01:24.791Z,True,Automatic rule: response time ≤ 501 ms (bulk exclusion of very fast responses),2000-01-01T00:07:31.367Z
1409,VeryFastResponse,222,566,34227.0,,188 ms,2000-01-01T00:01:25.436Z,True,Automatic rule: response time ≤ 501 ms (bulk exclusion of very fast responses),2000-01-01T00:07:31.367Z
1410,VeryFastResponse,222,566,34229.0,,721 ms,2000-01-01T00:01:26.373Z,False,,
1411,VeryFastResponse,222,566,34230.0,,183 ms,2000-01-01T00:01:26.773Z,True,Automatic rule: response time ≤ 501 ms (bulk exclusion of very fast responses),2000-01-01T00:07:31.367Z
1412,VeryFastResponse,173,565,34234.0,,749 ms,2000-01-01T00:03:57.602Z,False,,
1413,VeryFastResponse,173,565,34236.0,,735 ms,2000-01-01T00:03:58.569Z,False,,
1414,VeryFastResponse,159,567,34255.0,,244 ms,2000-01-01T00:02:27.202Z,True,Automatic rule: response time ≤ 501 ms (bulk exclusion of very fast responses),2000-01-01T00:08:04.252Z
1415,VeryFastResponse,222,568,,4974.0,13 ms,2000-01-01T00:02:10.207Z,True,Automatic rule: response time ≤ 501 ms (bulk exclusion of very fast responses),2000-01-01T00:07:31.367Z
1416,VeryFastResponse,222,568,,4975.0,17 ms,2000-01-01T00:02:10.545Z,True,Automatic rule: response time ≤ 501 ms (bulk exclusion of very fast responses),2000-01-01T00:07:31.367Z
1417,VeryFastResponse,222,568,,4976.0,67 ms,2000-01-01T00:02:11.427Z,True,Automatic rule: response time ≤ 501 ms (bulk exclusion of very fast responses),2000-01-01T00:07:31.367Z
1418,VeryFastResponse,222,568,,4977.0,46 ms,2000-01-01T00:02:13.564Z,True,Automatic rule: response time ≤ 501 ms (bulk exclusion of very fast responses),2000-01-01T00:07:31.367Z
1419,VeryFastResponse,222,568,,4978.0,640 ms,2000-01-01T00:02:14.996Z,False,,
1420,VeryFastResponse,222,568,,4979.0,103 ms,2000-01-01T00:02:15.325Z,True,Automatic rule: response time ≤ 501 ms (bulk exclusion of very fast responses),2000-01-01T00:07:31.367Z
1421,VeryFastResponse,222,568,,4981.0,799 ms,2000-01-01T00:02:30.700Z,False,,
1422,VeryFastResponse,222,568,,4985.0,455 ms,2000-01-01T00:02:47.757Z,True,Automatic rule: response time ≤ 501 ms (bulk exclusion of very fast responses),2000-01-01T00:07:31.367Z
1423,VeryFastResponse,222,568,,4986.0,352 ms,2000-01-01T00:02:48.349Z,True,Automatic rule: response time ≤ 501 ms (bulk exclusion of very fast responses),2000-01-01T00:07:31.367Z
1424,VeryFastResponse,222,568,,4987.0,358 ms,2000-01-01T00:02:48.953Z,True,Automatic rule: response time ≤ 501 ms (bulk exclusion of very fast responses),2000-01-01T00:07:31.367Z
1425,VeryFastResponse,222,568,,4988.0,245 ms,2000-01-01T00:02:49.430Z,True,Automatic rule: response time ≤ 501 ms (bulk exclusion of very fast responses),2000-01-01T00:07:31.367Z
1426,VeryFastResponse,222,568,,4989.0,348 ms,2000-01-01T00:02:50.047Z,True,Automatic rule: response time ≤ 501 ms (bulk exclusion of very fast responses),2000-01-01T00:07:31.367Z
1427,VeryFastResponse,222,568,,4990.0,279 ms,2000-01-01T00:02:50.565Z,True,Automatic rule: response time ≤ 501 ms (bulk exclusion of very fast responses),2000-01-01T00:07:31.367Z
1428,VeryFastResponse,228,571,34361.0,,725 ms,2000-01-01T00:01:33.545Z,False,,
1429,VeryFastResponse,228,571,34362.0,,784 ms,2000-01-01T00:01:34.586Z,False,,
1430,VeryFastResponse,228,571,34366.0,,695 ms,2000-01-01T00:01:39.385Z,False,,
1431,VeryFastResponse,228,571,34367.0,,676 ms,2000-01-01T00:01:40.306Z,False,,
1432,VeryFastResponse,228,571,34368.0,,591 ms,2000-01-01T00:01:41.149Z,False,,
1433,VeryFastResponse,228,571,34369.0,,553 ms,2000-01-01T00:01:41.937Z,False,,
1434,VeryFastResponse,228,571,34370.0,,538 ms,2000-01-01T00:01:42.752Z,False,,
1435,VeryFastResponse,228,571,34375.0,,777 ms,2000-01-01T00:01:48.632Z,False,,
1436,VeryFastResponse,228,571,34376.0,,773 ms,2000-01-01T00:01:49.655Z,False,,
1437,VeryFastResponse,228,571,34379.0,,782 ms,2000-01-01T00:01:52.987Z,False,,
1438,VeryFastResponse,228,571,34382.0,,643 ms,2000-01-01T00:01:57.705Z,False,,
1439,VeryFastResponse,228,571,34384.0,,648 ms,2000-01-01T00:01:59.738Z,False,,
1440,VeryFastResponse,228,571,34386.0,,749 ms,2000-01-01T00:02:01.926Z,False,,
1441,VeryFastResponse,228,571,34387.0,,709 ms,2000-01-01T00:02:03.149Z,False,,
1442,VeryFastResponse,228,571,34388.0,,721 ms,2000-01-01T00:02:04.096Z,False,,
1443,VeryFastResponse,228,571,34389.0,,583 ms,2000-01-01T00:02:04.929Z,False,,
1444,VeryFastResponse,228,571,34390.0,,713 ms,2000-01-01T00:02:05.896Z,False,,
1445,VeryFastResponse,228,571,34395.0,,728 ms,2000-01-01T00:02:13.106Z,False,,
1446,VeryFastResponse,228,571,34398.0,,775 ms,2000-01-01T00:02:16.816Z,False,,
1447,VeryFastResponse,228,571,34399.0,,660 ms,2000-01-01T00:02:17.913Z,False,,
1448,VeryFastResponse,267,576,34503.0,,759 ms,2000-01-01T00:03:29.914Z,False,,
1449,VeryFastResponse,267,576,34506.0,,631 ms,2000-01-01T00:03:33.519Z,False,,
1450,VeryFastResponse,267,576,34507.0,,602 ms,2000-01-01T00:03:34.343Z,False,,
1451,VeryFastResponse,267,576,34508.0,,696 ms,2000-01-01T00:03:35.267Z,False,,
1452,VeryFastResponse,39,577,34574.0,,210 ms,2000-01-01T00:03:48.630Z,True,Automatic rule: response time ≤ 501 ms (bulk exclusion of very fast responses),2000-01-01T00:43:32.678Z
1453,IncompleteSession,32,288,,,0/60 items answered at closing,2000-01-06T06:27:05.985Z,False,,
1454,IncompleteSession,16,287,,,0/60 items answered at closing,2000-01-06T06:04:40.921Z,False,,
1455,IncompleteSession,153,394,,,0/60 items answered at closing,2000-01-06T06:02:58.247Z,False,,
1456,IncompleteSession,49,301,,,1/60 items answered at closing,2000-01-06T05:38:22.174Z,False,,
1457,IncompleteSession,160,343,,,0/30 items answered at closing,2000-01-05T21:11:28.488Z,False,,
1458,IncompleteSession,204,451,,,24/30 items answered at closing,2000-01-05T15:12:27.211Z,False,,
1459,IncompleteSession,183,323,,,0/30 items answered at closing,2000-01-03T18:19:54.139Z,False,,
1460,IncompleteSession,192,306,,,1/30 items answered at closing,2000-01-03T17:49:43.355Z,False,,
1461,IncompleteSession,174,491,,,5/60 items answered at closing,2000-01-01T21:05:17.192Z,False,,
1462,IncompleteSession,147,514,,,21/60 items answered at closing,2000-01-01T16:28:38.620Z,False,,
1463,IncompleteSession,43,519,,,44/60 items answered at closing,2000-01-01T16:22:57.119Z,False,,
1464,IncompleteSession,9,537,,,4/30 items answered at closing,2000-01-01T16:07:05.099Z,False,,
1465,IncompleteSession,40,543,,,36/60 items answered at closing,2000-01-01T15:44:23.046Z,False,,
1466,IncompleteSession,7,547,,,53/60 items answered at closing,2000-01-01T15:24:52.856Z,False,,
1467,IncompleteSession,271,570,,,22/30 items answered at closing,2000-01-01T04:47:17.409Z,False,,
