image_asset_id,image_code,file_name,original_file_name,relative_path,width,height,file_size,sha256,is_active,exclusion_reason,imported_at,corpus_batch
31,ARCH_0001,ARCH_0001.jpg,ARCH_0001.jpg,experiments/ARCH300/source/ARCH_0001.jpg,1920,1410,538592,360cd487961c00ab23089649da538ad43f47383fb7dec952a920c5b762dd882a,true,,2026-09-25T13:30:05.705Z,1
32,ARCH_0002,ARCH_0002.jpg,ARCH_0002.jpg,experiments/ARCH300/source/ARCH_0002.jpg,11478,8609,16583616,2e9ddbc2b88efdd59702aa17ef71422ee837997cd790cc116e409b555ef7d6b2,true,,2026-09-25T13:30:05.931Z,1
33,ARCH_0003,ARCH_0003.jpg,ARCH_0003.jpg,experiments/ARCH300/source/ARCH_0003.jpg,6202,3876,12337078,344bf5f8f4684be220a74c0d83efdeb7d1f154901888e8667aeea03eecb787a5,true,,2026-09-25T13:30:06.061Z,1
34,ARCH_0004,ARCH_0004.jpg,ARCH_0004.jpg,experiments/ARCH300/source/ARCH_0004.jpg,6016,4000,14027832,f16a3d44534b232edf67c5070f95e769420eea724c6b4eac1cd165baaefd3595,true,,2026-09-25T13:30:06.213Z,1
35,ARCH_0005,ARCH_0005.jpg,ARCH_0005.jpg,experiments/ARCH300/source/ARCH_0005.jpg,3573,2680,5813376,c092b4be1e49f500bd82e88ab19ab47f251c1a3729c99bc945177450bdee5055,true,,2026-09-25T13:30:06.294Z,1
36,ARCH_0006,ARCH_0006.jpg,ARCH_0006.jpg,experiments/ARCH300/source/ARCH_0006.jpg,4543,3033,8607383,dc39b6006697ea000702d7a1e7c174a3abb775ffa5763c328febc444fcc4693a,true,,2026-09-25T13:30:06.399Z,1
37,ARCH_0007,ARCH_0007.jpg,ARCH_0007.jpg,experiments/ARCH300/source/ARCH_0007.jpg,5104,3040,3399421,bcb7733d280c574c0fa059d6984200b779b1c2569fbc7ec201d47cb83c504250,true,,2026-09-25T13:30:06.447Z,1
38,ARCH_0008,ARCH_0008.jpg,ARCH_0008.jpg,experiments/ARCH300/source/ARCH_0008.jpg,3620,5431,16395292,23c4ba578cec90c3373b5c98c7fee660db90c09faee58e4d1b1ebe50ad55d597,true,,2026-09-25T13:30:06.623Z,1
39,ARCH_0009,ARCH_0009.jpg,ARCH_0009.jpg,experiments/ARCH300/source/ARCH_0009.jpg,6600,4400,5878668,a5b42256bf3c34e18e547b6f59104a697a377360c8348f446520526fc0df3d67,true,,2026-09-25T13:30:06.816Z,1
40,ARCH_0010,ARCH_0010.jpg,ARCH_0010.jpg,experiments/ARCH300/source/ARCH_0010.jpg,5187,3458,4018239,3108e4004ffe76458858d54fc8b03e295c1d6019ec237b1196d7d4f6f5bd5bab,true,,2026-09-25T13:30:06.869Z,1
41,ARCH_0011,ARCH_0011.jpg,ARCH_0011.jpg,experiments/ARCH300/source/ARCH_0011.jpg,4000,3000,3592745,70c1a8458a3a64918da6f0f5800eded553b56e4fcd784540aae6a990aaabc3d5,true,,2026-09-25T13:30:06.926Z,1
42,ARCH_0012,ARCH_0012.jpg,ARCH_0012.jpg,experiments/ARCH300/source/ARCH_0012.jpg,6016,4000,11388794,10f78e3210a37b4d97a946925c2e399b9f5ef2bee417b32c68a2ffd0f9e6fe6a,true,,2026-09-25T13:30:07.051Z,1
43,ARCH_0013,ARCH_0013.jpg,ARCH_0013.jpg,experiments/ARCH300/source/ARCH_0013.jpg,5184,3888,5416177,01815adbaf0945a443983ab11a41d8d995712daa0a760ec238a7f15bcac187a9,true,,2026-09-25T13:30:07.118Z,1
44,ARCH_0014,ARCH_0014.jpg,ARCH_0014.jpg,experiments/ARCH300/source/ARCH_0014.jpg,5466,3658,2127530,6df6458a6b8286e9b248f223dc0dcafc5362be6d7a9bdb7f8b9379ad8f607455,true,,2026-09-25T13:30:07.149Z,1
45,ARCH_0015,ARCH_0015.jpg,ARCH_0015.jpg,experiments/ARCH300/source/ARCH_0015.jpg,4160,3120,5978699,af7d5ce304eb1e47f7bcbeaa8fef2192aff459c3c4b8ec38955bd657f72bba40,true,,2026-09-25T13:30:07.209Z,1
46,ARCH_0016,ARCH_0016.jpg,ARCH_0016.jpg,experiments/ARCH300/source/ARCH_0016.jpg,2896,1944,2355651,5c999fd67b5256fae0a154630b8843c8654fc8f6b3fd02977a4cc90dc3b034d0,true,,2026-09-25T13:30:07.324Z,1
47,ARCH_0017,ARCH_0017.jpg,ARCH_0017.jpg,experiments/ARCH300/source/ARCH_0017.jpg,4032,3024,4277781,f0a9916ed0f240e143ca654a8e25a0238cf5d22be7aaab875ccd0273ca1fa1ea,true,,2026-09-25T13:30:07.377Z,1
48,ARCH_0018,ARCH_0018.jpg,ARCH_0018.jpg,experiments/ARCH300/source/ARCH_0018.jpg,3456,2304,5458130,140fd6968e05b38c250f0635b7082818877d4d2cb6d457cad882d35d57370f82,true,,2026-09-25T13:30:07.450Z,1
49,ARCH_0019,ARCH_0019.jpg,ARCH_0019.jpg,experiments/ARCH300/source/ARCH_0019.jpg,6000,4000,19716060,651af48edf5267d4117dbd669931db6e3fb3728b21065be21dba2721db0e4ae1,true,,2026-09-25T13:30:07.648Z,1
50,ARCH_0020,ARCH_0020.jpg,ARCH_0020.jpg,experiments/ARCH300/source/ARCH_0020.jpg,5050,3367,2497933,b5e598be268be30064723c28bfa8dae61a3825eee703cc016753564e6e9fda19,true,,2026-09-25T13:30:07.681Z,1
51,ARCH_0021,ARCH_0021.jpg,ARCH_0021.jpg,experiments/ARCH300/source/ARCH_0021.jpg,5252,3500,3788223,0a607e7d46b5a3be66e6631315d5a7b035b0ec992f30f0443a444cbe6bf3c65f,true,,2026-09-25T13:30:07.725Z,1
52,ARCH_0022,ARCH_0022.jpg,ARCH_0022.jpg,experiments/ARCH300/source/ARCH_0022.jpg,5079,3386,4228991,e1291d92c1cc9c918d883f2e20638eed56994ce08c553c79b11e80db596a3e8e,true,,2026-09-25T13:30:07.774Z,1
53,ARCH_0023,ARCH_0023.jpg,ARCH_0023.jpg,experiments/ARCH300/source/ARCH_0023.jpg,4697,3360,3524400,dadb98e63335b991e2a653ff0677e110042f14d29b3d3e6c0d297f6673e61f5c,true,,2026-09-25T13:30:07.878Z,1
54,ARCH_0024,ARCH_0024.jpg,ARCH_0024.jpg,experiments/ARCH300/source/ARCH_0024.jpg,3888,5184,3453388,88a79d9c5388b9db0c1be2fae9e889a4b920b9bd808720cd55b9a1803cea775e,true,,2026-09-25T13:30:07.919Z,1
55,ARCH_0025,ARCH_0025.jpg,ARCH_0025.jpg,experiments/ARCH300/source/ARCH_0025.jpg,4896,3264,9709923,121b063166ef28092ca46fd62cda0d29ee804cf47759018da1e7ddf1151fe97f,true,,2026-09-25T13:30:08.051Z,1
56,ARCH_0026,ARCH_0026.jpg,ARCH_0026.jpg,experiments/ARCH300/source/ARCH_0026.jpg,4608,3456,10366075,a9b5c62a8198eb62982902b95456b37a303a394f6e47063a3f497e45ee7b999b,true,,2026-09-25T13:30:08.189Z,1
57,ARCH_0027,ARCH_0027.jpg,ARCH_0027.jpg,experiments/ARCH300/source/ARCH_0027.jpg,8218,7200,22918501,a2fab752dfd7b5090aee7867e0e2fd41fa2dfd01809eca74288f848695c64ec7,true,,2026-09-25T13:30:08.451Z,1
58,ARCH_0028,ARCH_0028.jpg,ARCH_0028.jpg,experiments/ARCH300/source/ARCH_0028.jpg,5394,3500,5604527,af797f8199b5495f713c44334b3c721684f9e56a96642a292b1ebce33376582f,true,,2026-09-25T13:30:08.769Z,1
59,ARCH_0029,ARCH_0029.jpg,ARCH_0029.jpg,experiments/ARCH300/source/ARCH_0029.jpg,5990,3232,8348383,820e82564b5eaf2dd35b29fce4696d6ca32a10f3b52b3e395286f87de9717c25,true,,2026-09-25T13:30:08.864Z,1
60,ARCH_0030,ARCH_0030.jpg,ARCH_0030.jpg,experiments/ARCH300/source/ARCH_0030.jpg,3777,2119,4542185,5895c3b46e0054ff9b6f36171febb86965e6e10f6225720d0f879253dca0801e,true,,2026-09-25T13:30:09.048Z,1
61,ARCH_0031,ARCH_0031.jpg,ARCH_0031.jpg,experiments/ARCH300/source/ARCH_0031.jpg,5944,4300,12526430,623723723a79aa0260ba58cd86cbba90b007857a43fcff0f9eafbd4cd2e26729,true,,2026-09-25T13:30:09.181Z,1
62,ARCH_0032,ARCH_0032.jpg,ARCH_0032.jpg,experiments/ARCH300/source/ARCH_0032.jpg,7360,4912,19850716,f9e9f6145b76727fa32317ebca01d5c53e906147cedba77f931049d1667f7368,true,,2026-09-25T13:30:09.397Z,1
63,ARCH_0033,ARCH_0033.jpg,ARCH_0033.jpg,experiments/ARCH300/source/ARCH_0033.jpg,4443,3245,8271470,762091699d13b0b97964596cb6bbff1021490b981a144901c347930eda5f7c76,true,,2026-09-25T13:30:09.480Z,1
64,ARCH_0034,ARCH_0034.jpg,ARCH_0034.jpg,experiments/ARCH300/source/ARCH_0034.jpg,8384,5612,25604283,e83a209112ee04f15a53e91ce4267b41a730ff637e10d5b4e8621b26793cde71,true,,2026-09-25T13:30:09.745Z,1
65,ARCH_0035,ARCH_0035.jpg,ARCH_0035.jpg,experiments/ARCH300/source/ARCH_0035.jpg,5184,3456,7554267,13adb16a1d4f9854873ffdbcfc4aeddd57a0b7a2eb430135d29b5d27996123fc,true,,2026-09-25T13:30:09.844Z,1
66,ARCH_0036,ARCH_0036.jpg,ARCH_0036.jpg,experiments/ARCH300/source/ARCH_0036.jpg,5184,3456,6350146,63c7e4ac2b4c2ce3eca29edf1c4d9f0efae3373ada30c52622cf5af717ba6ab8,true,,2026-09-25T13:30:09.910Z,1
67,ARCH_0037,ARCH_0037.jpg,ARCH_0037.jpg,experiments/ARCH300/source/ARCH_0037.jpg,4840,3227,5919117,ba834f7e60c82a943a337531f66599b2202d4c8da0b3cf36b0be0c244f8388b1,true,,2026-09-25T13:30:09.969Z,1
68,ARCH_0038,ARCH_0038.jpg,ARCH_0038.jpg,experiments/ARCH300/source/ARCH_0038.jpg,5472,3648,8531976,e0b930520061cad7f3aab08c63ac0f2c2f4e2166d9401e2937b2329377ceeec4,true,,2026-09-25T13:30:10.052Z,1
69,ARCH_0039,ARCH_0039.jpg,ARCH_0039.jpg,experiments/ARCH300/source/ARCH_0039.jpg,2875,4313,1126426,ffe814751728fd5909e581dae0a34bb3c13d9c1099b673532b0d6bfca49924e4,true,,2026-09-25T13:30:10.069Z,1
70,ARCH_0040,ARCH_0040.jpg,ARCH_0040.jpg,experiments/ARCH300/source/ARCH_0040.jpg,5472,3648,5317644,d79763f6ac371ec54828f6f18447ff3dea94f77d8b871ada4ceea2f39b5ef308,true,,2026-09-25T13:30:10.126Z,1
71,ARCH_0041,ARCH_0041.jpg,ARCH_0041.jpg,experiments/ARCH300/source/ARCH_0041.jpg,4032,3024,6833204,12c612d7d2511da0f0e249b1f3cba1a02995ef2437fceba5692e9d825a443b4c,true,,2026-09-25T13:30:10.201Z,1
72,ARCH_0042,ARCH_0042.jpg,ARCH_0042.jpg,experiments/ARCH300/source/ARCH_0042.jpg,3227,2669,4681409,e0cec0d7a68b6abbcff4f8dd6c6d03843344cd7472019f171315512cfd71ebdc,true,,2026-09-25T13:30:10.281Z,1
73,ARCH_0043,ARCH_0043.jpg,ARCH_0043.jpg,experiments/ARCH300/source/ARCH_0043.jpg,5470,3644,26173667,8b515c3d6b6b0abe907419a3f41211a7f6951dd11c97a8d1c905528b18324539,true,,2026-09-25T13:30:10.539Z,1
74,ARCH_0044,ARCH_0044.jpg,ARCH_0044.jpg,experiments/ARCH300/source/ARCH_0044.jpg,5056,3792,8144994,ab5f36afebcd9bda6fca8f85741d4b0be61138bb1617d45db192ba54e9a9b62a,true,,2026-09-25T13:30:10.615Z,1
75,ARCH_0045,ARCH_0045.jpg,ARCH_0045.jpg,experiments/ARCH300/source/ARCH_0045.jpg,1600,1085,1558574,9591574f11df4081faf82abda16d6bef1711fe3305ba09c08885c19abf5c306a,true,,2026-09-25T13:30:10.651Z,1
76,ARCH_0046,ARCH_0046.jpg,ARCH_0046.jpg,experiments/ARCH300/source/ARCH_0046.jpg,4288,3216,3904291,a612bc31dac61bfe008935e70e05deb2963bb4a57313d40a5461335fe294d8b8,true,,2026-09-25T13:30:10.702Z,1
77,ARCH_0047,ARCH_0047.jpg,ARCH_0047.jpg,experiments/ARCH300/source/ARCH_0047.jpg,3264,2176,2899849,8799e3fb89974195625ee4d21c0759eb100060800bfb2532d98583d98cff3188,true,,2026-09-25T13:30:10.743Z,1
78,ARCH_0048,ARCH_0048.jpg,ARCH_0048.jpg,experiments/ARCH300/source/ARCH_0048.jpg,4912,3264,5406720,62f858023b5f2d65219834b619adcaf97480b716c33d606cef3140224aa0d59e,true,,2026-09-25T13:30:10.796Z,1
79,ARCH_0049,ARCH_0049.jpg,ARCH_0049.jpg,experiments/ARCH300/source/ARCH_0049.jpg,4160,3120,1802776,50db93a67c444dbd234198b170a85e6e3431dd67fe210ef364c88f3b6107cfa0,true,,2026-09-25T13:30:10.826Z,1
80,ARCH_0050,ARCH_0050.jpg,ARCH_0050.jpg,experiments/ARCH300/source/ARCH_0050.jpg,4928,3264,5800273,41076288d33c7a9e8c5752590f591ba7acf486f51748ce61e9f21f69073acf0b,true,,2026-09-25T13:30:10.885Z,1
81,ARCH_0051,ARCH_0051.jpg,ARCH_0051.jpg,experiments/ARCH300/source/ARCH_0051.jpg,4000,3000,1166797,cfa979121db7a1397732ecb7cc38b8932306454b917906e1d1944493825aee85,true,,2026-09-25T13:30:10.918Z,1
82,ARCH_0052,ARCH_0052.jpg,ARCH_0052.jpg,experiments/ARCH300/source/ARCH_0052.jpg,3888,2592,2183273,92b3a1cf377f08ecd8474724233d9e90eb22dce94ba02e7d942e126041c6fd21,true,,2026-09-25T13:30:10.962Z,1
83,ARCH_0053,ARCH_0053.jpg,ARCH_0053.jpg,experiments/ARCH300/source/ARCH_0053.jpg,3507,3192,4367183,3c35abf43379a477654016891ccd55b493ccb58a17886679c7b7e30b491827c0,true,,2026-09-25T13:30:11.155Z,1
84,ARCH_0054,ARCH_0054.jpg,ARCH_0054.jpg,experiments/ARCH300/source/ARCH_0054.jpg,4608,2592,4926546,d33734ef2603097b32a24aa1f2e34f43bbf5f3be5370592585d64f023e188a1f,true,,2026-09-25T13:30:11.203Z,1
85,ARCH_0055,ARCH_0055.jpg,ARCH_0055.jpg,experiments/ARCH300/source/ARCH_0055.jpg,5184,3456,7791715,485992c388436b6319f9def41cab0054e360fc14a1d50592be5d4721e3408520,true,,2026-09-25T13:30:11.312Z,1
86,ARCH_0056,ARCH_0056.jpg,ARCH_0056.jpg,experiments/ARCH300/source/ARCH_0056.jpg,5177,3452,7359246,12241203a180f3e829c7a8e9035b2447d67500690d8cb3d36281ae0c3c5e2b77,true,,2026-09-25T13:30:11.409Z,1
87,ARCH_0057,ARCH_0057.jpg,ARCH_0057.jpg,experiments/ARCH300/source/ARCH_0057.jpg,5617,5617,4415298,9acd06a0fb51c309052dd263878872b21b81300538dae488fada3d1c0f636ac9,true,,2026-09-25T13:30:11.479Z,1
88,ARCH_0058,ARCH_0058.jpg,ARCH_0058.jpg,experiments/ARCH300/source/ARCH_0058.jpg,5184,2988,3185085,b9f1e0b686f00227ac68b4507bae5268a3b5fb7549052ae8dbd83979b7385c1c,true,,2026-09-25T13:30:11.602Z,1
89,ARCH_0059,ARCH_0059.jpg,ARCH_0059.jpg,experiments/ARCH300/source/ARCH_0059.jpg,4080,3060,3028218,8187f666f1f5a25ef2b6ba6997eaa9cb915ce46a6b2c7434423df242538d7046,true,,2026-09-25T13:30:11.644Z,1
90,ARCH_0060,ARCH_0060.jpg,ARCH_0060.jpg,experiments/ARCH300/source/ARCH_0060.jpg,6248,4470,9157379,53313b737665ee44bb31cb1253abaedf40ca062a5dcc06cde8a9d2807bd44632,true,,2026-09-25T13:30:11.742Z,1
91,ARCH_0061,ARCH_0061.jpg,ARCH_0061.jpg,experiments/ARCH300/source/ARCH_0061.jpg,4000,3000,6305086,ae6af400ba8904cb1ac7e797ec7394b670fecf1704f73f6ee8bf0a4a8d075902,true,,2026-09-25T13:30:11.828Z,1
92,ARCH_0062,ARCH_0062.jpg,ARCH_0062.jpg,experiments/ARCH300/source/ARCH_0062.jpg,5184,3456,4482626,f6eb42294773e936e57f72a11cc4b8c14f673d5dc27e2226b6aaec67ab3a10df,true,,2026-09-25T13:30:11.883Z,1
93,ARCH_0063,ARCH_0063.jpg,ARCH_0063.jpg,experiments/ARCH300/source/ARCH_0063.jpg,6000,4000,12529598,64b82dcef1c06c888fc5abc2d1d420eded590d5f1910a19834e3a44877705cce,true,,2026-09-25T13:30:12.015Z,1
94,ARCH_0064,ARCH_0064.jpg,ARCH_0064.jpg,experiments/ARCH300/source/ARCH_0064.jpg,4286,2411,6369143,9ed8bdb00f4d6cb0866ce2d45e9b9ec5c1f691041e7dd301ba372e9aa0ffba42,true,,2026-09-25T13:30:12.076Z,1
95,ARCH_0065,ARCH_0065.jpg,ARCH_0065.jpg,experiments/ARCH300/source/ARCH_0065.jpg,4278,3435,4354166,4a0de2e4a647b322e7a6642a7e48594ea0bde51a2f3dba62e3ad985bb7241906,true,,2026-09-25T13:30:12.127Z,1
96,ARCH_0066,ARCH_0066.jpg,ARCH_0066.jpg,experiments/ARCH300/source/ARCH_0066.jpg,5181,3459,9391168,bbfaa78052d1f283fbe7ac1a94ddfb033d981109e7810b9869f80916e802e8bc,true,,2026-09-25T13:30:12.222Z,1
97,ARCH_0067,ARCH_0067.jpg,ARCH_0067.jpg,experiments/ARCH300/source/ARCH_0067.jpg,3648,2736,4966965,766e1b9c071dcec30aa48c3c583a44ea422f9ea5e75ba3fe41d4d1d088544369,true,,2026-09-25T13:30:12.291Z,1
98,ARCH_0068,ARCH_0068.jpg,ARCH_0068.jpg,experiments/ARCH300/source/ARCH_0068.jpg,4128,6099,20701567,91434d1f0128ebc21a437beca0b59b671359848df0ec4512f7f58c882b04fd6c,true,,2026-09-25T13:30:12.453Z,1
99,ARCH_0069,ARCH_0069.jpg,ARCH_0069.jpg,experiments/ARCH300/source/ARCH_0069.jpg,2633,3950,2359666,2fa7e7a1596c7b2e4a73e22ec4647b43b86ac4e8e9195f787d5bfe3ff42824c7,true,,2026-09-25T13:30:12.508Z,1
100,ARCH_0070,ARCH_0070.jpg,ARCH_0070.jpg,experiments/ARCH300/source/ARCH_0070.jpg,5778,3852,4603496,a2b76cf7a074124ffcb9625a71d4072101b123984aa7916d4a0f691f0d5f6495,true,,2026-09-25T13:30:12.582Z,1
101,ARCH_0071,ARCH_0071.jpg,ARCH_0071.jpg,experiments/ARCH300/source/ARCH_0071.jpg,4032,2634,2794084,04abb683997c249240f4d7c55d7b1a5ed3da5f2ab2150be6b7479efd22f4f99d,true,,2026-09-25T13:30:12.624Z,1
102,ARCH_0072,ARCH_0072.jpg,ARCH_0072.jpg,experiments/ARCH300/source/ARCH_0072.jpg,2130,1343,1622737,a2e84a19c3de2928149d66381b4fe7de0673004e81adb00a2baaabc82780d36c,true,,2026-09-25T13:30:12.647Z,1
103,ARCH_0073,ARCH_0073.jpg,ARCH_0073.jpg,experiments/ARCH300/source/ARCH_0073.jpg,5616,3744,1256524,e6a913943f2128d8fd85ef230b780c88cfce9a0818f49df8edc4a399e846fe2d,true,,2026-09-25T13:30:12.672Z,1
104,ARCH_0074,ARCH_0074.jpg,ARCH_0074.jpg,experiments/ARCH300/source/ARCH_0074.jpg,4139,2654,6658639,bd26b43af18fbad267ca94e09a000082a76ab8c1d0421556f9c1d3e4a4ddbfd6,true,,2026-09-25T13:30:12.742Z,1
105,ARCH_0075,ARCH_0075.jpg,ARCH_0075.jpg,experiments/ARCH300/source/ARCH_0075.jpg,4160,3120,3200060,44e3971c1b4727c77bfc7923fbd15be1a00d62b52e273c7874dd7ec9b1459933,true,,2026-09-25T13:30:12.780Z,1
106,ARCH_0076,ARCH_0076.jpg,ARCH_0076.jpg,experiments/ARCH300/source/ARCH_0076.jpg,5184,3456,2338813,a4f9c04fd45ded2652c05d31fbb07985f25a479a9bf7829f3edf92ae4264d508,true,,2026-09-25T13:30:12.818Z,1
107,ARCH_0077,ARCH_0077.jpg,ARCH_0077.jpg,experiments/ARCH300/source/ARCH_0077.jpg,6960,4640,10119687,3343bfa1154374d3a8ad89cf8f53804a740a03d4daf18d36263f370b9425f51e,true,,2026-09-25T13:30:12.928Z,1
108,ARCH_0078,ARCH_0078.jpg,ARCH_0078.jpg,experiments/ARCH300/source/ARCH_0078.jpg,5302,3935,19166329,be0d1b72e7f8244bbb815cd20883d1f262a0fdffbc5c9718126a1ac18085f49a,true,,2026-09-25T13:30:13.127Z,1
109,ARCH_0079,ARCH_0079.jpg,ARCH_0079.jpg,experiments/ARCH300/source/ARCH_0079.jpg,4587,3058,3591776,d4f3df99ddba9616c05e0e5860ddc903aa9c12485045919ba61484610324a49c,true,,2026-09-25T13:30:13.168Z,1
110,ARCH_0080,ARCH_0080.jpg,ARCH_0080.jpg,experiments/ARCH300/source/ARCH_0080.jpg,4320,3240,5464560,85c72fe7777a6204cbc5b0a06e6e092f001f95a903ab495e733df9786d5c6313,true,,2026-09-25T13:30:13.232Z,1
111,ARCH_0081,ARCH_0081.jpg,ARCH_0081.jpg,experiments/ARCH300/source/ARCH_0081.jpg,4032,5584,20670958,b19622f546717532dc85990be6f6cd2a46a8660018b204e130abec439c694a05,true,,2026-09-25T13:30:13.475Z,1
112,ARCH_0082,ARCH_0082.jpg,ARCH_0082.jpg,experiments/ARCH300/source/ARCH_0082.jpg,5184,3456,3216701,e87c1b1b978016f2bc1cbd595bf06f4f54e347a30ca58bccda25e2b6bc435533,true,,2026-09-25T13:30:13.520Z,1
113,ARCH_0083,ARCH_0083.jpg,ARCH_0083.jpg,experiments/ARCH300/source/ARCH_0083.jpg,6016,4000,9266742,ab3a5080d1170f8b985da05835333be2f22ac3a1d0bf3bc2c703f3e573ef5829,true,,2026-09-25T13:30:13.627Z,1
114,ARCH_0084,ARCH_0084.jpg,ARCH_0084.jpg,experiments/ARCH300/source/ARCH_0084.jpg,4272,2848,5128396,06ac4ab4ad26910544ca2800b6529194576a6306faf03f170cb2c47c173b12b7,true,,2026-09-25T13:30:13.686Z,1
115,ARCH_0085,ARCH_0085.jpg,ARCH_0085.jpg,experiments/ARCH300/source/ARCH_0085.jpg,5338,4078,3286185,0f2fa9ea6e541e018053ba8e4a220a67276b38f9730ab472c6d305d55e1a7719,true,,2026-09-25T13:30:13.732Z,1
116,ARCH_0086,ARCH_0086.jpg,ARCH_0086.jpg,experiments/ARCH300/source/ARCH_0086.jpg,2560,1920,1286725,95c3cfc4e78a34f1d1c71929fa74ceca802740f5afe40e361b336ea112028fa7,true,,2026-09-25T13:30:13.753Z,1
117,ARCH_0087,ARCH_0087.jpg,ARCH_0087.jpg,experiments/ARCH300/source/ARCH_0087.jpg,5184,3456,6183424,a31f7a8adf0e5fc9075b4d55b3e84502afcdff05c8d4bc0b1685d8abead28066,true,,2026-09-25T13:30:13.848Z,1
118,ARCH_0088,ARCH_0088.jpg,ARCH_0088.jpg,experiments/ARCH300/source/ARCH_0088.jpg,2500,1735,2317162,e82439342afa16fa36b9ed20fa0906b5361a4e81a24e6e4e3250360b7b9f8cf8,true,,2026-09-25T13:30:13.880Z,1
119,ARCH_0089,ARCH_0089.jpg,ARCH_0089.jpg,experiments/ARCH300/source/ARCH_0089.jpg,5712,4284,5977084,0c55eff116c19ee44fd6daa9fcc07775e5ecefeec83d50e9d0d9c1fe83ed9330,true,,2026-09-25T13:30:13.945Z,1
120,ARCH_0090,ARCH_0090.jpg,ARCH_0090.jpg,experiments/ARCH300/source/ARCH_0090.jpg,6000,4000,21577357,dc41d1b84717984e6efffa7baed10a424f39ac148e80aef62624bc4c530a43b9,true,,2026-09-25T13:30:14.171Z,1
121,ARCH_0091,ARCH_0091.jpg,ARCH_0091.jpg,experiments/ARCH300/source/ARCH_0091.jpg,3223,4860,7418804,7a113ec49d124e1b7d799218e55f511bb8f0a46dff5feef0b15be637618bc1ab,true,,2026-09-25T13:30:14.321Z,1
122,ARCH_0092,ARCH_0092.jpg,ARCH_0092.jpg,experiments/ARCH300/source/ARCH_0092.jpg,7360,4912,6243702,9ebc487dd4798d3dcf8fd4ebe987370d79068a7f15a4f540e7b2751142e36fe6,true,,2026-09-25T13:30:14.399Z,1
123,ARCH_0093,ARCH_0093.jpg,ARCH_0093.jpg,experiments/ARCH300/source/ARCH_0093.jpg,5184,3888,4815377,8940edfe10d9ac22726c768f2a864df5e88fc23edcf849a27c98d995f27ce479,true,,2026-09-25T13:30:14.461Z,1
124,ARCH_0094,ARCH_0094.jpg,ARCH_0094.jpg,experiments/ARCH300/source/ARCH_0094.jpg,4288,2848,9147589,fdbab8f8dbf144b061ef61931d84974d1b8473777059a30829b29e718ba07d95,true,,2026-09-25T13:30:14.561Z,1
125,ARCH_0095,ARCH_0095.jpg,ARCH_0095.jpg,experiments/ARCH300/source/ARCH_0095.jpg,6016,4016,7204685,ee93c873447b626d513f7ebe36a598c98a0855be05756af5b9f2de2ac328eea2,true,,2026-09-25T13:30:14.647Z,1
126,ARCH_0096,ARCH_0096.jpg,ARCH_0096.jpg,experiments/ARCH300/source/ARCH_0096.jpg,3868,2554,6188653,0d3085d48aca72bce15337dcce63049118424d43788a77713ede230ca2674437,true,,2026-09-25T13:30:14.734Z,1
127,ARCH_0097,ARCH_0097.jpg,ARCH_0097.jpg,experiments/ARCH300/source/ARCH_0097.jpg,6000,4000,13745803,ee903ef0c904bf399dfc692f480d651398a914096bba6dbc967d7f437e9c989f,true,,2026-09-25T13:30:14.864Z,1
128,ARCH_0098,ARCH_0098.jpg,ARCH_0098.jpg,experiments/ARCH300/source/ARCH_0098.jpg,8256,5504,33226961,864de7e0d25a6f5d25160f6bc299bd0b27e6418f4505e92464ccf0861cf39608,true,,2026-09-25T13:30:15.226Z,1
129,ARCH_0099,ARCH_0099.jpg,ARCH_0099.jpg,experiments/ARCH300/source/ARCH_0099.jpg,2450,2432,1262244,dd16298423876d48d07d55c1725e1cbe9f97d07b3e723e3b3849bb10cf77cbbb,true,,2026-09-25T13:30:15.278Z,1
130,ARCH_0100,ARCH_0100.jpg,ARCH_0100.jpg,experiments/ARCH300/source/ARCH_0100.jpg,3060,4080,1772603,74f7e0d601cb37d39c0bbe4751b2ea649ffd49250f33fe01e611028afbfb0edb,true,,2026-09-25T13:30:15.330Z,1
131,ARCH_0101,ARCH_0101.jpg,ARCH_0101.jpg,experiments/ARCH300/source/ARCH_0101.jpg,3968,2976,2556507,fa9fb43fccf3d65eabc2d7edf2da407b7eeab2f58ca50d10250d3e2c96b40be8,true,,2026-09-25T13:30:15.393Z,1
132,ARCH_0102,ARCH_0102.jpg,ARCH_0102.jpg,experiments/ARCH300/source/ARCH_0102.jpg,3264,2448,2735649,e35f73373d77e23fc0848ec61243e0c3cae348c893981ec3421fa76975d86352,true,,2026-09-25T13:30:15.445Z,1
133,ARCH_0103,ARCH_0103.jpg,ARCH_0103.jpg,experiments/ARCH300/source/ARCH_0103.jpg,4032,3024,4891477,704459f5f6fce0c4de7b506d6ac813d2d7aa651d6c8275448fcef096794910a8,true,,2026-09-25T13:30:15.522Z,1
134,ARCH_0104,ARCH_0104.jpg,ARCH_0104.jpg,experiments/ARCH300/source/ARCH_0104.jpg,6000,4000,7113390,e270939c7adbc67874d62867118cf573fc25276016a9a18563f41a3474ee7343,true,,2026-09-25T13:30:15.630Z,1
135,ARCH_0105,ARCH_0105.jpg,ARCH_0105.jpg,experiments/ARCH300/source/ARCH_0105.jpg,4080,3072,3959036,b6f3f537427548ff12886201fc03fd387b778a2855fe1ec4f348f2c6ba23e51b,true,,2026-09-25T13:30:15.693Z,1
136,ARCH_0106,ARCH_0106.jpg,ARCH_0106.jpg,experiments/ARCH300/source/ARCH_0106.jpg,6016,4016,8949172,2c91d80205618d015aeade4886eba04661f719ca9a8b7aafb99626749c5616fb,true,,2026-09-25T13:30:15.836Z,1
137,ARCH_0107,ARCH_0107.jpg,ARCH_0107.jpg,experiments/ARCH300/source/ARCH_0107.jpg,4272,2848,10243446,7e2f06814c5f77e493e6f4702ca0ac661229b76c6a905b269b0b38ad1d8c3ba6,true,,2026-09-25T13:30:15.999Z,1
138,ARCH_0108,ARCH_0108.jpg,ARCH_0108.jpg,experiments/ARCH300/source/ARCH_0108.jpg,5184,3456,11479783,9d686af63dcb008d406a37ff5a99057f224da118ca8965d503be66a7dbcef0c9,true,,2026-09-25T13:30:16.274Z,1
139,ARCH_0109,ARCH_0109.jpg,ARCH_0109.jpg,experiments/ARCH300/source/ARCH_0109.jpg,3306,4896,5113749,b30a8577d263806ea37a93d39c78c0319c78403507cabecc23b55e85890dabf4,true,,2026-09-25T13:30:16.345Z,1
140,ARCH_0110,ARCH_0110.jpg,ARCH_0110.jpg,experiments/ARCH300/source/ARCH_0110.jpg,5184,3456,5853139,25387d61b0a5e45b744ad9fc5ce4016abb74c3dce97ff18af1c31cc72a37295b,true,,2026-09-25T13:30:16.446Z,1
141,ARCH_0111,ARCH_0111.jpg,ARCH_0111.jpg,experiments/ARCH300/source/ARCH_0111.jpg,4032,3024,4249875,5d77a68bd5a9d3a3315fe246df54ed275ce809999ab492b14449050ad170ebfd,true,,2026-09-25T13:30:16.520Z,1
142,ARCH_0112,ARCH_0112.jpg,ARCH_0112.jpg,experiments/ARCH300/source/ARCH_0112.jpg,2048,1536,1366053,19e4c79a314485008f5d17d7cb3bcb245f4bc46b362c6440b9106ddb9a3cfe43,true,,2026-09-25T13:30:16.578Z,1
143,ARCH_0113,ARCH_0113.jpg,ARCH_0113.jpg,experiments/ARCH300/source/ARCH_0113.jpg,5184,3456,10471059,6ceee1e3f0aa185660e99cae0008ae0c2d48bb5521461e0046a6cb4038f16283,true,,2026-09-25T13:30:16.739Z,1
144,ARCH_0114,ARCH_0114.jpg,ARCH_0114.jpg,experiments/ARCH300/source/ARCH_0114.jpg,6016,4016,13279608,0631f4b44c72da10ad8b098ecc56978fe01924990b3b413b81ababbf5d5b95e3,true,,2026-09-25T13:30:16.927Z,1
145,ARCH_0115,ARCH_0115.jpg,ARCH_0115.jpg,experiments/ARCH300/source/ARCH_0115.jpg,3644,2292,9881940,a2b43c64186d60351f91e44e08ea37ff3ba96987ec471f1384d59544735256a9,true,,2026-09-25T13:30:17.081Z,1
146,ARCH_0116,ARCH_0116.jpg,ARCH_0116.jpg,experiments/ARCH300/source/ARCH_0116.jpg,5184,3456,9049953,1b41e33507af0eab0a52b8fab4f08c28e0202bd75fd969830ac70ffa9a7dacdf,true,,2026-09-25T13:30:17.222Z,1
147,ARCH_0117,ARCH_0117.jpg,ARCH_0117.jpg,experiments/ARCH300/source/ARCH_0117.jpg,5327,3551,9389577,dff3402237bf314d33a8f71568cae1581bb81a1b1a15ff8a78c4d855462b6ee3,true,,2026-09-25T13:30:17.379Z,1
148,ARCH_0118,ARCH_0118.jpg,ARCH_0118.jpg,experiments/ARCH300/source/ARCH_0118.jpg,6362,3510,25104879,136379147f422e6551aa71f416e2da8535b5e4c527ea5e9500f05e48b4bd882d,true,,2026-09-25T13:30:17.766Z,1
149,ARCH_0119,ARCH_0119.jpg,ARCH_0119.jpg,experiments/ARCH300/source/ARCH_0119.jpg,5301,3080,4621148,46e315f1c3698ebf9958b708332c993a2e0f1d0709a6a3d704ba2fe3d5101d95,true,,2026-09-25T13:30:17.844Z,1
150,ARCH_0120,ARCH_0120.jpg,ARCH_0120.jpg,experiments/ARCH300/source/ARCH_0120.jpg,6059,4672,6621303,be7bcf4d2cb73adb64e79f3cea21294d17bbadc85c2fa63bcc542ad6441c3035,true,,2026-09-25T13:30:17.955Z,1
151,ARCH_0121,ARCH_0121.jpg,ARCH_0121.jpg,experiments/ARCH300/source/ARCH_0121.jpg,3968,2976,4173121,6d39ac44e6dbbe46cfd41573a273627b5726ada26b64c81aad71a5bfb1289cb0,true,,2026-09-25T13:30:18.034Z,1
152,ARCH_0122,ARCH_0122.jpg,ARCH_0122.jpg,experiments/ARCH300/source/ARCH_0122.jpg,3008,2000,3021601,6b96b29acfd023d08b57ecd581239c85328a42c1f373ae64583c9277dcfcd726,true,,2026-09-25T13:30:18.088Z,1
153,ARCH_0123,ARCH_0123.jpg,ARCH_0123.jpg,experiments/ARCH300/source/ARCH_0123.jpg,7360,4912,9832846,f258d0901fd1efde29cd0102da7f24a9245124ceca643b968dfbb527c396d050,true,,2026-09-25T13:30:18.246Z,1
154,ARCH_0124,ARCH_0124.jpg,ARCH_0124.jpg,experiments/ARCH300/source/ARCH_0124.jpg,3629,2100,6144159,888c95004c523c976c07de7dd22e7728c8196a715515fee31e3e7b23443301ee,true,,2026-09-25T13:30:18.526Z,1
155,ARCH_0125,ARCH_0125.jpg,ARCH_0125.jpg,experiments/ARCH300/source/ARCH_0125.jpg,4928,3264,9666420,04005a46c586eb63a17c111f680f8d28d8bfa88b5ba9249fedda97eb969b5199,true,,2026-09-25T13:30:18.665Z,1
156,ARCH_0126,ARCH_0126.jpg,ARCH_0126.jpg,experiments/ARCH300/source/ARCH_0126.jpg,5184,3456,6353811,6688a88f3bc5e608d9813ca91d823304520a459819a68138dfe6d8ec07454a9e,true,,2026-09-25T13:30:18.756Z,1
157,ARCH_0127,ARCH_0127.jpg,ARCH_0127.jpg,experiments/ARCH300/source/ARCH_0127.jpg,3477,1098,2510229,3d5b436fda34edb47b3e67747a97230a806b3807bc173b09eb54af643e4feb74,true,,2026-09-25T13:30:18.868Z,1
158,ARCH_0128,ARCH_0128.jpg,ARCH_0128.jpg,experiments/ARCH300/source/ARCH_0128.jpg,2848,2136,3026667,d44bc2c7ebf008283ffb2f64b4e4cb301412cede4c712b0b961e9d02394a03f4,true,,2026-09-25T13:30:18.917Z,1
159,ARCH_0129,ARCH_0129.jpg,ARCH_0129.jpg,experiments/ARCH300/source/ARCH_0129.jpg,8390,5466,27236069,2da4da2eb4af40cd00582b53e186cfbded0496c9e0136762547863aef6529a82,true,,2026-09-25T13:30:19.316Z,1
160,ARCH_0130,ARCH_0130.jpg,ARCH_0130.jpg,experiments/ARCH300/source/ARCH_0130.jpg,4608,3456,3909970,3e5960864f509609807d9638703402cffb6cd603e423bd77dae40678ac108dbf,true,,2026-09-25T13:30:19.382Z,1
161,ARCH_0131,ARCH_0131.jpg,ARCH_0131.jpg,experiments/ARCH300/source/ARCH_0131.jpg,3072,2304,3498313,e21433a1c8eef6f09189e95f2f87c65ce6cdaa9d25efdfe6c53fbb6e81f9cf1c,true,,2026-09-25T13:30:19.455Z,1
162,ARCH_0132,ARCH_0132.jpg,ARCH_0132.jpg,experiments/ARCH300/source/ARCH_0132.jpg,3400,2127,5439866,ecb7e0fbed9e8904a304e9477c815bdaf6374ac0023ee6cd77baf440bcff6e7a,true,,2026-09-25T13:30:19.551Z,1
163,ARCH_0133,ARCH_0133.jpg,ARCH_0133.jpg,experiments/ARCH300/source/ARCH_0133.jpg,5340,3629,6006444,728cc387daba22c953d1cdb7d85f5becdb9b24f1e023a17630841529cdf4e38b,true,,2026-09-25T13:30:19.655Z,1
164,ARCH_0134,ARCH_0134.jpg,ARCH_0134.jpg,experiments/ARCH300/source/ARCH_0134.jpg,2319,1740,763240,d98bde72e5d98f171e6407daf531397587198d397deea07760b9c5fca8e0fda2,true,,2026-09-25T13:30:19.675Z,1
165,ARCH_0135,ARCH_0135.jpg,ARCH_0135.jpg,experiments/ARCH300/source/ARCH_0135.jpg,4370,2913,10245882,a5b582954281c210a6ff6feb01f34f68437b210cdac861cb4ceddcc928f6381a,true,,2026-09-25T13:30:19.836Z,1
166,ARCH_0136,ARCH_0136.jpg,ARCH_0136.jpg,experiments/ARCH300/source/ARCH_0136.jpg,4000,3000,3438539,0b1d72e96ac5e0317128aa9651a056e1a4a6b84ffba252294fbd2fa5a9909e93,true,,2026-09-25T13:30:19.894Z,1
167,ARCH_0137,ARCH_0137.jpg,ARCH_0137.jpg,experiments/ARCH300/source/ARCH_0137.jpg,5184,3456,7140671,a2224405e6660d3c7f78275adc41d252a62a90f0949f6821a1d3c15aa6afe79e,true,,2026-09-25T13:30:20.017Z,1
168,ARCH_0138,ARCH_0138.jpg,ARCH_0138.jpg,experiments/ARCH300/source/ARCH_0138.jpg,6960,4640,21388727,7057addd24b865ac80f5012052743567501702d45689a726fac886b7beb79dc2,true,,2026-09-25T13:30:20.330Z,1
169,ARCH_0139,ARCH_0139.jpg,ARCH_0139.jpg,experiments/ARCH300/source/ARCH_0139.jpg,5400,3600,7214164,948afab912179816c5241044bab977e3bc292922250c5953f2ccb1ac5634b7f6,true,,2026-09-25T13:30:20.439Z,1
170,ARCH_0140,ARCH_0140.jpg,ARCH_0140.jpg,experiments/ARCH300/source/ARCH_0140.jpg,5587,4190,6427011,6665aa52dcc8d90e95dfeb6eb2946f9a91305c76fd28454b2f0524b8ad4e9ccb,true,,2026-09-25T13:30:20.535Z,1
171,ARCH_0141,ARCH_0141.jpg,ARCH_0141.jpg,experiments/ARCH300/source/ARCH_0141.jpg,6069,4105,26368015,786e196356df42041e68d7402788642f964d6bcb24c4655ad4244f8d604ec4f7,true,,2026-09-25T13:30:20.905Z,1
172,ARCH_0142,ARCH_0142.jpg,ARCH_0142.jpg,experiments/ARCH300/source/ARCH_0142.jpg,6000,4000,13407008,d892dff58953f5b2d1e8d023e2195a18860a8ad53eda703e71f5f5fc12987d11,true,,2026-09-25T13:30:21.093Z,1
173,ARCH_0143,ARCH_0143.jpg,ARCH_0143.jpg,experiments/ARCH300/source/ARCH_0143.jpg,4883,3264,2900862,ee1a940e4ca4d8bbe815f903b7e6d17437d6c082a9b58a4e9c8220bcfb7e718c,true,,2026-09-25T13:30:21.146Z,1
174,ARCH_0144,ARCH_0144.jpg,ARCH_0144.jpg,experiments/ARCH300/source/ARCH_0144.jpg,2438,1625,1922167,e61c79dbce081350cfec02b6d58391fe01273b46bc33b98eced2d18fce5c6c55,true,,2026-09-25T13:30:21.179Z,1
175,ARCH_0145,ARCH_0145.jpg,ARCH_0145.jpg,experiments/ARCH300/source/ARCH_0145.jpg,1879,2885,3960238,70724b956567d459b40b14f313d299b48aeabb63fcedaa6fa58cb67641a9e791,true,,2026-09-25T13:30:21.239Z,1
176,ARCH_0146,ARCH_0146.jpg,ARCH_0146.jpg,experiments/ARCH300/source/ARCH_0146.jpg,4228,3044,3122886,4dc7c121562e0ffe66ebda991fe0f2d88f3246bbfb1d249be0105097205270df,true,,2026-09-25T13:30:21.286Z,1
177,ARCH_0147,ARCH_0147.jpg,ARCH_0147.jpg,experiments/ARCH300/source/ARCH_0147.jpg,6235,4157,6878472,cc028293b78753eac15793e720d4f62d6926fc8cebe5fa8d6794ac381abec387,true,,2026-09-25T13:30:21.399Z,1
178,ARCH_0148,ARCH_0148.jpg,ARCH_0148.jpg,experiments/ARCH300/source/ARCH_0148.jpg,4028,3019,5976326,08994302c74e3e9951207fd5b9033e33e3a02e79f8bac100ff4f127d5fd1d38f,true,,2026-09-25T13:30:21.503Z,1
179,ARCH_0149,ARCH_0149.jpg,ARCH_0149.jpg,experiments/ARCH300/source/ARCH_0149.jpg,8000,4500,21755305,e9e2a6702c37208d1cea40ceffe55673231b109b14d51b9359313636d2762419,true,,2026-09-25T13:30:22.384Z,1
180,ARCH_0150,ARCH_0150.jpg,ARCH_0150.jpg,experiments/ARCH300/source/ARCH_0150.jpg,6000,4000,12291405,90d3687f922933ae550e839fa7b36655f3103540ff08e7ba6830eaea175b507f,true,,2026-09-25T13:30:22.570Z,1
181,ARCH_0151,ARCH_0151.jpg,ARCH_0151.jpg,experiments/ARCH300/source/ARCH_0151.jpg,2048,1536,1694890,0782c3d495103eb0c7b2ee4b488cbba07e841783c375cdc002832901f1b3ab1a,true,,2026-09-25T13:30:22.602Z,1
182,ARCH_0152,ARCH_0152.jpg,ARCH_0152.jpg,experiments/ARCH300/source/ARCH_0152.jpg,4320,3240,2929214,dfee6142cdeff298e499069332d09e89aa1e8d4e2de1c3156dd422d8d562a50c,true,,2026-09-25T13:30:22.648Z,1
183,ARCH_0153,ARCH_0153.jpg,ARCH_0153.jpg,experiments/ARCH300/source/ARCH_0153.jpg,2114,2820,1955472,c2927f3b84292102a982cd18251185b6493c22b945e8bce07d8cf4754d035ffe,true,,2026-09-25T13:30:22.715Z,1
184,ARCH_0154,ARCH_0154.jpg,ARCH_0154.jpg,experiments/ARCH300/source/ARCH_0154.jpg,4608,3072,4866743,9f568c9e29d203bfef78e7760a9301caf129404a6c789e852eb2a399770175c1,true,,2026-09-25T13:30:22.791Z,1
185,ARCH_0155,ARCH_0155.jpg,ARCH_0155.jpg,experiments/ARCH300/source/ARCH_0155.jpg,5070,3380,6563525,85ccdecce42b2984b458846dfc473928b82d7bc49552eb31952cf331330c06a9,true,,2026-09-25T13:30:22.895Z,1
186,ARCH_0156,ARCH_0156.jpg,ARCH_0156.jpg,experiments/ARCH300/source/ARCH_0156.jpg,4965,3310,8708965,e8c30dd9bff07f96d39b9220023dd1edc05d868d78ec58239e3230f077740559,true,,2026-09-25T13:30:23.317Z,1
187,ARCH_0157,ARCH_0157.jpg,ARCH_0157.jpg,experiments/ARCH300/source/ARCH_0157.jpg,1565,1161,294774,2bf6072e5b10c2f7a2e64151a45d070aa3a8539180c92feed41d20ddfd49cdc8,true,,2026-09-25T13:30:23.336Z,1
188,ARCH_0158,ARCH_0158.jpg,ARCH_0158.jpg,experiments/ARCH300/source/ARCH_0158.jpg,2040,1530,712181,d1bd73dae6de4bc78010af124d475045470765d6c46206c2c1e5cde3a31ec4e7,true,,2026-09-25T13:30:23.383Z,1
189,ARCH_0159,ARCH_0159.jpg,ARCH_0159.jpg,experiments/ARCH300/source/ARCH_0159.jpg,4828,3219,6191789,4fa0911d3deeb9d40a1f2f6296a148b90ca4aeb08f52c6147abac579cddda4e1,true,,2026-09-25T13:30:23.492Z,1
190,ARCH_0160,ARCH_0160.jpg,ARCH_0160.jpg,experiments/ARCH300/source/ARCH_0160.jpg,4048,3036,3809021,1be530605566f243e03a0d80a37abf3c131f4c8bd306f6d31b529e8c80818c20,true,,2026-09-25T13:30:23.566Z,1
191,ARCH_0161,ARCH_0161.jpg,ARCH_0161.jpg,experiments/ARCH300/source/ARCH_0161.jpg,4000,3000,5992210,ea8643d854185255ba0a7d20d6aa0df20dcf7635a956df279be4633594e587b1,true,,2026-09-25T13:30:23.635Z,1
192,ARCH_0162,ARCH_0162.jpg,ARCH_0162.jpg,experiments/ARCH300/source/ARCH_0162.jpg,6000,4000,9974678,c8d2d9019634bfdde82bfe657578617b041da8645d42354bf5e1b20c8df5cbe7,true,,2026-09-25T13:30:23.764Z,1
193,ARCH_0163,ARCH_0163.jpg,ARCH_0163.jpg,experiments/ARCH300/source/ARCH_0163.jpg,4608,3456,5721440,53f886cb557dd02acddbab04b22f3493bfddb42baf18a20f10e134c25dd56cf3,true,,2026-09-25T13:30:23.856Z,1
194,ARCH_0164,ARCH_0164.jpg,ARCH_0164.jpg,experiments/ARCH300/source/ARCH_0164.jpg,6612,4436,11280866,cca9b55807046bcf30db5cc59ef1d1c34fc0a58496857a5f3cc264644a61685f,true,,2026-09-25T13:30:24.028Z,1
195,ARCH_0165,ARCH_0165.jpg,ARCH_0165.jpg,experiments/ARCH300/source/ARCH_0165.jpg,5421,3535,11343415,479b8dd558aa7bda45173592a9c295cf4775abcab0041410220a49b7856bac07,true,,2026-09-25T13:30:24.192Z,1
196,ARCH_0166,ARCH_0166.jpg,ARCH_0166.jpg,experiments/ARCH300/source/ARCH_0166.jpg,5472,3648,5270435,4777f72b941a989aea296b82f7a40f91a247c39438afcde037225399e8cc6622,true,,2026-09-25T13:30:24.277Z,1
197,ARCH_0167,ARCH_0167.jpg,ARCH_0167.jpg,experiments/ARCH300/source/ARCH_0167.jpg,4272,2848,6019200,fb52f9c6b24caacaf55b7a2062139832c5795d90970b09753353e02da821620a,true,,2026-09-25T13:30:24.374Z,1
198,ARCH_0168,ARCH_0168.jpg,ARCH_0168.jpg,experiments/ARCH300/source/ARCH_0168.jpg,6016,4016,8673060,f8e6d2112d9f864178380fb1f67a7db98e69b6076ef5c5b54bee39f4ac3ceba8,true,,2026-09-25T13:30:24.526Z,1
199,ARCH_0169,ARCH_0169.jpg,ARCH_0169.jpg,experiments/ARCH300/source/ARCH_0169.jpg,2515,1452,3778237,0e6cadda9a277b6705cc791957e14a5453bf6128973b1a8942072b6f0f4473e0,true,,2026-09-25T13:30:24.594Z,1
200,ARCH_0170,ARCH_0170.jpg,ARCH_0170.jpg,experiments/ARCH300/source/ARCH_0170.jpg,3710,2943,6668223,75e12c80a622e1a15ea110bc5471d01e366ff7f5795bfabd9da48ccde87934db,true,,2026-09-25T13:30:24.712Z,1
201,ARCH_0171,ARCH_0171.jpg,ARCH_0171.jpg,experiments/ARCH300/source/ARCH_0171.jpg,3218,2324,4389818,cf812176be1aa082706370f992ef16db432eaf94b37513ab499c22d8aa5dd467,true,,2026-09-25T13:30:24.811Z,1
202,ARCH_0172,ARCH_0172.jpg,ARCH_0172.jpg,experiments/ARCH300/source/ARCH_0172.jpg,5184,3456,4380825,5bd294100477dd730464fbaf9e5c23ae242bd8bc415db05e56c78ee5e0b44ae1,true,,2026-09-25T13:30:24.953Z,1
203,ARCH_0173,ARCH_0173.jpg,ARCH_0173.jpg,experiments/ARCH300/source/ARCH_0173.jpg,5175,3714,1249221,f419f508a2df5352f2bbe99b77f10878ec6ddc6daeea4d83b22986ae9d75c00c,true,,2026-09-25T13:30:24.982Z,1
204,ARCH_0174,ARCH_0174.jpg,ARCH_0174.jpg,experiments/ARCH300/source/ARCH_0174.jpg,2500,2000,2501446,3667b83bdd4696aab60d3376f28f83d3af9db95e38c885fa5e98fbea65101b62,true,,2026-09-25T13:30:25.033Z,1
205,ARCH_0175,ARCH_0175.jpg,ARCH_0175.jpg,experiments/ARCH300/source/ARCH_0175.jpg,4272,2848,6538879,12d1477c5d64063a5ca8e33edf681d6934a88bec3b8c7e4c6d684f0d08619dc6,true,,2026-09-25T13:30:25.127Z,1
206,ARCH_0176,ARCH_0176.jpg,ARCH_0176.jpg,experiments/ARCH300/source/ARCH_0176.jpg,3893,2573,8140167,7354bb8f616c660744d296ca65ebce26907a83df4219745eb7a01f83fb8f1bd4,true,,2026-09-25T13:30:25.270Z,1
207,ARCH_0177,ARCH_0177.jpg,ARCH_0177.jpg,experiments/ARCH300/source/ARCH_0177.jpg,5823,4368,15047510,9a9d9a392e99d2782108413eef3ccf06aa3c7abbba9148386765d56b7eff0122,true,,2026-09-25T13:30:25.494Z,1
208,ARCH_0178,ARCH_0178.jpg,ARCH_0178.jpg,experiments/ARCH300/source/ARCH_0178.jpg,4592,3056,6684468,a2e79b22454a48ca5f7018f2aca2b2e93a3a10d2f6c2b59d211d1b694bfaf03d,true,,2026-09-25T13:30:25.581Z,1
209,ARCH_0179,ARCH_0179.jpg,ARCH_0179.jpg,experiments/ARCH300/source/ARCH_0179.jpg,4405,4129,14764001,5d660c4c3502091224cd003a6ad7169280be3f082ff264e4327d8ee619bc1a79,true,,2026-09-25T13:30:25.781Z,1
210,ARCH_0180,ARCH_0180.jpg,ARCH_0180.jpg,experiments/ARCH300/source/ARCH_0180.jpg,4373,2915,4331584,4ff251472b0d7379c28de0880827a25a2ac8b9cdd662317ad2f5b4c8c5c35396,true,,2026-09-25T13:30:25.864Z,1
211,ARCH_0181,ARCH_0181.jpg,ARCH_0181.jpg,experiments/ARCH300/source/ARCH_0181.jpg,4032,3024,3884195,4ecfc6b74b794165f60e9f3ea074c11be479b66f28091592a2833d26f0fe1965,true,,2026-09-25T13:30:25.957Z,1
212,ARCH_0182,ARCH_0182.jpg,ARCH_0182.jpg,experiments/ARCH300/source/ARCH_0182.jpg,6000,4000,9371648,1419a85142bfd7dd1df24f384157c23694b98ba2b776223af313490738021e3f,true,,2026-09-25T13:30:26.108Z,1
213,ARCH_0183,ARCH_0183.jpg,ARCH_0183.jpg,experiments/ARCH300/source/ARCH_0183.jpg,4416,3312,5646257,21b132b4564b46db072c2efe5bf27bbe83ca9d0d0e8979c1634c2f9cfc4ffb8f,true,,2026-09-25T13:30:26.198Z,1
214,ARCH_0184,ARCH_0184.jpg,ARCH_0184.jpg,experiments/ARCH300/source/ARCH_0184.jpg,7696,4692,35524911,5c523ee73be7af532d5923dbbe78ade5dfb96eb92c8757aebbc59ae056ec6850,true,,2026-09-25T13:30:26.746Z,1
215,ARCH_0185,ARCH_0185.jpg,ARCH_0185.jpg,experiments/ARCH300/source/ARCH_0185.jpg,6000,4000,16276038,072bbd77cad68c9c8ed13e261a06929a926bdcd056c619378acefbd17eb2eb6f,true,,2026-09-25T13:30:26.977Z,1
216,ARCH_0186,ARCH_0186.jpg,ARCH_0186.jpg,experiments/ARCH300/source/ARCH_0186.jpg,3008,2000,2896068,f745acf3d7746fdb40f47d7f0abb2580da8c16f444aa4d568586c3ade659b715,true,,2026-09-25T13:30:27.028Z,1
217,ARCH_0187,ARCH_0187.jpg,ARCH_0187.jpg,experiments/ARCH300/source/ARCH_0187.jpg,3861,2574,5423804,87383fe4731aab07b81930ee167d9c28157bf0557a3052cfff7835113ddcf391,true,,2026-09-25T13:30:27.134Z,1
218,ARCH_0188,ARCH_0188.jpg,ARCH_0188.jpg,experiments/ARCH300/source/ARCH_0188.jpg,4272,2848,5839854,28ab14ab97d9655c6bf4ab86d65c0aca023c387c9c1888d2fdb9896ac4b46b0d,true,,2026-09-25T13:30:27.223Z,1
219,ARCH_0189,ARCH_0189.jpg,ARCH_0189.jpg,experiments/ARCH300/source/ARCH_0189.jpg,5029,6439,9749712,aeca63a2337c659db8ea0e2cca23a7bdc706f3e42f77212f177c7e3852af9b99,true,,2026-09-25T13:30:27.370Z,1
220,ARCH_0190,ARCH_0190.jpg,ARCH_0190.jpg,experiments/ARCH300/source/ARCH_0190.jpg,3888,2592,4774012,2ef155fdc57ba35cf9a7c5848dc7dfa2d6ccd980d03823c7453f8fde16ff560e,true,,2026-09-25T13:30:27.445Z,1
221,ARCH_0191,ARCH_0191.jpg,ARCH_0191.jpg,experiments/ARCH300/source/ARCH_0191.jpg,4608,3456,4253000,2fd8d74830e73f002c849132e7adb10d1bfdfa7510b304a3313c1c63278039b0,true,,2026-09-25T13:30:27.525Z,1
222,ARCH_0192,ARCH_0192.jpg,ARCH_0192.jpg,experiments/ARCH300/source/ARCH_0192.jpg,3431,2283,5855754,08fbc2ab99a2db6e362b1383800185475511df5abc06e6dc39b593cc5fc1de3a,true,,2026-09-25T13:30:27.628Z,1
223,ARCH_0193,ARCH_0193.jpg,ARCH_0193.jpg,experiments/ARCH300/source/ARCH_0193.jpg,2560,1920,1996283,29661c821f664fe0573968d4e1e4b5c402cd0479939740831e05c3ae0e6e47bc,true,,2026-09-25T13:30:27.662Z,1
224,ARCH_0194,ARCH_0194.jpg,ARCH_0194.jpg,experiments/ARCH300/source/ARCH_0194.jpg,4510,3114,6052458,449ad1f134f6d18e3b9fa4d5bf6f85ddffd6e34e84c387b89a4d26fb031da966,true,,2026-09-25T13:30:27.758Z,1
225,ARCH_0195,ARCH_0195.jpg,ARCH_0195.jpg,experiments/ARCH300/source/ARCH_0195.jpg,4320,3240,2310590,65a79d5d285157a0cdb1c5bb108778fd84452caaa73610e6d2b1c5863e18a6cd,true,,2026-09-25T13:30:27.801Z,1
226,ARCH_0196,ARCH_0196.jpg,ARCH_0196.jpg,experiments/ARCH300/source/ARCH_0196.jpg,2396,1554,4530535,18e813a5e13cf09a603b3c58b2e686361deecb411f60a79497bdbe9d40df5d09,true,,2026-09-25T13:30:27.880Z,1
227,ARCH_0197,ARCH_0197.jpg,ARCH_0197.jpg,experiments/ARCH300/source/ARCH_0197.jpg,5886,3587,1985145,1d5845899c9bcdcfce0a020fcae422ae01a80be18373569c4bc57645a2f85ff9,true,,2026-09-25T13:30:27.931Z,1
228,ARCH_0198,ARCH_0198.jpg,ARCH_0198.jpg,experiments/ARCH300/source/ARCH_0198.jpg,5020,3350,5085973,d4d5860cc13a643c3ce1c4865ed7025065929268de75d2791236da3af24bf06e,true,,2026-09-25T13:30:28.031Z,1
229,ARCH_0199,ARCH_0199.jpg,ARCH_0199.jpg,experiments/ARCH300/source/ARCH_0199.jpg,2004,4962,3466218,311d898f6895cc35fdff8ad4f50def4544c5ef9b092d3f9b0837d771f7a46748,true,,2026-09-25T13:30:28.086Z,1
230,ARCH_0200,ARCH_0200.jpg,ARCH_0200.jpg,experiments/ARCH300/source/ARCH_0200.jpg,6000,4000,5828604,545c1f8648a6b9f0665b40de7d25dcaf83a2ea57a66f0019e9c3017a0a526221,true,,2026-09-25T13:30:28.184Z,1
231,ARCH_0201,ARCH_0201.jpg,ARCH_0201.jpg,experiments/ARCH300/source/ARCH_0201.jpg,5281,3987,4729642,1082653c54d49e6aa03b83bde67fa144d05e593649866730f8841f0ec3b8984e,true,,2026-09-25T13:30:28.260Z,1
232,ARCH_0202,ARCH_0202.jpg,ARCH_0202.jpg,experiments/ARCH300/source/ARCH_0202.jpg,3872,2592,3770359,764ff1fcdb68f6b1b455facbaa199194b3e03e88956de8d1db7da7a80869ec1c,true,,2026-09-25T13:30:28.332Z,1
233,ARCH_0203,ARCH_0203.jpg,ARCH_0203.jpg,experiments/ARCH300/source/ARCH_0203.jpg,5312,2988,3718009,72b32d57e75cdaaf1923ab5d0868afdac01ba059ede968fe61d72059af4b083f,true,,2026-09-25T13:30:28.402Z,1
234,ARCH_0204,ARCH_0204.jpg,ARCH_0204.jpg,experiments/ARCH300/source/ARCH_0204.jpg,4000,5750,9194854,ac9d1733264bf61cff2b7528063acedf9904ac2393af141085c9354cb7d4b9d1,true,,2026-09-25T13:30:28.531Z,1
235,ARCH_0205,ARCH_0205.jpg,ARCH_0205.jpg,experiments/ARCH300/source/ARCH_0205.jpg,6000,4000,12744893,72fe87f64ac9a84d0df881b09977f43ab49e505af577985768b9bd09a3945ce0,true,,2026-09-25T13:30:28.725Z,1
236,ARCH_0206,ARCH_0206.jpg,ARCH_0206.jpg,experiments/ARCH300/source/ARCH_0206.jpg,7127,4751,12327554,16e795a8383a3d3534748057f2a45cba16c3b8d727dc2b263a7b7b675547b279,true,,2026-09-25T13:30:28.924Z,1
237,ARCH_0207,ARCH_0207.jpg,ARCH_0207.jpg,experiments/ARCH300/source/ARCH_0207.jpg,2048,3072,524044,e7c174374e2e2e288d9947149b88fb70c2cb265f521117067bf986ad1d05314c,true,,2026-09-25T13:30:28.965Z,1
238,ARCH_0208,ARCH_0208.jpg,ARCH_0208.jpg,experiments/ARCH300/source/ARCH_0208.jpg,3186,3028,2975532,db576d933d2ad1795dcb86c02ea03c1c66a9edd06cfb4f4b13478f43cedbd7ea,true,,2026-09-25T13:30:29.018Z,1
239,ARCH_0209,ARCH_0209.jpg,ARCH_0209.jpg,experiments/ARCH300/source/ARCH_0209.jpg,3251,4335,9441296,68bf14a62436cf904dc3d3c64482b4b1c51b19f3d2469b5704bb0a84b9b38c7d,true,,2026-09-25T13:30:29.154Z,1
240,ARCH_0210,ARCH_0210.jpg,ARCH_0210.jpg,experiments/ARCH300/source/ARCH_0210.jpg,4128,3096,4118579,d4e9cef4780d3b73faf4038b1f8e75bef77e39aa20703ff4862d2ab3d69b7827,true,,2026-09-25T13:30:29.235Z,1
241,ARCH_0211,ARCH_0211.jpg,ARCH_0211.jpg,experiments/ARCH300/source/ARCH_0211.jpg,5472,3648,4499588,5a2856dc0150f1d3516c787478e82c29d974a85e4f02c0efdbec8ddfce8b8595,true,,2026-09-25T13:30:29.310Z,1
242,ARCH_0212,ARCH_0212.jpg,ARCH_0212.jpg,experiments/ARCH300/source/ARCH_0212.jpg,4000,3000,3465389,8f0a6e3f7b5f0706f1cda56d85bbc1d69a7b73d074cc4dedf5b5877baab2a8c8,true,,2026-09-25T13:30:29.386Z,1
243,ARCH_0213,ARCH_0213.jpg,ARCH_0213.jpg,experiments/ARCH300/source/ARCH_0213.jpg,2896,1536,598869,9b8acb25fee09a780d7030918ed125c5da77344c6f0e2d174222baed11fc7fbf,true,,2026-09-25T13:30:29.404Z,1
244,ARCH_0214,ARCH_0214.jpg,ARCH_0214.jpg,experiments/ARCH300/source/ARCH_0214.jpg,4608,3456,3435310,d8ae0c77b059bba5a95ba3bc38fa17cb6d7e5e18dd58c267553d245deefc9d7f,true,,2026-09-25T13:30:29.464Z,1
245,ARCH_0215,ARCH_0215.jpg,ARCH_0215.jpg,experiments/ARCH300/source/ARCH_0215.jpg,5472,3648,16870926,4009b738e3d2370ef65123490441f1ec0e69d14cad6d5b7918168b5c9c402196,true,,2026-09-25T13:30:29.739Z,1
246,ARCH_0216,ARCH_0216.jpg,ARCH_0216.jpg,experiments/ARCH300/source/ARCH_0216.jpg,3648,2736,4160528,9a880903b9e23685ce6f5444f7a7afb765ada1cc2548497f1f5dc122820cb837,true,,2026-09-25T13:30:29.825Z,1
247,ARCH_0217,ARCH_0217.jpg,ARCH_0217.jpg,experiments/ARCH300/source/ARCH_0217.jpg,3264,2448,1719947,6e51099bdec6b7847a80dabd5eff047a34b18451bf403a88f998d0e9786d24d8,true,,2026-09-25T13:30:29.859Z,1
248,ARCH_0218,ARCH_0218.jpg,ARCH_0218.jpg,experiments/ARCH300/source/ARCH_0218.jpg,4912,3264,10379000,a2395de44257543c9403996d645d9d3546b363f991b8f52d25033ec91f7f3c51,true,,2026-09-25T13:30:30.000Z,1
249,ARCH_0219,ARCH_0219.jpg,ARCH_0219.jpg,experiments/ARCH300/source/ARCH_0219.jpg,3968,2976,5628056,e181fd468064f96eb06c767f74c9886dffff8e0e1f824dba6ce19e8e34bd6c8f,true,,2026-09-25T13:30:30.091Z,1
250,ARCH_0220,ARCH_0220.jpg,ARCH_0220.jpg,experiments/ARCH300/source/ARCH_0220.jpg,2790,1993,1279346,598f26fe1b11676302b055870ac549090382c019d59425f429c2a20044083fbf,true,,2026-09-25T13:30:30.120Z,1
251,ARCH_0221,ARCH_0221.jpg,ARCH_0221.jpg,experiments/ARCH300/source/ARCH_0221.jpg,5164,3443,9436672,5163b3e0a4362eca066d6cdc7caf022796c5c24b3b0f1dc923c3fbffadf72680,true,,2026-09-25T13:30:30.259Z,1
252,ARCH_0222,ARCH_0222.jpg,ARCH_0222.jpg,experiments/ARCH300/source/ARCH_0222.jpg,3648,2056,2065680,ecca6c9f84befedb8d77ea6dbd2790182d8b580a002796012f5df8131e3983ee,true,,2026-09-25T13:30:30.292Z,1
253,ARCH_0223,ARCH_0223.jpg,ARCH_0223.jpg,experiments/ARCH300/source/ARCH_0223.jpg,5427,3618,10269347,afb99439202df654860a8d1d7e31463092778fe55ae7f26bccc5f7f5797919b6,true,,2026-09-25T13:30:30.435Z,1
254,ARCH_0224,ARCH_0224.jpg,ARCH_0224.jpg,experiments/ARCH300/source/ARCH_0224.jpg,3456,2592,1999934,64329b7e85a8897afe4087982f1d7db4e2e892053e894ab056c8c96bd28e00ab,true,,2026-09-25T13:30:30.475Z,1
255,ARCH_0225,ARCH_0225.jpg,ARCH_0225.jpg,experiments/ARCH300/source/ARCH_0225.jpg,5154,4016,7364096,e0bc2eca5fb27ed15911b02f7835d142f1ccc747f6b50168afdf13285b7c02ef,true,,2026-09-25T13:30:30.582Z,1
256,ARCH_0226,ARCH_0226.jpg,ARCH_0226.jpg,experiments/ARCH300/source/ARCH_0226.jpg,4000,3000,2641347,cb92d0c68eeb53398826f9ed37704590cbbd2c502358a692e3c354f52cb1aee4,true,,2026-09-25T13:30:30.635Z,1
257,ARCH_0227,ARCH_0227.jpg,ARCH_0227.jpg,experiments/ARCH300/source/ARCH_0227.jpg,4167,2824,9952054,1850a74e633832a3296261c03f68200e08e576ddaf83f705c586062244db9d28,true,,2026-09-25T13:30:30.793Z,1
258,ARCH_0228,ARCH_0228.jpg,ARCH_0228.jpg,experiments/ARCH300/source/ARCH_0228.jpg,4032,3024,2911737,d2542d64cc0290e89a121dafccefd4ae5e04c8078530b92154d7732b496dfebf,true,,2026-09-25T13:30:30.855Z,1
259,ARCH_0229,ARCH_0229.jpg,ARCH_0229.jpg,experiments/ARCH300/source/ARCH_0229.jpg,2496,1664,2239051,0a3b2d2fb66fa71b39724fcc6cdc959a3983a50fe0469ce76c7bd97a8265a2c2,true,,2026-09-25T13:30:30.898Z,1
260,ARCH_0230,ARCH_0230.jpg,ARCH_0230.jpg,experiments/ARCH300/source/ARCH_0230.jpg,4730,3153,11193218,a2c6375945a31850b31c007d79f24001aa42f5b70bfbc9f341779baa64272b05,true,,2026-09-25T13:30:31.046Z,1
261,ARCH_0231,ARCH_0231.jpg,ARCH_0231.jpg,experiments/ARCH300/source/ARCH_0231.jpg,2816,2112,1449669,777388f1295212f16a57444944fa583535b77223fcfbc5a0d024e37fd28a1383,true,,2026-09-25T13:30:31.078Z,1
262,ARCH_0232,ARCH_0232.jpg,ARCH_0232.jpg,experiments/ARCH300/source/ARCH_0232.jpg,4256,2832,6873948,b57eb2c29d9530e80f8adac53a2771746070fcae681ffa39f624e3673aef5cb0,true,,2026-09-25T13:30:31.183Z,1
263,ARCH_0233,ARCH_0233.jpg,ARCH_0233.jpg,experiments/ARCH300/source/ARCH_0233.jpg,5184,3456,3786965,b9304662acaa15627f96d89ac92900ba25da21d8264c1a1ad7cb4722fda54cd1,true,,2026-09-25T13:30:31.245Z,1
264,ARCH_0234,ARCH_0234.jpg,ARCH_0234.jpg,experiments/ARCH300/source/ARCH_0234.jpg,3504,2336,3655583,3b054feb9faf4647a49b054b2bfb172faace4f5447e9beeddf63b7b99c00a6f3,true,,2026-09-25T13:30:31.315Z,1
265,ARCH_0235,ARCH_0235.jpg,ARCH_0235.jpg,experiments/ARCH300/source/ARCH_0235.jpg,4928,3264,6266482,234a68374940c27aabb2ca8f1236e0235190c6c8736925292799d481bb077749,true,,2026-09-25T13:30:31.402Z,1
266,ARCH_0236,ARCH_0236.jpg,ARCH_0236.jpg,experiments/ARCH300/source/ARCH_0236.jpg,3648,2736,2392409,7718012c8122cb8e26a6e6092cfff8721d9721950ada3bc1d1c8163231b7c003,true,,2026-09-25T13:30:31.453Z,1
267,ARCH_0237,ARCH_0237.jpg,ARCH_0237.jpg,experiments/ARCH300/source/ARCH_0237.jpg,5184,3456,6000697,c4dc822b67921f884d848539e697abe8f7c4ad80d5e3d338b4b74568f7eef603,true,,2026-09-25T13:30:31.562Z,1
268,ARCH_0238,ARCH_0238.jpg,ARCH_0238.jpg,experiments/ARCH300/source/ARCH_0238.jpg,5000,3365,4247901,2d9fb4a48238d44010654cc70f7c5f667eb9e737c62d584ac0af34e44de1c457,true,,2026-09-25T13:30:31.626Z,1
269,ARCH_0239,ARCH_0239.jpg,ARCH_0239.jpg,experiments/ARCH300/source/ARCH_0239.jpg,5695,3266,13727907,f03ee23e899a330516df618b08728b6b051d851940b64990196d6ea5f2507e69,true,,2026-09-25T13:30:31.823Z,1
270,ARCH_0240,ARCH_0240.jpg,ARCH_0240.jpg,experiments/ARCH300/source/ARCH_0240.jpg,5952,3968,8375595,dd96e43f6a27ad037f0d5c2de6af4bcbc4fde11f5a726ef8d61484e97f0f14b4,true,,2026-09-25T13:30:31.953Z,1
271,ARCH_0241,ARCH_0241.jpg,ARCH_0241.jpg,experiments/ARCH300/source/ARCH_0241.jpg,4800,3200,8600456,629dc2f81723de404fc92e0c853503dbcd7ec11bdccc1f3472be7d3a03d14413,true,,2026-09-25T13:30:32.058Z,1
272,ARCH_0242,ARCH_0242.jpg,ARCH_0242.jpg,experiments/ARCH300/source/ARCH_0242.jpg,4000,3000,4565216,12d3023e826d1bd3064d7d8643cd84c3831da9c7126e255a29fa9f3415d41516,true,,2026-09-25T13:30:32.134Z,1
273,ARCH_0243,ARCH_0243.jpg,ARCH_0243.jpg,experiments/ARCH300/source/ARCH_0243.jpg,3456,2304,5163912,55090c67572f3614c8530b81cd4191266456f91819fc6185b98c3cd5e11e0bfc,true,,2026-09-25T13:30:32.219Z,1
274,ARCH_0244,ARCH_0244.jpg,ARCH_0244.jpg,experiments/ARCH300/source/ARCH_0244.jpg,4752,3168,2497149,0a7a7251bb51968848721e43100a6f21e0a8c6017c34b6304ad02d74f02c4767,true,,2026-09-25T13:30:32.261Z,1
275,ARCH_0245,ARCH_0245.jpg,ARCH_0245.jpg,experiments/ARCH300/source/ARCH_0245.jpg,6512,4341,16396365,3d037281fe997769cff678cf35f1b8def2adbff756eaef091f66de1a9e294abf,true,,2026-09-25T13:30:32.701Z,1
276,ARCH_0246,ARCH_0246.jpg,ARCH_0246.jpg,experiments/ARCH300/source/ARCH_0246.jpg,4032,3024,2701364,445ea6c05d39dbed3488d37496abe8fdf58c57b1339cdb0ac42375d14e476e7e,true,,2026-09-25T13:30:32.762Z,1
277,ARCH_0247,ARCH_0247.jpg,ARCH_0247.jpg,experiments/ARCH300/source/ARCH_0247.jpg,4224,2376,3680842,1254c65b057776ab0d0b297d03361ebc070bff425c4e51e81d16f797da0bf20b,true,,2026-09-25T13:30:32.816Z,1
278,ARCH_0248,ARCH_0248.jpg,ARCH_0248.jpg,experiments/ARCH300/source/ARCH_0248.jpg,4288,3216,4291596,1be73517cb0d7324fb30e7be4b4f3cb2316c85e3a1703480342badd32369f55f,true,,2026-09-25T13:30:32.892Z,1
279,ARCH_0249,ARCH_0249.jpg,ARCH_0249.jpg,experiments/ARCH300/source/ARCH_0249.jpg,4000,3000,3083116,ce91a87c8fb4b6da9aae0ecf942aff268ec257b00bc2d8325d8b0328745229a7,true,,2026-09-25T13:30:32.950Z,1
280,ARCH_0250,ARCH_0250.jpg,ARCH_0250.jpg,experiments/ARCH300/source/ARCH_0250.jpg,6000,4000,6977280,dab48f892bc758660161f2c49a106b75f2d197086245bee423e05833a40b0a05,true,,2026-09-25T13:30:33.048Z,1
281,ARCH_0251,ARCH_0251.jpg,ARCH_0251.jpg,experiments/ARCH300/source/ARCH_0251.jpg,6466,4311,12478288,0e182f4deee49d767a6135200d136a91b90134bdad96ebf4412e446714590e60,true,,2026-09-25T13:30:33.256Z,1
282,ARCH_0252,ARCH_0252.jpg,ARCH_0252.jpg,experiments/ARCH300/source/ARCH_0252.jpg,4928,3264,3290863,0d7f8cc8e9c5ebb5ba48722eb618d671a6e9cdb48a0a3b0de0a24b742406e13e,true,,2026-09-25T13:30:33.331Z,1
283,ARCH_0253,ARCH_0253.jpg,ARCH_0253.jpg,experiments/ARCH300/source/ARCH_0253.jpg,6000,4000,3725297,964164e1b235e0b4212c67decc923796f7790b22c44d8133f43df81d0fd894c5,true,,2026-09-25T13:30:33.403Z,1
284,ARCH_0254,ARCH_0254.jpg,ARCH_0254.jpg,experiments/ARCH300/source/ARCH_0254.jpg,6000,4000,7405568,4470a1fa086792fdc99de7f9f6aaf69060a96c6c9037f95daf03009951dd65af,true,,2026-09-25T13:30:33.515Z,1
285,ARCH_0255,ARCH_0255.jpg,ARCH_0255.jpg,experiments/ARCH300/source/ARCH_0255.jpg,5472,3648,12979435,c845b0be9942e5a7bd03916ab448b797e57be576c9bdee49922321eec92f24f3,true,,2026-09-25T13:30:33.704Z,1
286,ARCH_0256,ARCH_0256.jpg,ARCH_0256.jpg,experiments/ARCH300/source/ARCH_0256.jpg,5780,4682,21223083,7f5d7145e7244ba123e167b771a556fb729fa56c1caf2f4a8f8f29b93a223a5f,true,,2026-09-25T13:30:33.992Z,1
287,ARCH_0257,ARCH_0257.jpg,ARCH_0257.jpg,experiments/ARCH300/source/ARCH_0257.jpg,5472,3648,6201600,457341a78ee2bef82e81c52f689b5c1d91ab1e3ba9a17c2130c199f5eb91ea02,true,,2026-09-25T13:30:34.084Z,1
288,ARCH_0258,ARCH_0258.jpg,ARCH_0258.jpg,experiments/ARCH300/source/ARCH_0258.jpg,5184,3456,7261222,eacfdc08a3539035a2802b7cb5961e8a7df260308eda18168c07a2d1b84b0a3f,true,,2026-09-25T13:30:34.198Z,1
289,ARCH_0259,ARCH_0259.jpg,ARCH_0259.jpg,experiments/ARCH300/source/ARCH_0259.jpg,2592,1944,2501253,e4cb332ab2c8f6651cf3f07731c6068a31fa3052b0111acf1945e579f9ca8a8b,true,,2026-09-25T13:30:34.244Z,1
290,ARCH_0260,ARCH_0260.jpg,ARCH_0260.jpg,experiments/ARCH300/source/ARCH_0260.jpg,6000,4000,7292519,760f333761ea062d354d1861104c1f4b7d2cf4bebe6d0fe80a2d2e6bd7c98d7f,true,,2026-09-25T13:30:34.377Z,1
291,ARCH_0261,ARCH_0261.jpg,ARCH_0261.jpg,experiments/ARCH300/source/ARCH_0261.jpg,5410,3607,14616583,13c208701b4d33c79b8a8796bad9842492237d70dde9e0f9d1abfec0701dfe7d,true,,2026-09-25T13:30:34.601Z,1
292,ARCH_0262,ARCH_0262.jpg,ARCH_0262.jpg,experiments/ARCH300/source/ARCH_0262.jpg,5784,3931,21367156,ded489a1c5a09e795c955ae3ce6155124fd1e23eef09e0bbedb38dfb1c7282af,true,,2026-09-25T13:30:34.911Z,1
293,ARCH_0263,ARCH_0263.jpg,ARCH_0263.jpg,experiments/ARCH300/source/ARCH_0263.jpg,5203,3469,9471675,8f64644e0e1a3bbbea6e528edc215dc959a69058a19fe3294af86b29074aff93,true,,2026-09-25T13:30:35.044Z,1
294,ARCH_0264,ARCH_0264.jpg,ARCH_0264.jpg,experiments/ARCH300/source/ARCH_0264.jpg,7734,3867,11395038,3c2cc7062a5fd2a7bacd81ddbefa79e02ee38a1c518086c9db7201784ee6d0c6,true,,2026-09-25T13:30:35.210Z,1
295,ARCH_0265,ARCH_0265.jpg,ARCH_0265.jpg,experiments/ARCH300/source/ARCH_0265.jpg,4608,3456,4812382,4a70fc01bbe5003f235ab3926c1ebe2ca3a83db1b4a2d31f75889ea6830c8de9,true,,2026-09-25T13:30:35.276Z,1
296,ARCH_0266,ARCH_0266.jpg,ARCH_0266.jpg,experiments/ARCH300/source/ARCH_0266.jpg,4608,3456,6448128,d3d28baa9be5605d1472f7e598d952cbc9225c8e4af5a9ab8765fb3e2f3bdee9,true,,2026-09-25T13:30:35.361Z,1
297,ARCH_0267,ARCH_0267.jpg,ARCH_0267.jpg,experiments/ARCH300/source/ARCH_0267.jpg,6000,4000,9404416,5663c8f52577ee8ff0d4d03db19126435fd85a76c1bb046e3564a27a7d9ce5cc,true,,2026-09-25T13:30:35.502Z,1
298,ARCH_0268,ARCH_0268.jpg,ARCH_0268.jpg,experiments/ARCH300/source/ARCH_0268.jpg,5184,3456,4372000,f44bb3707ed5752205374a5f92057c415bea9b33b18f781c9a36a0c37b13e861,true,,2026-09-25T13:30:35.575Z,1
299,ARCH_0269,ARCH_0269.jpg,ARCH_0269.jpg,experiments/ARCH300/source/ARCH_0269.jpg,4472,3354,10079140,908c7c03a15ef5ecb317c630e6551752be5ba1bfda90ea420823ee9b605ef950,true,,2026-09-25T13:30:35.985Z,1
300,ARCH_0270,ARCH_0270.jpg,ARCH_0270.jpg,experiments/ARCH300/source/ARCH_0270.jpg,5090,2840,9286971,45f1790c4311e47387aa9c5e2edea5a542409ca4bba3bfa954dfdb595b740ece,true,,2026-09-25T13:30:36.139Z,1
301,ARCH_0271,ARCH_0271.jpg,ARCH_0271.jpg,experiments/ARCH300/source/ARCH_0271.jpg,4032,3024,1956926,30f98bdbb6bc71c56c49312bf7725b736e6da28510d2c79db121d5815609ca00,true,,2026-09-25T13:30:36.184Z,1
302,ARCH_0272,ARCH_0272.jpg,ARCH_0272.jpg,experiments/ARCH300/source/ARCH_0272.jpg,6720,4480,13529983,9ea90488a688db4680ca01aaa5ce0a6b634c5754feb16ea6ec90eae7f4b17bba,true,,2026-09-25T13:30:36.398Z,1
303,ARCH_0273,ARCH_0273.jpg,ARCH_0273.jpg,experiments/ARCH300/source/ARCH_0273.jpg,5536,3683,8692366,916a999f94008a4379578fcdc8556acff0ddbff1f4479500460c993cf7e18d1d,true,,2026-09-25T13:30:36.542Z,1
304,ARCH_0274,ARCH_0274.jpg,ARCH_0274.jpg,experiments/ARCH300/source/ARCH_0274.jpg,5472,3648,7853561,04c99912a590ec46ebc5f8faf907d96b97183d97757be5c91051e6fa0429839d,true,,2026-09-25T13:30:36.662Z,1
305,ARCH_0275,ARCH_0275.jpg,ARCH_0275.jpg,experiments/ARCH300/source/ARCH_0275.jpg,4896,3672,2640869,677366a5d1b3c282fd03d0c2a839deedac4706517dc141df815d00a1bdfeda78,true,,2026-09-25T13:30:36.704Z,1
306,ARCH_0276,ARCH_0276.jpg,ARCH_0276.jpg,experiments/ARCH300/source/ARCH_0276.jpg,4032,3024,1900802,26d59db4099d5be04cb7a6539e6d8997198b8c92edb43379be12c47ddbe67fd0,true,,2026-09-25T13:30:36.741Z,1
307,ARCH_0277,ARCH_0277.jpg,ARCH_0277.jpg,experiments/ARCH300/source/ARCH_0277.jpg,3500,2333,4636327,137e35d0587d88273b81566ad59143add6dd950d81fe0006782c8d9576d4270d,true,,2026-09-25T13:30:36.820Z,1
308,ARCH_0278,ARCH_0278.jpg,ARCH_0278.jpg,experiments/ARCH300/source/ARCH_0278.jpg,4160,3120,4720316,6234c579a4f98b84185e3ca7d46be58e22a178e0d73bcd59f2718169c06e7b62,true,,2026-09-25T13:30:36.886Z,1
309,ARCH_0279,ARCH_0279.jpg,ARCH_0279.jpg,experiments/ARCH300/source/ARCH_0279.jpg,4000,3000,2556339,392f8f4b46a4f85e59a6a47dcd573d7271dc824e652ad74dc3dd844dc8b9d108,true,,2026-09-25T13:30:36.933Z,1
310,ARCH_0280,ARCH_0280.jpg,ARCH_0280.jpg,experiments/ARCH300/source/ARCH_0280.jpg,2048,1356,1612483,4696d78689987ac4b8ae0635150af4f407ff97c9ad5565a694792f24788e8ddb,true,,2026-09-25T13:30:36.961Z,1
311,ARCH_0281,ARCH_0281.jpg,ARCH_0281.jpg,experiments/ARCH300/source/ARCH_0281.jpg,4608,3456,5105695,b2920eb7ae0653ad322aa8d2b9467873a370775f29585a73269e7b11140109c7,true,,2026-09-25T13:30:37.033Z,1
312,ARCH_0282,ARCH_0282.jpg,ARCH_0282.jpg,experiments/ARCH300/source/ARCH_0282.jpg,6366,4244,9061054,740a7752511ccf0012c15d5057d983b5bbc5ddef54a24743a5f9d797dd5de856,true,,2026-09-25T13:30:37.173Z,1
313,ARCH_0283,ARCH_0283.jpg,ARCH_0283.jpg,experiments/ARCH300/source/ARCH_0283.jpg,5307,4226,10918113,b1b372c4f0af4ec21ba84e13a8801490be0d5fef43ea73a22c150a7fae715497,true,,2026-09-25T13:30:37.348Z,1
314,ARCH_0284,ARCH_0284.jpg,ARCH_0284.jpg,experiments/ARCH300/source/ARCH_0284.jpg,5400,3650,7095056,c17d5954429ce9fa8eef08eebaa14955dbd6b10bc47b175555be2b212710b554,true,,2026-09-25T13:30:37.459Z,1
315,ARCH_0285,ARCH_0285.jpg,ARCH_0285.jpg,experiments/ARCH300/source/ARCH_0285.jpg,4000,2248,2087937,1e95c7c52e90c7b9df856f2c0ccea64b9c4c17e8c4a8e05cab6ef6971762b06b,true,,2026-09-25T13:30:37.504Z,1
316,ARCH_0286,ARCH_0286.jpg,ARCH_0286.jpg,experiments/ARCH300/source/ARCH_0286.jpg,6192,4128,21065188,df9b86f7897a3e64e2bc6b5ee7e94e92041bc9b5c049e94bfa22a8880f771daa,true,,2026-09-25T13:30:37.769Z,1
317,ARCH_0287,ARCH_0287.jpg,ARCH_0287.jpg,experiments/ARCH300/source/ARCH_0287.jpg,4000,2252,4167476,d6779d912aca9b6d6efb9503500c708e7d99fc41fbd841bcf928a7558dc4ec5f,true,,2026-09-25T13:30:37.839Z,1
318,ARCH_0288,ARCH_0288.jpg,ARCH_0288.jpg,experiments/ARCH300/source/ARCH_0288.jpg,8616,5749,8906107,a49a888bb55127ade881e40ed02f3614e695c3dccb920e0e812531a932967c34,true,,2026-09-25T13:30:38.006Z,1
319,ARCH_0289,ARCH_0289.jpg,ARCH_0289.jpg,experiments/ARCH300/source/ARCH_0289.jpg,8256,5504,21081974,773944d90403bd5c590f95587f68546532ca4fea7e7f53ce6b01758a2cb8dca2,true,,2026-09-25T13:30:38.351Z,1
320,ARCH_0290,ARCH_0290.jpg,ARCH_0290.jpg,experiments/ARCH300/source/ARCH_0290.jpg,2252,3264,1609522,a64fabb77c9357348e6fb248374edad791a7c2c69a917878aa5b2bad5fdf1a9d,true,,2026-09-25T13:30:38.385Z,1
321,ARCH_0291,ARCH_0291.jpg,ARCH_0291.jpg,experiments/ARCH300/source/ARCH_0291.jpg,3984,2656,2667547,8faea15685598ea522b2d8d260bf7bfb371570651ca622d3c21d9623a86b6637,true,,2026-09-25T13:30:38.440Z,1
322,ARCH_0292,ARCH_0292.jpg,ARCH_0292.jpg,experiments/ARCH300/source/ARCH_0292.jpg,3883,2519,1362328,d128a00f52ef5b6b0170378d0443689da7fa26c5b1ece24ae7739e1988e95697,true,,2026-09-25T13:30:38.475Z,1
323,ARCH_0293,ARCH_0293.jpg,ARCH_0293.jpg,experiments/ARCH300/source/ARCH_0293.jpg,4288,2848,6638865,e906bca12e270c90fdce2aa93a6536b42e37339b720bb1609be11ed9c343c86d,true,,2026-09-25T13:30:38.566Z,1
324,ARCH_0294,ARCH_0294.jpg,ARCH_0294.jpg,experiments/ARCH300/source/ARCH_0294.jpg,6020,4013,19686643,ef4642163d2d66734690b5de811a61c327af46b7672b1641edc2d7eb933e3908,true,,2026-09-25T13:30:38.819Z,1
325,ARCH_0295,ARCH_0295.jpg,ARCH_0295.jpg,experiments/ARCH300/source/ARCH_0295.jpg,5869,3915,8830792,239cb4f61b1fb72dd851d61dcc5a714ec2f69cc5ef2fed31e15ff1eca9c364e6,true,,2026-09-25T13:30:38.961Z,1
326,ARCH_0296,ARCH_0296.jpg,ARCH_0296.jpg,experiments/ARCH300/source/ARCH_0296.jpg,3648,2736,1595789,4ce1ed623e1533446190825af9e8f0f9d670e692327bf5f9ecba20961c1cc6c6,true,,2026-09-25T13:30:39.004Z,1
327,ARCH_0297,ARCH_0297.jpg,ARCH_0297.jpg,experiments/ARCH300/source/ARCH_0297.jpg,5400,3992,12858624,de4b45138bcf571775a2bd0c5a17455218a7ce331d93f1ae7a62452068201305,true,,2026-09-25T13:30:39.193Z,1
328,ARCH_0298,ARCH_0298.jpg,ARCH_0298.jpg,experiments/ARCH300/source/ARCH_0298.jpg,5501,3656,21850096,7f29e799b02c2a321f20209249ea88375a2938b4c6c4939a4673389d6437023d,true,,2026-09-25T13:30:39.513Z,1
329,ARCH_0299,ARCH_0299.jpg,ARCH_0299.jpg,experiments/ARCH300/source/ARCH_0299.jpg,4434,3325,12775722,a932c7010ecf19df4b38d59ece6cf34c5924bf820cccd451948659d528142b59,true,,2026-09-25T13:30:39.677Z,1
330,ARCH_0300,ARCH_0300.jpg,ARCH_0300.jpg,experiments/ARCH300/source/ARCH_0300.jpg,5759,3842,6792180,8ac96ba059349a7b14f563d092d9e90f04e5529c1e033db0ba76bf2924b50d7c,true,,2026-09-25T13:30:39.821Z,1
331,ARCH_0301,ARCH_0301.jpg,ARCH_0301.jpg,experiments/ARCH300/source/ARCH_0301.jpg,5221,3481,7371574,b51c1b516ada7fdb7b860a4f2658681a48e6585c6f5c5c2f33021759d024b313,true,,2026-09-26T13:45:55.147Z,2
332,ARCH_0302,ARCH_0302.jpg,ARCH_0302.jpg,experiments/ARCH300/source/ARCH_0302.jpg,3464,2309,3994760,631d569d064b226cff07738af5995201941b705880e9f0046bca9f3a518e3ff0,true,,2026-09-26T13:45:55.190Z,2
333,ARCH_0303,ARCH_0303.jpg,ARCH_0303.jpg,experiments/ARCH300/source/ARCH_0303.jpg,2500,1555,2396923,fa6a6e69ef4e665f72ddb0819c03e4ec8247360dc9e4f3dcd86ea7b771e9a9b4,true,,2026-09-26T13:45:55.203Z,2
334,ARCH_0304,ARCH_0304.jpg,ARCH_0304.jpg,experiments/ARCH300/source/ARCH_0304.jpg,8804,5330,9732574,293461d418f02e298c301ab6c72b25ae7f52184ab43c671c5498077a2f0523b0,true,,2026-09-26T13:45:55.251Z,2
335,ARCH_0305,ARCH_0305.jpg,ARCH_0305.jpg,experiments/ARCH300/source/ARCH_0305.jpg,4272,2848,4949242,96560c58b45acef6655db7c5389967f8db6b06f5bbcf94712cfd433f92d12647,true,,2026-09-26T13:45:55.277Z,2
336,ARCH_0306,ARCH_0306.jpg,ARCH_0306.jpg,experiments/ARCH300/source/ARCH_0306.jpg,3264,1836,2641447,edb4c4733c81c74215cf211a66fd42ecd44330d37b800e5b740c4ed59c2d41ef,true,,2026-09-26T13:45:55.301Z,2
337,ARCH_0307,ARCH_0307.jpg,ARCH_0307.jpg,experiments/ARCH300/source/ARCH_0307.jpg,2400,1600,3195917,9387bf7b142706fd5b50ba3c3ff8a1080caf2222d3d2df180e56c22edb751ca3,true,,2026-09-26T13:45:55.315Z,2
338,ARCH_0308,ARCH_0308.jpg,ARCH_0308.jpg,experiments/ARCH300/source/ARCH_0308.jpg,3072,2304,1608095,f8943c0ebece0f844bc0f8c02d10796bff5e56d3c21a83607b509da93fe4d886,true,,2026-09-26T13:45:55.328Z,2
339,ARCH_0309,ARCH_0309.jpg,ARCH_0309.jpg,experiments/ARCH300/source/ARCH_0309.jpg,3940,2955,3561804,92ef8aea10b727215ac54c82dd75e6ddeb68f0485d5b84bb96e63229701a6879,true,,2026-09-26T13:45:55.349Z,2
340,ARCH_0310,ARCH_0310.jpg,ARCH_0310.jpg,experiments/ARCH300/source/ARCH_0310.jpg,2447,3661,3579641,7cd968226b79ff7013be55bc78d1185e427facab2aec58bb5b06b675559390cd,true,,2026-09-26T13:45:55.364Z,2
341,ARCH_0311,ARCH_0311.jpg,ARCH_0311.jpg,experiments/ARCH300/source/ARCH_0311.jpg,5184,3888,4837418,f16ff625f0c5886afabe5a6b845492af6e8f36eb678ce0ef83b01726260a9aa8,true,,2026-09-26T13:45:55.385Z,2
342,ARCH_0312,ARCH_0312.jpg,ARCH_0312.jpg,experiments/ARCH300/source/ARCH_0312.jpg,4961,3657,12871516,c74f69c8084ff4e379f2f8b862344f323ee433dd14ec7b0e10c9b1b08300c966,true,,2026-09-26T13:45:55.441Z,2
343,ARCH_0313,ARCH_0313.jpg,ARCH_0313.jpg,experiments/ARCH300/source/ARCH_0313.jpg,5184,3456,8130297,226d75194d96b9c9e7176f5b61ebff4cf23e6eab8c4b2ea5834fe2b43d275c54,true,,2026-09-26T13:45:55.476Z,2
344,ARCH_0314,ARCH_0314.jpg,ARCH_0314.jpg,experiments/ARCH300/source/ARCH_0314.jpg,2982,2030,3556885,1e25456e71ce0384a74f343d8a7af7f7d0b951d74784084a5cbe778367aadc25,true,,2026-09-26T13:45:55.490Z,2
345,ARCH_0315,ARCH_0315.jpg,ARCH_0315.jpg,experiments/ARCH300/source/ARCH_0315.jpg,5484,4387,17338629,87ca31ae17e9e53302c0dd83af437ad2d7cecc056d71fbabd7289ee36a6ad056,true,,2026-09-26T13:45:55.581Z,2
346,ARCH_0316,ARCH_0316.jpg,ARCH_0316.jpg,experiments/ARCH300/source/ARCH_0316.jpg,4291,2933,2691293,0005cb26f32b0ff6bdc19f5739d29299d432f6d7a310f8e0323eb86ba222b4a9,true,,2026-09-26T13:45:55.612Z,2
347,ARCH_0317,ARCH_0317.jpg,ARCH_0317.jpg,experiments/ARCH300/source/ARCH_0317.jpg,4168,2704,2144290,6f738b8847a215c2957372a636b913bdc7c2a30470b428ac12e2151adc7bf4f2,true,,2026-09-26T13:45:55.636Z,2
348,ARCH_0318,ARCH_0318.jpg,ARCH_0318.jpg,experiments/ARCH300/source/ARCH_0318.jpg,3872,2592,1133210,4f529d414832ca5276d94a44ac07e91834c8fa861b261d27248f07a6910721ce,true,,2026-09-26T13:45:55.645Z,2
349,ARCH_0319,ARCH_0319.jpg,ARCH_0319.jpg,experiments/ARCH300/source/ARCH_0319.jpg,3203,4591,1324592,d196042860071162b310ad631983db817660130af12fc3eb2ff63961ef583108,true,,2026-09-26T13:45:55.652Z,2
350,ARCH_0320,ARCH_0320.jpg,ARCH_0320.jpg,experiments/ARCH300/source/ARCH_0320.jpg,4985,2907,19444483,48bed40bd87ef518addfe9838d96931d1b7f8790a84c63d4bfeb955427e77410,true,,2026-09-26T13:45:55.831Z,2
351,ARCH_0321,ARCH_0321.jpg,ARCH_0321.jpg,experiments/ARCH300/source/ARCH_0321.jpg,5509,3875,14563897,65d1821c824fb5058fd574200ed03295301a5855a0cde373a857538ceadde0ac,true,,2026-09-26T13:45:55.961Z,2
352,ARCH_0322,ARCH_0322.jpg,ARCH_0322.jpg,experiments/ARCH300/source/ARCH_0322.jpg,5984,3989,13566135,0709f133fa70ae30150048a8eeb4daf11ef524c5cd06becada27e56779ee489e,true,,2026-09-26T13:45:56.022Z,2
353,ARCH_0323,ARCH_0323.jpg,ARCH_0323.jpg,experiments/ARCH300/source/ARCH_0323.jpg,5472,3648,11295663,3f867b3816da1b6f6ac84d33c14db26bd05fc617e43d97accdb5f8b31fc14f7e,true,,2026-09-26T13:45:56.066Z,2
354,ARCH_0324,ARCH_0324.jpg,ARCH_0324.jpg,experiments/ARCH300/source/ARCH_0324.jpg,2003,3000,2207855,cd89dd3ffbf65efa1f3acf36d5e111633682828836c84eaa9680f6c714d38d04,true,,2026-09-26T13:45:56.082Z,2
355,ARCH_0325,ARCH_0325.jpg,ARCH_0325.jpg,experiments/ARCH300/source/ARCH_0325.jpg,5472,3648,10225220,a33fa63d0856f43a5634f52031817e8cf957de42423be29906a9066629a3af27,true,,2026-09-26T13:45:56.166Z,2
356,ARCH_0326,ARCH_0326.jpg,ARCH_0326.jpg,experiments/ARCH300/source/ARCH_0326.jpg,12000,9000,53622120,45a50428c8c2838af379d2f0d9c9f4c2c61e2d469999cb775da02ef339aa0822,true,,2026-09-26T13:45:56.866Z,2
357,ARCH_0327,ARCH_0327.jpg,ARCH_0327.jpg,experiments/ARCH300/source/ARCH_0327.jpg,2272,1704,1494759,932703ae504ee08d4d7b2d77d9d5bd37fc0686170305e8a69e5be76181d3f3e0,true,,2026-09-26T13:45:56.878Z,2
358,ARCH_0328,ARCH_0328.jpg,ARCH_0328.jpg,experiments/ARCH300/source/ARCH_0328.jpg,2328,2079,1608931,2562dcbc4d0deb7bc6941e834f6c740c988dbff23dad052fb50e9a33226694df,true,,2026-09-26T13:45:56.888Z,2
359,ARCH_0329,ARCH_0329.jpg,ARCH_0329.jpg,experiments/ARCH300/source/ARCH_0329.jpg,3872,2592,5452111,70a95a87564081effdb102cf88b125a9207d178ab5d5db57d37c4e869cb575ac,true,,2026-09-26T13:45:56.929Z,2
360,ARCH_0330,ARCH_0330.jpg,ARCH_0330.jpg,experiments/ARCH300/source/ARCH_0330.jpg,5760,3434,4288879,c5c446bc5aa3a257df1214061e16905313b19c211b95dfebaf83136d0d663b81,true,,2026-09-26T13:45:56.960Z,2
361,ARCH_0331,ARCH_0331.jpg,ARCH_0331.jpg,experiments/ARCH300/source/ARCH_0331.jpg,4288,2848,7106933,1001de106f554ad26b5606fdedcdedc7ba33e00f0259d05bc31fb7598e61b9b2,true,,2026-09-26T13:45:56.996Z,2
362,ARCH_0332,ARCH_0332.jpg,ARCH_0332.jpg,experiments/ARCH300/source/ARCH_0332.jpg,2500,1543,2696434,80631f6df35bfd61a3c3d45e6c4a8d04f8868e5a86552bd28dd5ac451d1a6b23,true,,2026-09-26T13:45:57.013Z,2
363,ARCH_0333,ARCH_0333.jpg,ARCH_0333.jpg,experiments/ARCH300/source/ARCH_0333.jpg,6000,4000,16337565,a22fd98d144cd2f7a27d2ae4a4eec38c2a3acec4c2cc94c030b1d960bd5aeaf2,true,,2026-09-26T13:45:57.080Z,2
364,ARCH_0334,ARCH_0334.jpg,ARCH_0334.jpg,experiments/ARCH300/source/ARCH_0334.jpg,4169,2769,3597137,1ef834392a46e6966ec68d22c64549348f5bfba9120c8fde7557d011154d5e1c,true,,2026-09-26T13:45:57.106Z,2
365,ARCH_0335,ARCH_0335.jpg,ARCH_0335.jpg,experiments/ARCH300/source/ARCH_0335.jpg,5456,3632,5921280,88850c0632d639b2781f96a9bdb4aa57077a78b9c7f28dc897a19772e3a231fc,true,,2026-09-26T13:45:57.136Z,2
366,ARCH_0336,ARCH_0336.jpg,ARCH_0336.jpg,experiments/ARCH300/source/ARCH_0336.jpg,4896,3672,4068764,3e6a7bae3fd957bd1169ceadebead5dde6980b5681a0be772945828bfe845227,true,,2026-09-26T13:45:57.153Z,2
367,ARCH_0337,ARCH_0337.jpg,ARCH_0337.jpg,experiments/ARCH300/source/ARCH_0337.jpg,5184,3888,5314750,c074bfefc2587740d26e3daf249bfaf14c92ce8e314d3d2cbd1101e3728629fc,true,,2026-09-26T13:45:57.194Z,2
368,ARCH_0338,ARCH_0338.jpg,ARCH_0338.jpg,experiments/ARCH300/source/ARCH_0338.jpg,6000,3582,15269121,c758b4a65d0999945ae2ea782d40974c882b9975aabfcb59894d3f011c957be2,true,,2026-09-26T13:45:57.260Z,2
369,ARCH_0339,ARCH_0339.jpg,ARCH_0339.jpg,experiments/ARCH300/source/ARCH_0339.jpg,5044,3642,12296729,a4bc1dbc6c8a41e5f7c950a64fea3b39c164954d22e3c6adad558bcf7b51f9ab,true,,2026-09-26T13:45:57.328Z,2
370,ARCH_0340,ARCH_0340.jpg,ARCH_0340.jpg,experiments/ARCH300/source/ARCH_0340.jpg,3872,2560,4223657,1f37a8de59ddab54917af10277a88692d6048c3c589a382290737345cee36dce,true,,2026-09-26T13:45:57.344Z,2
371,ARCH_0341,ARCH_0341.jpg,ARCH_0341.jpg,experiments/ARCH300/source/ARCH_0341.jpg,8368,5584,51460644,0709af01b88c924a473c9ef8c7c8f7a0b2b0ef4dabbeaed79b37a1aab17413b5,true,,2026-09-26T13:45:58.117Z,2
372,ARCH_0342,ARCH_0342.jpg,ARCH_0342.jpg,experiments/ARCH300/source/ARCH_0342.jpg,9329,6977,28615750,07dd1bc6d78fac476519fd18b21140550bcb89b30e1ce2cf4cdbef9ada313fe4,true,,2026-09-26T13:45:58.491Z,2
373,ARCH_0343,ARCH_0343.jpg,ARCH_0343.jpg,experiments/ARCH300/source/ARCH_0343.jpg,4000,3000,2555677,227bf6186c58d3d88c34cbe98be6e37177c928bff5849e2ca786573fcf8ab335,true,,2026-09-26T13:45:58.517Z,2
374,ARCH_0344,ARCH_0344.jpg,ARCH_0344.jpg,experiments/ARCH300/source/ARCH_0344.jpg,4000,3000,3535249,ceafe2a98f0154d27e36456f77ea43d94efe4a4607a7ebc469c02d76aeec3c4b,true,,2026-09-26T13:45:58.542Z,2
375,ARCH_0345,ARCH_0345.jpg,ARCH_0345.jpg,experiments/ARCH300/source/ARCH_0345.jpg,6000,4000,4894950,02b50894ace35d2d603826d4d25653f7f55c72589f82dc979ca397c6b578932a,true,,2026-09-26T13:45:58.573Z,2
376,ARCH_0346,ARCH_0346.jpg,ARCH_0346.jpg,experiments/ARCH300/source/ARCH_0346.jpg,3072,2304,2201658,8a2404413c4c01411a21e586fe5e77b8d5d27ed82aac14755b4e25e117735110,true,,2026-09-26T13:45:58.604Z,2
377,ARCH_0347,ARCH_0347.jpg,ARCH_0347.jpg,experiments/ARCH300/source/ARCH_0347.jpg,5184,3888,6313982,79be14dab57c0ff13f8b8d9d20635478187974a6b94e61f9d5f4a83404da4355,true,,2026-09-26T13:45:58.632Z,2
378,ARCH_0348,ARCH_0348.jpg,ARCH_0348.jpg,experiments/ARCH300/source/ARCH_0348.jpg,4000,2667,3312310,326847558887ca3a886de9ef6992284a34df7522be79fe6c0b6da3725bc6bf73,true,,2026-09-26T13:45:58.651Z,2
379,ARCH_0349,ARCH_0349.jpg,ARCH_0349.jpg,experiments/ARCH300/source/ARCH_0349.jpg,4080,3060,3573146,1530263cded645ed036c45c5cf92324b78353ecd99bb3fd65e04f2cfafb5dc97,true,,2026-09-26T13:45:58.674Z,2
380,ARCH_0350,ARCH_0350.jpg,ARCH_0350.jpg,experiments/ARCH300/source/ARCH_0350.jpg,4032,2671,2317837,6a29b321490b63893020d5568fafbf2ca0e74573286a2908bc664fba0911b8aa,true,,2026-09-26T13:45:58.687Z,2
381,ARCH_0351,ARCH_0351.jpg,ARCH_0351.jpg,experiments/ARCH300/source/ARCH_0351.jpg,3648,2736,5879104,0a75d664a9d14418fe4e550722a0b5db738cb244b61eb9d099926bdccb28fdfb,true,,2026-09-26T13:45:58.722Z,2
382,ARCH_0352,ARCH_0352.jpg,ARCH_0352.jpg,experiments/ARCH300/source/ARCH_0352.jpg,4896,3672,6821133,25bc319e98a2ddcc88833848b5c8f6829405f40d015501cfcf5d0e809ccc74ba,true,,2026-09-26T13:45:58.748Z,2
383,ARCH_0353,ARCH_0353.jpg,ARCH_0353.jpg,experiments/ARCH300/source/ARCH_0353.jpg,6960,4640,17419364,7831ad4269680964d25611beca6cd6d065bca68faab09e63ac4fb15ee78d066e,true,,2026-09-26T13:45:58.917Z,2
384,ARCH_0354,ARCH_0354.jpg,ARCH_0354.jpg,experiments/ARCH300/source/ARCH_0354.jpg,4592,3125,8013632,8873058fd6ebc5cbff1ce9fe19e245ef67e12a81b95455c1e0f1113721a1454b,true,,2026-09-26T13:45:58.946Z,2
385,ARCH_0355,ARCH_0355.jpg,ARCH_0355.jpg,experiments/ARCH300/source/ARCH_0355.jpg,2904,1297,1646759,c5a5cc633ab6121a3e0f2540f36ad56ef4cff107192d2869e214d37369257c3f,true,,2026-09-26T13:45:58.958Z,2
386,ARCH_0356,ARCH_0356.jpg,ARCH_0356.jpg,experiments/ARCH300/source/ARCH_0356.jpg,8160,6144,11808339,a08255368866cd2e887e53f3979030c9cd0dfbc6998445b93f854c507d493b15,true,,2026-09-26T13:45:59.008Z,2
387,ARCH_0357,ARCH_0357.jpg,ARCH_0357.jpg,experiments/ARCH300/source/ARCH_0357.jpg,5184,3456,8139316,bafbb4ec3f5f89fbae4b3a510fa82d62d38732525a386baf296545b296184d81,true,,2026-09-26T13:45:59.034Z,2
388,ARCH_0358,ARCH_0358.jpg,ARCH_0358.jpg,experiments/ARCH300/source/ARCH_0358.jpg,3648,2736,4669720,3c463a505cfe0e68e61092835afbd9a7bbf0aba8b09cbd374acb947c5873bb28,true,,2026-09-26T13:45:59.065Z,2
389,ARCH_0359,ARCH_0359.jpg,ARCH_0359.jpg,experiments/ARCH300/source/ARCH_0359.jpg,3264,2448,2607604,c90574edd862994866403f9e4fffcfa3ba8751a1c5be8a9cbf47c6439340bd38,true,,2026-09-26T13:45:59.079Z,2
390,ARCH_0360,ARCH_0360.jpg,ARCH_0360.jpg,experiments/ARCH300/source/ARCH_0360.jpg,2400,1600,1788682,d38278d0e2fbff91a3a8d7589862a0aac0e1f7ca10ca4d2caeb7eb8060e41487,true,,2026-09-26T13:45:59.087Z,2
391,ARCH_0361,ARCH_0361.jpg,ARCH_0361.jpg,experiments/ARCH300/source/ARCH_0361.jpg,3063,2297,4402946,1037b51899fa172c718617473fa2b7d8d9ec05cc3c011543ae17e1ef0c4ab5e5,true,,2026-09-26T13:45:59.127Z,2
392,ARCH_0362,ARCH_0362.jpg,ARCH_0362.jpg,experiments/ARCH300/source/ARCH_0362.jpg,7896,5922,23616839,2ce0d19d65656f33e22f42f1c06062d4cd42a9faa481ce88fc1783e869cd97c8,true,,2026-09-26T13:45:59.349Z,2
393,ARCH_0363,ARCH_0363.jpg,ARCH_0363.jpg,experiments/ARCH300/source/ARCH_0363.jpg,3990,2796,3032871,7264cf4b0615f9c07fe1826b211eb23bfc1d8a73f88101fbe0787ae6ec5c6133,true,,2026-09-26T13:45:59.415Z,2
394,ARCH_0364,ARCH_0364.jpg,ARCH_0364.jpg,experiments/ARCH300/source/ARCH_0364.jpg,3990,2692,2414353,031faf6ea28dda71e871eaa97e2f197c74ea2c9197e0ca36a705edfe2f3e457a,true,,2026-09-26T13:45:59.429Z,2
395,ARCH_0365,ARCH_0365.jpg,ARCH_0365.jpg,experiments/ARCH300/source/ARCH_0365.jpg,4396,3286,2328203,9e26a126ff56ecd4ee41a6f84bef7e7918e8a68866eedc478079dac50d6333dc,true,,2026-09-26T13:45:59.447Z,2
396,ARCH_0366,ARCH_0366.jpg,ARCH_0366.jpg,experiments/ARCH300/source/ARCH_0366.jpg,3350,3235,3405402,d7a6ff82a214a8fdf837c5e9389908745e5f66b0bef489bcf5468514ed6437cf,true,,2026-09-26T13:45:59.466Z,2
397,ARCH_0367,ARCH_0367.jpg,ARCH_0367.jpg,experiments/ARCH300/source/ARCH_0367.jpg,3968,2976,3011571,1501f47743a1d894d095f836ce2d79fc17c23286223906248e8233c7200b5281,true,,2026-09-26T13:45:59.484Z,2
398,ARCH_0368,ARCH_0368.jpg,ARCH_0368.jpg,experiments/ARCH300/source/ARCH_0368.jpg,5648,3738,13634598,81866fc76303357d9d0b829d2c59f1b821899361b6fd10d2c71a7b0c7a9fd41b,true,,2026-09-26T13:45:59.544Z,2
399,ARCH_0369,ARCH_0369.jpg,ARCH_0369.jpg,experiments/ARCH300/source/ARCH_0369.jpg,2816,1712,1852337,fc1bd36a09e9a65a36a46fc0f018068a74e2d9f86d517dcdab83406e09f62fb8,true,,2026-09-26T13:45:59.553Z,2
400,ARCH_0370,ARCH_0370.jpg,ARCH_0370.jpg,experiments/ARCH300/source/ARCH_0370.jpg,4608,3072,9215364,ae8ad3b6bb79ec437f93db3644104515a4f17a963911457bdc5cb6249ec87245,true,,2026-09-26T13:45:59.598Z,2
401,ARCH_0371,ARCH_0371.jpg,ARCH_0371.jpg,experiments/ARCH300/source/ARCH_0371.jpg,3456,4608,3569727,48d98d7c0548be3135d66b813fafcf86b7c5707c8ba94048df43a108293f379e,true,,2026-09-26T13:45:59.615Z,2
402,ARCH_0372,ARCH_0372.jpg,ARCH_0372.jpg,experiments/ARCH300/source/ARCH_0372.jpg,5464,3642,3617479,988dc15dee940785ecc8d948e60ecf42879e2c85516d58497a665c159c57d366,true,,2026-09-26T13:45:59.629Z,2
403,ARCH_0373,ARCH_0373.jpg,ARCH_0373.jpg,experiments/ARCH300/source/ARCH_0373.jpg,7160,4773,7369467,e48c6712d3ca0cec131c57f271698b76ced25e72348f88fd7b94280a1e81c961,true,,2026-09-26T13:45:59.667Z,2
404,ARCH_0374,ARCH_0374.jpg,ARCH_0374.jpg,experiments/ARCH300/source/ARCH_0374.jpg,4320,2430,3208548,dea169c9ddc9e4f9cde3714d3a89fa4e800bb14d139ec3d726bd15c8fdefc390,true,,2026-09-26T13:45:59.683Z,2
405,ARCH_0375,ARCH_0375.jpg,ARCH_0375.jpg,experiments/ARCH300/source/ARCH_0375.jpg,4676,3090,5623021,edead57676490394faf085cb7d1a07f064dc17faee87d9739142fed785d1fc68,true,,2026-09-26T13:45:59.705Z,2
406,ARCH_0376,ARCH_0376.jpg,ARCH_0376.jpg,experiments/ARCH300/source/ARCH_0376.jpg,3072,2304,1529182,efd82fe8a83501087ae60d92d5e9ebc196a744957866effc00e7b7daa430dcce,true,,2026-09-26T13:45:59.718Z,2
407,ARCH_0377,ARCH_0377.jpg,ARCH_0377.jpg,experiments/ARCH300/source/ARCH_0377.jpg,5184,3456,8391644,0e8c57ad0c25edac800c5390e1d0a5b0df15c543434d8df98c04238e21dde771,true,,2026-09-26T13:45:59.765Z,2
408,ARCH_0378,ARCH_0378.jpg,ARCH_0378.jpg,experiments/ARCH300/source/ARCH_0378.jpg,5919,3329,22848942,867a9dae4cb103eddda9a3a38532ed671e4ae8908f8f52cfef1050845a90354d,true,,2026-09-26T13:45:59.986Z,2
409,ARCH_0379,ARCH_0379.jpg,ARCH_0379.jpg,experiments/ARCH300/source/ARCH_0379.jpg,5184,3888,4208303,0de6989743c7ccb5a8139b9dcdd41181302396a1fd47c9986374181b930a049b,true,,2026-09-26T13:46:00.017Z,2
410,ARCH_0380,ARCH_0380.jpg,ARCH_0380.jpg,experiments/ARCH300/source/ARCH_0380.jpg,4272,2848,4418610,683f61f3917ec62a5f4fb7c72da8d69e04e3f5f3bed6502759c9fb8eb27b02d8,true,,2026-09-26T13:46:00.058Z,2
411,ARCH_0381,ARCH_0381.jpg,ARCH_0381.jpg,experiments/ARCH300/source/ARCH_0381.jpg,6048,4024,9399024,7d735fb7dd6fd3eb0a097eb160c620d6cd5f008d1ad6e06dfc4f767b2df68a2f,true,,2026-09-26T13:46:00.121Z,2
412,ARCH_0382,ARCH_0382.jpg,ARCH_0382.jpg,experiments/ARCH300/source/ARCH_0382.jpg,2765,3687,2794199,5208ed020f70597a3805387dcbc4926737399c2f8ac2078d9d1a4766619f9a3e,true,,2026-09-26T13:46:00.139Z,2
413,ARCH_0383,ARCH_0383.jpg,ARCH_0383.jpg,experiments/ARCH300/source/ARCH_0383.jpg,2259,1272,543814,07db8e11d2f865af761ea44bb2705610a522fc34453094bfcf2cf77462f2d087,true,,2026-09-26T13:46:00.148Z,2
414,ARCH_0384,ARCH_0384.jpg,ARCH_0384.jpg,experiments/ARCH300/source/ARCH_0384.jpg,4032,3024,4079344,792014c571e9c270266c8e9b4033a872e725d1c5d017cdff56f92c06ef7db02f,true,,2026-09-26T13:46:00.173Z,2
415,ARCH_0385,ARCH_0385.jpg,ARCH_0385.jpg,experiments/ARCH300/source/ARCH_0385.jpg,5472,3648,7098906,51200de60ccb399889260d4b71c33b6d54f84c339fd658da2a7ab057a17cb653,true,,2026-09-26T13:46:00.227Z,2
416,ARCH_0386,ARCH_0386.jpg,ARCH_0386.jpg,experiments/ARCH300/source/ARCH_0386.jpg,2800,1732,855843,dd3286cc964f446c03bcc4bf773dc00c1e0111301ece6e1a347a7aa7a51be072,true,,2026-09-26T13:46:00.245Z,2
417,ARCH_0387,ARCH_0387.jpg,ARCH_0387.jpg,experiments/ARCH300/source/ARCH_0387.jpg,3989,2215,2679811,e935f5721c6761166e1880fc08a3fd5f8db4c13c87b0100fef4262e74103189e,true,,2026-09-26T13:46:00.267Z,2
418,ARCH_0388,ARCH_0388.jpg,ARCH_0388.jpg,experiments/ARCH300/source/ARCH_0388.jpg,4608,3456,5593066,7765a4c9851ff350e48e7c99c5989c42a7572e04c8dad7dd79b012ffd6b47b69,true,,2026-09-26T13:46:00.294Z,2
419,ARCH_0389,ARCH_0389.jpg,ARCH_0389.jpg,experiments/ARCH300/source/ARCH_0389.jpg,4090,4090,9595647,7b047d68681a2277e04f27865d368ff38e41e145e2ec3908addd78f7785cbf00,true,,2026-09-26T13:46:00.345Z,2
420,ARCH_0390,ARCH_0390.jpg,ARCH_0390.jpg,experiments/ARCH300/source/ARCH_0390.jpg,3072,2304,1154371,bfa8e58ddba4625b1f6d6805485f48a8f4ef72aa6b9f6ed662d86d11ba456489,true,,2026-09-26T13:46:00.354Z,2
421,ARCH_0391,ARCH_0391.jpg,ARCH_0391.jpg,experiments/ARCH300/source/ARCH_0391.jpg,5616,3442,4176100,ea13846347d07da1a3025134b6117324266f6b86f54fe78baeb425b6240c7378,true,,2026-09-26T13:46:00.369Z,2
422,ARCH_0392,ARCH_0392.jpg,ARCH_0392.jpg,experiments/ARCH300/source/ARCH_0392.jpg,1920,1440,669209,d024e7ccf094128ff9d2698e79215b1320cd00aec79b12926201e6863e88b0fe,true,,2026-09-26T13:46:00.374Z,2
423,ARCH_0393,ARCH_0393.jpg,ARCH_0393.jpg,experiments/ARCH300/source/ARCH_0393.jpg,6000,4000,10866529,3766ef37a38e69b9f5eea58c4b9102ffdd3449349aafd02c0a9df1fb48a60cca,true,,2026-09-26T13:46:00.424Z,2
424,ARCH_0394,ARCH_0394.jpg,ARCH_0394.jpg,experiments/ARCH300/source/ARCH_0394.jpg,2360,1700,3343078,855810554dc06f0cb4f8a0d268e00c8b71b577c82ac1abd9fc73c32335773029,true,,2026-09-26T13:46:00.438Z,2
425,ARCH_0395,ARCH_0395.jpg,ARCH_0395.jpg,experiments/ARCH300/source/ARCH_0395.jpg,4231,2916,3463361,53a171893d3fb70fc546327646205e43db5f80b9615b7d313e5795807fb594db,true,,2026-09-26T13:46:00.454Z,2
426,ARCH_0396,ARCH_0396.jpg,ARCH_0396.jpg,experiments/ARCH300/source/ARCH_0396.jpg,3528,4230,7795501,caf59d176ca3e910369c5123220a88888d1ec0d2b2acae3936d1a2416e187345,true,,2026-09-26T13:46:00.495Z,2
427,ARCH_0397,ARCH_0397.jpg,ARCH_0397.jpg,experiments/ARCH300/source/ARCH_0397.jpg,2906,2133,5321880,8f7666638e89202e19b081b886d0fcf6d111f9bf80c9dd2587284d55f4647908,true,,2026-09-26T13:46:00.517Z,2
428,ARCH_0398,ARCH_0398.jpg,ARCH_0398.jpg,experiments/ARCH300/source/ARCH_0398.jpg,3725,4966,2236066,b3d2d54c4f20e9f3a3a175f52968177c3cc382fbc2d579875ae75685dc2f9adc,true,,2026-09-26T13:46:00.543Z,2
429,ARCH_0399,ARCH_0399.jpg,ARCH_0399.jpg,experiments/ARCH300/source/ARCH_0399.jpg,5184,3456,7981962,e844d64cdc5af466324a0ef34b977e85db5dd74b5048b9a1135bba88d8e4d55c,true,,2026-09-26T13:46:00.604Z,2
430,ARCH_0400,ARCH_0400.jpg,ARCH_0400.jpg,experiments/ARCH300/source/ARCH_0400.jpg,3840,2160,4264362,21e9929297cb06b4dfa95ae8c1a194b587f68463860146d4c6f78b427cb72898,true,,2026-09-26T13:46:00.666Z,2
431,ARCH_0401,ARCH_0401.jpg,ARCH_0401.jpg,experiments/ARCH300/source/ARCH_0401.jpg,2816,2112,1155004,c3605ec4812b671115716283a5841668a8540789019846b50145c6bfd7e40519,true,,2026-09-26T13:46:00.699Z,2
432,ARCH_0402,ARCH_0402.jpg,ARCH_0402.jpg,experiments/ARCH300/source/ARCH_0402.jpg,4261,2840,4052161,160a48e031880deb853ee386a948da664a507040c269e4fd9427fb5b8132f029,true,,2026-09-26T13:46:00.724Z,2
433,ARCH_0403,ARCH_0403.jpg,ARCH_0403.jpg,experiments/ARCH300/source/ARCH_0403.jpg,3831,2554,7199984,e859ae77ffbe5437ff46c93a5e55367a7859f186c55286a474bcbc0e104a70e0,true,,2026-09-26T13:46:00.779Z,2
434,ARCH_0404,ARCH_0404.jpg,ARCH_0404.jpg,experiments/ARCH300/source/ARCH_0404.jpg,2560,1920,2666872,7db5d5d73d495b3812fb0abb6a0b86de8bc71a5487955c07b97ce0a3ee5c08c0,true,,2026-09-26T13:46:00.804Z,2
435,ARCH_0405,ARCH_0405.jpg,ARCH_0405.jpg,experiments/ARCH300/source/ARCH_0405.jpg,4160,2336,2606246,2f4ad6b1bcc594891a3b51405324d0df654288dbbc3c1d98ca68d04269beff00,true,,2026-09-26T13:46:00.821Z,2
436,ARCH_0406,ARCH_0406.jpg,ARCH_0406.jpg,experiments/ARCH300/source/ARCH_0406.jpg,6000,4000,14430591,22de688086d2ca914e9c0d278089701bdb04d7cfce3444d05560504084f292b6,true,,2026-09-26T13:46:00.913Z,2
437,ARCH_0407,ARCH_0407.jpg,ARCH_0407.jpg,experiments/ARCH300/source/ARCH_0407.jpg,5760,3840,13188753,4d74de3e83ac3c6cf7b8d47113d6f867aa8de09741e51b78de1ea47a4530fd85,true,,2026-09-26T13:46:00.975Z,2
438,ARCH_0408,ARCH_0408.jpg,ARCH_0408.jpg,experiments/ARCH300/source/ARCH_0408.jpg,4048,3040,416068,741d3849ebddc3901bcf1cb57ac62dd7a58a9e74f8cf85c9a5a85595312f5e3c,true,,2026-09-26T13:46:00.983Z,2
439,ARCH_0409,ARCH_0409.jpg,ARCH_0409.jpg,experiments/ARCH300/source/ARCH_0409.jpg,6720,4480,3763094,5389895b1735da226d22854cbff12095da1b5769fe47f3baa15df693eeb7c0ec,true,,2026-09-26T13:46:01.024Z,2
440,ARCH_0410,ARCH_0410.jpg,ARCH_0410.jpg,experiments/ARCH300/source/ARCH_0410.jpg,5184,3456,8461700,ae83570fdbc947954ecf0582be3f8ceddebee9e2eea9fb447653b48d3d6df0c0,true,,2026-09-26T13:46:01.123Z,2
441,ARCH_0411,ARCH_0411.jpg,ARCH_0411.jpg,experiments/ARCH300/source/ARCH_0411.jpg,5976,2882,4300554,6b13c894e1961a31b04f683ce3b386dbdc2803bad4665a5cb8c24fee212e66d3,true,,2026-09-26T13:46:01.198Z,2
442,ARCH_0412,ARCH_0412.jpg,ARCH_0412.jpg,experiments/ARCH300/source/ARCH_0412.jpg,3072,2304,7074057,d49f79c3717974b1c87527bd4ebc1177ef14c1d50470d61ccc8ec7d2e9f9ceb0,true,,2026-09-26T13:46:01.249Z,2
443,ARCH_0413,ARCH_0413.jpg,ARCH_0413.jpg,experiments/ARCH300/source/ARCH_0413.jpg,6040,4027,12184124,d5ece7d5a3ec0096af033e20d34df937223544c54b342bfec9e8236d7b0a2c87,true,,2026-09-26T13:46:01.409Z,2
444,ARCH_0414,ARCH_0414.jpg,ARCH_0414.jpg,experiments/ARCH300/source/ARCH_0414.jpg,2642,3522,2003554,ab9bbfd4032ba3b047c11f0c4b28019d6da13cb38d440aaa15f346b653734523,true,,2026-09-26T13:46:01.433Z,2
445,ARCH_0415,ARCH_0415.jpg,ARCH_0415.jpg,experiments/ARCH300/source/ARCH_0415.jpg,5184,3456,7695100,c972e26a01f2bb95296883b62b853323d8460fe4965d006db86c79b012d87dbe,true,,2026-09-26T13:46:01.514Z,2
446,ARCH_0416,ARCH_0416.jpg,ARCH_0416.jpg,experiments/ARCH300/source/ARCH_0416.jpg,5865,3910,3897168,77e04c69773bb2d1afd6d804668e0958e9cfe7b1fe4040b0929a5eff19e91ed2,true,,2026-09-26T13:46:01.570Z,2
447,ARCH_0417,ARCH_0417.jpg,ARCH_0417.jpg,experiments/ARCH300/source/ARCH_0417.jpg,2592,1944,676539,9131dad500eca853bbe2d293315b8bf60f1e215e713b53bd831720b1cde70d12,true,,2026-09-26T13:46:01.582Z,2
448,ARCH_0418,ARCH_0418.jpg,ARCH_0418.jpg,experiments/ARCH300/source/ARCH_0418.jpg,3264,2448,1357000,18c066af4b619bc26132f5d3e9423d74a6a07192d35056a6a37eedc7d1c69102,true,,2026-09-26T13:46:01.601Z,2
449,ARCH_0419,ARCH_0419.jpg,ARCH_0419.jpg,experiments/ARCH300/source/ARCH_0419.jpg,3456,1944,4598373,149df9c97d461c81c325487102981a5a55227d34e0dd653c57f726a4a310463f,true,,2026-09-26T13:46:01.699Z,2
450,ARCH_0420,ARCH_0420.jpg,ARCH_0420.jpg,experiments/ARCH300/source/ARCH_0420.jpg,4032,3024,6538824,08423891c0b6c0e229391ed7ffbc6fd81359604181762ff73d76cb905fb8c28f,true,,2026-09-26T13:46:01.770Z,2
451,ARCH_0421,ARCH_0421.jpg,ARCH_0421.jpg,experiments/ARCH300/source/ARCH_0421.jpg,1600,1067,889111,1be68bff001359e420772933b53893962cf789c2c41fe751c63aba3d6500b94e,true,,2026-09-26T13:46:01.821Z,2
452,ARCH_0422,ARCH_0422.jpg,ARCH_0422.jpg,experiments/ARCH300/source/ARCH_0422.jpg,3479,2728,1458038,cb2590a517166405c28d175fa07d48a7ae9be962984a4cdb5a8f74a97d4be243,true,,2026-09-26T13:46:01.849Z,2
453,ARCH_0423,ARCH_0423.jpg,ARCH_0423.jpg,experiments/ARCH300/source/ARCH_0423.jpg,5607,3154,10904460,72db37657e21935d0c74a740ca24957a7281451724a81f74c65ea4656034c3ac,true,,2026-09-26T13:46:01.967Z,2
454,ARCH_0424,ARCH_0424.jpg,ARCH_0424.jpg,experiments/ARCH300/source/ARCH_0424.jpg,5217,3401,5039284,c96ac2ccde336a3b59d2ccb2487ee106b936f6bd7e3e754ee3d62c8944b00182,true,,2026-09-26T13:46:02.031Z,2
455,ARCH_0425,ARCH_0425.jpg,ARCH_0425.jpg,experiments/ARCH300/source/ARCH_0425.jpg,6926,6092,12426054,8c12c4e35ab3eee50ba13d4cb8dfc9c19bd860ce45dcd12446c0c45924740371,true,,2026-09-26T13:46:02.178Z,2
456,ARCH_0426,ARCH_0426.jpg,ARCH_0426.jpg,experiments/ARCH300/source/ARCH_0426.jpg,4462,3051,1537611,f3fb010d18a6951db4c15d17bca9fbd7da948292fbbd052805e6292fe235b2a3,true,,2026-09-26T13:46:02.228Z,2
457,ARCH_0427,ARCH_0427.jpg,ARCH_0427.jpg,experiments/ARCH300/source/ARCH_0427.jpg,4650,3100,12767763,98cbfad1e444779baba512581d85f4ae0ba8fe7b23c023bd53f52dbc69f4637b,true,,2026-09-26T13:46:02.379Z,2
458,ARCH_0428,ARCH_0428.jpg,ARCH_0428.jpg,experiments/ARCH300/source/ARCH_0428.jpg,3024,3024,1717179,810a99422326b21f416f18c7a849c14ed1131ef804aa22b1dd8bee624f10d72f,true,,2026-09-26T13:46:02.436Z,2
459,ARCH_0429,ARCH_0429.jpg,ARCH_0429.jpg,experiments/ARCH300/source/ARCH_0429.jpg,3756,5634,10405502,74813680105f08cdc1c80e196aa8c4a686185977786004bbbc1e258f4a4d337f,true,,2026-09-26T13:46:02.564Z,2
460,ARCH_0430,ARCH_0430.jpg,ARCH_0430.jpg,experiments/ARCH300/source/ARCH_0430.jpg,3348,2848,5361595,be9c5772b4765b97103a0c3e92341fc3d25bfce8a46e5b77a51b21931d329359,true,,2026-09-26T13:46:02.626Z,2
461,ARCH_0431,ARCH_0431.jpg,ARCH_0431.jpg,experiments/ARCH300/source/ARCH_0431.jpg,4000,2992,5142066,054128725655f5c82afb73d317429fcf3dfc8f0e7f7137cc1b72e65f12b59d07,true,,2026-09-26T13:46:02.705Z,2
462,ARCH_0432,ARCH_0432.jpg,ARCH_0432.jpg,experiments/ARCH300/source/ARCH_0432.jpg,7116,4636,17578583,8234d92952c9b565729bd35ce0a43364c2a63d4128b91a74dba6f602cfc0f91e,true,,2026-09-26T13:46:03.028Z,2
463,ARCH_0433,ARCH_0433.jpg,ARCH_0433.jpg,experiments/ARCH300/source/ARCH_0433.jpg,4322,2359,3007339,91c5bb34f016c19ccb0dbd4075ed6d69d8e42e2e9e214ac72fc72269b3786405,true,,2026-09-26T13:46:03.066Z,2
464,ARCH_0434,ARCH_0434.jpg,ARCH_0434.jpg,experiments/ARCH300/source/ARCH_0434.jpg,4000,6016,7039740,fcf2f8714076e3c94676cfa61b919ecb88bc09eb16e5c786481bafbd751e58e7,true,,2026-09-26T13:46:03.142Z,2
465,ARCH_0435,ARCH_0435.jpg,ARCH_0435.jpg,experiments/ARCH300/source/ARCH_0435.jpg,4777,3121,8789944,d3db6dfa1d8a47d3287fe5b8e02ebb48ce9aaf8388d96c1593b128266595fe7f,true,,2026-09-26T13:46:03.257Z,2
466,ARCH_0436,ARCH_0436.jpg,ARCH_0436.jpg,experiments/ARCH300/source/ARCH_0436.jpg,4941,3456,8512390,989ce499968add1303a5e4714547240a9e6e6caf852539b9ed5776cff2b2670f,true,,2026-09-26T13:46:03.368Z,2
467,ARCH_0437,ARCH_0437.jpg,ARCH_0437.jpg,experiments/ARCH300/source/ARCH_0437.jpg,4032,3024,3643213,6efaf4ef048f8dbc053c3fa42dc4781720d062149907316d2bd87219bdeac216,true,,2026-09-26T13:46:03.409Z,2
468,ARCH_0438,ARCH_0438.jpg,ARCH_0438.jpg,experiments/ARCH300/source/ARCH_0438.jpg,5808,3872,5625712,54c3ff3e3c74a0fd18f80c48005d625556f9d1881cc99eccc1223555e1f28588,true,,2026-09-26T13:46:03.472Z,2
469,ARCH_0439,ARCH_0439.jpg,ARCH_0439.jpg,experiments/ARCH300/source/ARCH_0439.jpg,5184,3888,4631357,17668428e1b642db281066633b366ff7d0344b38e2b7a6afa21d6d8967af95a5,true,,2026-09-26T13:46:03.537Z,2
470,ARCH_0440,ARCH_0440.jpg,ARCH_0440.jpg,experiments/ARCH300/source/ARCH_0440.jpg,4032,3024,3190806,5f944d4f7213d41da8495d343aacf0291b476fa461f76d9e41b12d3dbfc61825,true,,2026-09-26T13:46:03.570Z,2
471,ARCH_0441,ARCH_0441.jpg,ARCH_0441.jpg,experiments/ARCH300/source/ARCH_0441.jpg,5184,3456,7547512,6d8bbfa969c2f20b76f7d6b4bcf2a8a5e043ec7ad5fd141cc9ea6fabe4e956d1,true,,2026-09-26T13:46:03.685Z,2
472,ARCH_0442,ARCH_0442.jpg,ARCH_0442.jpg,experiments/ARCH300/source/ARCH_0442.jpg,5184,3456,4426606,122e81ba682f51f91757cc9205dcbb048a9d4ce9f2aeebad26e2c0341b24d583,true,,2026-09-26T13:46:03.735Z,2
473,ARCH_0443,ARCH_0443.jpg,ARCH_0443.jpg,experiments/ARCH300/source/ARCH_0443.jpg,2900,1933,3591236,bd7bc393b565db08e01a883a02b16e149f231e982c7803a6e2222db8462e79da,true,,2026-09-26T13:46:03.771Z,2
474,ARCH_0444,ARCH_0444.jpg,ARCH_0444.jpg,experiments/ARCH300/source/ARCH_0444.jpg,3200,2400,1185144,3feb74d513da8249ec8869428d21a3b19f3b4026108c747106b5579c9593ae7b,true,,2026-09-26T13:46:03.802Z,2
475,ARCH_0445,ARCH_0445.jpg,ARCH_0445.jpg,experiments/ARCH300/source/ARCH_0445.jpg,1600,1067,921878,7ce643e1ade11177e8cb711374924945e05adac419c57180f5c33cf74493bd55,true,,2026-09-26T13:46:03.818Z,2
476,ARCH_0446,ARCH_0446.jpg,ARCH_0446.jpg,experiments/ARCH300/source/ARCH_0446.jpg,5875,3916,6061792,ba040e09ea94fbd5e114833bcf3007b493ae9aadfb49ff1bc594560fb625746e,true,,2026-09-26T13:46:03.944Z,2
477,ARCH_0447,ARCH_0447.jpg,ARCH_0447.jpg,experiments/ARCH300/source/ARCH_0447.jpg,4032,3024,1683550,b800a4c7a4957c422412460b340a60fe01838dcff73e3f72f08b632acf5447c8,true,,2026-09-26T13:46:03.963Z,2
478,ARCH_0448,ARCH_0448.jpg,ARCH_0448.jpg,experiments/ARCH300/source/ARCH_0448.jpg,4288,2848,5092180,9bf96dfa14451a7fd6b9d8b512e1870fc86cfe6cb25911bbbe27577c73ef209e,true,,2026-09-26T13:46:04.041Z,2
479,ARCH_0449,ARCH_0449.jpg,ARCH_0449.jpg,experiments/ARCH300/source/ARCH_0449.jpg,4288,2848,6867454,66ada5e42cf22065a60e1432a05fb0db16e4b45e5040d93ecc01e911d1994d49,true,,2026-09-26T13:46:04.128Z,2
480,ARCH_0450,ARCH_0450.jpg,ARCH_0450.jpg,experiments/ARCH300/source/ARCH_0450.jpg,5136,3424,3588265,5791e35097de29e2a59708b0d7857a4c3dcb4a154dd952fe083e1783b2c28ec4,true,,2026-09-26T13:46:04.182Z,2
481,ARCH_0451,ARCH_0451.jpg,ARCH_0451.jpg,experiments/ARCH300/source/ARCH_0451.jpg,4272,2848,12096699,e1ef4f069eb77e7b5a52e1d252e8a6cbb274e4a676f5dd2b21241e319bfbfa6a,true,,2026-09-26T13:46:04.324Z,2
482,ARCH_0452,ARCH_0452.jpg,ARCH_0452.jpg,experiments/ARCH300/source/ARCH_0452.jpg,4624,3468,12063337,24ef95fd6c5a2b718369650999ad5f8be9d42ac201311bb458dc48ef736a18dd,true,,2026-09-26T13:46:04.506Z,2
483,ARCH_0453,ARCH_0453.jpg,ARCH_0453.jpg,experiments/ARCH300/source/ARCH_0453.jpg,5520,3680,5540739,ad6637caa455ebffee0c5d6e59bfc07b8dcfc5379207900b746b912b579d56cd,true,,2026-09-26T13:46:04.583Z,2
484,ARCH_0454,ARCH_0454.jpg,ARCH_0454.jpg,experiments/ARCH300/source/ARCH_0454.jpg,4752,3168,2917245,816933ad23749697e8ee7be0d48704af74dbca2adf248c5fe2a7792f1d27f79c,true,,2026-09-26T13:46:04.615Z,2
485,ARCH_0455,ARCH_0455.jpg,ARCH_0455.jpg,experiments/ARCH300/source/ARCH_0455.jpg,6544,4272,29043141,e4c58ac68a9ed23e84e896ac650c63a567df7ac8326bd1b9f3a9066a6ca1e8c1,true,,2026-09-26T13:46:05.109Z,2
486,ARCH_0456,ARCH_0456.jpg,ARCH_0456.jpg,experiments/ARCH300/source/ARCH_0456.jpg,4032,3024,2794671,640192b62948f432ca3376cd78bf93902840249d66f802beca17a5c1e397e6f7,true,,2026-09-26T13:46:05.153Z,2
487,ARCH_0457,ARCH_0457.jpg,ARCH_0457.jpg,experiments/ARCH300/source/ARCH_0457.jpg,4858,3111,2639641,fe9523404833eb1fef08c0c4122b2630ddc963ec859e34f940b15fc1f673bd1c,true,,2026-09-26T13:46:05.192Z,2
488,ARCH_0458,ARCH_0458.jpg,ARCH_0458.jpg,experiments/ARCH300/source/ARCH_0458.jpg,6896,3864,17606203,83068a560a71fdd3df796bb30c0612318515bd1d163ca38afa7b0092fbdb95cb,true,,2026-09-26T13:46:05.472Z,2
489,ARCH_0459,ARCH_0459.jpg,ARCH_0459.jpg,experiments/ARCH300/source/ARCH_0459.jpg,8910,5940,11088418,175bd4ab7f5b3671dab423acdf2d332525238d9b5fe7c872e9cc7a78ff7d40cd,true,,2026-09-26T13:46:05.587Z,2
490,ARCH_0460,ARCH_0460.jpg,ARCH_0460.jpg,experiments/ARCH300/source/ARCH_0460.jpg,5184,2912,7821886,69b76e8ded464014ac8487594322b3dfbf010c53a8e391cc560cbbc13e61a83f,true,,2026-09-26T13:46:05.686Z,2
491,ARCH_0461,ARCH_0461.jpg,ARCH_0461.jpg,experiments/ARCH300/source/ARCH_0461.jpg,5789,3176,5490081,ab86c82a541b94a44fa424e2161f08c535d851f18eae5b2f9c76a2a0e09eb49a,true,,2026-09-26T13:46:05.887Z,2
492,ARCH_0462,ARCH_0462.jpg,ARCH_0462.jpg,experiments/ARCH300/source/ARCH_0462.jpg,6000,4000,2690515,59ae8235b6ae42e41b03eb0a90e01d3da7d456c3ffdbfb45e7df0d9a3c1f6893,true,,2026-09-26T13:46:05.915Z,2
493,ARCH_0463,ARCH_0463.jpg,ARCH_0463.jpg,experiments/ARCH300/source/ARCH_0463.jpg,3784,2523,3356706,42b889c17dd5cc8cf7f2780e2572ddbbed710f4c4fdc417e6844fca729aacc08,true,,2026-09-26T13:46:05.955Z,2
494,ARCH_0464,ARCH_0464.jpg,ARCH_0464.jpg,experiments/ARCH300/source/ARCH_0464.jpg,4738,3168,4052049,b15b5dd2993b907e2e99e154ed73365c65c53c7cc3be27ea442ce99c1293ed93,true,,2026-09-26T13:46:06.047Z,2
495,ARCH_0465,ARCH_0465.jpg,ARCH_0465.jpg,experiments/ARCH300/source/ARCH_0465.jpg,3264,1840,3408639,d55a3ace2a61c207b02e2aec7cbe3b483af7fe84e5ac26f8a310fb44284e2beb,true,,2026-09-26T13:46:06.085Z,2
496,ARCH_0466,ARCH_0466.jpg,ARCH_0466.jpg,experiments/ARCH300/source/ARCH_0466.jpg,4032,3024,4590420,5e32980531765922c49d4aa4215791600fa44874b67b6da4a7d633cb675a1a2c,true,,2026-09-26T13:46:06.142Z,2
497,ARCH_0467,ARCH_0467.jpg,ARCH_0467.jpg,experiments/ARCH300/source/ARCH_0467.jpg,4032,3024,1796589,e2e2001d3ab4bfa5806b77171a432fb6f5f6f9ccd6d227b7622477e34ee7ae81,true,,2026-09-26T13:46:06.166Z,2
498,ARCH_0468,ARCH_0468.jpg,ARCH_0468.jpg,experiments/ARCH300/source/ARCH_0468.jpg,4080,3060,3689901,290e944460320fde92aa2b1cbc1a9cdef7c77eabba16af181b7c9a6d392e8be8,true,,2026-09-26T13:46:06.211Z,2
499,ARCH_0469,ARCH_0469.jpg,ARCH_0469.jpg,experiments/ARCH300/source/ARCH_0469.jpg,3296,2472,1047480,5bdef683cd34b4014a011cedcec0ea1f78da8d3b0dd255340a828d1bc7b3c45f,true,,2026-09-26T13:46:06.226Z,2
500,ARCH_0470,ARCH_0470.jpg,ARCH_0470.jpg,experiments/ARCH300/source/ARCH_0470.jpg,6016,4000,11907756,3a0e9ac100bb88badaf893b48fe05c1e74cee95d871c1f64fd889ea0c063eba8,true,,2026-09-26T13:46:06.363Z,2
501,ARCH_0471,ARCH_0471.jpg,ARCH_0471.jpg,experiments/ARCH300/source/ARCH_0471.jpg,5248,3499,7852769,3b3bd2ef0a3a2e83d92253fdeff44753101494db0503e04221842e05109919f1,true,,2026-09-26T13:46:06.450Z,2
502,ARCH_0472,ARCH_0472.jpg,ARCH_0472.jpg,experiments/ARCH300/source/ARCH_0472.jpg,10622,8078,13473393,378e877499844dd8b6730cc529d151f8716040cb0985f186b113eca99e98603a,true,,2026-09-26T13:46:06.644Z,2
503,ARCH_0473,ARCH_0473.jpg,ARCH_0473.jpg,experiments/ARCH300/source/ARCH_0473.jpg,1536,2048,986549,8702ab2e5da5b1c89dd2584bf4ceccecae3f1932c9294df2859abb8653e5e105,true,,2026-09-26T13:46:06.664Z,2
504,ARCH_0474,ARCH_0474.jpg,ARCH_0474.jpg,experiments/ARCH300/source/ARCH_0474.jpg,4896,3264,6073344,55f57784054e2f3e0d580973b9afafaf70de25b7185db62f7dbd6fc1928a1bcc,true,,2026-09-26T13:46:06.742Z,2
505,ARCH_0475,ARCH_0475.jpg,ARCH_0475.jpg,experiments/ARCH300/source/ARCH_0475.jpg,5472,3648,12623563,2be740c4a63d1592e297d9c3ffa9f21cde8afdbc600136dea210a16f9aa91f9d,true,,2026-09-26T13:46:06.878Z,2
506,ARCH_0476,ARCH_0476.jpg,ARCH_0476.jpg,experiments/ARCH300/source/ARCH_0476.jpg,3966,2975,3449866,aa8aa5063328d58818f2ce1b13db19e400225ac39c52a7233286b564fa8fe3b7,true,,2026-09-26T13:46:06.932Z,2
507,ARCH_0477,ARCH_0477.jpg,ARCH_0477.jpg,experiments/ARCH300/source/ARCH_0477.jpg,4000,3000,3691659,ae5771f0eb663e3a9a544ad5794647c346de4e60cfdb416f41b757e7bf9aa1a7,true,,2026-09-26T13:46:06.974Z,2
508,ARCH_0478,ARCH_0478.jpg,ARCH_0478.jpg,experiments/ARCH300/source/ARCH_0478.jpg,6016,4016,4888297,32af21bc26be8c55035995585e3fa985a5d92dc1b9f7f64486c89ecb25bd3501,true,,2026-09-26T13:46:07.057Z,2
509,ARCH_0479,ARCH_0479.jpg,ARCH_0479.jpg,experiments/ARCH300/source/ARCH_0479.jpg,4032,3024,1139702,935295a4ebb2f62e3425de77aff77da1fda794061f0b230b944012128af168e8,true,,2026-09-26T13:46:07.092Z,2
510,ARCH_0480,ARCH_0480.jpg,ARCH_0480.jpg,experiments/ARCH300/source/ARCH_0480.jpg,4864,3648,8230400,b659b8e7179fb97f82446a3e495d511c8863777fa753d029e0725ceadc40f106,true,,2026-09-26T13:46:07.234Z,2
511,ARCH_0481,ARCH_0481.jpg,ARCH_0481.jpg,experiments/ARCH300/source/ARCH_0481.jpg,5760,3840,2833895,ecf10ec77e59ecc44e0addf49487624a834ca760c52ab121dc09f1b2bd0a8bb5,true,,2026-09-26T13:46:07.305Z,2
512,ARCH_0482,ARCH_0482.jpg,ARCH_0482.jpg,experiments/ARCH300/source/ARCH_0482.jpg,5037,3358,10561418,aafe9353c91bfd9877e90ae68923e6c32e6b5ce8505e27034fa290ac6a7a00a8,true,,2026-09-26T13:46:07.460Z,2
513,ARCH_0483,ARCH_0483.jpg,ARCH_0483.jpg,experiments/ARCH300/source/ARCH_0483.jpg,4368,2912,5654621,4132b9e58de6072d9a1893abe5ae9382b0c8c43c7d8a1b4a49b21bb0b1c92d85,true,,2026-09-26T13:46:07.529Z,2
514,ARCH_0484,ARCH_0484.jpg,ARCH_0484.jpg,experiments/ARCH300/source/ARCH_0484.jpg,3264,2448,1877999,e492d980c57b2d90e43b5718cca12e33c05dd732a7b74f872906be98b4a20439,true,,2026-09-26T13:46:07.558Z,2
515,ARCH_0485,ARCH_0485.jpg,ARCH_0485.jpg,experiments/ARCH300/source/ARCH_0485.jpg,4912,3264,10786332,3f097c55627280076a5ca997906d946809d3eb40929add0b7985004650ee54cd,true,,2026-09-26T13:46:07.694Z,2
516,ARCH_0486,ARCH_0486.jpg,ARCH_0486.jpg,experiments/ARCH300/source/ARCH_0486.jpg,4571,2513,3649555,753d4e9c1a72467bdbedd4b49c148b3e1c248a146bbfb1af28fb26d2a8a8372f,true,,2026-09-26T13:46:07.750Z,2
517,ARCH_0487,ARCH_0487.jpg,ARCH_0487.jpg,experiments/ARCH300/source/ARCH_0487.jpg,8064,6048,6495298,dc911dc43165b96a60ce4f00ac0045f41b7c97ad65e6afe88bab8fc83d85b027,true,,2026-09-26T13:46:07.824Z,2
518,ARCH_0488,ARCH_0488.jpg,ARCH_0488.jpg,experiments/ARCH300/source/ARCH_0488.jpg,2409,1606,539422,9d15ef82ef0e75d9b55c1e1738949117c0171f98fac78901e65a3cabef7181c0,true,,2026-09-26T13:46:07.835Z,2
519,ARCH_0489,ARCH_0489.jpg,ARCH_0489.jpg,experiments/ARCH300/source/ARCH_0489.jpg,8256,5504,11403320,0ed840b0a671d7341dcfa6c9a1562e314df8e0e685a6371ac6ee3cf411b82547,true,,2026-09-26T13:46:07.958Z,2
520,ARCH_0490,ARCH_0490.jpg,ARCH_0490.jpg,experiments/ARCH300/source/ARCH_0490.jpg,3968,2976,4936918,e28b128ebcc65bf229aa42c349e213a7dc094f312aaaa1a469383319f3aa9f86,true,,2026-09-26T13:46:08.016Z,2
521,ARCH_0491,ARCH_0491.jpg,ARCH_0491.jpg,experiments/ARCH300/source/ARCH_0491.jpg,3872,2592,7278499,b9643bd6421efca7293c4dfa1608d8e6a4470017789632274276aee78622cf08,true,,2026-09-26T13:46:08.099Z,2
522,ARCH_0492,ARCH_0492.jpg,ARCH_0492.jpg,experiments/ARCH300/source/ARCH_0492.jpg,3400,1913,4775109,b25496824cfc6883529f36dbca38a6eef7d857cb16a896fff201c051e05afbc9,true,,2026-09-26T13:46:08.154Z,2
523,ARCH_0493,ARCH_0493.jpg,ARCH_0493.jpg,experiments/ARCH300/source/ARCH_0493.jpg,5509,3757,8781256,65a37244774a021c4fab9fe9187718ea892aed5bcdc3b785fdff25f4154622fe,true,,2026-09-26T13:46:08.249Z,2
524,ARCH_0494,ARCH_0494.jpg,ARCH_0494.jpg,experiments/ARCH300/source/ARCH_0494.jpg,6000,4000,15135575,c5084289a241c4ec26212e353d31f64b343a5a3faf5e06faee5a0327f85ec6d5,true,,2026-09-26T13:46:08.411Z,2
525,ARCH_0495,ARCH_0495.jpg,ARCH_0495.jpg,experiments/ARCH300/source/ARCH_0495.jpg,4019,2431,2543910,9428fa99c4d7eb72786075bb40bb3028dd5ed0df18afd0e4ce0910398a2df138,true,,2026-09-26T13:46:08.443Z,2
526,ARCH_0496,ARCH_0496.jpg,ARCH_0496.jpg,experiments/ARCH300/source/ARCH_0496.jpg,2592,1944,3838237,656858a8fee9f1fa33a4125b33421ebba3f079442966390b0c8f5893af7e4980,true,,2026-09-26T13:46:08.542Z,2
527,ARCH_0497,ARCH_0497.jpg,ARCH_0497.jpg,experiments/ARCH300/source/ARCH_0497.jpg,4608,3456,15343139,af497ae973ceedba605a57c992a2bc46f7340f4b97ccd647e514143365ecb697,true,,2026-09-26T13:46:08.698Z,2
528,ARCH_0498,ARCH_0498.jpg,ARCH_0498.jpg,experiments/ARCH300/source/ARCH_0498.jpg,5200,3475,5765915,d3bfb56577658086c1ea6c51b8eed5fddfcca75fbf8a1672f0d2636da9131cb6,true,,2026-09-26T13:46:08.774Z,2
529,ARCH_0499,ARCH_0499.jpg,ARCH_0499.jpg,experiments/ARCH300/source/ARCH_0499.jpg,5059,3380,8775295,b5d1801b1033edcccf78436bb5e249645409937f9eb9d07e14e49f6e734d738f,true,,2026-09-26T13:46:08.916Z,2
530,ARCH_0500,ARCH_0500.jpg,ARCH_0500.jpg,experiments/ARCH300/source/ARCH_0500.jpg,4896,3672,5583360,51811c57658747959a1547a4147ceee574287bef338190c6eae2dff5855d823c,true,,2026-09-26T13:46:09.034Z,2
531,ARCH_0501,ARCH_0501.jpg,ARCH_0501.jpg,experiments/ARCH300/source/ARCH_0501.jpg,4192,2255,3654179,5e9fd83fa35b0db48a25e8a3b532a24e9d2c11f61f1f05307faec0e07c1f0897,true,,2026-09-26T13:46:09.110Z,2
532,ARCH_0502,ARCH_0502.jpg,ARCH_0502.jpg,experiments/ARCH300/source/ARCH_0502.jpg,4608,3456,3546361,7bf4fecdf9a8fde21114834925d8bfd00bfbfb3d3150a62176e5a84f9a9cee78,true,,2026-09-26T13:46:09.149Z,2
533,ARCH_0503,ARCH_0503.jpg,ARCH_0503.jpg,experiments/ARCH300/source/ARCH_0503.jpg,4272,2848,4598481,3dc888ae96d916768b5345a609f738a7a69a5428c0bc19055a76a358eafbf111,true,,2026-09-26T13:46:09.202Z,2
534,ARCH_0504,ARCH_0504.jpg,ARCH_0504.jpg,experiments/ARCH300/source/ARCH_0504.jpg,3456,2304,805785,40fb97ea4d2417040d1f845af2329a2d9b11a7b0860a3dec0126006f8a484407,true,,2026-09-26T13:46:09.228Z,2
535,ARCH_0505,ARCH_0505.jpg,ARCH_0505.jpg,experiments/ARCH300/source/ARCH_0505.jpg,6000,4000,10892398,0685bfc62e66aa76083472e1eda902243682d3510832344683b6f85566e66782,true,,2026-09-26T13:46:09.379Z,2
536,ARCH_0506,ARCH_0506.jpg,ARCH_0506.jpg,experiments/ARCH300/source/ARCH_0506.jpg,10000,5625,43318389,782e5ddd35da1e87147512cd5f303f95ebd0719e03c655b9a40bcdc393094ad4,true,,2026-09-26T13:46:10.350Z,2
537,ARCH_0507,ARCH_0507.jpg,ARCH_0507.jpg,experiments/ARCH300/source/ARCH_0507.jpg,7108,4344,12723627,d4b8bbd14d8e0dd49c056f27b8f4576ab2657e0309b534c3d47af7f58b6794d2,true,,2026-09-26T13:46:10.502Z,2
538,ARCH_0508,ARCH_0508.jpg,ARCH_0508.jpg,experiments/ARCH300/source/ARCH_0508.jpg,4000,3000,2836983,ba9dcb4160ae332e873c013ded0ffed22151699d8864a3c64d10aa5977b2345a,true,,2026-09-26T13:46:10.533Z,2
539,ARCH_0509,ARCH_0509.jpg,ARCH_0509.jpg,experiments/ARCH300/source/ARCH_0509.jpg,5789,4879,23969079,91735b7dedbbae8df1acf7468eae311b3f4acfa3a225791f6df78d12d27425d4,true,,2026-09-26T13:46:10.867Z,2
540,ARCH_0510,ARCH_0510.jpg,ARCH_0510.jpg,experiments/ARCH300/source/ARCH_0510.jpg,4288,3216,3356046,da5cf9a80586a80e39530c31e4685c90aee3de10c23d886d8196350452065b5b,true,,2026-09-26T13:46:10.903Z,2
541,ARCH_0511,ARCH_0511.jpg,ARCH_0511.jpg,experiments/ARCH300/source/ARCH_0511.jpg,1506,2048,186274,303ccf9c500273e1f04a829a21adb37fee13f770ee1e83ce4d5b981735f27b3f,true,,2026-09-26T13:46:10.911Z,2
542,ARCH_0512,ARCH_0512.jpg,ARCH_0512.jpg,experiments/ARCH300/source/ARCH_0512.jpg,5184,3272,6327067,a7e11c0e37a25b748f541b46b5f3fc09edfd1cd34fffbdf5324a7b2a9f1bf9ec,true,,2026-09-26T13:46:11.022Z,2
543,ARCH_0513,ARCH_0513.jpg,ARCH_0513.jpg,experiments/ARCH300/source/ARCH_0513.jpg,3787,2535,5882262,1abe6f35fe44acfbd1a98a8c5dccf0dc00913ae4e13f101ff0b5406e35fbe305,true,,2026-09-26T13:46:11.104Z,2
544,ARCH_0514,ARCH_0514.jpg,ARCH_0514.jpg,experiments/ARCH300/source/ARCH_0514.jpg,2926,2020,5026247,cccd3daa933e314af30b346e958f1aa28e7c710ebc5bfce2f602c4f628127b69,true,,2026-09-26T13:46:11.184Z,2
545,ARCH_0515,ARCH_0515.jpg,ARCH_0515.jpg,experiments/ARCH300/source/ARCH_0515.jpg,8192,5464,11881916,1c425d825b3f5183f56d0813955e6e89c68cb642652ab76e2cabdcbd12f041ce,true,,2026-09-26T13:46:11.366Z,2
546,ARCH_0516,ARCH_0516.jpg,ARCH_0516.jpg,experiments/ARCH300/source/ARCH_0516.jpg,2048,1536,1145689,9ac6e93629386f261702fcbb8727f8c66513c54480c57681a9250ae0be5aada9,true,,2026-09-26T13:46:11.384Z,2
547,ARCH_0517,ARCH_0517.jpg,ARCH_0517.jpg,experiments/ARCH300/source/ARCH_0517.jpg,3115,2418,3439263,6e40615690c67e6084ea7a735d239f33af4e4f9859954559daf69743828e15c8,true,,2026-09-26T13:46:11.429Z,2
548,ARCH_0518,ARCH_0518.jpg,ARCH_0518.jpg,experiments/ARCH300/source/ARCH_0518.jpg,4032,3024,3729673,591262ea7431fcf89c6c1f83a89b8a1f0897079c9874905c2636f7bdf73ae4be,true,,2026-09-26T13:46:11.474Z,2
549,ARCH_0519,ARCH_0519.jpg,ARCH_0519.jpg,experiments/ARCH300/source/ARCH_0519.jpg,4319,3239,9742721,16f51c69b53d30a446a3c5860eccd42095786cfd836bc84e772876b05c174887,true,,2026-09-26T13:46:11.593Z,2
550,ARCH_0520,ARCH_0520.jpg,ARCH_0520.jpg,experiments/ARCH300/source/ARCH_0520.jpg,5981,3977,3444875,b11b41d66ccba215394cb37f22f90bacd2cfd2e619de53759faf6f2728a845cd,true,,2026-09-26T13:46:11.645Z,2
551,ARCH_0521,ARCH_0521.jpg,ARCH_0521.jpg,experiments/ARCH300/source/ARCH_0521.jpg,6334,5769,11759201,9501677f02d4703c377880627a06d4bd955aa94e2989c101f9eafb14bf169529,true,,2026-09-26T13:46:11.774Z,2
552,ARCH_0522,ARCH_0522.jpg,ARCH_0522.jpg,experiments/ARCH300/source/ARCH_0522.jpg,4970,2582,5409903,30895e687aa892a961334d45bdc3cf387b3e8acbddd77ccc5a360b4b0cb0b76f,true,,2026-09-26T13:46:11.840Z,2
553,ARCH_0523,ARCH_0523.jpg,ARCH_0523.jpg,experiments/ARCH300/source/ARCH_0523.jpg,3945,2625,1589942,433bccc47bed5a3a7c14162ac75d8851f00c3b2342b90bf5a11daf58de545f4a,true,,2026-09-26T13:46:11.859Z,2
554,ARCH_0524,ARCH_0524.jpg,ARCH_0524.jpg,experiments/ARCH300/source/ARCH_0524.jpg,2464,1632,2139025,cb600024e6e1fdcb9492d6b2f7c3cecc81f1f5f665bccd9cf9512d031960524b,true,,2026-09-26T13:46:11.888Z,2
555,ARCH_0525,ARCH_0525.jpg,ARCH_0525.jpg,experiments/ARCH300/source/ARCH_0525.jpg,6000,4000,14466700,0f4c50d5ac94be16472db1716963228b5c7d336525da0108ef788dff0b6b46bf,true,,2026-09-26T13:46:12.044Z,2
556,ARCH_0526,ARCH_0526.jpg,ARCH_0526.jpg,experiments/ARCH300/source/ARCH_0526.jpg,4032,3024,4107353,1ddc98892784bc7e5c275e12a28470a60be81dd37374c6e45a58fd1760de838d,true,,2026-09-26T13:46:12.088Z,2
557,ARCH_0527,ARCH_0527.jpg,ARCH_0527.jpg,experiments/ARCH300/source/ARCH_0527.jpg,3264,2448,870854,8797e5587683073022759382cd5af90336eb634f96925b4a5d7443a5f99be96c,true,,2026-09-26T13:46:12.103Z,2
558,ARCH_0528,ARCH_0528.jpg,ARCH_0528.jpg,experiments/ARCH300/source/ARCH_0528.jpg,4608,3072,5475389,b4443cb4bd43a8694533d9227a7b4e03950b106be9d8a3b072e0e6d50a99e06d,true,,2026-09-26T13:46:12.158Z,2
559,ARCH_0529,ARCH_0529.jpg,ARCH_0529.jpg,experiments/ARCH300/source/ARCH_0529.jpg,5394,3618,6024992,d398ca243c4154a0115506d430087318b5568d9d48cbcb8dadafc7eb1aa9e133,true,,2026-09-26T13:46:12.235Z,2
560,ARCH_0530,ARCH_0530.jpg,ARCH_0530.jpg,experiments/ARCH300/source/ARCH_0530.jpg,3804,2541,4134869,d867d1c1effda11956970a536e92b1c484b2d996aeb36dbf41c6a10dad328512,true,,2026-09-26T13:46:12.284Z,2
561,ARCH_0531,ARCH_0531.jpg,ARCH_0531.jpg,experiments/ARCH300/source/ARCH_0531.jpg,5184,3456,11645323,f200d5960d98d341a16da56d6e7ab9c2ed5890f0520bb92fd3cfce4526b7a88c,true,,2026-09-26T13:46:12.416Z,2
562,ARCH_0532,ARCH_0532.jpg,ARCH_0532.jpg,experiments/ARCH300/source/ARCH_0532.jpg,7205,4803,10427754,ea480c1e25f9d0395f3378bfb2b0914f04cd29a1823b316eb0b05ecc9eaf611f,true,,2026-09-26T13:46:12.525Z,2
563,ARCH_0533,ARCH_0533.jpg,ARCH_0533.jpg,experiments/ARCH300/source/ARCH_0533.jpg,4032,3024,5012950,dc3de89470b7f7bde31fd524d396a54a2146dbd347bb13f99e220e125d59ee4f,true,,2026-09-26T13:46:12.639Z,2
564,ARCH_0534,ARCH_0534.jpg,ARCH_0534.jpg,experiments/ARCH300/source/ARCH_0534.jpg,3634,2725,3625273,7476459a5cba01fd25dc530a42d2a9549485fe71cb2f6022ae9e0938bc4c1c43,true,,2026-09-26T13:46:12.692Z,2
565,ARCH_0535,ARCH_0535.jpg,ARCH_0535.jpg,experiments/ARCH300/source/ARCH_0535.jpg,3776,2539,4783592,0b65b6912931c1ec28d492f0620c4a07eabdb08e4e5c529ab2953575582ce5bf,true,,2026-09-26T13:46:12.834Z,2
566,ARCH_0536,ARCH_0536.jpg,ARCH_0536.jpg,experiments/ARCH300/source/ARCH_0536.jpg,4990,3743,8398799,9c50f9cccefb71fbc26c3ba68ba5e919ee8c241d9214cb9f57786b87517d72c6,true,,2026-09-26T13:46:12.944Z,2
567,ARCH_0537,ARCH_0537.jpg,ARCH_0537.jpg,experiments/ARCH300/source/ARCH_0537.jpg,3491,2323,2431990,3d924c7e06072a4216e9ab7e6a9c0d8caa20114614531de5c2549d1f4054bcad,true,,2026-09-26T13:46:12.970Z,2
568,ARCH_0538,ARCH_0538.jpg,ARCH_0538.jpg,experiments/ARCH300/source/ARCH_0538.jpg,1960,2948,2621699,31023ded0b1f751961f33af39c8b18f36bc4c7c45f0a1960098ac563ecea7407,true,,2026-09-26T13:46:13.030Z,2
569,ARCH_0539,ARCH_0539.jpg,ARCH_0539.jpg,experiments/ARCH300/source/ARCH_0539.jpg,5616,3744,6361904,c97d9ade7e10019a9c284ab30adc06c77a0e604a2890ffa384b19e56fca881be,true,,2026-09-26T13:46:13.107Z,2
570,ARCH_0540,ARCH_0540.jpg,ARCH_0540.jpg,experiments/ARCH300/source/ARCH_0540.jpg,4000,3000,2859120,f4910bf6dd5a47dbf773055ea70a0501927c1d7aec5ac139e351725c923c0678,true,,2026-09-26T13:46:13.137Z,2
571,ARCH_0541,ARCH_0541.jpg,ARCH_0541.jpg,experiments/ARCH300/source/ARCH_0541.jpg,6304,4203,10554391,9e44de4b623d212b5783ad8d85d516d690530bde5550c79993c6c7cb1b1aa923,true,,2026-09-26T13:46:13.286Z,2
572,ARCH_0542,ARCH_0542.jpg,ARCH_0542.jpg,experiments/ARCH300/source/ARCH_0542.jpg,3794,2529,4701497,95da6aea0025b01402dba4cd919904aa4a6f8782eb25e28af2934327e31b78ad,true,,2026-09-26T13:46:13.348Z,2
573,ARCH_0543,ARCH_0543.jpg,ARCH_0543.jpg,experiments/ARCH300/source/ARCH_0543.jpg,3872,2592,2518729,ebdba2fd0d29e6cc45a1fd7c26e49731a61b2aed8c4b962ee36c3ef014833de0,true,,2026-09-26T13:46:13.405Z,2
574,ARCH_0544,ARCH_0544.jpg,ARCH_0544.jpg,experiments/ARCH300/source/ARCH_0544.jpg,5472,3648,5077006,c857175ea2aba84e77140533cc9d9595db23834a567c23d22ca3c6dc4ca0ede1,true,,2026-09-26T13:46:13.455Z,2
575,ARCH_0545,ARCH_0545.jpg,ARCH_0545.jpg,experiments/ARCH300/source/ARCH_0545.jpg,4032,3024,1608727,716971bd52909f6809586110a0c33c01cea9ad6aa5644b34c32aaa3ebeb53342,true,,2026-09-26T13:46:13.484Z,2
576,ARCH_0546,ARCH_0546.jpg,ARCH_0546.jpg,experiments/ARCH300/source/ARCH_0546.jpg,5184,3456,5896912,84cd12c78bdfcc753f43a16a11da217f8a8efef4fa3949ed20d668668cdbeabc,true,,2026-09-26T13:46:13.538Z,2
577,ARCH_0547,ARCH_0547.jpg,ARCH_0547.jpg,experiments/ARCH300/source/ARCH_0547.jpg,5103,3402,6064485,a74582db13e71761249b545a7698d612517cb6c882d1d9f49d069586ea044080,true,,2026-09-26T13:46:13.611Z,2
578,ARCH_0548,ARCH_0548.jpg,ARCH_0548.jpg,experiments/ARCH300/source/ARCH_0548.jpg,4272,2848,5311193,95e904cdf7833430051c1162f5172aec421c01229b4eaffe877f79eaba63bf0e,true,,2026-09-26T13:46:13.662Z,2
579,ARCH_0549,ARCH_0549.jpg,ARCH_0549.jpg,experiments/ARCH300/source/ARCH_0549.jpg,3764,2536,3489280,1ca9fd73f790e9ac5487b8b8b493281d0d5d2ac41255c6d1c61f059dec1c104a,true,,2026-09-26T13:46:13.698Z,2
580,ARCH_0550,ARCH_0550.jpg,ARCH_0550.jpg,experiments/ARCH300/source/ARCH_0550.jpg,1800,1013,1335602,90cee6af4ce14e7664e86daa3978fee5d7c739473beaebf506535e2e63404d16,true,,2026-09-26T13:46:13.754Z,2
581,ARCH_0551,ARCH_0551.jpg,ARCH_0551.jpg,experiments/ARCH300/source/ARCH_0551.jpg,4608,3072,3919472,69ddd37a24047e17868c0e7c5e157fd2a11f55873600929bd4ffd8e2b9dc4f6c,true,,2026-09-26T13:46:13.795Z,2
582,ARCH_0552,ARCH_0552.jpg,ARCH_0552.jpg,experiments/ARCH300/source/ARCH_0552.jpg,5993,3985,3353200,cae0041f2e0a5881c111cab9e4d5a0a403948ce77a7a36581b0a1a44bff648c5,true,,2026-09-26T13:46:13.836Z,2
583,ARCH_0553,ARCH_0553.jpg,ARCH_0553.jpg,experiments/ARCH300/source/ARCH_0553.jpg,4752,3168,4466562,ea072299f3b5a7ca6fc6c15feb3ca1a140465c944a07f15263bbdced409ccfd9,true,,2026-09-26T13:46:13.899Z,2
584,ARCH_0554,ARCH_0554.jpg,ARCH_0554.jpg,experiments/ARCH300/source/ARCH_0554.jpg,4928,3264,6808705,2561adc0bce2fb2359733e48472e6faca5954feb8c4d669449212dfc9a131baa,true,,2026-09-26T13:46:14.028Z,2
585,ARCH_0555,ARCH_0555.jpg,ARCH_0555.jpg,experiments/ARCH300/source/ARCH_0555.jpg,5568,3712,16047680,c50e4c6932e26445359b2dd216a37f81995c81db1f263d5105ee92c473dc182a,true,,2026-09-26T13:46:14.215Z,2
586,ARCH_0556,ARCH_0556.jpg,ARCH_0556.jpg,experiments/ARCH300/source/ARCH_0556.jpg,4672,6275,15635739,a257ca86e226314a2ce1f50b5baa41a709c9101bfe1678c40552be98eeedebd5,true,,2026-09-26T13:46:14.371Z,2
587,ARCH_0557,ARCH_0557.jpg,ARCH_0557.jpg,experiments/ARCH300/source/ARCH_0557.jpg,5988,3997,4545410,15c8b4bd2dfab7612c3db96959f9b47d863bf8e4b05d442516600b34ad21f7c4,true,,2026-09-26T13:46:14.416Z,2
588,ARCH_0558,ARCH_0558.jpg,ARCH_0558.jpg,experiments/ARCH300/source/ARCH_0558.jpg,5856,3294,13876482,7a230f12d7d3b6f50d52ef15bc38fd3d0db5cf1d51e5740c32202e4c6fd3372b,true,,2026-09-26T13:46:14.577Z,2
589,ARCH_0559,ARCH_0559.jpg,ARCH_0559.jpg,experiments/ARCH300/source/ARCH_0559.jpg,4048,3036,2453642,ce47ebb8d632d679f36143f93f28fe9efb806bb58872289b3dca6019971a55fd,true,,2026-09-26T13:46:14.607Z,2
590,ARCH_0560,ARCH_0560.jpg,ARCH_0560.jpg,experiments/ARCH300/source/ARCH_0560.jpg,3840,2560,9039355,55dc57a1d7e042821c4811fd115ae57ad7cfe7b6ce4492d1480b80cfbfd3c55f,true,,2026-09-26T13:46:14.737Z,2
591,ARCH_0561,ARCH_0561.jpg,ARCH_0561.jpg,experiments/ARCH300/source/ARCH_0561.jpg,5472,3648,5559505,3572ae4912b28b2c40071d8c5f77df7b2be12827e7f29ad241faa5d108a4a5fe,true,,2026-09-26T13:46:14.845Z,2
592,ARCH_0562,ARCH_0562.jpg,ARCH_0562.jpg,experiments/ARCH300/source/ARCH_0562.jpg,3983,2511,1210235,e83764f4850074289687c529bae5cc28cfb4b77b2483f8911810141d0c799190,true,,2026-09-26T13:46:14.865Z,2
593,ARCH_0563,ARCH_0563.jpg,ARCH_0563.jpg,experiments/ARCH300/source/ARCH_0563.jpg,8185,4761,4789764,c822c2fc389b1ef23696f99cf110e699e6111e9a12499a73202c2e24f3bd0dfe,true,,2026-09-26T13:46:14.931Z,2
594,ARCH_0564,ARCH_0564.jpg,ARCH_0564.jpg,experiments/ARCH300/source/ARCH_0564.jpg,1600,1200,893480,e7524065a21903fff345ca714604c8d51a06adc083234a32b1d3f85734c4c2b9,true,,2026-09-26T13:46:14.944Z,2
595,ARCH_0565,ARCH_0565.jpg,ARCH_0565.jpg,experiments/ARCH300/source/ARCH_0565.jpg,5411,3525,6594408,d56fb4f30119d5d81e3bdf5e80995dba3f93a9ea9b9b27fbb797f733cf85d230,true,,2026-09-26T13:46:15.072Z,2
596,ARCH_0566,ARCH_0566.jpg,ARCH_0566.jpg,experiments/ARCH300/source/ARCH_0566.jpg,5328,4000,9244330,3920bb2a5d6ce4460cbb13050f263b87bf8f09864771092fba5d9cb6a38b7579,true,,2026-09-26T13:46:15.188Z,2
597,ARCH_0567,ARCH_0567.jpg,ARCH_0567.jpg,experiments/ARCH300/source/ARCH_0567.jpg,6016,4016,6234120,9f6f89a65fd47b846c49976935b6eaa061484caea7163bcf1cce5f13666e13a9,true,,2026-09-26T13:46:15.298Z,2
598,ARCH_0568,ARCH_0568.jpg,ARCH_0568.jpg,experiments/ARCH300/source/ARCH_0568.jpg,5277,2480,5200144,40176d2310e3b9304ce8333d3c220ad180742e82c58bc5adb6a65b25ad6d4b91,true,,2026-09-26T13:46:15.390Z,2
599,ARCH_0569,ARCH_0569.jpg,ARCH_0569.jpg,experiments/ARCH300/source/ARCH_0569.jpg,5184,3456,10884666,7751dbfba71ed741ccf69f8323c72682e62211ef84b5c4605c912eb11929ce5c,true,,2026-09-26T13:46:15.537Z,2
600,ARCH_0570,ARCH_0570.jpg,ARCH_0570.jpg,experiments/ARCH300/source/ARCH_0570.jpg,4836,3224,2651397,f17e50d05bce15518ffc991dd62882d752eb14390880cff0309f1dadffa24e55,true,,2026-09-26T13:46:15.592Z,2
601,ARCH_0571,ARCH_0571.jpg,ARCH_0571.jpg,experiments/ARCH300/source/ARCH_0571.jpg,5312,2988,5977552,3f46a6694d87aad2b41663a72ec00aa6cc66eed3be196588125bc8b0fb668dd1,true,,2026-09-26T13:46:15.675Z,2
602,ARCH_0572,ARCH_0572.jpg,ARCH_0572.jpg,experiments/ARCH300/source/ARCH_0572.jpg,4608,3456,9604603,474a3c6ad248439ebab00b3839b7ba1633f534ebc99b1a06e7d63058f2c3d1ff,true,,2026-09-26T13:46:15.809Z,2
603,ARCH_0573,ARCH_0573.jpg,ARCH_0573.jpg,experiments/ARCH300/source/ARCH_0573.jpg,5472,3648,6761012,b97b3dd509f1883d08c30ae74d0426e843a45bb478928e8d6ee0ffcc72f41023,true,,2026-09-26T13:46:15.891Z,2
604,ARCH_0574,ARCH_0574.jpg,ARCH_0574.jpg,experiments/ARCH300/source/ARCH_0574.jpg,5670,3770,13778197,47aba060ff8eba28fc43a3413f8061ac91eeb2bccdbcbc322a9aa090fa98acb6,true,,2026-09-26T13:46:16.073Z,2
605,ARCH_0575,ARCH_0575.jpg,ARCH_0575.jpg,experiments/ARCH300/source/ARCH_0575.jpg,4032,2268,3910155,0bcc7f48e837c07233fe451be8cc7b8d686a8fb40f67b30a988a367d06b039d6,true,,2026-09-26T13:46:16.117Z,2
606,ARCH_0576,ARCH_0576.jpg,ARCH_0576.jpg,experiments/ARCH300/source/ARCH_0576.jpg,6016,4000,7044673,9aa16e4b51758981839e2822ff3fd5c0578498f5a9f2b370ba8746b01a8a199e,true,,2026-09-26T13:46:16.210Z,2
607,ARCH_0577,ARCH_0577.jpg,ARCH_0577.jpg,experiments/ARCH300/source/ARCH_0577.jpg,2508,2508,4663087,ecf8f51310238121b4ed47ffe21ccb50da6a370cc82c23a636a900168d4e6b95,true,,2026-09-26T13:46:16.257Z,2
608,ARCH_0578,ARCH_0578.jpg,ARCH_0578.jpg,experiments/ARCH300/source/ARCH_0578.jpg,5874,3916,13602748,7e89992024cd1b1088fdf5b118f5a18f3f44a1eb07a6a9203b89c86a7879806e,true,,2026-09-26T13:46:16.436Z,2
609,ARCH_0579,ARCH_0579.jpg,ARCH_0579.jpg,experiments/ARCH300/source/ARCH_0579.jpg,4617,4617,12030516,dcf13fe031eacc80fe860f153357debc83d2b51404e1c346631d1b085f2785b8,true,,2026-09-26T13:46:16.615Z,2
610,ARCH_0580,ARCH_0580.jpg,ARCH_0580.jpg,experiments/ARCH300/source/ARCH_0580.jpg,5184,2920,3813148,4472b51ee03cfd9d71310a25f7a3b81f8ea5c023617156b9b7961f1c53d9c8bf,true,,2026-09-26T13:46:16.684Z,2
611,ARCH_0581,ARCH_0581.jpg,ARCH_0581.jpg,experiments/ARCH300/source/ARCH_0581.jpg,4160,2340,1015551,385a21db20fc3382b63945000c66dc6f1452fa06cad70b03b28e7ec283631542,true,,2026-09-26T13:46:16.794Z,2
612,ARCH_0582,ARCH_0582.jpg,ARCH_0582.jpg,experiments/ARCH300/source/ARCH_0582.jpg,5000,2849,10854952,3b1e36df65ba6702f6afa8f4aad45a2fc596ac7501adbbbbeffddb4c0eb6c109,true,,2026-09-26T13:46:16.904Z,2
613,ARCH_0583,ARCH_0583.jpg,ARCH_0583.jpg,experiments/ARCH300/source/ARCH_0583.jpg,9387,7040,35870382,07cf6b00bb9cf19c8f357fddf44b6ee4413a2dc7952f43a2e75ee363a6ed81b4,true,,2026-09-26T13:46:17.647Z,2
614,ARCH_0584,ARCH_0584.jpg,ARCH_0584.jpg,experiments/ARCH300/source/ARCH_0584.jpg,2048,1536,933239,d57fab9a3ccb966c80380a5bbb997f751a85f7a66ccadfe80e21f022c7da33d4,true,,2026-09-26T13:46:17.663Z,2
615,ARCH_0585,ARCH_0585.jpg,ARCH_0585.jpg,experiments/ARCH300/source/ARCH_0585.jpg,2400,3000,3210349,df8d2c0bb8ceeaa767e0c5dfd35d7c7ba0095bbf5344a11bca6539b6b40f6523,true,,2026-09-26T13:46:17.702Z,2
616,ARCH_0586,ARCH_0586.jpg,ARCH_0586.jpg,experiments/ARCH300/source/ARCH_0586.jpg,5464,3070,11607082,6c2c240678d0d412f5c43db12ae18236316cf01fe1b01408f6a35a9e3ef55b67,true,,2026-09-26T13:46:17.831Z,2
617,ARCH_0587,ARCH_0587.jpg,ARCH_0587.jpg,experiments/ARCH300/source/ARCH_0587.jpg,3774,2831,3457771,51fd3da6067913ea85002408c31101cc50504ba8049c5ec24832eec9e20baa5a,true,,2026-09-26T13:46:17.887Z,2
618,ARCH_0588,ARCH_0588.jpg,ARCH_0588.jpg,experiments/ARCH300/source/ARCH_0588.jpg,4032,2268,1737187,1f995a8d5813b6be07a132566c8fcccc73b19342dfdcb34403f7fc97ef059661,true,,2026-09-26T13:46:17.913Z,2
619,ARCH_0589,ARCH_0589.jpg,ARCH_0589.jpg,experiments/ARCH300/source/ARCH_0589.jpg,5941,3341,5797263,1bbc49babc9761d02716773cd5ce6bd5468fd67bbbc7349e5bf207d1dd05b13e,true,,2026-09-26T13:46:17.974Z,2
620,ARCH_0590,ARCH_0590.jpg,ARCH_0590.jpg,experiments/ARCH300/source/ARCH_0590.jpg,5184,3456,9381451,c22a319f41856e5672b9934216951208761ba1a5ef77cfcb60e27ec64f4e4d9a,true,,2026-09-26T13:46:18.132Z,2
621,ARCH_0591,ARCH_0591.jpg,ARCH_0591.jpg,experiments/ARCH300/source/ARCH_0591.jpg,5472,3072,4066033,43df4748e8c75ad9c22f0e8a932e62f01dfec5aa42a126a049c9cff7db645c4a,true,,2026-09-26T13:46:18.186Z,2
622,ARCH_0592,ARCH_0592.jpg,ARCH_0592.jpg,experiments/ARCH300/source/ARCH_0592.jpg,4896,3672,7182336,06de7d804ace4fecb3fcd074334aec2900879be5323885a020455be891a5010a,true,,2026-09-26T13:46:18.259Z,2
623,ARCH_0593,ARCH_0593.jpg,ARCH_0593.jpg,experiments/ARCH300/source/ARCH_0593.jpg,4736,2664,1920296,d412ef1b9db7101e292a6e523543b1cfe41665c0ad736c96fc0c5297f7123bc7,true,,2026-09-26T13:46:18.284Z,2
624,ARCH_0594,ARCH_0594.jpg,ARCH_0594.jpg,experiments/ARCH300/source/ARCH_0594.jpg,5472,3648,9201664,b9d1e6cad75d07e26de2c3dc1699469b0d776103c7e0c05fd509e3b5372e277c,true,,2026-09-26T13:46:18.425Z,2
625,ARCH_0595,ARCH_0595.jpg,ARCH_0595.jpg,experiments/ARCH300/source/ARCH_0595.jpg,4656,3496,6937035,62a2fc54f069bd801bd3dffa4b0cfbd62e0c533838b268436c23e7f248a4b64d,true,,2026-09-26T13:46:18.495Z,2
626,ARCH_0596,ARCH_0596.jpg,ARCH_0596.jpg,experiments/ARCH300/source/ARCH_0596.jpg,4896,3672,6490172,ab4a6ebc7b752407a070fa593ab745c24187c2aa54aa75f009180f7515eb3982,true,,2026-09-26T13:46:18.580Z,2
627,ARCH_0597,ARCH_0597.jpg,ARCH_0597.jpg,experiments/ARCH300/source/ARCH_0597.jpg,3934,2950,2087052,4a7da79ec8c43ec24036eac0e82d243057f910fe88c0f0255f69047528ac6d35,true,,2026-09-26T13:46:18.607Z,2
628,ARCH_0598,ARCH_0598.jpg,ARCH_0598.jpg,experiments/ARCH300/source/ARCH_0598.jpg,4160,2774,3095655,eb556bdb02efbe5ccad77da2d1a2a811b005cd5464f82e215ccb361b3e8a44e3,true,,2026-09-26T13:46:18.658Z,2
629,ARCH_0599,ARCH_0599.jpg,ARCH_0599.jpg,experiments/ARCH300/source/ARCH_0599.jpg,4032,3024,6253148,09544190e938043a9efc00759c601a88917fd84addf5288fa4fd0b459a7490de,true,,2026-09-26T13:46:18.773Z,2
630,ARCH_0600,ARCH_0600.jpg,ARCH_0600.jpg,experiments/ARCH300/source/ARCH_0600.jpg,3975,3300,3895442,5bded1d37e5f0d0e4e2752153b727de79b4a0a4d8c658ba296fb7f09c4d0c842,true,,2026-09-26T13:46:18.820Z,2
